{
  "coefficients": [
    -16.996676944005745,
    1.2565698999319368,
    0.7590079453655617,
    -0.5743873394886332,
    0.467830229329413,
    -1.3485176040686897,
    2.3596667537464735,
    -0.30583885055996124,
    -0.08176444481838395,
    -1.8158403991993337,
    -6.038487226445358,
    -1.3014818143623406,
    0.571882787239646,
    -0.46558101394007806,
    -1.837409111250634,
    -1.2874832289193425
  ],
  "intercept": 23.299978184481592,
  "classes": [
    0,
    1
  ],
  "feature_dim": 16
}