transcript_id	gene_id	biotype	chrom	start	end	strand	chain_id	mmd	overlap_bp	locus_len	overlap_any	overlap_50	overlap_99	sw_raw	sw_norm	sw_aligned_ident	ident_levenshtein	kmer3_cos	kmer4_cos	dinuc_dist	len_ref	len_query	len_ratio	gc_ref	gc_query	gc_diff	has_N
U_ENSG00000278281.1	ENSG00000278281.1	miRNA	chr3	144851872	144851928	+	4	0.396641	56	56	True	True	True	23.0	0.20535714285714285	0.5681818181818182	0.4821428571428571	0.4971545769599045	0.1855159144696489	0.14083575804390608	56	56	1.0	0.42857142857142855	0.48214285714285715	0.0535714285714286	False
U_ENSG00000265829.1	ENSG00000265829.1	miRNA	chr5	80834053	80834119	+	2	0.455395	0	66	False	False	False	28.0	0.21212121212121213	0.6170212765957447	0.5151515151515151	0.5370779681782144	0.2936344170985242	0.19215378456610457	66	66	1.0	0.3333333333333333	0.30303030303030304	0.030303030303030276	False
U_ENSG00000284173.1	ENSG00000284173.1	miRNA	chr1	74333161	74333225	-	3	0.231533	0	64	False	False	False	63.0	0.4921875	0.6935483870967742	0.625	0.7393752593472347	0.417154363586022	0.13089224208310035	64	64	1.0	0.5625	0.515625	0.046875	False
U_ENSG00000238782.1	ENSG00000238782.1	snRNA	chr1	84571991	84572053	+	3	0.433278	0	62	False	False	False	18.0	0.14516129032258066	0.7647058823529411	0.3548387096774194	0.42028985507246375	0.15029382986043588	0.2529057150908445	62	62	1.0	0.46774193548387094	0.45161290322580644	0.016129032258064502	False
U_ENSG00000238812.1	ENSG00000238812.1	snRNA	chr1	89762843	89762905	+	3	0.472979	0	62	False	False	False	28.0	0.22580645161290322	0.5813953488372093	0.4032258064516129	0.6972522601510261	0.3875302769856305	0.10874179640509508	62	62	1.0	0.46774193548387094	0.41935483870967744	0.048387096774193505	False
U_ENSG00000283944.1	ENSG00000283944.1	miRNA	chr12	84803338	84803410	-	1	0.181264	72	72	True	True	True	62.0	0.4305555555555556	0.6857142857142857	0.6111111111111112	0.6902093080282885	0.37560677687656335	0.1161438204399341	72	72	1.0	0.4861111111111111	0.5694444444444444	0.08333333333333331	False
U_ENSG00000200150.1	ENSG00000200150.1	snoRNA	chr12	109632901	109632974	+	1	0.221734	0	73	False	False	False	32.0	0.2191780821917808	0.5555555555555556	0.5205479452054795	0.5431188406682463	0.2755375372095433	0.14566789557918772	73	73	1.0	0.3561643835616438	0.3424657534246575	0.0136986301369863	False
U_ENSG00000201557.1	ENSG00000201557.1	snoRNA	chr12	109652090	109652157	+	1	0.324125	0	67	False	False	False	55.0	0.41044776119402987	0.6617647058823529	0.6388888888888888	0.6342878551353061	0.3362798122836586	0.16505977440209063	72	67	0.9305555555555556	0.4583333333333333	0.5671641791044776	0.10883084577114427	False
U_ENSG00000283238.1	ENSG00000283238.1	miRNA	chr1	45354742	45354811	-	3	0.30145	69	69	True	True	True	24.0	0.17391304347826086	0.5833333333333334	0.42028985507246375	0.6797154344984561	0.4066101422496989	0.145580807891348	69	69	1.0	0.30434782608695654	0.43478260869565216	0.13043478260869562	False
U_ENSG00000283639.1	ENSG00000283639.1	miRNA	chr1	74779231	74779291	+	3	0.056995	0	60	False	False	False	43.0	0.35833333333333334	0.6290322580645161	0.5846153846153845	0.7387880823107944	0.39180195498468945	0.12843542482776882	65	60	0.9230769230769231	0.5846153846153846	0.5166666666666667	0.06794871794871793	False
U_ENSG00000264755.1	ENSG00000264755.1	miRNA	chr1	74988635	74988698	-	3	0.214928	0	63	False	False	False	40.0	0.31746031746031744	0.5737704918032787	0.5873015873015873	0.7414734221668818	0.369466753332667	0.1185236972314441	63	63	1.0	0.6349206349206349	0.5396825396825397	0.09523809523809523	False
U_ENSG00000222246.1	ENSG00000222246.1	miRNA	chr1	86565278	86565330	-	3	0.029168	52	52	True	True	True	77.0	0.7403846153846154	0.8269230769230769	0.7719298245614035	0.7927024853287575	0.5740747931053584	0.09439635645501392	57	52	0.9122807017543859	0.6491228070175439	0.6730769230769231	0.02395411605937925	False
U_ENSG00000251767.1	ENSG00000251767.1	snRNA	chr3	152228935	152228992	-	4	0.669545	0	57	False	False	False	15.0	0.13157894736842105	0.5185185185185185	0.4354838709677419	0.3441839892595506	0.14433756729740643	0.2565572167168362	62	57	0.9193548387096774	0.4032258064516129	0.47368421052631576	0.07045840407470289	False
U_ENSG00000284443.1	ENSG00000284443.1	miRNA	chr3	108012710	108012785	-	4	0.184523	0	75	False	False	False	39.0	0.26	0.631578947368421	0.5066666666666666	0.7413915543281209	0.37969474062052594	0.10291585278194472	75	75	1.0	0.6266666666666667	0.6266666666666667	0.0	False
U_ENSG00000266531.1	ENSG00000266531.1	miRNA	chr12	76957288	76957370	+	1	0.370757	0	82	False	False	False	44.0	0.2682926829268293	0.6744186046511628	0.3902439024390244	0.5657361789015527	0.41892517051730244	0.25719341550616864	82	82	1.0	0.6463414634146342	0.6341463414634146	0.012195121951219523	False
U_ENSG00000207444.1	ENSG00000207444.1	snoRNA	chr12	82271690	82271756	+	1	0.285262	0	66	False	False	False	25.0	0.1893939393939394	0.5957446808510638	0.49295774647887325	0.6533208720514767	0.34392456569966307	0.14887575308389728	71	66	0.9295774647887324	0.38028169014084506	0.45454545454545453	0.07426376440460947	False
U_ENSG00000264741.1	ENSG00000264741.1	miRNA	chr12	84239300	84239369	+	1	0.246623	0	69	False	False	False	54.0	0.391304347826087	0.6307692307692307	0.6027397260273972	0.6303493386588568	0.4607843137254903	0.1557953196971602	73	69	0.9452054794520548	0.684931506849315	0.5072463768115942	0.1776851300377208	False
U_ENSG00000283159.1	ENSG00000283159.1	miRNA	chr12	109552760	109552832	+	1	0.09352	72	72	True	True	True	105.0	0.7291666666666666	0.8450704225352113	0.7916666666666666	0.8081568082655614	0.6731080401072015	0.13509384572711886	72	72	1.0	0.6388888888888888	0.5555555555555556	0.08333333333333326	False
U_ENSG00000207742.3	ENSG00000207742.3	miRNA	chr12	109698204	109698282	+	1	0.314656	78	78	True	True	True	53.0	0.33974358974358976	0.618421052631579	0.5375	0.6381082404768884	0.32860722130646947	0.14769242895271353	80	78	0.975	0.4125	0.47435897435897434	0.06185897435897436	False
U_ENSG00000265291.1	ENSG00000265291.1	miRNA	chr12	112542799	112542855	-	1	0.241206	0	56	False	False	False	20.0	0.17857142857142858	0.6296296296296297	0.3035714285714286	0.5860427363212737	0.234632917177753	0.1818181818181818	56	56	1.0	0.6428571428571429	0.5178571428571429	0.125	False
U_tRNA-Arg-NNN-chr4-5	tRNA-Arg-NNN-chr4-5	tRNA	chr5	65307475	65307536	-	2	0.05494	0	61	False	False	False	78.0	0.639344262295082	0.7741935483870968	0.7741935483870968	0.7556096518348254	0.45400348307133265	0.10112169136496252	62	61	0.9838709677419355	0.5161290322580645	0.5737704918032787	0.05764145954521416	False
U_ENSG00000263642.1	ENSG00000263642.1	miRNA	chr5	66226996	66227075	-	2	0.217959	79	79	True	True	True	38.0	0.24050632911392406	0.5733333333333334	0.55	0.5975598705246865	0.2910838471349593	0.09082305702452763	80	79	0.9875	0.475	0.46835443037974683	0.0066455696202531445	False
U_ENSG00000264585.1	ENSG00000264585.1	miRNA	chr5	74253899	74253961	+	2	0.141024	62	62	True	True	True	95.0	0.7661290322580645	0.8524590163934426	0.7878787878787878	0.9081114496709904	0.7541752331411763	0.12379681140431427	66	62	0.9393939393939394	0.8636363636363636	0.7741935483870968	0.0894428152492669	False
U_ENSG00000264157.3	ENSG00000264157.3	miRNA	chr1	36537807	36537884	+	3	0.338892	0	77	False	False	False	29.0	0.19078947368421054	0.5573770491803278	0.4675324675324676	0.6228403405794833	0.34874291623145787	0.16762568039784254	76	77	0.987012987012987	0.6447368421052632	0.6103896103896104	0.03434723171565279	False
U_ENSG00000278524.1	ENSG00000278524.1	miRNA	chr1	74388805	74388875	+	3	0.086581	3	70	True	False	False	65.0	0.4642857142857143	0.6911764705882353	0.6142857142857143	0.6108770184802478	0.3226552647887426	0.1533768875979473	70	70	1.0	0.5857142857142857	0.5428571428571428	0.04285714285714293	False
U_ENSG00000212270.1	ENSG00000212270.1	snoRNA	chr12	45935118	45935178	-	1	0.480273	0	60	False	False	False	18.0	0.15	0.5833333333333334	0.3538461538461538	0.2549387652440208	0.10549647856887993	0.32612003466930983	65	60	0.9230769230769231	0.35384615384615387	0.5333333333333333	0.17948717948717946	False
U_ENSG00000283519.1	ENSG00000283519.1	snRNA	chr12	85512882	85512958	-	1	0.161242	0	76	False	False	False	33.0	0.21710526315789475	0.5818181818181818	0.40740740740740744	0.7259881703784241	0.29252285424076624	0.06281586848347584	81	76	0.9382716049382716	0.43209876543209874	0.4342105263157895	0.0021117608836907498	False
U_ENSG00000265154.1	ENSG00000265154.1	miRNA	chr12	108624626	108624721	-	1	0.393862	0	95	False	False	False	54.0	0.28421052631578947	0.5625	0.5520833333333333	0.6736306771676355	0.3468258791617222	0.12610604603166078	96	95	0.9895833333333334	0.5416666666666666	0.43157894736842106	0.11008771929824557	False
U_ENSG00000200832.1	ENSG00000200832.1	snoRNA	chr12	109631357	109631427	+	1	0.368289	0	70	False	False	False	31.0	0.22142857142857142	0.5645161290322581	0.5066666666666666	0.618146635643918	0.2794386462561849	0.15694576681135158	75	70	0.9333333333333333	0.4266666666666667	0.45714285714285713	0.030476190476190435	False
U_ENSG00000200480.1	ENSG00000200480.1	snoRNA	chr12	109656802	109656869	+	1	0.413075	0	67	False	False	False	36.0	0.26865671641791045	0.5774647887323944	0.5555555555555556	0.5425006903113762	0.27357698914013867	0.19223020992705717	72	67	0.9305555555555556	0.4722222222222222	0.47761194029850745	0.005389718076285244	False
U_ENSG00000198982.4	ENSG00000198982.4	miRNA	chr12	109678236	109678297	+	1	0.0	61	61	True	True	True	113.0	0.9262295081967213	0.9508196721311475	0.9508196721311475	0.9370890617856317	0.8676470588235294	0.05270462766947298	61	61	1.0	0.4098360655737705	0.4262295081967213	0.016393442622950782	False
U_ENSG00000212040.3	ENSG00000212040.3	miRNA	chr12	109683693	109683771	+	1	0.0	74	78	True	True	False	140.0	0.8974358974358975	0.9473684210526315	0.8974358974358975	0.9457391354914105	0.8710699665342264	0.06872081327440495	78	78	1.0	0.38461538461538464	0.4358974358974359	0.051282051282051266	False
U_ENSG00000283279.1	ENSG00000283279.1	miRNA	chr12	109689161	109689227	+	1	0.0	66	66	True	True	True	117.0	0.8863636363636364	0.9242424242424242	0.9242424242424242	0.8940294278636353	0.7729624972329231	0.06153846153846154	66	66	1.0	0.2878787878787879	0.2878787878787879	0.0	False
U_ENSG00000216179.1	ENSG00000216179.1	miRNA	chr12	109708849	109708932	+	1	0.173805	83	83	True	True	True	102.0	0.6144578313253012	0.7530864197530864	0.7261904761904762	0.7737520177731199	0.5220368976638745	0.11392593401180734	84	83	0.9880952380952381	0.5357142857142857	0.43373493975903615	0.10197934595524955	False
U_ENSG00000251923.1	ENSG00000251923.1	snRNA	chr5	76616511	76616607	+	2	0.477164	0	96	False	False	False	38.0	0.19791666666666666	0.5443037974683544	0.48958333333333337	0.6544013386310716	0.27160184215890804	0.12631578947368421	96	96	1.0	0.3541666666666667	0.3541666666666667	0.0	False
U_ENSG00000207746.1	ENSG00000207746.1	miRNA	chr5	100476480	100476572	-	2	0.211038	0	92	False	False	False	41.0	0.22282608695652173	0.5444444444444444	0.5106382978723405	0.6122499979387583	0.25550167992906836	0.13044976684457624	94	92	0.9787234042553191	0.5425531914893617	0.4782608695652174	0.06429232192414425	False
U_ENSG00000266421.3	ENSG00000266421.3	miRNA	chr5	102812470	102812535	+	2	0.080422	65	65	True	True	True	70.0	0.5384615384615384	0.746031746031746	0.696969696969697	0.681041416525001	0.4365641250653993	0.1270004499013603	66	65	0.9848484848484849	0.5151515151515151	0.5230769230769231	0.007925407925407968	False
U_ENSG00000266518.1	ENSG00000266518.1	miRNA	chr1	75809493	75809556	-	3	0.139845	0	63	False	False	False	69.0	0.5476190476190477	0.6984126984126984	0.703125	0.7177652233758963	0.4059316706811662	0.11637683735720146	64	63	0.984375	0.53125	0.4444444444444444	0.08680555555555558	False
U_ENSG00000284092.1	ENSG00000284092.1	miRNA	chr1	82817163	82817219	+	3	0.22873	56	56	True	True	True	88.0	0.7857142857142857	0.8867924528301887	0.8392857142857143	0.7947194142390263	0.6386469289139647	0.13846860192479832	56	56	1.0	0.6428571428571429	0.6964285714285714	0.05357142857142849	False
U_ENSG00000202400.1	ENSG00000202400.1	snoRNA	chr1	86283981	86284051	-	3	0.0	69	70	True	True	False	99.0	0.7071428571428572	0.8115942028985508	0.7857142857142857	0.8859944120811994	0.7146206316725607	0.0648135645652113	70	70	1.0	0.37142857142857144	0.4142857142857143	0.04285714285714287	False
U_ENSG00000252474.1	ENSG00000252474.1	snRNA	chr12	69400163	69400265	+	1	0.156701	0	102	False	False	False	28.0	0.13725490196078433	0.5483870967741935	0.4368932038834952	0.6603959658359914	0.3012138493454034	0.14401914934965332	103	102	0.9902912621359223	0.39805825242718446	0.4117647058823529	0.013706453455168466	False
U_ENSG00000221537.1	ENSG00000221537.1	miRNA	chr12	76048585	76048687	-	1	0.418467	0	102	False	False	False	54.0	0.2647058823529412	0.5531914893617021	0.4509803921568627	0.6466925814748771	0.28210345097470085	0.12833149897837348	102	102	1.0	0.35294117647058826	0.43137254901960786	0.0784313725490196	False
U_ENSG00000275662.1	ENSG00000275662.1	snoRNA	chr12	109572890	109572966	+	1	0.105675	0	76	False	False	False	93.0	0.6118421052631579	0.7466666666666667	0.7402597402597403	0.746521002019111	0.5667593200823418	0.09966610925150701	77	76	0.987012987012987	0.37662337662337664	0.42105263157894735	0.04442925495557071	False
U_ENSG00000200632.1	ENSG00000200632.1	snoRNA	chr12	109604961	109605038	+	1	0.173694	77	77	True	True	True	72.0	0.4675324675324675	0.6756756756756757	0.6623376623376623	0.7686902209845824	0.4666282626286914	0.12059409723568	77	77	1.0	0.4155844155844156	0.45454545454545453	0.03896103896103892	False
U_ENSG00000201950.1	ENSG00000201950.1	snoRNA	chr12	109607456	109607528	+	1	0.15975	72	72	True	True	True	104.0	0.7222222222222222	0.8333333333333334	0.8194444444444444	0.8092105263157896	0.6093564373009493	0.1161438204399341	72	72	1.0	0.4166666666666667	0.5416666666666666	0.12499999999999994	False
U_ENSG00000199575.1	ENSG00000199575.1	snoRNA	chr12	109621060	109621132	+	1	0.0	72	72	True	True	True	94.0	0.6527777777777778	0.7746478873239436	0.7638888888888888	0.8173933374648146	0.5981308411214953	0.05633802816901409	72	72	1.0	0.4861111111111111	0.4583333333333333	0.02777777777777779	False
U_ENSG00000199593.1	ENSG00000199593.1	snoRNA	chr12	109651395	109651468	+	1	0.046735	73	73	True	True	True	89.0	0.6095890410958904	0.7466666666666667	0.76	0.8220858895705523	0.554051251343814	0.11793598957220444	75	73	0.9733333333333334	0.4666666666666667	0.4246575342465753	0.042009132420091355	False
U_ENSG00000199088.5	ENSG00000199088.5	miRNA	chr12	109675492	109675559	+	1	0.0	66	67	True	True	False	124.0	0.9253731343283582	0.9701492537313433	0.9552238805970149	0.9518146834680989	0.8979592136361234	0.047913297881339086	67	67	1.0	0.417910447761194	0.40298507462686567	0.014925373134328346	False
U_ENSG00000207749.4	ENSG00000207749.4	miRNA	chr12	109677070	109677133	+	1	0.0	62	63	True	True	False	118.0	0.9365079365079365	0.967741935483871	0.9365079365079365	0.9454127721447988	0.8733260632194673	0.05587260669577023	63	63	1.0	0.38095238095238093	0.42857142857142855	0.047619047619047616	False
U_ENSG00000207934.1	ENSG00000207934.1	miRNA	chr12	109689653	109689734	+	1	0.0	81	81	True	True	True	109.0	0.6728395061728395	0.8243243243243243	0.7901234567901234	0.8254129601868421	0.6687266690013609	0.1030776406404415	81	81	1.0	0.5308641975308642	0.4691358024691358	0.06172839506172845	False
U_ENSG00000283588.1	ENSG00000283588.1	miRNA	chr12	109690213	109690281	+	1	0.0	68	68	True	True	True	122.0	0.8970588235294118	0.9402985074626866	0.9117647058823529	0.9061778484612351	0.8049379065910626	0.06332299533013859	68	68	1.0	0.29411764705882354	0.3088235294117647	0.01470588235294118	False
U_ENSG00000215957.1	ENSG00000215957.1	miRNA	chr12	109690747	109690828	+	1	0.081082	78	81	True	True	False	114.0	0.7037037037037037	0.8024691358024691	0.7831325301204819	0.8241882652228867	0.627450980392157	0.08713327159949391	83	81	0.9759036144578314	0.43373493975903615	0.43209876543209874	0.0016361743269374118	False
U_ENSG00000221525.1	ENSG00000221525.1	miRNA	chr12	109691932	109692017	+	1	0.112085	0	85	False	False	False	81.0	0.4764705882352941	0.6823529411764706	0.6511627906976745	0.7144221223415271	0.43482827673933633	0.10059805940697877	86	85	0.9883720930232558	0.38372093023255816	0.4235294117647059	0.03980848153214772	False
U_ENSG00000216099.3	ENSG00000216099.3	miRNA	chr12	109695048	109695127	+	1	0.195952	0	79	False	False	False	82.0	0.5189873417721519	0.7611940298507462	0.6708860759493671	0.7056535698028237	0.43301270189221935	0.10878565864408422	79	79	1.0	0.35443037974683544	0.43037974683544306	0.07594936708860761	False
U_ENSG00000276352.2	ENSG00000276352.2	miRNA	chr12	109701164	109701230	+	1	0.0	65	66	True	True	False	124.0	0.9393939393939394	0.9692307692307692	0.9393939393939394	0.9586281244175986	0.9123082764091001	0.04865042554105199	66	66	1.0	0.5909090909090909	0.5454545454545454	0.045454545454545525	False
U_ENSG00000199015.4	ENSG00000199015.4	miRNA	chr12	109706941	109707010	+	1	0.0	69	69	True	True	True	133.0	0.9637681159420289	0.9852941176470589	0.9565217391304348	0.9813664596273292	0.9418604651162791	0.029411764705882353	69	69	1.0	0.391304347826087	0.4057971014492754	0.014492753623188415	False
U_ENSG00000264024.2	ENSG00000264024.2	miRNA	chr12	113388306	113388353	-	1	0.1044	36	47	True	True	False	61.0	0.648936170212766	0.7659574468085106	0.6923076923076923	0.863374156232527	0.7798975438200811	0.1518170861403912	52	47	0.9038461538461539	0.6730769230769231	0.6808510638297872	0.007774140752864089	False
U_ENSG00000284587.1	ENSG00000284587.1	miRNA	chr5	34059191	34059285	-	2	0.209886	28	94	True	False	False	45.0	0.2393617021276596	0.5972222222222222	0.4787234042553191	0.6765547608671513	0.4275444999914003	0.15656150299527993	94	94	1.0	0.6702127659574468	0.5106382978723404	0.15957446808510645	False
U_ENSG00000283281.1	ENSG00000283281.1	miRNA	chr5	49216155	49216214	-	2	0.383893	0	59	False	False	False	27.0	0.2288135593220339	0.7083333333333334	0.44067796610169496	0.5425150096558122	0.24445885613079654	0.19658196984467896	59	59	1.0	0.3728813559322034	0.2711864406779661	0.1016949152542373	False
U_ENSG00000283499.1	ENSG00000283499.1	snRNA	chr5	72887474	72887530	-	2	0.465532	0	56	False	False	False	15.0	0.13392857142857142	0.5142857142857142	0.4137931034482759	0.4273433683788184	0.14517167628488536	0.2197051755892751	58	56	0.9655172413793104	0.41379310344827586	0.48214285714285715	0.0683497536945813	False
U_ENSG00000207448.1	ENSG00000207448.1	snRNA	chr5	88709967	88710071	+	2	0.548142	0	104	False	False	False	38.0	0.18269230769230768	0.5047619047619047	0.5	0.7354342714677375	0.39873057304270987	0.11238676604650705	104	104	1.0	0.34615384615384615	0.38461538461538464	0.03846153846153849	False
U_ENSG00000264725.1	ENSG00000264725.1	miRNA	chr1	45501672	45501748	-	3	0.417951	0	76	False	False	False	30.0	0.19736842105263158	0.5769230769230769	0.5	0.5574561880113721	0.2346816599567202	0.1577621275493231	76	76	1.0	0.4342105263157895	0.3684210526315789	0.06578947368421056	False
U_ENSG00000198973.4	ENSG00000198973.4	miRNA	chr1	74939817	74939881	-	3	0.0	63	64	True	True	False	126.0	0.984375	1.0	0.96875	0.9928571428571429	0.9878783399072131	0.0	64	64	1.0	0.671875	0.671875	0.0	False
U_ENSG00000202016.1	ENSG00000202016.1	snRNA	chr1	78352578	78352686	+	3	0.268104	108	108	True	True	True	34.0	0.1574074074074074	0.6491228070175439	0.4537037037037037	0.6792101264702007	0.3375065919900003	0.13735456501587914	108	108	1.0	0.3888888888888889	0.3888888888888889	0.0	False
U_ENSG00000201044.1	ENSG00000201044.1	snRNA	chr1	85743988	85744095	+	3	0.373414	0	107	False	False	False	26.0	0.12149532710280374	0.514018691588785	0.4579439252336449	0.5255777344781669	0.23056651868870703	0.18486715039873042	107	107	1.0	0.42990654205607476	0.3925233644859813	0.03738317757009346	False
U_ENSG00000252452.1	ENSG00000252452.1	snRNA	chr1	87327582	87327684	+	3	0.149165	0	102	False	False	False	29.0	0.14215686274509803	0.5660377358490566	0.4117647058823529	0.6220613008058467	0.34586466165413526	0.13861386138613863	102	102	1.0	0.4411764705882353	0.49019607843137253	0.04901960784313725	False
U_ENSG00000277842.1	ENSG00000277842.1	miRNA	chr1	90856000	90856063	+	3	0.222351	19	63	True	False	False	31.0	0.2672413793103448	0.6944444444444444	0.46031746031746035	0.5441098745249487	0.34528826491882486	0.2229222079751423	58	63	0.9206349206349206	0.5862068965517241	0.6825396825396826	0.09633278598795847	False
U_ENSG00000276081.1	ENSG00000276081.1	miRNA	chr3	152534192	152534251	-	4	0.217997	0	59	False	False	False	25.0	0.211864406779661	0.5581395348837209	0.4666666666666667	0.509839205779596	0.24862636323035153	0.2205741117705333	60	59	0.9833333333333333	0.55	0.4406779661016949	0.10932203389830514	False
U_ENSG00000284269.1	ENSG00000284269.1	miRNA	chr12	76658673	76658732	-	1	0.25907	4	59	True	False	False	61.0	0.5169491525423728	0.7368421052631579	0.6557377049180328	0.854110297435449	0.6081081081081081	0.11147943970798393	61	59	0.9672131147540983	0.5573770491803278	0.5932203389830508	0.035843289802723	False
U_ENSG00000221754.1	ENSG00000221754.1	miRNA	chr12	87144919	87144992	+	1	0.124145	73	73	True	True	True	32.0	0.2191780821917808	0.559322033898305	0.4794520547945206	0.693387848781438	0.31311214554257477	0.12576923802968634	73	73	1.0	0.5342465753424658	0.5753424657534246	0.041095890410958846	False
U_ENSG00000283840.1	ENSG00000283840.1	miRNA	chr12	108781334	108781395	+	1	0.175134	0	61	False	False	False	72.0	0.5901639344262295	0.7627118644067796	0.6885245901639344	0.7517956557827737	0.5559369874958259	0.17638342073763938	61	61	1.0	0.5409836065573771	0.5081967213114754	0.032786885245901676	False
U_ENSG00000202191.1	ENSG00000202191.1	snoRNA	chr12	109592609	109592678	+	1	0.092642	0	69	False	False	False	88.0	0.6376811594202898	0.7910447761194029	0.7391304347826086	0.8165943310006173	0.5132156597282601	0.07204381596421112	69	69	1.0	0.3333333333333333	0.36231884057971014	0.02898550724637683	False
U_ENSG00000201700.3	ENSG00000201700.3	snoRNA	chr12	109597508	109597582	+	1	0.0	74	74	True	True	True	113.0	0.7847222222222222	0.8783783783783784	0.8648648648648649	0.9328591468008167	0.8521336629139172	0.06323261600680966	72	74	0.972972972972973	0.3888888888888889	0.43243243243243246	0.04354354354354356	False
U_ENSG00000201672.1	ENSG00000201672.1	snoRNA	chr12	109600201	109600276	+	1	0.0	75	75	True	True	True	78.0	0.52	0.726027397260274	0.7066666666666667	0.6994687087494568	0.37640370458140554	0.12531916885805006	75	75	1.0	0.4	0.41333333333333333	0.013333333333333308	False
U_ENSG00000272474.1	ENSG00000272474.1	snoRNA	chr12	109601203	109601281	+	1	0.141011	78	78	True	True	True	78.0	0.5	0.7105263157894737	0.6923076923076923	0.7492859817901898	0.5178611591731709	0.12591376253029427	78	78	1.0	0.41025641025641024	0.5256410256410257	0.11538461538461542	False
U_ENSG00000200215.3	ENSG00000200215.3	snoRNA	chr12	109602444	109602518	+	1	0.118257	74	74	True	True	True	79.0	0.5337837837837838	0.72	0.7066666666666667	0.7374920056299882	0.5183086779759357	0.12390208384906727	75	74	0.9866666666666667	0.4	0.44594594594594594	0.04594594594594592	False
U_ENSG00000199390.1	ENSG00000199390.1	snoRNA	chr12	109636088	109636165	+	1	0.181682	77	77	True	True	True	43.0	0.2792207792207792	0.6125	0.6233766233766234	0.7693092581620721	0.40768712416360564	0.09488292830168392	77	77	1.0	0.4025974025974026	0.37662337662337664	0.025974025974025983	False
U_ENSG00000202270.1	ENSG00000202270.1	snoRNA	chr12	109647233	109647308	+	1	0.052336	75	75	True	True	True	76.0	0.5066666666666667	0.6756756756756757	0.6666666666666667	0.8343769572029314	0.5403830945624493	0.08546696378833459	75	75	1.0	0.44	0.4533333333333333	0.013333333333333308	False
U_ENSG00000202293.1	ENSG00000202293.1	snoRNA	chr12	109654487	109654558	+	1	0.143886	71	71	True	True	True	77.0	0.5422535211267606	0.7246376811594203	0.6805555555555556	0.7800622427375404	0.4571414750089678	0.13234298416438228	72	71	0.9861111111111112	0.4583333333333333	0.4084507042253521	0.04988262910798119	False
U_ENSG00000201689.1	ENSG00000201689.1	snoRNA	chr12	109657741	109657812	+	1	0.415764	0	71	False	False	False	52.0	0.37142857142857144	0.6949152542372882	0.647887323943662	0.5216888175936127	0.26741409365034885	0.15755843215282364	70	71	0.9859154929577465	0.42857142857142855	0.4647887323943662	0.03621730382293764	False
U_ENSG00000222185.1	ENSG00000222185.1	snoRNA	chr12	109658859	109658931	+	1	0.157804	0	72	False	False	False	58.0	0.4027777777777778	0.6266666666666667	0.6133333333333333	0.7744622256634089	0.5331139899831832	0.1322991992399677	75	72	0.96	0.36	0.4722222222222222	0.11222222222222222	False
U_ENSG00000211582.1	ENSG00000211582.1	miRNA	chr12	109679238	109679329	+	1	0.048722	81	91	True	True	False	149.0	0.8465909090909091	0.9390243902439024	0.8571428571428572	0.8506596598326136	0.7726579459743091	0.07947398299861728	88	91	0.967032967032967	0.48863636363636365	0.5164835164835165	0.02784715284715289	False
U_ENSG00000274172.1	ENSG00000274172.1	miRNA	chr12	113248211	113248276	+	1	0.181176	0	65	False	False	False	27.0	0.2076923076923077	0.55	0.523076923076923	0.7617990078946884	0.45501575519329013	0.13441133229754104	65	65	1.0	0.6461538461538462	0.5230769230769231	0.12307692307692308	False
U_ENSG00000265612.1	ENSG00000265612.1	miRNA	chr12	113387703	113387766	-	1	0.15667	0	63	False	False	False	45.0	0.375	0.6808510638297872	0.5873015873015873	0.7551353342269509	0.6331429091869192	0.22572237197531955	60	63	0.9523809523809523	0.6333333333333333	0.5396825396825397	0.09365079365079365	False
U_ENSG00000263413.2	ENSG00000263413.2	miRNA	chr12	113388340	113388418	-	1	0.139847	68	78	True	True	False	106.0	0.6794871794871795	0.7922077922077922	0.7692307692307692	0.8866975313325924	0.7698418484209848	0.11171850996159258	78	78	1.0	0.6153846153846154	0.6410256410256411	0.02564102564102566	False
U_ENSG00000206675.1	ENSG00000206675.1	snRNA	chr5	65428387	65428491	-	2	0.452756	0	104	False	False	False	26.0	0.125	0.4942528735632184	0.42056074766355145	0.4986605521739713	0.21285545181107246	0.2189654479856433	107	104	0.9719626168224299	0.4485981308411215	0.4519230769230769	0.0033249460819554377	False
U_ENSG00000277388.1	ENSG00000277388.1	miRNA	chr5	72495793	72495866	+	2	0.182425	0	73	False	False	False	58.0	0.3972602739726027	0.6266666666666667	0.52	0.7078075626663403	0.45145756498324363	0.14069617899628092	75	73	0.9733333333333334	0.4	0.4657534246575342	0.0657534246575342	False
U_ENSG00000284180.1	ENSG00000284180.1	miRNA	chr1	45372660	45372723	+	3	0.114646	1	63	True	False	False	45.0	0.35714285714285715	0.609375	0.5714285714285714	0.5803719629119839	0.3523421729511602	0.19084128332579406	63	63	1.0	0.2698412698412698	0.2698412698412698	0.0	False
U_ENSG00000277590.1	ENSG00000277590.1	miRNA	chr1	64161035	64161134	+	3	0.182951	0	99	False	False	False	101.0	0.51010101010101	0.7040816326530612	0.6161616161616161	0.8553257281875488	0.6772176115398882	0.10702131103777056	99	99	1.0	0.7272727272727273	0.7373737373737373	0.010101010101010055	False
U_ENSG00000199585.1	ENSG00000199585.1	rRNA_pseudogene	chr1	68218704	68218821	+	3	0.361289	0	117	False	False	False	35.0	0.14957264957264957	0.5043478260869565	0.4700854700854701	0.6382856724391345	0.25822616722787367	0.1473104094020264	117	117	1.0	0.47863247863247865	0.47863247863247865	0.0	False
U_ENSG00000201487.1	ENSG00000201487.1	snoRNA	chr3	153616199	153616271	-	4	0.0	72	72	True	True	True	104.0	0.7222222222222222	0.8333333333333334	0.8333333333333334	0.8571066732414748	0.7083717660038445	0.08212608302599014	72	72	1.0	0.3472222222222222	0.4027777777777778	0.05555555555555558	False
U_ENSG00000264657.1	ENSG00000264657.1	miRNA	chr12	48107703	48107781	-	1	0.400213	0	78	False	False	False	29.0	0.19594594594594594	0.5373134328358209	0.5	0.5029732507133177	0.30337234977613836	0.28202302074735686	74	78	0.9487179487179487	0.20270270270270271	0.2948717948717949	0.09216909216909216	False
U_ENSG00000252686.1	ENSG00000252686.1	snRNA	chr12	50594352	50594455	+	1	0.467011	0	103	False	False	False	34.0	0.1650485436893204	0.5247524752475248	0.4563106796116505	0.5763904177042349	0.29268636393806496	0.18341457778303633	103	103	1.0	0.3300970873786408	0.46601941747572817	0.13592233009708737	False
U_ENSG00000251792.1	ENSG00000251792.1	misc_RNA	chr12	69611560	69611662	+	1	0.499886	0	102	False	False	False	25.0	0.12254901960784313	0.58	0.4509803921568627	0.755006714365792	0.4435759973650299	0.1009706834374809	102	102	1.0	0.39215686274509803	0.43137254901960786	0.03921568627450983	False
U_tRNA-Lys-CTT-1-1	tRNA-Lys-CTT-1-1	tRNA	chr12	71015897	71015970	-	1	0.0	69	73	True	True	False	138.0	0.9452054794520548	1.0	0.8904109589041096	0.9716254134469435	0.9526510164590818	0.043920523057894165	73	73	1.0	0.6438356164383562	0.6027397260273972	0.04109589041095896	False
U_ENSG00000265993.1	ENSG00000265993.1	miRNA	chr12	78980473	78980554	-	1	0.234672	0	81	False	False	False	46.0	0.3026315789473684	0.5806451612903226	0.49382716049382713	0.7771208146447024	0.41812388858673993	0.1151810169544733	76	81	0.9382716049382716	0.5394736842105263	0.41975308641975306	0.11972059779077326	False
U_ENSG00000273830.1	ENSG00000273830.1	miRNA	chr12	83161143	83161221	+	1	0.144084	0	78	False	False	False	53.0	0.33974358974358976	0.6282051282051282	0.5696202531645569	0.7084673075914836	0.359906912151125	0.14937153001889503	79	78	0.9873417721518988	0.5443037974683544	0.47435897435897434	0.0699448231093801	False
U_tRNA-Und-NNN-chr14-11	tRNA-Und-NNN-chr14-11	tRNA	chr12	100872259	100872332	+	1	0.459245	0	73	False	False	False	33.0	0.22602739726027396	0.5373134328358209	0.4657534246575342	0.6868902746340311	0.42962254917468923	0.11947673982003648	73	73	1.0	0.6164383561643836	0.6027397260273972	0.013698630136986356	False
U_ENSG00000199005.4	ENSG00000199005.4	miRNA	chr12	109584690	109584765	+	1	0.0	74	75	True	True	False	133.0	0.8866666666666667	0.9324324324324325	0.9066666666666666	0.9346416873573351	0.7973099557526506	0.05405405405405406	75	75	1.0	0.5733333333333334	0.56	0.013333333333333308	False
U_ENSG00000212384.1	ENSG00000212384.1	snoRNA	chr12	109594247	109594319	+	1	0.239071	0	72	False	False	False	64.0	0.4444444444444444	0.6666666666666666	0.6111111111111112	0.6551936804267122	0.31578947368421056	0.08450704225352113	72	72	1.0	0.3194444444444444	0.375	0.05555555555555558	False
U_ENSG00000200608.1	ENSG00000200608.1	snoRNA	chr12	109640354	109640427	+	1	0.259627	73	73	True	True	True	71.0	0.4863013698630137	0.7580645161290323	0.6799999999999999	0.6347205305101272	0.40013043414163807	0.16154666447277627	75	73	0.9733333333333334	0.49333333333333335	0.4383561643835616	0.054977168949771726	False
U_ENSG00000202048.1	ENSG00000202048.1	snoRNA	chr12	109653231	109653303	+	1	0.116394	72	72	True	True	True	69.0	0.4791666666666667	0.6666666666666666	0.6527777777777778	0.6307561025226511	0.44009568337614474	0.17926650790644866	72	72	1.0	0.4722222222222222	0.4305555555555556	0.04166666666666663	False
U_ENSG00000272344.1	ENSG00000272344.1	snoRNA	chr12	109653659	109653731	+	1	0.262444	0	72	False	False	False	59.0	0.4097222222222222	0.6575342465753424	0.5833333333333333	0.6803314288304527	0.4201891276707567	0.15428804436765242	72	72	1.0	0.4722222222222222	0.4166666666666667	0.055555555555555525	False
U_ENSG00000200636.1	ENSG00000200636.1	snoRNA	chr12	109655908	109655978	+	1	0.14981	68	70	True	True	False	76.0	0.5428571428571428	0.7391304347826086	0.7	0.754829412424069	0.4335742748772955	0.1064995540340512	70	70	1.0	0.45714285714285713	0.4857142857142857	0.02857142857142858	False
U_ENSG00000221036.5	ENSG00000221036.5	miRNA	chr12	109682133	109682211	+	1	0.0	78	78	True	True	True	129.0	0.8269230769230769	0.9066666666666666	0.8333333333333334	0.8914918907807929	0.7226237914621592	0.07792207792207792	78	78	1.0	0.5512820512820513	0.5	0.05128205128205132	False
U_ENSG00000207743.3	ENSG00000207743.3	miRNA	chr12	109685178	109685260	+	1	0.0	63	82	True	True	False	144.0	0.8780487804878049	0.9512195121951219	0.926829268292683	0.953776176686811	0.9127920631264044	0.05790636740522752	82	82	1.0	0.3780487804878049	0.36585365853658536	0.012195121951219523	False
U_ENSG00000283561.1	ENSG00000283561.1	miRNA	chr12	109689514	109689594	+	1	0.284029	0	80	False	False	False	91.0	0.56875	0.7125	0.725	0.7782228736817591	0.5092803461049621	0.13276061369242426	80	80	1.0	0.3375	0.4	0.0625	False
U_ENSG00000199020.3	ENSG00000199020.3	miRNA	chr12	109693254	109693329	+	1	0.0	74	75	True	True	False	148.0	0.9866666666666667	1.0	0.9733333333333334	1.0	0.9883720930232558	0.019110994086122907	75	75	1.0	0.4	0.41333333333333333	0.013333333333333308	False
U_ENSG00000207754.3	ENSG00000207754.3	miRNA	chr12	109693765	109693849	+	1	0.0	82	84	True	True	False	153.0	0.9107142857142857	0.9404761904761905	0.9404761904761905	0.9246670704510195	0.8399591111791317	0.06143397004328657	84	84	1.0	0.44047619047619047	0.4642857142857143	0.023809523809523836	False
U_ENSG00000202560.4	ENSG00000202560.4	miRNA	chr12	109694557	109694635	+	1	0.0	78	78	True	True	True	127.0	0.8141025641025641	0.9078947368421053	0.8461538461538461	0.9020142668546488	0.7842931891727034	0.05509922970284784	78	78	1.0	0.3076923076923077	0.3333333333333333	0.025641025641025605	False
U_ENSG00000283170.1	ENSG00000283170.1	miRNA	chr12	109700203	109700279	+	1	0.0	75	76	True	True	False	147.0	0.9671052631578947	0.9866666666666667	0.9605263157894737	0.9830184035703993	0.9506814576356907	0.0421637021355784	76	76	1.0	0.3815789473684211	0.40789473684210525	0.02631578947368418	False
U_ENSG00000207993.3	ENSG00000207993.3	miRNA	chr12	109700569	109700642	+	1	0.0	73	73	True	True	True	136.0	0.9315068493150684	0.971830985915493	0.9178082191780822	0.9743025385243955	0.916563847047376	0.034020690871988585	73	73	1.0	0.6027397260273972	0.6027397260273972	0.0	False
U_ENSG00000208027.4	ENSG00000208027.4	miRNA	chr12	109701334	109701407	+	1	0.0	73	73	True	True	True	135.0	0.9246575342465754	0.9583333333333334	0.9315068493150684	0.9186406137671768	0.8539864924534399	0.05892556509887896	73	73	1.0	0.4794520547945205	0.4794520547945205	0.0	False
U_ENSG00000208004.2	ENSG00000208004.2	miRNA	chr12	109702089	109702170	+	1	0.056292	45	81	True	True	False	122.0	0.7530864197530864	0.8518518518518519	0.8292682926829268	0.7461731678887661	0.529737468828903	0.12249684666334493	82	81	0.9878048780487805	0.4878048780487805	0.43209876543209874	0.055706112616681736	False
U_ENSG00000199107.3	ENSG00000199107.3	miRNA	chr12	109709589	109709668	+	1	0.0	77	79	True	True	False	148.0	0.9367088607594937	0.974025974025974	0.9240506329113924	0.9467190091061837	0.9201840552184065	0.040542021284209986	79	79	1.0	0.5316455696202531	0.5316455696202531	0.0	False
U_ENSG00000199025.4	ENSG00000199025.4	miRNA	chr12	109709855	109709925	+	1	0.0	70	70	True	True	True	129.0	0.9214285714285714	0.9565217391304348	0.9285714285714286	0.9629893827871846	0.9046656310328499	0.05422691864889769	70	70	1.0	0.37142857142857144	0.4142857142857143	0.04285714285714287	False
U_ENSG00000207959.1	ENSG00000207959.1	miRNA	chr12	109710868	109710942	+	1	0.193484	0	74	False	False	False	74.0	0.5	0.7014925373134329	0.6025641025641026	0.5945912752344927	0.26267987076371146	0.16316490539352935	78	74	0.9487179487179487	0.3717948717948718	0.4594594594594595	0.08766458766458768	False
U_tRNA-Ile-AAT-5-4	tRNA-Ile-AAT-5-4	tRNA	chr12	110811768	110811842	+	1	0.0	71	74	True	True	False	142.0	0.9594594594594594	1.0	0.9189189189189189	0.9798191986792547	0.9657724666656555	0.03355465401072847	74	74	1.0	0.6081081081081081	0.5945945945945946	0.013513513513513487	False
U_ENSG00000249784.1	ENSG00000249784.1	scaRNA	chr5	34048712	34048837	+	2	0.211402	0	125	False	False	False	54.0	0.216	0.5772357723577236	0.488	0.7856022456132361	0.48096937986673355	0.10819683762095757	125	125	1.0	0.56	0.448	0.11200000000000004	False
U_ENSG00000223086.1	ENSG00000223086.1	rRNA_pseudogene	chr5	38718117	38718245	-	2	0.31699	128	128	True	True	True	44.0	0.171875	0.5675675675675675	0.49612403100775193	0.6471764926103333	0.2664758707113301	0.12457775866220425	129	128	0.9922480620155039	0.5116279069767442	0.5546875	0.04305959302325579	False
U_ENSG00000283275.1	ENSG00000283275.1	miRNA	chr5	56053509	56053598	+	2	0.275224	0	89	False	False	False	100.0	0.5747126436781609	0.7272727272727273	0.6853932584269663	0.7548181020002074	0.5584991461911972	0.13312787877002538	87	89	0.9775280898876404	0.3793103448275862	0.2696629213483146	0.10964742347927159	False
U_ENSG00000207075.1	ENSG00000207075.1	misc_RNA	chr5	64137496	64137604	-	2	0.459789	0	108	False	False	False	28.0	0.12962962962962962	0.4909090909090909	0.4537037037037037	0.5175811515348825	0.27751660960711033	0.1915317900179364	108	108	1.0	0.4444444444444444	0.42592592592592593	0.01851851851851849	False
U_ENSG00000221502.1	ENSG00000221502.1	miRNA	chr1	45354740	45354810	+	3	0.27241	70	70	True	True	True	24.0	0.17142857142857143	0.5833333333333334	0.44285714285714284	0.7051310668440097	0.42541780641219995	0.1463696367878562	70	70	1.0	0.3	0.4142857142857143	0.11428571428571432	False
U_ENSG00000199121.4	ENSG00000199121.4	miRNA	chr1	74433469	74433546	+	3	0.0	77	77	True	True	True	137.0	0.8896103896103896	0.96	0.8961038961038961	0.947552995317325	0.8914565426546941	0.03721614637823934	77	77	1.0	0.5584415584415584	0.5714285714285714	0.012987012987012991	False
U_ENSG00000265252.1	ENSG00000265252.1	miRNA	chr1	75460938	75461018	-	3	0.098426	0	80	False	False	False	57.0	0.38	0.6301369863013698	0.575	0.845197785847429	0.5524945294626329	0.08344853536607297	75	80	0.9375	0.6133333333333333	0.5625	0.050833333333333286	False
U_ENSG00000264292.1	ENSG00000264292.1	miRNA	chr1	92075157	92075238	-	3	0.163729	0	81	False	False	False	70.0	0.43209876543209874	0.6883116883116883	0.6296296296296297	0.8303439832498128	0.5525696419756159	0.09682458365518543	81	81	1.0	0.6049382716049383	0.5555555555555556	0.04938271604938271	False
U_ENSG00000206620.1	ENSG00000206620.1	snoRNA	chr3	153617764	153617843	-	4	0.0	79	79	True	True	True	138.0	0.8734177215189873	0.948051948051948	0.8860759493670887	0.9400159308738426	0.8590539918613641	0.05128205128205128	79	79	1.0	0.35443037974683544	0.379746835443038	0.025316455696202556	False
U_ENSG00000266327.1	ENSG00000266327.1	miRNA	chr12	57041412	57041494	-	1	0.466285	0	82	False	False	False	40.0	0.24390243902439024	0.6271186440677966	0.5060240963855422	0.5768070151327328	0.3901913921311244	0.2308646118716936	83	82	0.9879518072289156	0.24096385542168675	0.3902439024390244	0.14928004701733766	False
U_ENSG00000239043.1	ENSG00000239043.1	snoRNA	chr12	65103343	65103429	+	1	0.0	83	86	True	True	False	142.0	0.8255813953488372	0.9285714285714286	0.8604651162790697	0.905045253394033	0.7965849553370502	0.0576350527713689	86	86	1.0	0.36046511627906974	0.3488372093023256	0.011627906976744151	False
U_ENSG00000201573.1	ENSG00000201573.1	misc_RNA	chr12	69892219	69892324	-	1	0.444814	105	105	True	True	True	38.0	0.18627450980392157	0.550561797752809	0.5142857142857142	0.4992006721695343	0.24927272573178666	0.2068004161699398	102	105	0.9714285714285714	0.39215686274509803	0.5523809523809524	0.16022408963585438	False
U_ENSG00000207781.1	ENSG00000207781.1	miRNA	chr12	77339789	77339875	+	1	0.453843	0	86	False	False	False	45.0	0.2647058823529412	0.6086956521739131	0.4883720930232558	0.6315355962274222	0.34309923758984645	0.1885108277524949	85	86	0.9883720930232558	0.4823529411764706	0.4186046511627907	0.06374829001367988	False
U_ENSG00000274884.1	ENSG00000274884.1	misc_RNA	chr12	109507044	109507129	+	1	0.084527	85	85	True	True	True	96.0	0.5647058823529412	0.75	0.6666666666666667	0.7730646331902061	0.5684378996830388	0.11933507235951613	87	85	0.9770114942528736	0.6896551724137931	0.6588235294117647	0.030831643002028453	False
U_ENSG00000207989.3	ENSG00000207989.3	miRNA	chr12	109546657	109546746	+	1	0.0	80	89	True	True	False	149.0	0.8370786516853933	0.9418604651162791	0.8539325842696629	0.9621623644206995	0.8516003841507555	0.027835110713445205	89	89	1.0	0.5393258426966292	0.5393258426966292	0.0	False
U_ENSG00000207942.2	ENSG00000207942.2	miRNA	chr12	109561748	109561830	+	1	0.0	82	82	True	True	True	157.0	0.9573170731707317	0.9875	0.9390243902439024	0.9795000592570571	0.9448090244404383	0.030240614108434295	82	82	1.0	0.45121951219512196	0.45121951219512196	0.0	False
U_ENSG00000221745.3	ENSG00000221745.3	miRNA	chr12	109678771	109678859	+	1	0.0	88	88	True	True	True	160.0	0.9090909090909091	0.9534883720930233	0.9090909090909091	0.944492629156317	0.8882281283554269	0.04300755616981542	88	88	1.0	0.42045454545454547	0.3977272727272727	0.022727272727272763	False
U_ENSG00000199069.3	ENSG00000199069.3	miRNA	chr12	109678938	109679024	+	1	0.0	83	86	True	True	False	160.0	0.9302325581395349	0.9759036144578314	0.9069767441860466	0.9553651092170915	0.8992339549961219	0.03720326659021623	86	86	1.0	0.5	0.5348837209302325	0.03488372093023251	False
U_ENSG00000207761.3	ENSG00000207761.3	miRNA	chr12	109679923	109680003	+	1	0.0	80	80	True	True	True	126.0	0.7875	0.8717948717948718	0.825	0.9067472700065304	0.7331020651431196	0.04002883114137188	80	80	1.0	0.425	0.425	0.0	False
U_ENSG00000207762.1	ENSG00000207762.1	miRNA	chr12	109680204	109680288	+	1	0.151053	0	84	False	False	False	60.0	0.35714285714285715	0.6097560975609756	0.5	0.7653837971759039	0.5409569048698276	0.09486756474713025	84	84	1.0	0.4166666666666667	0.40476190476190477	0.011904761904761918	False
U_ENSG00000194717.4	ENSG00000194717.4	miRNA	chr12	109681751	109681832	+	1	0.0	81	81	True	True	True	155.0	0.9567901234567902	0.9873417721518988	0.9382716049382716	0.9649564721840871	0.9414756947947212	0.04677071733467426	81	81	1.0	0.38271604938271603	0.35802469135802467	0.024691358024691357	False
U_ENSG00000207978.1	ENSG00000207978.1	miRNA	chr12	109704855	109704939	+	1	0.0	66	84	True	True	False	155.0	0.9226190476190477	0.9634146341463414	0.9285714285714286	0.9453693059864942	0.8729266647324745	0.04508020947920411	84	84	1.0	0.40476190476190477	0.4523809523809524	0.047619047619047616	False
U_ENSG00000199092.4	ENSG00000199092.4	miRNA	chr12	109710147	109710227	+	1	0.0	80	80	True	True	True	142.0	0.8875	0.9493670886075949	0.9125	0.9286372356958916	0.8463582805241049	0.0438493875333893	80	80	1.0	0.4125	0.4	0.012499999999999956	False
U_ENSG00000283165.1	ENSG00000283165.1	miRNA	chr12	112097311	112097397	-	1	0.0	76	86	True	True	False	150.0	0.872093023255814	0.9285714285714286	0.9069767441860466	0.9303226801408744	0.8623574061703174	0.05518136188027564	86	86	1.0	0.5465116279069767	0.5348837209302325	0.011627906976744207	False
U_ENSG00000200999.1	ENSG00000200999.1	snoRNA	chr5	54018710	54018785	+	2	0.378906	0	75	False	False	False	21.0	0.14	0.6538461538461539	0.4625	0.2926351980128537	0.07943169384195627	0.2604558172316625	80	75	0.9375	0.425	0.3466666666666667	0.07833333333333331	False
U_ENSG00000207195.1	ENSG00000207195.1	misc_RNA	chr5	66469116	66469225	-	2	0.128589	0	109	False	False	False	40.0	0.1834862385321101	0.5172413793103449	0.46846846846846846	0.6854817435088573	0.3566951336514964	0.11513970049851617	111	109	0.9819819819819819	0.46846846846846846	0.4954128440366973	0.026944375568228818	False
U_ENSG00000212534.1	ENSG00000212534.1	snoRNA	chr1	59731089	59731177	+	3	0.0	85	88	True	True	False	138.0	0.7840909090909091	0.8837209302325582	0.8295454545454546	0.864970943666909	0.7178891160492373	0.08903409991281419	88	88	1.0	0.375	0.3409090909090909	0.034090909090909116	False
U_ENSG00000212309.1	ENSG00000212309.1	snoRNA	chr1	59731663	59731748	+	3	0.0	85	85	True	True	True	149.0	0.8764705882352941	0.9629629629629629	0.8823529411764706	0.9497552120347287	0.8809902331182073	0.055838282855040826	85	85	1.0	0.36470588235294116	0.3764705882352941	0.011764705882352955	False
U_ENSG00000238317.2	ENSG00000238317.2	snoRNA	chr1	59743947	59744031	+	3	0.022975	83	84	True	True	False	133.0	0.7916666666666666	0.8674698795180723	0.8452380952380952	0.8676002675893625	0.748867700952649	0.08853577383553655	84	84	1.0	0.36904761904761907	0.4166666666666667	0.047619047619047616	False
U_ENSG00000281780.1	ENSG00000281780.1	snoRNA	chr1	63217796	63217885	+	3	0.0	50	89	True	True	False	123.0	0.6910112359550562	0.8255813953488372	0.7640449438202247	0.9084588650610635	0.7561164981726911	0.0642824346533225	89	89	1.0	0.3595505617977528	0.4044943820224719	0.0449438202247191	False
U_ENSG00000207047.2	ENSG00000207047.2	snoRNA	chr1	63217834	63217914	+	3	0.0	78	80	True	True	False	126.0	0.7875	0.8961038961038961	0.8625	0.897911788493243	0.7873607878100818	0.08950718749196804	80	80	1.0	0.3875	0.3875	0.0	False
U_ENSG00000253008.2	ENSG00000253008.2	miRNA	chr1	64102667	64102755	-	3	0.233923	0	88	False	False	False	144.0	0.8275862068965517	0.8850574712643678	0.875	0.8925707055774217	0.7480080936487635	0.05937221558587533	87	88	0.9886363636363636	0.41379310344827586	0.38636363636363635	0.027429467084639503	False
U_ENSG00000207647.1	ENSG00000207647.1	miRNA	chr1	75227521	75227610	-	3	0.214889	0	89	False	False	False	102.0	0.5730337078651685	0.75	0.6777777777777778	0.8976691789023009	0.6576127191491142	0.07709540714751358	90	89	0.9888888888888889	0.4666666666666667	0.43820224719101125	0.028464419475655423	False
U_ENSG00000263363.1	ENSG00000263363.1	miRNA	chr1	82140765	82140849	-	3	0.203506	0	84	False	False	False	118.0	0.7023809523809523	0.8072289156626506	0.7976190476190477	0.7913999506199421	0.567333919518927	0.07619946169080431	84	84	1.0	0.4642857142857143	0.5238095238095238	0.059523809523809534	False
U_ENSG00000263641.1	ENSG00000263641.1	miRNA	chr1	86191644	86191727	+	3	0.589242	0	83	False	False	False	21.0	0.12650602409638553	0.7	0.38372093023255816	0.3316717333982812	0.19613266665468357	0.35284125680825085	86	83	0.9651162790697675	0.29069767441860467	0.5542168674698795	0.26351919305127486	False
U_ENSG00000207280.1	ENSG00000207280.1	snoRNA	chr1	86279733	86279813	-	3	0.0	80	80	True	True	True	152.0	0.95	1.0	0.9	0.9834699358669274	0.968284463961705	0.031006199275736425	80	80	1.0	0.3375	0.325	0.012500000000000011	False
U_ENSG00000284378.1	ENSG00000284378.1	miRNA	chr1	86458194	86458279	+	3	0.0	85	85	True	True	True	155.0	0.9117647058823529	0.9642857142857143	0.9176470588235294	0.9705243477312123	0.9354509771771872	0.04123930494211613	85	85	1.0	0.3176470588235294	0.3411764705882353	0.02352941176470591	False
U_ENSG00000207611.1	ENSG00000207611.1	miRNA	chr1	92778084	92778173	+	3	0.0	66	89	True	True	False	149.0	0.8370786516853933	0.9176470588235294	0.8314606741573034	0.9220785374374338	0.8275353858384635	0.0770719316264235	89	89	1.0	0.7191011235955056	0.6853932584269663	0.0337078651685393	False
U_ENSG00000207721.1	ENSG00000207721.1	miRNA	chr3	157249905	157249991	+	4	0.0	71	86	True	True	False	153.0	0.8895348837209303	0.9404761904761905	0.8953488372093024	0.9670832064949567	0.8940397350993378	0.05261336417646563	86	86	1.0	0.36046511627906974	0.3372093023255814	0.023255813953488358	False
U_ENSG00000207241.1	ENSG00000207241.1	snoRNA	chr3	153617247	153617331	-	4	0.0	80	84	True	True	False	144.0	0.8571428571428571	0.927710843373494	0.8690476190476191	0.9239023880909535	0.8448589801827238	0.05111615285685887	84	84	1.0	0.35714285714285715	0.39285714285714285	0.0357142857142857	False
U_ENSG00000212601.1	ENSG00000212601.1	rRNA_pseudogene	chr3	122391283	122391404	+	4	0.338675	0	121	False	False	False	42.0	0.175	0.6056338028169014	0.4297520661157025	0.5508605465689012	0.3239329522053359	0.1510348846434412	120	121	0.9917355371900827	0.5166666666666667	0.4793388429752066	0.037327823691460094	False
U_ENSG00000211575.3	ENSG00000211575.3	miRNA	chr3	122087255	122087335	-	4	0.0	80	80	True	True	True	149.0	0.93125	0.9868421052631579	0.8875	0.9584589958636499	0.9231195978613049	0.050632911392405056	80	80	1.0	0.6375	0.675	0.03750000000000009	False
U_tRNA-Arg-TCT-1-1	tRNA-Arg-TCT-1-1	tRNA	chr3	122086600	122086685	-	4	0.0	85	85	True	True	True	162.0	0.9529411764705882	1.0	0.9058823529411765	0.9798974461519555	0.9646395433640246	0.0238095238095238	85	85	1.0	0.6	0.5882352941176471	0.0117647058823529	False
U_ENSG00000277634.1	ENSG00000277634.1	misc_RNA	chr12	69399862	69399960	-	1	0.341857	0	98	False	False	False	34.0	0.1827956989247312	0.5324675324675324	0.4387755102040817	0.6790076681870166	0.37654297946531334	0.14885682246172055	93	98	0.9489795918367347	0.3870967741935484	0.4489795918367347	0.061882817643186316	False
U_ENSG00000252198.1	ENSG00000252198.1	misc_RNA	chr12	71194271	71194420	+	1	0.080532	0	149	False	False	False	100.0	0.33557046979865773	0.6410256410256411	0.46308724832214765	0.8113239089141088	0.5426707338927804	0.09697770334059003	149	149	1.0	0.5302013422818792	0.48322147651006714	0.04697986577181207	False
U_ENSG00000199082.1	ENSG00000199082.1	miRNA	chr12	108624874	108624973	+	1	0.0	95	99	True	True	False	182.0	0.9191919191919192	0.9787234042553191	0.8888888888888888	0.9537155233796274	0.9026745972782375	0.05772300254584062	99	99	1.0	0.494949494949495	0.5151515151515151	0.020202020202020166	False
U_ENSG00000198984.1	ENSG00000198984.1	miRNA	chr12	108802892	108802990	+	1	0.0	92	98	True	True	False	135.0	0.6887755102040817	0.8404255319148937	0.7653061224489796	0.9100954947277837	0.7174101401900397	0.07142477556985061	98	98	1.0	0.6020408163265306	0.6122448979591837	0.010204081632653073	False
U_ENSG00000211574.1	ENSG00000211574.1	miRNA	chr12	109530118	109530216	+	1	0.055781	98	98	True	True	True	145.0	0.7397959183673469	0.8421052631578947	0.7857142857142857	0.8288548506053957	0.6852502265287502	0.08501248712613732	98	98	1.0	0.6530612244897959	0.673469387755102	0.020408163265306145	False
U_ENSG00000199151.3	ENSG00000199151.3	miRNA	chr12	109552224	109552317	+	1	0.0	93	93	True	True	True	151.0	0.8118279569892473	0.9010989010989011	0.8494623655913979	0.8896473187536114	0.758756972902415	0.06874516652539955	93	93	1.0	0.4838709677419355	0.5268817204301075	0.043010752688172005	False
U_ENSG00000207569.2	ENSG00000207569.2	miRNA	chr12	109558147	109558240	+	1	0.0	93	93	True	True	True	178.0	0.956989247311828	1.0	0.9139784946236559	0.9831573706092254	0.9680309774869273	0.026624888508512808	93	93	1.0	0.5376344086021505	0.5268817204301075	0.010752688172043001	False
U_ENSG00000207608.3	ENSG00000207608.3	miRNA	chr12	109559262	109559359	+	1	0.0	97	97	True	True	True	185.0	0.9536082474226805	0.9893617021276596	0.9278350515463918	0.9841059910096508	0.9674179220468453	0.036084391824351615	97	97	1.0	0.5257731958762887	0.5360824742268041	0.010309278350515427	False
U_ENSG00000272458.1	ENSG00000272458.1	miRNA	chr12	109561424	109561518	+	1	0.070691	94	94	True	True	True	133.0	0.7074468085106383	0.8152173913043478	0.7765957446808511	0.8857181415673067	0.741297024342481	0.07132526430871829	94	94	1.0	0.5212765957446809	0.5531914893617021	0.03191489361702127	False
U_ENSG00000276225.1	ENSG00000276225.1	misc_RNA	chr12	109570313	109570407	+	1	0.100265	94	94	True	True	True	117.0	0.6223404255319149	0.8068181818181818	0.7216494845360825	0.8602567830871712	0.5771304016051305	0.09022412068192694	97	94	0.9690721649484536	0.4948453608247423	0.5	0.005154639175257714	False
U_ENSG00000199109.4	ENSG00000199109.4	miRNA	chr12	109676605	109676701	+	1	0.0	82	96	True	True	False	186.0	0.96875	1.0	0.9375	0.9830861499497814	0.9754426047765858	0.029772917102591473	96	96	1.0	0.46875	0.46875	0.0	False
U_ENSG00000207587.1	ENSG00000207587.1	miRNA	chr12	109695746	109695837	+	1	0.0	78	91	True	True	False	156.0	0.8571428571428571	0.9310344827586207	0.8461538461538461	0.9031945414123314	0.7903718467733489	0.07027283689263064	91	91	1.0	0.3626373626373626	0.4175824175824176	0.05494505494505497	False
U_ENSG00000207646.1	ENSG00000207646.1	miRNA	chr12	109696623	109696718	+	1	0.204169	95	95	True	True	True	86.0	0.45263157894736844	0.6631578947368421	0.6082474226804124	0.7928538552226284	0.5493703305977613	0.10769589147801975	97	95	0.979381443298969	0.35051546391752575	0.37894736842105264	0.028431904503526895	False
U_ENSG00000199012.2	ENSG00000199012.2	miRNA	chr12	109709718	109709809	+	1	0.0	80	91	True	True	False	157.0	0.8626373626373627	0.9230769230769231	0.9120879120879121	0.9363757669836696	0.8291317080016751	0.03513641844631533	91	91	1.0	0.5274725274725275	0.5494505494505495	0.02197802197802201	False
U_ENSG00000266240.1	ENSG00000266240.1	miRNA	chr5	42001788	42001882	+	2	0.204758	36	94	True	False	False	35.0	0.1881720430107527	0.524390243902439	0.5106382978723405	0.5964161573938377	0.30620354538351274	0.17728387048444122	93	94	0.9893617021276596	0.6344086021505376	0.6914893617021277	0.05708075955159009	False
U_ENSG00000207697.1	ENSG00000207697.1	miRNA	chr5	52303510	52303609	-	2	0.160488	0	99	False	False	False	43.0	0.21717171717171718	0.625	0.505050505050505	0.7374590711427546	0.44034755759456745	0.13916511935699855	99	99	1.0	0.43434343434343436	0.47474747474747475	0.04040404040404039	False
U_ENSG00000207944.1	ENSG00000207944.1	miRNA	chr5	65127642	65127738	+	2	0.0	78	96	True	True	False	170.0	0.8854166666666666	0.9560439560439561	0.875	0.9736060713371656	0.9347679712578041	0.05765500605317539	96	96	1.0	0.65625	0.6666666666666666	0.01041666666666663	False
U_ENSG00000202358.1	ENSG00000202358.1	snRNA	chr5	76703390	76703500	+	2	0.526823	92	110	True	True	False	38.0	0.17757009345794392	0.7222222222222222	0.44545454545454544	0.7442264762404138	0.46242002044575714	0.14149066695948234	107	110	0.9727272727272728	0.3644859813084112	0.23636363636363636	0.12812234494477484	False
U_ENSG00000201644.2	ENSG00000201644.2	misc_RNA	chr5	92221212	92221302	-	2	0.398782	90	90	True	True	True	28.0	0.15555555555555556	0.5238095238095238	0.44680851063829785	0.6809324815163821	0.3591638357540393	0.14386953352194864	94	90	0.9574468085106383	0.3617021276595745	0.3111111111111111	0.050591016548463374	False
U_ENSG00000201649.1	ENSG00000201649.1	misc_RNA	chr1	57880174	57880266	+	3	0.480262	0	92	False	False	False	31.0	0.16847826086956522	0.6046511627906976	0.49473684210526314	0.641759791717345	0.30651899288128165	0.13659664346204783	95	92	0.968421052631579	0.4	0.41304347826086957	0.013043478260869545	False
U_ENSG00000271852.1	ENSG00000271852.1	snoRNA	chr1	59743408	59743498	+	3	0.0	81	90	True	True	False	125.0	0.6944444444444444	0.8522727272727273	0.7666666666666666	0.9062557250562153	0.7591707956743213	0.05270130067217336	90	90	1.0	0.36666666666666664	0.36666666666666664	0.0	False
U_ENSG00000275458.1	ENSG00000275458.1	miRNA	chr1	74036256	74036373	-	3	0.122108	117	117	True	True	True	61.0	0.2629310344827586	0.5847457627118644	0.5384615384615384	0.8490313456430256	0.6306318791489157	0.10417967115885068	116	117	0.9914529914529915	0.5517241379310345	0.5555555555555556	0.003831417624521105	False
U_ENSG00000207626.1	ENSG00000207626.1	miRNA	chr1	86816589	86816684	+	3	0.0	0	95	False	False	False	84.0	0.4421052631578947	0.6842105263157895	0.631578947368421	0.8506885978507684	0.5827165467480651	0.10314212462587934	95	95	1.0	0.37894736842105264	0.43157894736842106	0.05263157894736842	False
U_ENSG00000222849.1	ENSG00000222849.1	rRNA_pseudogene	chr3	152045694	152045795	-	4	0.449343	0	101	False	False	False	23.0	0.11979166666666667	0.6333333333333333	0.4554455445544554	0.6176514758844963	0.28583997764614794	0.17399334530529123	96	101	0.9504950495049505	0.6041666666666666	0.504950495049505	0.09921617161716167	False
U_ENSG00000278587.1	ENSG00000278587.1	misc_RNA	chr12	51320263	51320421	+	1	0.369857	0	158	False	False	False	204.0	0.6455696202531646	0.7986577181208053	0.7278481012658228	0.8359975877710429	0.5891002557524134	0.08917197452229299	158	158	1.0	0.4177215189873418	0.4240506329113924	0.006329113924050611	False
U_ENSG00000201654.1	ENSG00000201654.1	snRNA	chr12	52650566	52650673	+	1	0.0	103	107	True	True	False	206.0	0.9626168224299065	1.0	0.9252336448598131	0.980686455715286	0.9683759683764526	0.03529865459220699	107	107	1.0	0.4672897196261682	0.4766355140186916	0.009345794392523366	False
U_ENSG00000202337.1	ENSG00000202337.1	snRNA	chr12	52651271	52651378	-	1	0.0	107	107	True	True	True	206.0	0.9626168224299065	1.0	0.9252336448598131	0.980686455715286	0.9683759683764526	0.03529865459220699	107	107	1.0	0.4672897196261682	0.4766355140186916	0.009345794392523366	False
U_ENSG00000201431.1	ENSG00000201431.1	snRNA	chr12	57776481	57776588	-	1	0.520034	0	107	False	False	False	34.0	0.1588785046728972	0.5061728395061729	0.4112149532710281	0.5999925759855019	0.314908434816193	0.18962029473813	107	107	1.0	0.4205607476635514	0.5420560747663551	0.1214953271028037	False
U_ENSG00000252400.1	ENSG00000252400.1	snRNA	chr12	70746237	70746337	+	1	0.195263	0	100	False	False	False	71.0	0.355	0.6805555555555556	0.5576923076923077	0.7822169172379907	0.5353551291647486	0.10663628735328769	104	100	0.9615384615384616	0.41346153846153844	0.49	0.07653846153846156	False
U_ENSG00000200860.1	ENSG00000200860.1	misc_RNA	chr12	77944593	77944700	-	1	0.358147	0	107	False	False	False	30.0	0.14018691588785046	0.5	0.47706422018348627	0.45610906218056235	0.22962143668696436	0.2206400048022594	109	107	0.981651376146789	0.3944954128440367	0.42990654205607476	0.03541112921203804	False
U_ENSG00000252783.1	ENSG00000252783.1	snRNA	chr12	98228639	98228744	-	1	0.492693	0	105	False	False	False	30.0	0.14423076923076922	0.4942528735632184	0.419047619047619	0.7179210391214368	0.39031872779547716	0.13116746030213844	104	105	0.9904761904761905	0.40384615384615385	0.34285714285714286	0.060989010989010994	False
U_ENSG00000276919.1	ENSG00000276919.1	misc_RNA	chr12	109510221	109510326	+	1	0.088744	105	105	True	True	True	135.0	0.6428571428571429	0.7961165048543689	0.7523809523809524	0.7894221720946839	0.5852927195579726	0.10793242461847909	105	105	1.0	0.6	0.6476190476190476	0.04761904761904767	False
U_ENSG00000283556.1	ENSG00000283556.1	miRNA	chr12	109689877	109689977	+	1	0.0	82	100	True	True	False	173.0	0.865	0.9278350515463918	0.87	0.9298956298171002	0.8073282343980361	0.05532551085910769	100	100	1.0	0.35	0.37	0.020000000000000018	False
U_ENSG00000207961.3	ENSG00000207961.3	miRNA	chr12	109705538	109705640	+	1	0.0	102	102	True	True	True	165.0	0.8088235294117647	0.90625	0.8235294117647058	0.8966607796206189	0.7449806873439602	0.06715178201114126	102	102	1.0	0.4215686274509804	0.4019607843137255	0.019607843137254888	False
U_ENSG00000207481.1	ENSG00000207481.1	misc_RNA	chr5	66860578	66860679	-	2	0.594114	0	101	False	False	False	32.0	0.15841584158415842	0.5584415584415584	0.4455445544554455	0.434431145545616	0.1750546561878924	0.2345207879911715	101	101	1.0	0.44554455445544555	0.297029702970297	0.14851485148514854	False
U_ENSG00000200269.1	ENSG00000200269.1	snRNA	chr5	72882835	72882943	-	2	0.456814	0	108	False	False	False	25.0	0.11574074074074074	0.5230769230769231	0.43518518518518523	0.5815412144027968	0.2934342174147279	0.1783063927882141	108	108	1.0	0.3611111111111111	0.4722222222222222	0.1111111111111111	False
U_ENSG00000251703.1	ENSG00000251703.1	snRNA	chr5	77472886	77472985	+	2	0.197654	0	99	False	False	False	26.0	0.13131313131313133	0.52	0.4455445544554455	0.5922966680407765	0.23911310122075974	0.18039246399509712	101	99	0.9801980198019802	0.38613861386138615	0.5353535353535354	0.1492149214921492	False
U_ENSG00000252762.1	ENSG00000252762.1	snoRNA	chr5	99803564	99803691	+	2	0.11805	127	127	True	True	True	128.0	0.5039370078740157	0.7049180327868853	0.6535433070866141	0.8315370562198993	0.5228763233506256	0.08837721210841304	127	127	1.0	0.4015748031496063	0.4645669291338583	0.06299212598425197	False
U_ENSG00000222317.1	ENSG00000222317.1	rRNA_pseudogene	chr1	66469131	66469239	-	3	0.553413	0	108	False	False	False	41.0	0.18981481481481483	0.5408163265306123	0.47706422018348627	0.7757412511529548	0.5065300539919481	0.12382412578304942	109	108	0.9908256880733946	0.3853211009174312	0.26851851851851855	0.11680258239891267	False
U_ENSG00000207303.1	ENSG00000207303.1	misc_RNA	chr1	72554274	72554376	+	3	0.515546	0	102	False	False	False	32.0	0.1568627450980392	0.5584415584415584	0.4509803921568627	0.5414930486960569	0.2936532633881005	0.20909615922715719	102	102	1.0	0.43137254901960786	0.5098039215686274	0.07843137254901955	False
U_ENSG00000284407.1	ENSG00000284407.1	miRNA	chr1	87141470	87141573	-	3	0.164031	85	103	True	True	False	40.0	0.2	0.5257731958762887	0.49514563106796117	0.7358236637186915	0.399546328787783	0.13127481340039038	100	103	0.970873786407767	0.69	0.6407766990291263	0.049223300970873685	False
U_ENSG00000207049.1	ENSG00000207049.1	misc_RNA	chr1	89844867	89844965	-	3	0.561078	0	98	False	False	False	19.0	0.09693877551020408	0.5588235294117647	0.4117647058823529	0.5375872022286244	0.18798238799026107	0.18417500166348208	102	98	0.9607843137254902	0.4117647058823529	0.45918367346938777	0.047418967587034844	False
U_ENSG00000202263.1	ENSG00000202263.1	rRNA_pseudogene	chr3	151833822	151833927	+	4	0.348047	31	105	True	False	False	36.0	0.17142857142857143	0.5737704918032787	0.4954128440366973	0.7552286874651745	0.3478327964999673	0.09555182434227455	109	105	0.963302752293578	0.45871559633027525	0.4095238095238095	0.04919178680646574	False
U_ENSG00000284202.1	ENSG00000284202.1	miRNA	chr3	118227487	118227589	+	4	0.0	102	102	True	True	True	193.0	0.946078431372549	0.9897959183673469	0.9117647058823529	0.9759114846165361	0.9472143603756578	0.03130967980364732	102	102	1.0	0.49019607843137253	0.49019607843137253	0.0	False
U_ENSG00000207440.1	ENSG00000207440.1	snRNA	chr12	51831809	51831914	+	1	0.092285	0	105	False	False	False	37.0	0.1761904761904762	0.5375	0.44545454545454544	0.7187025849477072	0.45159042317884135	0.14093828844662046	110	105	0.9545454545454546	0.38181818181818183	0.45714285714285713	0.0753246753246753	False
U_ENSG00000278038.1	ENSG00000278038.1	miRNA	chr12	69489098	69489215	+	1	0.082945	0	117	False	False	False	49.0	0.2168141592920354	0.5625	0.49572649572649574	0.7432223443645536	0.49750184109865536	0.11668597358241799	113	117	0.9658119658119658	0.5221238938053098	0.49572649572649574	0.026397398078814027	False
U_ENSG00000199454.1	ENSG00000199454.1	rRNA_pseudogene	chr12	88697086	88697207	-	1	0.270089	0	121	False	False	False	47.0	0.19747899159663865	0.5309734513274337	0.5041322314049587	0.7296969167103786	0.46051880848090204	0.09841643313989445	119	121	0.9834710743801653	0.48739495798319327	0.4049586776859504	0.08243628029724287	False
U_ENSG00000208001.1	ENSG00000208001.1	miRNA	chr12	109556868	109556982	+	1	0.0	114	114	True	True	True	206.0	0.9035087719298246	0.963302752293578	0.8771929824561404	0.957986951599584	0.9250115627168013	0.03957642438052725	114	114	1.0	0.5877192982456141	0.5964912280701754	0.00877192982456132	False
U_ENSG00000207568.1	ENSG00000207568.1	miRNA	chr12	112097297	112097407	+	1	0.0	76	110	True	True	False	170.0	0.7727272727272727	0.8679245283018868	0.8454545454545455	0.9136498769008702	0.8116406195350048	0.05189774540818697	110	110	1.0	0.5727272727272728	0.5636363636363636	0.00909090909090915	False
U_ENSG00000207732.1	ENSG00000207732.1	miRNA	chr5	48381281	48381391	+	2	0.0	108	110	True	True	False	207.0	0.9409090909090909	0.9722222222222222	0.9363636363636364	0.9665494296151861	0.9091961137556083	0.04102877022935394	110	110	1.0	0.44545454545454544	0.44545454545454544	0.0	False
U_ENSG00000252890.1	ENSG00000252890.1	snRNA	chr5	85684341	85684451	+	2	0.0	0	110	False	False	False	120.0	0.5454545454545454	0.7090909090909091	0.6909090909090909	0.7971047977587565	0.5137837996087022	0.09174311926605504	110	110	1.0	0.35454545454545455	0.41818181818181815	0.0636363636363636	False
U_ENSG00000212283.1	ENSG00000212283.1	snoRNA	chr1	39587825	39587939	-	3	0.0	110	114	True	True	False	175.0	0.7675438596491229	0.8849557522123894	0.8421052631578947	0.9008605602183579	0.7772353696034345	0.05309734513274337	114	114	1.0	0.47368421052631576	0.5087719298245614	0.03508771929824567	False
U_ENSG00000284247.1	ENSG00000284247.1	miRNA	chr3	118228367	118228477	+	4	0.0	108	110	True	True	False	177.0	0.8045454545454546	0.8796296296296297	0.8454545454545455	0.9082951062292475	0.6991123852443633	0.04677999553754849	110	110	1.0	0.5454545454545454	0.5272727272727272	0.018181818181818188	False
U_ENSG00000251858.1	ENSG00000251858.1	snoRNA	chr12	61562148	61562275	+	1	0.405531	0	127	False	False	False	56.0	0.2204724409448819	0.5462184873949579	0.5503875968992248	0.6832596672379292	0.43913436440155806	0.12523905260242493	129	127	0.9844961240310077	0.40310077519379844	0.30708661417322836	0.09601416102057009	False
U_ENSG00000275134.1	ENSG00000275134.1	misc_RNA	chr12	109573824	109573946	+	1	0.105982	83	122	True	True	False	46.0	0.1885245901639344	0.5339805825242718	0.4590163934426229	0.7968028369203222	0.42363261856320283	0.10121858441252803	122	122	1.0	0.5819672131147541	0.5491803278688525	0.032786885245901565	False
U_ENSG00000272533.1	ENSG00000272533.1	snoRNA	chr12	111507374	111507500	+	1	0.0	126	126	True	True	True	225.0	0.8928571428571429	0.944	0.9285714285714286	0.9603777644502451	0.8742732647728618	0.032	126	126	1.0	0.4126984126984127	0.42857142857142855	0.015873015873015872	False
U_ENSG00000273778.1	ENSG00000273778.1	miRNA	chr12	112879001	112879085	-	1	0.196932	0	84	False	False	False	53.0	0.31547619047619047	0.6527777777777778	0.5862068965517242	0.7528627790492693	0.506285646967358	0.12380347831279014	87	84	0.9655172413793104	0.7701149425287356	0.6428571428571429	0.12725779967159268	False
U_ENSG00000202449.1	ENSG00000202449.1	snoRNA	chr5	43073594	43073712	+	2	0.233363	0	118	False	False	False	34.0	0.1440677966101695	0.5555555555555556	0.4796747967479674	0.6453275789215269	0.39080878126885	0.1347454057236976	123	118	0.959349593495935	0.3333333333333333	0.3813559322033898	0.0480225988700565	False
U_ENSG00000212588.1	ENSG00000212588.1	snoRNA	chr5	74254187	74254309	+	2	0.0	122	122	True	True	True	198.0	0.8114754098360656	0.9008264462809917	0.860655737704918	0.9222303694497297	0.8253337949531362	0.04214065713713045	122	122	1.0	0.45901639344262296	0.45901639344262296	0.0	False
U_ENSG00000207319.1	ENSG00000207319.1	misc_RNA	chr1	63704633	63704758	-	3	0.537062	0	125	False	False	False	36.0	0.1487603305785124	0.5308641975308642	0.44799999999999995	0.7053502586245872	0.35618110572570977	0.12644356641797075	121	125	0.968	0.371900826446281	0.416	0.04409917355371901	False
U_ENSG00000201574.1	ENSG00000201574.1	snRNA	chr1	86043234	86043403	+	3	0.521642	0	169	False	False	False	60.0	0.17751479289940827	0.52046783625731	0.49112426035502954	0.7405238868744226	0.4848874638176815	0.13122266479195596	169	169	1.0	0.44970414201183434	0.3431952662721893	0.10650887573964501	False
U_ENSG00000277986.1	ENSG00000277986.1	snRNA	chr1	86456975	86457093	+	3	0.322886	0	118	False	False	False	35.0	0.1483050847457627	0.5394736842105263	0.4227642276422764	0.6465044932581073	0.33782702818040805	0.177843751391255	123	118	0.959349593495935	0.44715447154471544	0.423728813559322	0.023425657985393422	False
U_ENSG00000277468.1	ENSG00000277468.1	misc_RNA	chr12	105136826	105136963	+	1	0.191821	0	137	False	False	False	86.0	0.31386861313868614	0.6220472440944882	0.5401459854014599	0.7887881321785842	0.5795667694978055	0.10955635607170103	137	137	1.0	0.49635036496350365	0.48905109489051096	0.007299270072992692	False
U_ENSG00000283857.1	ENSG00000283857.1	miRNA	chr12	110244457	110244593	-	1	0.0	136	136	True	True	True	241.0	0.8860294117647058	0.9465648854961832	0.8897058823529411	0.9670085645454206	0.907190257554699	0.03919631571947541	136	136	1.0	0.7426470588235294	0.7426470588235294	0.0	False
U_ENSG00000296054.1	ENSG00000296054.1	lncRNA	chr1	42733778	42733916	+	3	0.060503	138	138	True	True	True	131.0	0.4746376811594203	0.6808510638297872	0.6231884057971014	0.8654420991870577	0.6384796863916588	0.06769064595252339	138	138	1.0	0.572463768115942	0.572463768115942	0.0	False
U_ENSG00000207406.1	ENSG00000207406.1	snoRNA	chr1	63218161	63218293	+	3	0.0	131	132	True	True	True	198.0	0.75	0.8518518518518519	0.8409090909090909	0.8779185149483221	0.7686541062150651	0.06741802188036523	132	132	1.0	0.42424242424242425	0.4393939393939394	0.015151515151515138	False
U_ENSG00000212391.1	ENSG00000212391.1	snoRNA	chr1	82393905	82394038	-	3	0.415396	0	133	False	False	False	43.0	0.16165413533834586	0.5137614678899083	0.4701492537313433	0.6956759703032152	0.4126994737275216	0.13529408389753256	134	133	0.9925373134328358	0.5074626865671642	0.41353383458646614	0.09392885198069806	False
U_ENSG00000206885.1	ENSG00000206885.1	snoRNA	chr1	86278890	86279026	-	3	0.023001	136	136	True	True	True	215.0	0.7904411764705882	0.8740740740740741	0.8467153284671532	0.9379941114547843	0.7690066183325741	0.045957171368995554	137	136	0.9927007299270073	0.38686131386861317	0.3897058823529412	0.002844568484328014	False
U_ENSG00000199959.1	ENSG00000199959.1	snoRNA	chr3	146408904	146409041	-	4	0.495006	0	137	False	False	False	41.0	0.14963503649635038	0.5625	0.45985401459854014	0.7111059286709996	0.45792651285601554	0.12820291010413745	137	137	1.0	0.3722627737226277	0.30656934306569344	0.06569343065693428	False
U_ENSG00000199318.1	ENSG00000199318.1	rRNA_pseudogene	chr3	143792247	143792382	+	4	0.308955	0	135	False	False	False	53.0	0.19776119402985073	0.5882352941176471	0.4222222222222223	0.7317545778613995	0.40549327177778366	0.09257403989691171	134	135	0.9925925925925926	0.4701492537313433	0.4888888888888889	0.018739635157545564	False
U_ENSG00000221303.1	ENSG00000221303.1	snoRNA	chr12	91540204	91540347	-	1	0.0	142	143	True	True	True	210.0	0.75	0.8450704225352113	0.8321678321678322	0.9009411535364859	0.7319494255615185	0.043485862203301	140	143	0.9790209790209791	0.34285714285714286	0.35664335664335667	0.013786213786213808	False
U_ENSG00000266515.1	ENSG00000266515.1	miRNA	chr5	103523560	103523626	-	2	0.504364	0	66	False	False	False	20.0	0.15151515151515152	0.4838709677419355	0.49295774647887325	0.3787396316855044	0.10829972051127192	0.21000802165230312	71	66	0.9295774647887324	0.5070422535211268	0.3181818181818182	0.18886043533930857	False
U_ENSG00000252765.1	ENSG00000252765.1	scaRNA	chr3	115592085	115592273	-	4	0.258005	0	188	False	False	False	59.0	0.15775401069518716	0.5149700598802395	0.46808510638297873	0.7378685550529065	0.4452409111194792	0.11908230029933396	187	188	0.9946808510638298	0.46524064171123	0.3723404255319149	0.0929002161793151	False
U_ENSG00000221628.1	ENSG00000221628.1	miRNA	chr1	64274717	64274867	-	3	0.333299	0	150	False	False	False	147.0	0.49	0.7013888888888888	0.64	0.8831432980791312	0.6677452612985194	0.07038985558188936	150	150	1.0	0.2866666666666667	0.30666666666666664	0.019999999999999962	False
U_ENSG00000278004.1	ENSG00000278004.1	misc_RNA	chr1	73431400	73431554	+	3	0.133311	154	154	True	True	True	204.0	0.6623376623376623	0.7866666666666666	0.7532467532467533	0.8392407005967353	0.6340116734433306	0.07452126961432275	154	154	1.0	0.461038961038961	0.4805194805194805	0.019480519480519487	False
U_ENSG00000277826.1	ENSG00000277826.1	misc_RNA	chr12	103094442	103094602	+	1	0.0	155	160	True	True	False	249.0	0.778125	0.8866666666666667	0.79375	0.9027658940192768	0.7509657682972114	0.04871677165040777	160	160	1.0	0.4875	0.53125	0.04375000000000001	False
U_ENSG00000273515.1	ENSG00000273515.1	misc_RNA	chr1	41843892	41844079	-	3	0.108883	0	187	False	False	False	106.0	0.28342245989304815	0.6022727272727273	0.5133689839572193	0.8652013624462966	0.6344105769813099	0.07292827938844375	187	187	1.0	0.32085561497326204	0.36363636363636365	0.04278074866310161	False
U_ENSG00000283296.1	ENSG00000283296.1	miRNA	chr3	104904982	104905045	+	4	0.134916	0	63	False	False	False	51.0	0.40476190476190477	0.6557377049180327	0.578125	0.5733333333333333	0.38454573525291774	0.15864259349049395	64	63	0.984375	0.421875	0.47619047619047616	0.054315476190476164	False
U_ENSG00000274321.1	ENSG00000274321.1	misc_RNA	chr3	142741235	142741402	-	4	0.052434	0	167	False	False	False	237.0	0.7095808383233533	0.8187134502923976	0.7953216374269005	0.8760673111624898	0.6902218064991946	0.07194446803905369	171	167	0.9766081871345029	0.4269005847953216	0.46107784431137727	0.03417725951605566	False
U_ENSG00000277502.1	ENSG00000277502.1	misc_RNA	chr1	63217135	63217317	+	3	0.0	182	182	True	True	True	263.0	0.7225274725274725	0.8296703296703297	0.7912087912087912	0.9057843530063665	0.7482424904921013	0.05579836982520485	182	182	1.0	0.532967032967033	0.5439560439560439	0.01098901098901095	False
U_ENSG00000299113.1	ENSG00000299113.1	lncRNA	chr3	145357858	145357982	+	4	0.030208	124	124	True	True	True	122.0	0.5	0.797979797979798	0.5806451612903225	0.8530294788232189	0.5625686771261945	0.08369389997422724	122	124	0.9838709677419355	0.4426229508196721	0.49193548387096775	0.049312533051295626	False
U_ENSG00000238705.1	ENSG00000238705.1	miRNA	chr4	133593216	133593268	-	5	0.147885	0	52	False	False	False	50.0	0.4807692307692308	0.8048780487804879	0.6346153846153846	0.6557892373388906	0.36226673028138096	0.10375495337508199	52	52	1.0	0.6153846153846154	0.6153846153846154	0.0	False
U_ENSG00000278073.1	ENSG00000278073.1	miRNA	chr4	155987537	155987598	+	5	0.230938	3	61	True	False	False	36.0	0.29508196721311475	0.5714285714285714	0.540983606557377	0.5329390612671954	0.26111648393354675	0.18856180831641264	61	61	1.0	0.7049180327868853	0.5245901639344263	0.180327868852459	False
U_ENSG00000264014.1	ENSG00000264014.1	miRNA	chr4	136423288	136423351	+	5	0.244255	42	63	True	True	False	72.0	0.5714285714285714	0.8113207547169812	0.5147058823529411	0.731310340973526	0.5635445125120264	0.1292220989371064	68	63	0.9264705882352942	0.6470588235294118	0.5714285714285714	0.0756302521008404	False
U_ENSG00000201900.1	ENSG00000201900.1	misc_RNA	chr3	102956287	102956392	-	4	0.513922	0	105	False	False	False	26.0	0.12380952380952381	0.6363636363636364	0.4380952380952381	0.5071549345127488	0.22669117514559073	0.21884243609117388	105	105	1.0	0.45714285714285713	0.3142857142857143	0.14285714285714285	False
U_ENSG00000275161.1	ENSG00000275161.1	misc_RNA	chr12	109498368	109498569	+	1	0.030242	201	201	True	True	True	260.0	0.6467661691542289	0.7846153846153846	0.75	0.9033713158902786	0.7110148799768874	0.044632009893319585	204	201	0.9852941176470589	0.5147058823529411	0.5422885572139303	0.027582674860989198	False
U_ENSG00000266564.1	ENSG00000266564.1	miRNA	chr4	136903213	136903271	-	5	0.09774	0	58	False	False	False	33.0	0.28448275862068967	0.5967741935483871	0.5161290322580645	0.6775115165151518	0.2661641852202807	0.1055472356096578	62	58	0.9354838709677419	0.532258064516129	0.5517241379310345	0.01946607341490547	False
U_ENSG00000264419.1	ENSG00000264419.1	miRNA	chr3	101383844	101383932	+	4	0.203833	0	88	False	False	False	31.0	0.17613636363636365	0.5352112676056338	0.43181818181818177	0.5569920878705668	0.2992250252045814	0.18174009541197583	88	88	1.0	0.32954545454545453	0.36363636363636365	0.034090909090909116	False
U_ENSG00000278034.1	ENSG00000278034.1	miRNA	chr4	134890477	134890544	+	5	0.056641	3	67	True	False	False	53.0	0.39552238805970147	0.65	0.5694444444444444	0.7025816865055983	0.4250131159402673	0.11798620383464004	72	67	0.9305555555555556	0.5972222222222222	0.5970149253731343	0.00020729684908793455	False
U_ENSG00000283724.1	ENSG00000283724.1	miRNA	chr4	125016184	125016244	-	5	0.21845	60	60	True	True	True	46.0	0.38333333333333336	0.7333333333333333	0.6166666666666667	0.5590617856088941	0.3506493506493506	0.21837455469025635	60	60	1.0	0.6666666666666666	0.55	0.11666666666666659	False
U_ENSG00000200175.1	ENSG00000200175.1	snRNA	chr3	95402125	95402233	+	4	0.554691	0	108	False	False	False	40.0	0.18518518518518517	0.5862068965517241	0.4814814814814815	0.7591463494637694	0.4015662448430949	0.1239859734712299	108	108	1.0	0.37962962962962965	0.2777777777777778	0.10185185185185186	False
U_ENSG00000277817.1	ENSG00000277817.1	miRNA	chr3	88551034	88551098	+	4	0.086297	2	64	True	False	False	46.0	0.359375	0.6721311475409836	0.59375	0.6180232466090966	0.29814769745059777	0.12088528739466521	64	64	1.0	0.546875	0.5	0.046875	False
U_ENSG00000276869.1	ENSG00000276869.1	miRNA	chr4	147947404	147947469	-	5	0.215045	2	65	True	False	False	40.0	0.3076923076923077	0.5757575757575758	0.5538461538461539	0.7071859904534457	0.40847214763398015	0.13975424859373686	65	65	1.0	0.7538461538461538	0.6153846153846154	0.1384615384615384	False
U_ENSG00000272982.1	ENSG00000272982.1	lncRNA	chr3	106413909	106414027	+	4	0.134595	0	118	False	False	False	88.0	0.3728813559322034	0.6347826086956522	0.5593220338983051	0.8130960600827419	0.5406946135387176	0.09669836323918599	118	118	1.0	0.2966101694915254	0.2796610169491525	0.01694915254237289	False
U_ENSG00000283712.1	ENSG00000283712.1	miRNA	chr4	155972444	155972507	+	5	0.27344	63	63	True	True	True	26.0	0.20634920634920634	0.5	0.5076923076923077	0.6068660849090084	0.3583790144112817	0.18169646338382997	65	63	0.9692307692307692	0.7230769230769231	0.5396825396825397	0.1833943833943834	False
U_ENSG00000238761.1	ENSG00000238761.1	snoRNA	chr3	104984579	104984683	-	4	0.555534	0	104	False	False	False	28.0	0.1346153846153846	0.5072463768115942	0.4423076923076923	0.5996740528046185	0.3004588505765066	0.18624588440049394	104	104	1.0	0.41346153846153844	0.5096153846153846	0.09615384615384615	False
U_ENSG00000274975.1	ENSG00000274975.1	miRNA	chr4	118221912	118221985	-	5	0.175995	73	73	True	True	True	66.0	0.4520547945205479	0.6944444444444444	0.6438356164383562	0.7110765086229732	0.5339390499775317	0.1767766952966369	73	73	1.0	0.6301369863013698	0.684931506849315	0.0547945205479452	False
U_ENSG00000276830.1	ENSG00000276830.1	miRNA	chr4	144646342	144646410	+	5	0.086196	0	68	False	False	False	60.0	0.44776119402985076	0.7333333333333333	0.6617647058823529	0.8132699753114662	0.44888898928160753	0.1080282096661363	67	68	0.9852941176470589	0.6119402985074627	0.5588235294117647	0.05311676909569796	False
U_ENSG00000265606.1	ENSG00000265606.1	miRNA	chr4	139364422	139364496	+	5	0.13705	0	74	False	False	False	56.0	0.3783783783783784	0.6623376623376623	0.6081081081081081	0.7964348753277307	0.5448878392802831	0.14103602932858902	74	74	1.0	0.7027027027027027	0.6081081081081081	0.09459459459459463	False
U_ENSG00000274940.1	ENSG00000274940.1	miRNA	chr3	90362569	90362658	+	4	0.1967	4	89	True	False	False	30.0	0.16853932584269662	0.5061728395061729	0.4719101123595506	0.6877828054298641	0.33858521180372586	0.12654009915522776	89	89	1.0	0.6404494382022472	0.5393258426966292	0.101123595505618	False
U_ENSG00000252595.1	ENSG00000252595.1	misc_RNA	chr5	68188404	68188627	+	2	0.186327	0	223	False	False	False	194.0	0.4349775784753363	0.6605504587155964	0.6322869955156951	0.7361471064549382	0.5219574763091566	0.14357997703161465	223	223	1.0	0.3721973094170404	0.5112107623318386	0.13901345291479822	False
U_ENSG00000284372.1	ENSG00000284372.1	miRNA	chr4	155939665	155939719	+	5	0.147869	0	54	False	False	False	32.0	0.2962962962962963	0.5714285714285714	0.6101694915254237	0.7044284227611755	0.44426165831931924	0.12607142027987117	59	54	0.9152542372881356	0.6949152542372882	0.6111111111111112	0.08380414312617701	False
U_ENSG00000283880.1	ENSG00000283880.1	miRNA	chr2	74593497	74593551	+	6	0.0	54	54	True	True	True	93.0	0.8611111111111112	0.9074074074074074	0.847457627118644	0.8431256256308035	0.7115993439946572	0.06969513755897383	59	54	0.9152542372881356	0.7457627118644068	0.7407407407407407	0.005021971123666091	False
U_ENSG00000273338.2	ENSG00000273338.2	lncRNA	chr3	151899767	151899992	+	4	0.113384	0	225	False	False	False	202.0	0.4488888888888889	0.6591928251121076	0.6355555555555555	0.9184024609807581	0.7433493029721484	0.06376275382627544	225	225	1.0	0.28888888888888886	0.3022222222222222	0.013333333333333364	False
U_ENSG00000200536.1	ENSG00000200536.1	snoRNA	chr3	107294419	107294539	-	4	0.223562	0	120	False	False	False	64.0	0.26666666666666666	0.5862068965517241	0.5	0.7700971565168093	0.4432691472373769	0.07077597015348654	124	120	0.967741935483871	0.3790322580645161	0.4083333333333333	0.0293010752688172	False
U_ENSG00000304275.1	ENSG00000304275.1	lncRNA	chr3	144370468	144370688	-	4	0.034889	0	220	False	False	False	342.0	0.7772727272727272	0.8785046728971962	0.8190045248868778	0.9432886791986864	0.8212657422264968	0.042269960954122165	221	220	0.995475113122172	0.38009049773755654	0.40454545454545454	0.024454956807898	False
U_tRNA-iMet-CAT-1-1	tRNA-iMet-CAT-1-1	tRNA	chr3	90383170	90383242	-	4	0.0	68	72	True	True	False	136.0	0.9444444444444444	1.0	0.8888888888888888	0.9703969934240091	0.9535528383634794	0.0398370017569886	72	72	1.0	0.5972222222222222	0.6111111111111112	0.01388888888888895	False
U_ENSG00000276584.1	ENSG00000276584.1	miRNA	chr3	90156558	90156628	+	4	0.273287	0	70	False	False	False	56.0	0.4	0.6363636363636364	0.5571428571428572	0.6391194911067075	0.4086955459439882	0.19871462609858098	70	70	1.0	0.6	0.37142857142857144	0.22857142857142854	False
U_ENSG00000215938.3	ENSG00000215938.3	miRNA	chr3	89977324	89977403	+	4	0.0	77	79	True	True	False	134.0	0.8481012658227848	0.9210526315789473	0.8607594936708861	0.9028571428571428	0.758543806933814	0.06783977720678437	79	79	1.0	0.34177215189873417	0.379746835443038	0.03797468354430383	False
U_ENSG00000207941.1	ENSG00000207941.1	miRNA	chr4	127341642	127341738	+	5	0.497693	0	96	False	False	False	49.0	0.2552083333333333	0.6086956521739131	0.42708333333333337	0.6606604863745198	0.32878261642210893	0.12365621183653401	96	96	1.0	0.375	0.4583333333333333	0.08333333333333331	False
U_ENSG00000284586.1	ENSG00000284586.1	miRNA	chr3	89134414	89134513	-	4	0.071802	83	99	True	True	False	172.0	0.8958333333333334	0.9368421052631579	0.8888888888888888	0.9320664172942861	0.8659506291526708	0.07995174261928051	96	99	0.9696969696969697	0.75	0.7171717171717171	0.03282828282828287	False
U_ENSG00000215930.1	ENSG00000215930.1	miRNA	chr3	100854146	100854228	-	4	0.4152	82	82	True	True	True	44.0	0.2682926829268293	0.5555555555555556	0.4651162790697675	0.6500374654460708	0.31797927535835024	0.1316000323522637	86	82	0.9534883720930233	0.4418604651162791	0.5609756097560976	0.11911514463981854	False
U_ENSG00000283572.1	ENSG00000283572.1	miRNA	chr4	154665369	154665425	-	5	0.1541	0	56	False	False	False	61.0	0.5446428571428571	0.75	0.6065573770491803	0.62832495696421	0.451825995779924	0.13964075645447221	61	56	0.9180327868852459	0.5081967213114754	0.5178571428571429	0.009660421545667486	False
U_ENSG00000252578.1	ENSG00000252578.1	snRNA	chr4	136201005	136201106	-	5	0.392493	0	101	False	False	False	34.0	0.16831683168316833	0.47058823529411764	0.4554455445544554	0.698835620098019	0.39923232194606556	0.14966629547095764	101	101	1.0	0.42574257425742573	0.2871287128712871	0.13861386138613863	False
U_ENSG00000283203.1	ENSG00000283203.1	miRNA	chr2	74931959	74932032	-	6	0.0	0	73	False	False	False	67.0	0.4589041095890411	0.7213114754098361	0.589041095890411	0.6771440462670307	0.3872983346207417	0.12266334536566456	73	73	1.0	0.4383561643835616	0.4657534246575342	0.0273972602739726	False
U_ENSG00000278418.1	ENSG00000278418.1	miRNA	chr2	75593813	75593888	-	6	0.466475	0	75	False	False	False	38.0	0.25333333333333335	0.582089552238806	0.4675324675324676	0.691706486225134	0.43548397353839696	0.1377470866403566	77	75	0.974025974025974	0.4805194805194805	0.56	0.07948051948051954	False
U_ENSG00000265392.1	ENSG00000265392.1	miRNA	chr4	152231104	152231162	+	5	0.07547	0	58	False	False	False	35.0	0.3017241379310345	0.6829268292682927	0.5555555555555556	0.7532240660121037	0.436681987442706	0.11366339696649268	63	58	0.9206349206349206	0.6507936507936508	0.603448275862069	0.04734537493158186	False
U_ENSG00000266740.1	ENSG00000266740.1	miRNA	chr12	77224931	77224999	-	1	0.262798	0	68	False	False	False	35.0	0.26119402985074625	0.5892857142857143	0.5441176470588236	0.5836631572428634	0.27326786250001056	0.15941488486966457	67	68	0.9852941176470589	0.5074626865671642	0.4411764705882353	0.06628621597892892	False
U_ENSG00000264553.1	ENSG00000264553.1	miRNA	chr3	95593042	95593128	-	4	0.207478	0	86	False	False	False	36.0	0.20930232558139536	0.6363636363636364	0.4534883720930233	0.7662983918625433	0.467354435163749	0.13618631650341442	86	86	1.0	0.5697674418604651	0.5465116279069767	0.023255813953488413	False
U_ENSG00000253075.1	ENSG00000253075.1	misc_RNA	chr12	108961465	108961709	+	1	0.358115	0	244	False	False	False	114.0	0.2336065573770492	0.5518672199170125	0.5122950819672132	0.8244920469249004	0.577395749537027	0.09420183656180738	244	244	1.0	0.4262295081967213	0.5040983606557377	0.07786885245901637	False
U_ENSG00000200377.1	ENSG00000200377.1	snoRNA	chr2	53930735	53930806	-	6	0.318821	0	71	False	False	False	25.0	0.176056338028169	0.5423728813559322	0.46478873239436624	0.5420821648636565	0.20976176963403032	0.20303814862216993	71	71	1.0	0.39436619718309857	0.28169014084507044	0.11267605633802813	False
U_ENSG00000284410.1	ENSG00000284410.1	miRNA	chr4	118478498	118478555	+	5	0.116375	57	57	True	True	True	43.0	0.37719298245614036	0.6181818181818182	0.5737704918032787	0.6541183566187575	0.38466090931041474	0.08372357605960591	61	57	0.9344262295081968	0.47540983606557374	0.49122807017543857	0.015818234109864826	False
U_ENSG00000200547.1	ENSG00000200547.1	misc_RNA	chr3	101447881	101447974	-	4	0.359793	0	93	False	False	False	33.0	0.1793478260869565	0.5	0.4731182795698925	0.5966439592276384	0.3004928369564442	0.18067403897998455	92	93	0.989247311827957	0.391304347826087	0.25806451612903225	0.13323983169705472	False
U_ENSG00000263676.1	ENSG00000263676.1	miRNA	chr4	144952058	144952114	-	5	0.186141	0	56	False	False	False	37.0	0.33035714285714285	0.5961538461538461	0.540983606557377	0.5143480179498424	0.22400538415856208	0.2099455524325912	61	56	0.9180327868852459	0.7049180327868853	0.5178571428571429	0.18706088992974235	False
U_ENSG00000202031.1	ENSG00000202031.1	snoRNA	chr4	117011709	117011779	-	5	0.0	70	70	True	True	True	93.0	0.6642857142857143	0.8142857142857143	0.8	0.7946406762479669	0.640288194545915	0.1064995540340512	70	70	1.0	0.4714285714285714	0.4	0.0714285714285714	False
U_ENSG00000207421.1	ENSG00000207421.1	snoRNA	chr4	117011292	117011359	-	5	0.0	67	67	True	True	True	92.0	0.6865671641791045	0.8235294117647058	0.8208955223880597	0.8013356911415256	0.6175806794999419	0.11539050160399862	67	67	1.0	0.40298507462686567	0.44776119402985076	0.04477611940298509	False
U_ENSG00000283899.1	ENSG00000283899.1	miRNA	chr4	108874858	108874917	+	5	0.0	59	59	True	True	True	113.0	0.9576271186440678	0.9827586206896551	0.9491525423728814	0.9669329602374179	0.9315942613970246	0.048765984909417075	59	59	1.0	0.5423728813559322	0.5423728813559322	0.0	False
U_ENSG00000273745.1	ENSG00000273745.1	miRNA	chr2	136934531	136934591	-	7	0.076229	0	60	False	False	False	44.0	0.36666666666666664	0.6428571428571429	0.6	0.7433708473465473	0.5375856749987625	0.12455032590422939	60	60	1.0	0.5166666666666667	0.5666666666666667	0.04999999999999993	False
U_ENSG00000284154.1	ENSG00000284154.1	miRNA	chr4	128638713	128638811	+	5	0.080601	17	98	True	False	False	102.0	0.5204081632653061	0.711340206185567	0.65	0.7417696973911572	0.4800614517989972	0.08053318761665199	100	98	0.98	0.55	0.4897959183673469	0.06020408163265312	False
U_ENSG00000200360.1	ENSG00000200360.1	snRNA	chr3	105821783	105821890	+	4	0.461525	0	107	False	False	False	29.0	0.13551401869158877	0.575	0.4299065420560748	0.4857672939478326	0.26827744801910997	0.21595326683508675	107	107	1.0	0.38317757009345793	0.4485981308411215	0.06542056074766356	False
U_ENSG00000263793.1	ENSG00000263793.1	miRNA	chr4	136309464	136309532	-	5	0.060513	0	68	False	False	False	109.0	0.8014705882352942	0.8955223880597015	0.8529411764705882	0.8504200642707612	0.6755525945600961	0.0761047688595938	68	68	1.0	0.4117647058823529	0.4264705882352941	0.01470588235294118	False
U_ENSG00000221240.1	ENSG00000221240.1	miRNA	chr2	77646696	77646769	-	6	0.430333	0	73	False	False	False	44.0	0.3013698630136986	0.6666666666666666	0.547945205479452	0.5991412644515266	0.3582092849642099	0.16550521233073592	73	73	1.0	0.547945205479452	0.6438356164383562	0.09589041095890416	False
U_ENSG00000283701.1	ENSG00000283701.1	miRNA	chr3	88974492	88974588	+	4	0.0	56	96	True	True	False	129.0	0.671875	0.8846153846153846	0.7291666666666667	0.8708863735390356	0.7172109623732088	0.0713929471907923	96	96	1.0	0.4895833333333333	0.46875	0.020833333333333315	False
U_ENSG00000264101.1	ENSG00000264101.1	miRNA	chr4	152647693	152647763	+	5	0.241209	0	70	False	False	False	30.0	0.21428571428571427	0.6078431372549019	0.4285714285714286	0.5509731650193397	0.31120807858031235	0.14199940537873493	70	70	1.0	0.6285714285714286	0.6285714285714286	0.0	False
U_ENSG00000273555.1	ENSG00000273555.1	miRNA	chr2	164349134	164349197	+	7	0.063239	3	63	True	False	False	60.0	0.47619047619047616	0.7142857142857143	0.65625	0.7971984586731794	0.49104214103673194	0.10494048852410413	64	63	0.984375	0.640625	0.6190476190476191	0.02157738095238093	False
U_ENSG00000284481.1	ENSG00000284481.1	miRNA	chr2	130116497	130116563	+	7	0.117093	66	66	True	True	True	44.0	0.3333333333333333	0.6140350877192983	0.48484848484848486	0.7340138767816429	0.3596413803295871	0.09230769230769231	66	66	1.0	0.7121212121212122	0.6515151515151515	0.06060606060606066	False
U_ENSG00000207606.1	ENSG00000207606.1	miRNA	chr3	94560543	94560639	-	4	0.04921	0	96	False	False	False	55.0	0.2864583333333333	0.5851063829787234	0.48958333333333337	0.6452876133137098	0.3177489497733111	0.10526315789473684	96	96	1.0	0.4895833333333333	0.5416666666666666	0.052083333333333315	False
U_ENSG00000207933.3	ENSG00000207933.3	miRNA	chr3	88122902	88122991	+	4	0.0	89	89	True	True	True	174.0	0.9775280898876404	1.0	0.9550561797752809	0.991081304669989	0.9852941176470589	0.02272727272727273	89	89	1.0	0.4044943820224719	0.4157303370786517	0.011235955056179803	False
U_ENSG00000207730.3	ENSG00000207730.3	miRNA	chr4	156140124	156140219	-	5	0.0	70	95	True	True	False	169.0	0.8894736842105263	0.9263157894736842	0.9263157894736842	0.9344968656751027	0.8412698412698413	0.06017930052651468	95	95	1.0	0.6	0.5473684210526316	0.05263157894736836	False
U_ENSG00000199385.1	ENSG00000199385.1	snRNA	chr4	117368813	117368915	-	5	0.35617	0	102	False	False	False	45.0	0.22058823529411764	0.5454545454545454	0.3921568627450981	0.4889956025480224	0.18084972934919816	0.1888988517657318	102	102	1.0	0.4215686274509804	0.45098039215686275	0.02941176470588236	False
U_ENSG00000283789.1	ENSG00000283789.1	miRNA	chr4	144973405	144973496	-	5	0.206655	91	91	True	True	True	81.0	0.44505494505494503	0.7093023255813954	0.5729166666666667	0.6995362366585326	0.46345866274288045	0.18576251444939887	96	91	0.9479166666666666	0.75	0.6593406593406593	0.09065934065934067	False
U_ENSG00000281859.1	ENSG00000281859.1	snoRNA	chr4	117011291	117011360	-	5	0.0	68	69	True	True	False	94.0	0.6811594202898551	0.8260869565217391	0.7971014492753623	0.8140773264814125	0.6297031059991922	0.1100487466698218	69	69	1.0	0.4057971014492754	0.4492753623188406	0.04347826086956519	False
U_ENSG00000198976.1	ENSG00000198976.1	miRNA	chr4	156138360	156138445	-	5	0.055139	85	85	True	True	True	123.0	0.7409638554216867	0.8433734939759037	0.8235294117647058	0.8330387793591675	0.7297279959774103	0.10689667318898612	83	85	0.9764705882352941	0.5783132530120482	0.5058823529411764	0.07243090007087172	False
U_ENSG00000252015.1	ENSG00000252015.1	snRNA	chr2	41545445	41545546	-	6	0.322884	0	101	False	False	False	41.0	0.20297029702970298	0.5607476635514018	0.5346534653465347	0.6540361943184669	0.3919183588453085	0.23280893453645632	101	101	1.0	0.3564356435643564	0.24752475247524752	0.1089108910891089	False
U_ENSG00000277444.1	ENSG00000277444.1	misc_RNA	chr2	45003919	45003996	+	6	0.090022	77	77	True	True	True	116.0	0.7532467532467533	0.8461538461538461	0.8461538461538461	0.844195506078412	0.7187523818154672	0.12159434294786756	78	77	0.9871794871794872	0.24358974358974358	0.2727272727272727	0.029137529137529122	False
U_ENSG00000207149.1	ENSG00000207149.1	snRNA	chr3	97859956	97860057	-	4	0.448327	0	101	False	False	False	36.0	0.1782178217821782	0.5454545454545454	0.38613861386138615	0.6877155029737472	0.4003678537537224	0.12409673645990855	101	101	1.0	0.4158415841584158	0.42574257425742573	0.00990099009900991	False
U_ENSG00000201405.1	ENSG00000201405.1	misc_RNA	chr4	136011517	136011610	-	5	0.491796	0	93	False	False	False	33.0	0.1774193548387097	0.5205479452054794	0.4623655913978495	0.579167847124558	0.22968634931176665	0.10080020103799678	93	93	1.0	0.3870967741935484	0.3548387096774194	0.032258064516129004	False
U_ENSG00000307294.1	ENSG00000307294.1	lncRNA	chr3	158267576	158267830	-	4	0.096632	254	254	True	True	True	200.0	0.3937007874015748	0.6461538461538462	0.6141732283464567	0.8688998618933774	0.6741001508805828	0.07582342329348174	254	254	1.0	0.6220472440944882	0.5905511811023622	0.03149606299212604	False
U_ENSG00000265396.1	ENSG00000265396.1	miRNA	chr2	75528103	75528170	-	6	0.299837	0	67	False	False	False	42.0	0.3181818181818182	0.6595744680851063	0.4626865671641791	0.7841861806620565	0.4672051288364322	0.10092028760679746	66	67	0.9850746268656716	0.30303030303030304	0.3283582089552239	0.025327905924920846	False
U_ENSG00000238542.1	ENSG00000238542.1	snRNA	chr2	76839188	76839267	-	6	0.375241	0	79	False	False	False	24.0	0.1518987341772152	0.5454545454545454	0.379746835443038	0.5665299591694805	0.3271337791087344	0.19861453057473935	79	79	1.0	0.3291139240506329	0.35443037974683544	0.025316455696202556	False
U_ENSG00000263675.1	ENSG00000263675.1	miRNA	chr4	124997409	124997470	+	5	0.210239	0	61	False	False	False	21.0	0.175	0.5306122448979592	0.4426229508196722	0.606441156639726	0.18235850450065405	0.13920220652391524	60	61	0.9836065573770492	0.48333333333333334	0.5573770491803278	0.07404371584699448	False
U_ENSG00000252563.1	ENSG00000252563.1	rRNA_pseudogene	chr4	120037266	120037358	+	5	0.427729	92	92	True	True	True	34.0	0.18478260869565216	0.5806451612903226	0.44565217391304346	0.6665202625239758	0.3407781395709204	0.12529400275814703	92	92	1.0	0.532608695652174	0.5543478260869565	0.021739130434782594	False
U_ENSG00000274258.1	ENSG00000274258.1	miRNA	chr4	150329477	150329565	+	5	0.031605	0	88	False	False	False	44.0	0.25	0.5714285714285714	0.5056179775280899	0.7566020678754161	0.5191225182713401	0.09442028906291165	89	88	0.9887640449438202	0.6067415730337079	0.5454545454545454	0.06128702757916249	False
U_ENSG00000221539.1	ENSG00000221539.1	snoRNA	chr4	132037998	132038072	+	5	0.0	74	74	True	True	True	124.0	0.8378378378378378	0.9154929577464789	0.8378378378378378	0.93059183179706	0.8039602066285128	0.06126213636985725	74	74	1.0	0.47297297297297297	0.4594594594594595	0.013513513513513487	False
U_ENSG00000283836.1	ENSG00000283836.1	miRNA	chr4	118288539	118288610	+	5	0.071861	5	71	True	False	False	41.0	0.3014705882352941	0.6197183098591549	0.5492957746478873	0.5785985040654903	0.35349816082013463	0.20886687136055354	68	71	0.9577464788732394	0.5294117647058824	0.6197183098591549	0.09030654515327252	False
U_ENSG00000283477.1	ENSG00000283477.1	miRNA	chr4	117871526	117871593	-	5	0.167379	0	67	False	False	False	37.0	0.29838709677419356	0.5573770491803278	0.4626865671641791	0.5673064853572504	0.312143943107864	0.13710159307791842	62	67	0.9253731343283582	0.45161290322580644	0.5223880597014925	0.07077515647568605	False
U_ENSG00000207607.3	ENSG00000207607.3	miRNA	chr4	156139353	156139443	-	5	0.0	89	90	True	True	False	158.0	0.8777777777777778	0.9318181818181818	0.9111111111111111	0.8835014217964424	0.8394669169804756	0.07945020013331995	90	90	1.0	0.5555555555555556	0.5222222222222223	0.033333333333333326	False
U_ENSG00000201134.1	ENSG00000201134.1	misc_RNA	chr3	94258835	94258938	+	4	0.552813	0	103	False	False	False	26.0	0.12745098039215685	0.5068493150684932	0.44660194174757284	0.6777316826515313	0.3701653656029466	0.11722101188854636	102	103	0.9902912621359223	0.4117647058823529	0.44660194174757284	0.03483723586521992	False
U_ENSG00000252032.1	ENSG00000252032.1	snRNA	chr4	109122263	109122369	+	5	0.088226	0	106	False	False	False	100.0	0.47619047619047616	0.6923076923076923	0.5943396226415094	0.7769371349598377	0.4493345813483821	0.10291663315662301	105	106	0.9905660377358491	0.37142857142857144	0.4056603773584906	0.034231805929919146	False
U_ENSG00000223318.1	ENSG00000223318.1	rRNA_pseudogene	chr2	65143451	65143552	-	6	0.375936	0	101	False	False	False	31.0	0.15346534653465346	0.5113636363636364	0.4554455445544554	0.5624966091886466	0.21972555247313055	0.12569805089976532	101	101	1.0	0.44554455445544555	0.44554455445544555	0.0	False
U_ENSG00000264773.1	ENSG00000264773.1	miRNA	chr4	130656583	130656660	+	5	0.116922	0	77	False	False	False	39.0	0.2532467532467532	0.581081081081081	0.5194805194805194	0.5644569713719364	0.27277236279499045	0.16222142113076252	77	77	1.0	0.4935064935064935	0.5454545454545454	0.05194805194805191	False
U_ENSG00000238813.1	ENSG00000238813.1	misc_RNA	chr2	66236383	66236483	-	6	0.332919	0	100	False	False	False	31.0	0.155	0.5576923076923077	0.46153846153846156	0.25058168409722253	0.11165280898795221	0.3999917116868623	104	100	0.9615384615384616	0.41346153846153844	0.44	0.026538461538461566	False
U_ENSG00000265694.1	ENSG00000265694.1	miRNA	chr2	68802189	68802265	+	6	0.226009	0	76	False	False	False	60.0	0.39473684210526316	0.631578947368421	0.6447368421052632	0.7703288865196434	0.5384675481287517	0.12073846850849888	76	76	1.0	0.34210526315789475	0.3815789473684211	0.03947368421052633	False
U_ENSG00000266580.1	ENSG00000266580.1	miRNA	chr4	129884083	129884157	+	5	0.080571	0	74	False	False	False	69.0	0.46621621621621623	0.6911764705882353	0.6052631578947368	0.7824200634237978	0.5589245872341599	0.11933050663167838	76	74	0.9736842105263158	0.6578947368421053	0.5945945945945946	0.06330014224751068	False
U_ENSG00000273537.1	ENSG00000273537.1	misc_RNA	chr2	45003331	45003431	+	6	0.041052	100	100	True	True	True	165.0	0.825	0.90625	0.85	0.9198277641897226	0.8473826084954618	0.07142492739258058	100	100	1.0	0.59	0.6	0.010000000000000009	False
U_ENSG00000265422.1	ENSG00000265422.1	miRNA	chr4	136555428	136555507	-	5	0.367954	0	79	False	False	False	38.0	0.24050632911392406	0.582089552238806	0.5	0.6489200255349755	0.3164021403151829	0.15060393052901147	82	79	0.9634146341463414	0.524390243902439	0.5316455696202531	0.007255325717814065	False
U_ENSG00000199827.1	ENSG00000199827.1	snRNA	chr2	73621531	73621640	+	6	0.271724	0	109	False	False	False	27.0	0.12385321100917432	0.4387755102040816	0.4311926605504587	0.46437539096419217	0.22967628561139874	0.23203637196558644	109	109	1.0	0.3669724770642202	0.44954128440366975	0.08256880733944955	False
U_ENSG00000276169.1	ENSG00000276169.1	miRNA	chr2	160598736	160598795	+	7	0.051217	59	59	True	True	True	74.0	0.6607142857142857	0.8431372549019608	0.6949152542372881	0.76847327936784	0.5290587374760556	0.12059964888738238	56	59	0.9491525423728814	0.6428571428571429	0.5932203389830508	0.049636803874092084	False
U_ENSG00000275141.1	ENSG00000275141.1	miRNA	chr2	59637853	59637920	+	6	0.065278	10	67	True	False	False	40.0	0.29850746268656714	0.6170212765957447	0.4477611940298507	0.6851028595688807	0.2924488259328009	0.11736313170325506	67	67	1.0	0.47761194029850745	0.4925373134328358	0.014925373134328346	False
U_ENSG00000264294.1	ENSG00000264294.1	snoRNA	chr4	117012966	117013046	-	5	0.0	79	80	True	True	False	129.0	0.80625	0.8875	0.875	0.8820459824122062	0.7424258698676952	0.06698104584973648	80	80	1.0	0.5875	0.625	0.03749999999999998	False
U_ENSG00000283749.1	ENSG00000283749.1	miRNA	chr4	107035101	107035175	-	5	0.352643	39	74	True	True	False	41.0	0.27702702702702703	0.609375	0.5	0.6261889932229643	0.27033813413374985	0.14571840139515818	76	74	0.9736842105263158	0.5394736842105263	0.527027027027027	0.012446657183499354	False
U_ENSG00000201892.1	ENSG00000201892.1	misc_RNA	chr2	41338008	41338125	+	6	0.583117	0	117	False	False	False	28.0	0.11965811965811966	0.49333333333333335	0.41880341880341876	0.49387314028329926	0.23873003074657964	0.205816144591609	117	117	1.0	0.36752136752136755	0.46153846153846156	0.09401709401709402	False
U_ENSG00000252510.1	ENSG00000252510.1	rRNA_pseudogene	chr3	100967336	100967461	+	4	0.205643	0	125	False	False	False	46.0	0.184	0.5604395604395604	0.41600000000000004	0.6889419209975668	0.384311726123065	0.15000867127208287	125	125	1.0	0.448	0.44	0.008000000000000007	False
U_ENSG00000264395.1	ENSG00000264395.1	miRNA	chr2	152579982	152580032	+	7	0.318157	0	50	False	False	False	45.0	0.45	0.7441860465116279	0.6545454545454545	0.5856368512499449	0.36646313255902324	0.12089946499248497	55	50	0.9090909090909091	0.5636363636363636	0.62	0.056363636363636394	False
U_ENSG00000277967.1	ENSG00000277967.1	misc_RNA	chr2	166907069	166907156	+	7	0.223059	87	87	True	True	True	50.0	0.28735632183908044	0.5949367088607594	0.48275862068965514	0.5894266946132528	0.2877308921190638	0.17787277372998087	87	87	1.0	0.3563218390804598	0.5057471264367817	0.14942528735632188	False
U_ENSG00000265596.1	ENSG00000265596.1	miRNA	chr4	124515048	124515142	-	5	0.252081	0	94	False	False	False	45.0	0.2393617021276596	0.5543478260869565	0.5151515151515151	0.7190965604152855	0.35468621435669795	0.11657928977974152	99	94	0.9494949494949495	0.47474747474747475	0.4787234042553192	0.003975929507844422	False
U_ENSG00000207475.1	ENSG00000207475.1	snoRNA	chr3	88614467	88614603	+	4	0.171436	132	136	True	True	False	126.0	0.4632352941176471	0.674074074074074	0.6277372262773723	0.7783282535324204	0.554396028666501	0.12714772685333306	137	136	0.9927007299270073	0.5474452554744526	0.4117647058823529	0.13568054959209963	False
U_ENSG00000283938.1	ENSG00000283938.1	miRNA	chr4	134195674	134195766	+	5	0.106081	92	92	True	True	True	153.0	0.8315217391304348	0.9021739130434783	0.8924731182795699	0.915568392131655	0.7987960649466378	0.0690268422848546	93	92	0.989247311827957	0.7096774193548387	0.6739130434782609	0.03576437587657788	False
U_ENSG00000284125.1	ENSG00000284125.1	miRNA	chr2	153109735	153109783	+	7	0.380828	48	48	True	True	True	27.0	0.28125	0.625	0.5094339622641509	0.5507852059206405	0.3617396774895289	0.23830779214438746	53	48	0.9056603773584906	0.6415094339622641	0.6458333333333334	0.004323899371069251	False
U_ENSG00000222418.1	ENSG00000222418.1	rRNA_pseudogene	chr2	79579952	79580039	+	6	0.511852	0	87	False	False	False	22.0	0.13095238095238096	0.53125	0.4137931034482759	0.5374861883945783	0.27132504871304997	0.1606044196565907	84	87	0.9655172413793104	0.5119047619047619	0.41379310344827586	0.098111658456486	False
U_tRNA-Ala-CGC-3-1	tRNA-Ala-CGC-3-1	tRNA	chr2	57072086	57072158	+	6	0.0	69	72	True	True	False	138.0	0.9583333333333334	1.0	0.9166666666666666	0.9804130980300041	0.9674484568191103	0.03449985553215743	72	72	1.0	0.625	0.625	0.0	False
U_tRNA-Gly-GCC-2-2	tRNA-Gly-GCC-2-2	tRNA	chr2	57072407	57072478	-	6	0.0	69	71	True	True	False	138.0	0.971830985915493	1.0	0.9436619718309859	0.9931972789115646	0.9891304347826089	0.028571428571428577	71	71	1.0	0.6197183098591549	0.6056338028169014	0.014084507042253502	False
U_ENSG00000229686.1	ENSG00000229686.1	snoRNA	chr2	130119615	130119686	+	7	0.0	71	71	True	True	True	120.0	0.8450704225352113	0.9154929577464789	0.9014084507042254	0.9281838800063327	0.8	0.05714285714285714	71	71	1.0	0.4507042253521127	0.4084507042253521	0.04225352112676056	False
U_ENSG00000207962.1	ENSG00000207962.1	miRNA	chr4	120626731	120626820	-	5	0.0	88	89	True	True	False	173.0	0.9719101123595506	0.9886363636363636	0.9662921348314607	0.9824169860099001	0.9583333333333334	0.0278351107134452	89	89	1.0	0.5056179775280899	0.4943820224719101	0.011235955056179803	False
U_ENSG00000199562.1	ENSG00000199562.1	snRNA	chr4	149327792	149327899	-	5	0.213314	0	107	False	False	False	33.0	0.1542056074766355	0.4935064935064935	0.4392523364485982	0.5562345173756329	0.24290672071677075	0.16717023723272975	107	107	1.0	0.45794392523364486	0.48598130841121495	0.028037383177570097	False
U_ENSG00000275915.1	ENSG00000275915.1	misc_RNA	chr4	148085416	148085522	-	5	0.103815	8	106	True	False	False	64.0	0.3018867924528302	0.625	0.5185185185185186	0.7897681099172572	0.4446790988532298	0.0958018327913786	108	106	0.9814814814814815	0.5	0.49056603773584906	0.009433962264150941	False
U_ENSG00000283734.1	ENSG00000283734.1	miRNA	chr2	60711722	60711795	-	6	0.0	73	73	True	True	True	84.0	0.5753424657534246	0.8518518518518519	0.5616438356164384	0.9153035535398509	0.795774647887324	0.0734930919740164	73	73	1.0	0.8082191780821918	0.7945205479452054	0.013698630136986356	False
U_ENSG00000252151.1	ENSG00000252151.1	snRNA	chr4	142598266	142598365	+	5	0.480066	0	99	False	False	False	31.0	0.15656565656565657	0.532608695652174	0.44660194174757284	0.6332039289552267	0.27153942647563895	0.1048736240522905	103	99	0.9611650485436893	0.44660194174757284	0.43434343434343436	0.012258507404138475	False
U_ENSG00000283320.1	ENSG00000283320.1	miRNA	chr2	131129986	131130048	-	7	0.0	62	62	True	True	True	118.0	0.9516129032258065	1.0	0.9032258064516129	0.978475454820546	0.9632566387742927	0.040155569553822594	62	62	1.0	0.46774193548387094	0.46774193548387094	0.0	False
U_ENSG00000215973.1	ENSG00000215973.1	miRNA	chr2	73722448	73722520	-	6	0.115106	0	72	False	False	False	64.0	0.4444444444444444	0.6949152542372882	0.5844155844155844	0.6795158141954768	0.3898717737923586	0.14258079553991715	77	72	0.935064935064935	0.6623376623376623	0.6944444444444444	0.032106782106782084	False
U_ENSG00000266140.1	ENSG00000266140.1	miRNA	chr2	178481115	178481186	+	7	0.177654	0	71	False	False	False	29.0	0.20422535211267606	0.4927536231884058	0.5352112676056338	0.6218076473955305	0.2933036053477414	0.13093073414159542	71	71	1.0	0.5915492957746479	0.5352112676056338	0.05633802816901412	False
U_ENSG00000284252.1	ENSG00000284252.1	miRNA	chr2	75489586	75489660	+	6	0.0	73	74	True	True	False	140.0	0.9459459459459459	0.9726027397260274	0.9459459459459459	0.974761640818029	0.955056179775281	0.03355465401072847	74	74	1.0	0.581081081081081	0.5945945945945946	0.013513513513513598	False
U_ENSG00000284074.1	ENSG00000284074.1	miRNA	chr2	179836395	179836465	-	7	0.234197	0	70	False	False	False	46.0	0.32857142857142857	0.6190476190476191	0.5915492957746479	0.6032214982468	0.3021529563117203	0.1683175060673763	71	70	0.9859154929577465	0.7464788732394366	0.5571428571428572	0.18933601609657946	False
U_ENSG00000202414.1	ENSG00000202414.1	misc_RNA	chr2	150601869	150601967	+	7	0.230053	0	98	False	False	False	31.0	0.15816326530612246	0.5066666666666667	0.4752475247524752	0.5707907609850946	0.2584451453012244	0.18502687714267796	101	98	0.9702970297029703	0.43564356435643564	0.5714285714285714	0.13578500707213575	False
U_ENSG00000266151.1	ENSG00000266151.1	miRNA	chr2	163395137	163395221	+	7	0.336515	0	84	False	False	False	26.0	0.15476190476190477	0.68	0.4642857142857143	0.4875683473102216	0.1865201568891231	0.2155246243373291	84	84	1.0	0.38095238095238093	0.5238095238095238	0.1428571428571429	False
U_ENSG00000198974.3	ENSG00000198974.3	miRNA	chr4	120629804	120629896	-	5	0.0	90	92	True	True	False	177.0	0.9619565217391305	0.9888888888888889	0.9456521739130435	0.9772287368070101	0.9487179487179486	0.038067050715799494	92	92	1.0	0.5108695652173914	0.5108695652173914	0.0	False
U_ENSG00000281394.1	ENSG00000281394.1	scaRNA	chr3	88601235	88601364	+	4	0.0745	128	129	True	True	True	201.0	0.7790697674418605	0.8671875	0.8527131782945736	0.9226293036474672	0.7923679006321199	0.04941058844013093	129	129	1.0	0.46511627906976744	0.5038759689922481	0.038759689922480633	False
U_ENSG00000266705.1	ENSG00000266705.1	miRNA	chr2	78956658	78956718	-	6	0.375197	0	60	False	False	False	26.0	0.21666666666666667	0.6666666666666666	0.44999999999999996	0.4135327798128732	0.1302662104809859	0.21169484740333555	60	60	1.0	0.5333333333333333	0.6	0.06666666666666665	False
U_ENSG00000221116.1	ENSG00000221116.1	snoRNA	chr2	130117418	130117493	+	7	0.0	68	75	True	True	False	99.0	0.66	0.8266666666666667	0.7333333333333334	0.8515610690165336	0.6735198826004059	0.09555497043061453	75	75	1.0	0.4533333333333333	0.4533333333333333	0.0	False
U_ENSG00000284357.1	ENSG00000284357.1	miRNA	chr4	150152903	150153013	+	5	0.0	102	110	True	True	False	186.0	0.8454545454545455	0.9423076923076923	0.8363636363636364	0.946925281674185	0.8806960340770611	0.044944765922627125	110	110	1.0	0.509090909090909	0.4636363636363636	0.045454545454545414	False
U_ENSG00000280466.1	ENSG00000280466.1	scaRNA	chr3	88601236	88601364	+	4	0.09592	128	128	True	True	True	199.0	0.77734375	0.8661417322834646	0.8515625	0.9277311722577922	0.7887638393343204	0.05102945431817212	128	128	1.0	0.46875	0.5078125	0.0390625	False
U_ENSG00000283414.1	ENSG00000283414.1	snRNA	chr4	117980823	117980909	-	5	0.465658	0	86	False	False	False	27.0	0.1569767441860465	0.6041666666666666	0.43333333333333335	0.5018861227010765	0.21982299163419353	0.24805536486402252	90	86	0.9555555555555556	0.35555555555555557	0.46511627906976744	0.10956072351421187	False
U_ENSG00000274582.1	ENSG00000274582.1	snoRNA	chr4	132036774	132036911	+	5	0.014514	137	137	True	True	True	213.0	0.7773722627737226	0.8731343283582089	0.8613138686131387	0.9228961085555878	0.7975852978774407	0.055998331660764025	137	137	1.0	0.48905109489051096	0.4744525547445255	0.01459854014598544	False
U_ENSG00000226572.1	ENSG00000226572.1	snoRNA	chr2	130119932	130120004	+	7	0.0	72	72	True	True	True	96.0	0.6666666666666666	0.7971014492753623	0.7361111111111112	0.8570911082457083	0.65449149902875	0.0718171762477857	72	72	1.0	0.4444444444444444	0.4305555555555556	0.01388888888888884	False
U_ENSG00000199024.1	ENSG00000199024.1	miRNA	chr2	131129974	131130052	+	7	0.0	78	78	True	True	True	151.0	0.967948717948718	0.987012987012987	0.9743589743589743	0.9839712885459013	0.9731309487773867	0.02597402597402597	78	78	1.0	0.44871794871794873	0.46153846153846156	0.01282051282051283	False
U_ENSG00000284005.1	ENSG00000284005.1	miRNA	chr4	138053289	138053400	-	5	0.111895	111	111	True	True	True	148.0	0.6727272727272727	0.7818181818181819	0.7837837837837838	0.8922193840171222	0.7336577251194419	0.09490531772720918	110	111	0.990990990990991	0.7727272727272727	0.7477477477477478	0.024979524979524936	False
U_ENSG00000201129.1	ENSG00000201129.1	snoRNA	chr3	89917902	89918038	-	4	0.156106	135	136	True	True	True	150.0	0.5514705882352942	0.7424242424242424	0.7279411764705883	0.8737565936663193	0.5716443335024841	0.07768954430890011	136	136	1.0	0.4852941176470588	0.40441176470588236	0.08088235294117646	False
U_ENSG00000201448.1	ENSG00000201448.1	snoRNA	chr4	125981816	125981945	+	5	0.334564	0	129	False	False	False	31.0	0.12015503875968993	0.4854368932038835	0.45736434108527135	0.67568313822399	0.3448174626796145	0.12203515118604147	129	129	1.0	0.40310077519379844	0.49612403100775193	0.09302325581395349	False
U_ENSG00000252623.1	ENSG00000252623.1	rRNA_pseudogene	chr2	152906658	152906780	+	7	0.243116	0	122	False	False	False	39.0	0.1598360655737705	0.53	0.4590163934426229	0.7619472121433124	0.40617637637425874	0.11511064691887703	122	122	1.0	0.5	0.5245901639344263	0.024590163934426257	False
U_ENSG00000212498.1	ENSG00000212498.1	snoRNA	chr2	130119113	130119199	+	7	0.0	86	86	True	True	True	155.0	0.9011627906976745	0.9411764705882353	0.9186046511627907	0.9525766109479249	0.9032114591777334	0.047058823529411764	86	86	1.0	0.5813953488372093	0.5465116279069767	0.03488372093023262	False
U_ENSG00000304810.1	ENSG00000304810.1	lncRNA	chr4	152081107	152081270	+	5	0.130886	0	163	False	False	False	99.0	0.30368098159509205	0.6122448979591837	0.5398773006134969	0.8003893345521534	0.57144725448582	0.107272513561622	163	163	1.0	0.6319018404907976	0.7116564417177914	0.07975460122699385	False
U_ENSG00000252956.1	ENSG00000252956.1	rRNA_pseudogene	chr4	149932442	149932547	+	5	0.227092	0	105	False	False	False	32.0	0.1523809523809524	0.6119402985074627	0.4636363636363636	0.6277911020442056	0.3376077099526263	0.14006401956528441	110	105	0.9545454545454546	0.5363636363636364	0.44761904761904764	0.08874458874458874	False
U_ENSG00000200169.2	ENSG00000200169.2	snRNA	chr4	117068036	117068138	+	5	0.0	98	102	True	True	False	160.0	0.7843137254901961	0.8775510204081632	0.803921568627451	0.9040950284747838	0.7768380613250703	0.07001057239470768	102	102	1.0	0.3627450980392157	0.37254901960784315	0.009803921568627472	False
U_ENSG00000200913.1	ENSG00000200913.1	snoRNA	chr4	117012387	117012491	-	5	0.0	104	104	True	True	True	174.0	0.8365384615384616	0.9191919191919192	0.8269230769230769	0.8871588446815198	0.7711323590535571	0.08574525112939656	104	104	1.0	0.4807692307692308	0.49038461538461536	0.009615384615384581	False
U_ENSG00000207194.1	ENSG00000207194.1	snRNA	chr4	109699603	109699707	-	5	0.500075	0	104	False	False	False	38.0	0.18269230769230768	0.5	0.4722222222222222	0.5613044499043329	0.2889281045730455	0.19995155034968543	108	104	0.9629629629629629	0.37962962962962965	0.3173076923076923	0.06232193732193736	False
U_ENSG00000283441.1	ENSG00000283441.1	miRNA	chr2	155464807	155464880	-	7	0.0	71	73	True	True	False	126.0	0.863013698630137	0.9420289855072463	0.8493150684931507	0.8639067561899958	0.7736246237037178	0.09820927516479827	73	73	1.0	0.5068493150684932	0.4931506849315068	0.013698630136986356	False
U_ENSG00000278159.1	ENSG00000278159.1	miRNA	chr2	133925437	133925518	+	7	0.23463	0	81	False	False	False	82.0	0.5061728395061729	0.6705882352941176	0.6588235294117647	0.8415600853865043	0.6706058337071864	0.08204790923863227	85	81	0.9529411764705882	0.3411764705882353	0.4074074074074074	0.06623093681917208	False
U_ENSG00000274760.1	ENSG00000274760.1	misc_RNA	chr2	166905566	166905660	+	7	0.135024	94	94	True	True	True	47.0	0.25268817204301075	0.6025641025641025	0.5319148936170213	0.7517661501176343	0.3896748039928435	0.10369978008223578	93	94	0.9893617021276596	0.5268817204301075	0.5106382978723404	0.016243422557767118	False
U_ENSG00000252450.1	ENSG00000252450.1	misc_RNA	chr4	129440073	129440179	+	5	0.223879	0	106	False	False	False	62.0	0.29245283018867924	0.5454545454545454	0.509090909090909	0.8313457590008217	0.813122941334327	0.23743519961784862	110	106	0.9636363636363636	0.39090909090909093	0.3584905660377358	0.0324185248713551	False
U_ENSG00000252027.1	ENSG00000252027.1	snRNA	chr2	74991194	74991289	+	6	0.401336	0	95	False	False	False	33.0	0.1813186813186813	0.5540540540540541	0.4631578947368421	0.5964066172538484	0.288841593354242	0.14999250149387472	91	95	0.9578947368421052	0.3956043956043956	0.5052631578947369	0.10965876229034127	False
U_ENSG00000253083.1	ENSG00000253083.1	rRNA_pseudogene	chr2	48592792	48592892	-	6	0.412968	0	100	False	False	False	29.0	0.145	0.5573770491803278	0.45999999999999996	0.5705269199003618	0.3663195802481308	0.16597653257732306	100	100	1.0	0.45	0.44	0.010000000000000009	False
U_ENSG00000212389.1	ENSG00000212389.1	snRNA	chr2	48737698	48737803	+	6	0.073192	0	105	False	False	False	93.0	0.44285714285714284	0.6601941747572816	0.6448598130841121	0.7420764204734388	0.46307921124762697	0.10009385321541683	107	105	0.9813084112149533	0.3925233644859813	0.3619047619047619	0.0306186025812194	False
U_ENSG00000289474.2	ENSG00000289474.2	lncRNA	chr2	49517294	49517406	-	6	0.30353	0	112	False	False	False	38.0	0.16964285714285715	0.5714285714285714	0.4051724137931034	0.4284212644834505	0.23762371210736993	0.26055043769116715	116	112	0.9655172413793104	0.43103448275862066	0.33035714285714285	0.10067733990147781	False
U_ENSG00000202216.2	ENSG00000202216.2	snoRNA	chr2	77719027	77719153	-	6	0.216355	0	126	False	False	False	39.0	0.15476190476190477	0.5137614678899083	0.4365079365079365	0.6229985983979172	0.3743204485201341	0.14266043600101608	126	126	1.0	0.4444444444444444	0.4523809523809524	0.007936507936507964	False
U_ENSG00000207270.1	ENSG00000207270.1	snRNA	chr2	50213901	50214003	-	6	0.167766	0	102	False	False	False	49.0	0.24019607843137256	0.5473684210526316	0.5233644859813085	0.8201916733591695	0.46273960447671875	0.09299039057796406	107	102	0.9532710280373832	0.37383177570093457	0.38235294117647056	0.008521165475535997	False
U_ENSG00000266071.1	ENSG00000266071.1	miRNA	chr2	164529194	164529273	-	7	0.278612	79	79	True	True	True	45.0	0.2848101265822785	0.5875	0.5696202531645569	0.6378115074703369	0.3002402883845384	0.13323467750529824	79	79	1.0	0.43037974683544306	0.5316455696202531	0.10126582278481006	False
U_ENSG00000253085.1	ENSG00000253085.1	scaRNA	chr4	142942460	142942586	+	5	0.358825	0	126	False	False	False	29.0	0.11507936507936507	0.5540540540540541	0.41538461538461535	0.4882041109702518	0.2588252261387075	0.201385148723322	130	126	0.9692307692307692	0.46923076923076923	0.2777777777777778	0.19145299145299144	False
U_ENSG00000212536.1	ENSG00000212536.1	rRNA_pseudogene	chr2	132079720	132079812	-	7	0.438859	0	92	False	False	False	25.0	0.1388888888888889	0.5192307692307693	0.4347826086956522	0.4236357004904334	0.15043416944913185	0.19715108675416704	90	92	0.9782608695652174	0.5555555555555556	0.3804347826086957	0.1751207729468599	False
U_ENSG00000225091.3	ENSG00000225091.3	snoRNA	chr2	158200263	158200396	-	7	0.187961	133	133	True	True	True	125.0	0.4699248120300752	0.7022900763358778	0.6567164179104478	0.7761190093267969	0.5228193587684915	0.11392330255459354	134	133	0.9925373134328358	0.5373134328358209	0.6015037593984962	0.06419032656267532	False
U_ENSG00000252815.1	ENSG00000252815.1	snRNA	chr5	76059971	76060083	-	2	0.281768	0	112	False	False	False	44.0	0.205607476635514	0.5555555555555556	0.4910714285714286	0.7567343550187009	0.3775931550366846	0.1267445150204308	107	112	0.9553571428571429	0.4205607476635514	0.30357142857142855	0.11698931909212285	False
U_ENSG00000222509.1	ENSG00000222509.1	misc_RNA	chr2	70362794	70362894	+	6	0.479555	0	100	False	False	False	37.0	0.185	0.5375	0.47619047619047616	0.7086043616453092	0.3683222071013771	0.15548645136952108	105	100	0.9523809523809523	0.38095238095238093	0.4	0.01904761904761909	False
U_ENSG00000216031.1	ENSG00000216031.1	miRNA	chr2	174109291	174109379	-	7	0.0	82	88	True	True	False	95.0	0.5397727272727273	0.7586206896551724	0.7045454545454546	0.8065565308263788	0.6	0.08903409991281419	88	88	1.0	0.5340909090909091	0.5454545454545454	0.011363636363636354	False
U_ENSG00000207161.1	ENSG00000207161.1	misc_RNA	chr2	48338560	48338671	-	6	0.408137	0	111	False	False	False	35.0	0.15765765765765766	0.532608695652174	0.4414414414414415	0.6612093707217392	0.3303437363217049	0.14937887931959073	111	111	1.0	0.43243243243243246	0.36036036036036034	0.07207207207207211	False
U_ENSG00000222378.1	ENSG00000222378.1	rRNA_pseudogene	chr4	123511462	123511595	+	5	0.202226	0	133	False	False	False	54.0	0.20300751879699247	0.5952380952380952	0.39097744360902253	0.7228293151119201	0.43790565609085674	0.09278370237815069	133	133	1.0	0.5263157894736842	0.47368421052631576	0.05263157894736842	False
U_ENSG00000207997.1	ENSG00000207997.1	miRNA	chr2	155042229	155042324	+	7	0.293747	0	95	False	False	False	37.0	0.19680851063829788	0.5375	0.4736842105263158	0.743300045383648	0.40869336913565996	0.12531696187111815	94	95	0.9894736842105263	0.32978723404255317	0.2736842105263158	0.05610302351623736	False
U_ENSG00000221040.2	ENSG00000221040.2	snoRNA	chr3	101600712	101600928	-	4	0.328381	216	216	True	True	True	47.0	0.1087962962962963	0.4690721649484536	0.44907407407407407	0.7692498783272496	0.4147835815732396	0.10126298166082438	216	216	1.0	0.48148148148148145	0.4074074074074074	0.07407407407407407	False
U_ENSG00000278274.1	ENSG00000278274.1	snoRNA	chr4	132037550	132037680	+	5	0.151673	130	130	True	True	True	142.0	0.5461538461538461	0.7424242424242424	0.7384615384615385	0.7503516632561887	0.5234284914412975	0.14293867375647887	130	130	1.0	0.45384615384615384	0.5769230769230769	0.12307692307692303	False
U_ENSG00000273544.1	ENSG00000273544.1	snoRNA	chr4	132037246	132037378	+	5	0.0	132	132	True	True	True	201.0	0.7613636363636364	0.8818897637795275	0.8333333333333334	0.8970249618516133	0.7796521087743271	0.06010693033596803	132	132	1.0	0.5075757575757576	0.5303030303030303	0.022727272727272707	False
U_ENSG00000280498.1	ENSG00000280498.1	snoRNA	chr4	132036776	132036911	+	5	0.020377	135	135	True	True	True	213.0	0.7888888888888889	0.8731343283582089	0.8666666666666667	0.9218656573592546	0.8064202383526924	0.050614402859143794	135	135	1.0	0.48148148148148145	0.4740740740740741	0.007407407407407363	False
U_ENSG00000278852.1	ENSG00000278852.1	misc_RNA	chr4	148086538	148086687	-	5	0.21598	0	149	False	False	False	53.0	0.17785234899328858	0.5208333333333334	0.4161073825503355	0.6832267680220856	0.4658542164801773	0.18380365552345193	149	149	1.0	0.42953020134228187	0.5436241610738255	0.11409395973154363	False
U_ENSG00000251980.1	ENSG00000251980.1	snRNA	chr2	58494346	58494460	+	6	0.163485	0	114	False	False	False	35.0	0.15350877192982457	0.5176470588235295	0.45614035087719296	0.6786066062338086	0.3582969300457868	0.10167367515996512	114	114	1.0	0.3508771929824561	0.38596491228070173	0.03508771929824561	False
U_ENSG00000274978.2	ENSG00000274978.2	snRNA	chr4	131997393	131997528	-	5	0.0	135	135	True	True	True	253.0	0.937037037037037	0.9770992366412213	0.9185185185185185	0.9681641778830041	0.919888397270225	0.03948882553827747	135	135	1.0	0.5111111111111111	0.5333333333333333	0.022222222222222254	False
U_ENSG00000201294.1	ENSG00000201294.1	snRNA	chr2	130649420	130649527	+	7	0.595251	0	107	False	False	False	27.0	0.1261682242990654	0.524390243902439	0.4299065420560748	0.5119530597944252	0.26336286754210436	0.23716613377314216	107	107	1.0	0.4392523364485981	0.21495327102803738	0.22429906542056074	False
U_ENSG00000271924.1	ENSG00000271924.1	rRNA_pseudogene	chr2	61628519	61628636	+	6	0.0	113	117	True	True	False	223.0	0.9529914529914529	0.9911504424778761	0.9230769230769231	0.9755758961814327	0.9457080420591303	0.040434618619167494	117	117	1.0	0.47863247863247865	0.48717948717948717	0.008547008547008517	False
U_ENSG00000270103.3	ENSG00000270103.3	lncRNA	chr4	131997396	131997527	-	5	0.0	131	131	True	True	True	247.0	0.9427480916030534	0.9765625	0.9312977099236641	0.9746185227266588	0.9233805168766387	0.02878197989826109	131	131	1.0	0.5190839694656488	0.5190839694656488	0.0	False
U_ENSG00000275372.1	ENSG00000275372.1	misc_RNA	chr2	45001178	45001306	+	6	0.0	128	128	True	True	True	202.0	0.7890625	0.8870967741935484	0.8046875	0.9569021065610832	0.8342723152606084	0.047244094488188976	128	128	1.0	0.484375	0.5234375	0.0390625	False
U_ENSG00000209042.1	ENSG00000209042.1	snoRNA	chr2	166905391	166905480	+	7	0.0	89	89	True	True	True	126.0	0.7078651685393258	0.8372093023255814	0.7865168539325843	0.8413102007952534	0.6378439072886007	0.08350533214033562	89	89	1.0	0.4157303370786517	0.38202247191011235	0.03370786516853935	False
U_ENSG00000274491.1	ENSG00000274491.1	misc_RNA	chr2	174136873	174136984	+	7	0.288491	111	111	True	True	True	99.0	0.44594594594594594	0.6782608695652174	0.5982142857142857	0.7272909047372539	0.49262142905505757	0.11442341310318373	112	111	0.9910714285714286	0.625	0.5495495495495496	0.0754504504504504	False
U_ENSG00000207744.1	ENSG00000207744.1	miRNA	chr2	74556387	74556497	+	6	0.0	68	110	True	True	False	200.0	0.9090909090909091	0.9622641509433962	0.8909090909090909	0.9516921316751342	0.9005847953216374	0.044944765922627125	110	110	1.0	0.4	0.42727272727272725	0.027272727272727226	False
U_ENSG00000264371.1	ENSG00000264371.1	miRNA	chr4	134806806	134806892	-	5	0.249813	0	86	False	False	False	24.0	0.14285714285714285	0.5	0.43023255813953487	0.6905413026317789	0.28182982791946654	0.14316186118629198	84	86	0.9767441860465116	0.44047619047619047	0.5348837209302325	0.09440753045404204	False
U_ENSG00000252649.1	ENSG00000252649.1	rRNA_pseudogene	chr2	152407641	152407749	+	7	0.489877	0	108	False	False	False	36.0	0.16666666666666666	0.5217391304347826	0.4311926605504587	0.6138339471675873	0.33240841354809536	0.21068531023013196	109	108	0.9908256880733946	0.43119266055045874	0.3055555555555556	0.12563710499490316	False
U_ENSG00000201770.1	ENSG00000201770.1	snRNA	chr2	152559842	152559950	+	7	0.461409	0	108	False	False	False	35.0	0.16826923076923078	0.5740740740740741	0.43518518518518523	0.6517245568176664	0.35910321695820946	0.15511980635859046	104	108	0.9629629629629629	0.4230769230769231	0.35185185185185186	0.07122507122507121	False
U_ENSG00000280636.1	ENSG00000280636.1	snoRNA	chr2	77719030	77719167	-	6	0.17714	0	137	False	False	False	41.0	0.14963503649635038	0.5092592592592593	0.427536231884058	0.6783954387629493	0.4000782743887172	0.1271535160366587	138	137	0.9927536231884058	0.4492753623188406	0.4306569343065693	0.01861842801227126	False
U_ENSG00000201457.1	ENSG00000201457.1	snoRNA	chr4	123186940	123187075	+	5	0.084716	131	135	True	True	False	182.0	0.674074074074074	0.8222222222222222	0.7925925925925926	0.8519991436982606	0.7112867591590193	0.09956465719497264	135	135	1.0	0.5185185185185185	0.5777777777777777	0.059259259259259234	False
U_ENSG00000239149.1	ENSG00000239149.1	snoRNA	chr4	144702914	144703066	-	5	0.285463	0	152	False	False	False	43.0	0.14144736842105263	0.5365853658536586	0.4605263157894737	0.7848589101054594	0.44547558136841336	0.10130502344886327	152	152	1.0	0.5394736842105263	0.4934210526315789	0.0460526315789474	False
U_ENSG00000290096.2	ENSG00000290096.2	lncRNA	chr4	140429175	140429325	+	5	0.146263	0	150	False	False	False	68.0	0.22666666666666666	0.5779816513761468	0.33999999999999997	0.6155725214112827	0.38150322005046383	0.18911413159201843	150	150	1.0	0.64	0.6	0.040000000000000036	False
U_ENSG00000212517.1	ENSG00000212517.1	snoRNA	chr2	132096789	132096908	-	7	0.16992	0	119	False	False	False	46.0	0.19327731092436976	0.5555555555555556	0.4796747967479674	0.7004127434082718	0.4242164906167462	0.12687357662496107	123	119	0.967479674796748	0.43902439024390244	0.4369747899159664	0.002049600327936052	False
U_ENSG00000284040.1	ENSG00000284040.1	miRNA	chr2	174108843	174108922	-	7	0.0	75	79	True	True	False	126.0	0.7974683544303798	0.8933333333333333	0.8125	0.9525983638122418	0.8675328468813837	0.05549671518725479	80	79	0.9875	0.6	0.6075949367088608	0.0075949367088608	False
U_ENSG00000252386.1	ENSG00000252386.1	snRNA	chr2	161017788	161017899	-	7	0.472756	0	111	False	False	False	32.0	0.1509433962264151	0.5737704918032787	0.45945945945945943	0.6499336836196816	0.34712923337456386	0.16821510420688823	106	111	0.954954954954955	0.3867924528301887	0.32432432432432434	0.06246812850586436	False
U_ENSG00000199017.2	ENSG00000199017.2	miRNA	chr2	180030842	180030913	+	7	0.0	71	71	True	True	True	131.0	0.9225352112676056	0.9571428571428572	0.9295774647887324	0.958972862072802	0.8846517369293829	0.05345224838248488	71	71	1.0	0.36619718309859156	0.352112676056338	0.014084507042253558	False
U_ENSG00000222365.1	ENSG00000222365.1	snoRNA	chr2	166906913	166907004	+	7	0.0	91	91	True	True	True	116.0	0.6373626373626373	0.7931034482758621	0.7252747252747253	0.765058532857839	0.5835585150955649	0.13608276348795434	91	91	1.0	0.4175824175824176	0.42857142857142855	0.01098901098901095	False
U_ENSG00000212304.1	ENSG00000212304.1	snoRNA	chr2	166907194	166907284	+	7	0.0	90	90	True	True	True	122.0	0.6777777777777778	0.8160919540229885	0.8111111111111111	0.8781396130613203	0.701778093482899	0.08557048433554953	90	90	1.0	0.4777777777777778	0.43333333333333335	0.04444444444444445	False
U_ENSG00000238908.1	ENSG00000238908.1	rRNA_pseudogene	chr2	160355391	160355497	-	7	0.263058	0	106	False	False	False	29.0	0.13679245283018868	0.5048543689320388	0.4414414414414415	0.47072219130748605	0.20447001308854731	0.20789950332298474	111	106	0.954954954954955	0.4774774774774775	0.5094339622641509	0.031956484786673456	False
U_ENSG00000295493.1	ENSG00000295493.1	lncRNA	chr4	155247085	155247306	+	5	0.19944	0	221	False	False	False	61.0	0.13800904977375567	0.5	0.4553571428571429	0.7668468369895146	0.5181827778199347	0.13732833480256615	224	221	0.9866071428571429	0.6785714285714286	0.5429864253393665	0.13558500323206213	False
U_ENSG00000265306.1	ENSG00000265306.1	miRNA	chr2	179617525	179617613	+	7	0.128499	88	88	True	True	True	98.0	0.5833333333333334	0.7530864197530864	0.6818181818181819	0.8530607881056232	0.6960207962873124	0.12374079990964508	84	88	0.9545454545454546	0.9285714285714286	0.8863636363636364	0.04220779220779225	False
U_ENSG00000274034.1	ENSG00000274034.1	miRNA	chr2	181333382	181333437	-	7	0.36967	6	55	True	False	False	36.0	0.32727272727272727	0.6585365853658537	0.4821428571428571	0.754327924060884	0.4584156711285423	0.142275714356237	56	55	0.9821428571428571	0.625	0.5454545454545454	0.07954545454545459	False
U_ENSG00000201923.1	ENSG00000201923.1	rRNA_pseudogene	chr2	164448481	164448600	-	7	0.466116	0	119	False	False	False	55.0	0.23109243697478993	0.5794392523364486	0.47058823529411764	0.7837109570781112	0.44752064228896216	0.05621397949754915	119	119	1.0	0.46218487394957986	0.46218487394957986	0.0	False
U_ENSG00000271798.1	ENSG00000271798.1	snoRNA	chr2	130118150	130118282	+	7	0.0	126	132	True	True	False	222.0	0.8409090909090909	0.936	0.8409090909090909	0.9383354926424592	0.8174782017325679	0.03580470045666739	132	132	1.0	0.5075757575757576	0.5075757575757576	0.0	False
U_ENSG00000252947.1	ENSG00000252947.1	scaRNA	chr4	132565693	132565858	-	5	0.059074	165	165	True	True	True	268.0	0.8121212121212121	0.8895705521472392	0.8795180722891567	0.920227361054382	0.7806892118261944	0.048061852484294905	166	165	0.9939759036144579	0.4036144578313253	0.4121212121212121	0.008506754289886787	False
U_ENSG00000277916.1	ENSG00000277916.1	misc_RNA	chr4	131608604	131608772	+	5	0.303192	168	168	True	True	True	76.0	0.2261904761904762	0.5526315789473685	0.47928994082840237	0.8429773478886041	0.559276232016876	0.06497862552434588	169	168	0.9940828402366864	0.4378698224852071	0.4642857142857143	0.026415891800507185	False
U_ENSG00000252096.1	ENSG00000252096.1	snoRNA	chr2	131908075	131908206	+	7	0.180996	0	131	False	False	False	55.0	0.2099236641221374	0.5390625	0.5037037037037038	0.7451701354306111	0.43498195202134377	0.10281617612011688	135	131	0.9703703703703703	0.4962962962962963	0.4961832061068702	0.0001130901894260683	False
U_ENSG00000265961.1	ENSG00000265961.1	misc_RNA	chr4	130113369	130113484	+	5	0.506829	0	115	False	False	False	49.0	0.2149122807017544	0.6323529411764706	0.5043478260869565	0.5675403354130852	0.36636328950610697	0.2219668960288517	114	115	0.991304347826087	0.42105263157894735	0.5478260869565217	0.12677345537757434	False
U_ENSG00000276706.1	ENSG00000276706.1	misc_RNA	chr2	45170744	45170947	+	6	0.083736	203	203	True	True	True	323.0	0.7955665024630542	0.9020618556701031	0.8078817733990148	0.951032792252825	0.8757914144983601	0.0479968302714488	203	203	1.0	0.41379310344827586	0.4039408866995074	0.009852216748768461	False
U_ENSG00000207598.1	ENSG00000207598.1	miRNA	chr2	180535819	180535906	+	7	0.0	68	87	True	True	False	166.0	0.9540229885057471	1.0	0.9080459770114943	0.9886359946631028	0.9596449173246002	0.016444343748524364	87	87	1.0	0.5402298850574713	0.5517241379310345	0.011494252873563204	False
U_ENSG00000276859.1	ENSG00000276859.1	misc_RNA	chr2	174128377	174128485	+	7	0.110724	64	108	True	True	False	69.0	0.33495145631067963	0.6463414634146342	0.4537037037037037	0.7923338409605734	0.5172962695419603	0.1084997593408369	103	108	0.9537037037037037	0.6504854368932039	0.6018518518518519	0.04863358504135207	False
U_ENSG00000284035.1	ENSG00000284035.1	miRNA	chr1	171048823	171048899	-	8	0.187274	76	76	True	True	True	88.0	0.5789473684210527	0.7777777777777778	0.736842105263158	0.7402802651236474	0.5887562726423357	0.08844332774281068	76	76	1.0	0.5131578947368421	0.5131578947368421	0.0	False
U_ENSG00000221046.1	ENSG00000221046.1	snRNA	chr2	164577219	164577345	+	7	0.439425	0	126	False	False	False	32.0	0.12698412698412698	0.494949494949495	0.4841269841269841	0.7306128207163448	0.38804572801479	0.08763560920082658	126	126	1.0	0.47619047619047616	0.48412698412698413	0.007936507936507964	False
U_ENSG00000201512.1	ENSG00000201512.1	snoRNA	chr2	158201716	158201850	-	7	0.0	134	134	True	True	True	198.0	0.7388059701492538	0.835820895522388	0.8283582089552239	0.9006439041196573	0.7391622935684522	0.06290676891233651	134	134	1.0	0.5746268656716418	0.5373134328358209	0.03731343283582089	False
U_ENSG00000274309.1	ENSG00000274309.1	snoRNA	chr2	158220141	158220276	+	7	0.026968	135	135	True	True	True	165.0	0.625	0.7669172932330827	0.7555555555555555	0.8776885895975857	0.6740231416097113	0.07483730365178276	132	135	0.9777777777777777	0.5606060606060606	0.5481481481481482	0.01245791245791239	False
U_ENSG00000199266.1	ENSG00000199266.1	snoRNA	chr2	158221454	158221588	+	7	0.032152	132	134	True	True	False	197.0	0.7350746268656716	0.8432835820895522	0.8208955223880597	0.8216504366297566	0.641883486272462	0.06808560254238659	134	134	1.0	0.5074626865671642	0.5597014925373134	0.05223880597014918	False
U_ENSG00000284508.1	ENSG00000284508.1	miRNA	chr2	180040166	180040268	+	7	0.0	97	102	True	True	False	161.0	0.7892156862745098	0.9042553191489362	0.8137254901960784	0.9051545728352908	0.7829146199870625	0.046439759998251784	102	102	1.0	0.5098039215686274	0.47058823529411764	0.039215686274509776	False
U_ENSG00000284433.1	ENSG00000284433.1	miRNA	chr2	181212621	181212696	-	7	0.366013	75	75	True	True	True	40.0	0.26666666666666666	0.6129032258064516	0.4625	0.6151634577364128	0.31077917106425645	0.1909291874361421	80	75	0.9375	0.7125	0.5333333333333333	0.1791666666666667	False
U_ENSG00000269971.1	ENSG00000269971.1	lncRNA	chr4	132610965	132611154	-	5	0.081801	0	189	False	False	False	216.0	0.5869565217391305	0.7528089887640449	0.7037037037037037	0.8785221737456673	0.6455039538701927	0.07382833849149067	184	189	0.9735449735449735	0.41847826086956524	0.48677248677248675	0.0682942259029215	False
U_ENSG00000276722.1	ENSG00000276722.1	misc_RNA	chr2	174128755	174128869	+	7	0.0	0	114	False	False	False	84.0	0.3684210526315789	0.6576576576576577	0.5526315789473684	0.8342100651206135	0.48837415653388777	0.055969516109174854	114	114	1.0	0.5614035087719298	0.5614035087719298	0.0	False
U_ENSG00000275069.1	ENSG00000275069.1	misc_RNA	chr2	174137133	174137253	+	7	0.033414	120	120	True	True	True	169.0	0.7041666666666667	0.825	0.7851239669421488	0.865274177277907	0.6509192281946096	0.06807450307503578	121	120	0.9917355371900827	0.7024793388429752	0.6833333333333333	0.01914600550964185	False
U_ENSG00000252089.1	ENSG00000252089.1	snRNA	chr2	170894359	170894483	-	7	0.394655	0	124	False	False	False	38.0	0.1532258064516129	0.5764705882352941	0.43200000000000005	0.7431562167976205	0.4604318488519077	0.10410915229967442	125	124	0.992	0.488	0.532258064516129	0.044258064516129014	False
U_ENSG00000307374.1	ENSG00000307374.1	lncRNA	chr2	74409347	74409511	+	6	0.350888	124	164	True	True	False	95.0	0.29141104294478526	0.5868263473053892	0.5609756097560976	0.8198687609446266	0.5453596448626618	0.10051954562347502	163	164	0.9939024390243902	0.5214723926380368	0.6280487804878049	0.10657638784976808	False
U_ENSG00000222612.1	ENSG00000222612.1	snRNA	chr2	160484380	160484569	+	7	0.349969	0	189	False	False	False	36.0	0.09523809523809523	0.589041095890411	0.4	0.4877004817390303	0.23010979354851716	0.26302301246944937	190	189	0.9947368421052631	0.42105263157894735	0.5502645502645502	0.1292119186856029	False
U_tRNA-Arg-TCT-4-1	tRNA-Arg-TCT-4-1	tRNA	chr1	173217891	173217965	+	8	0.0	71	74	True	True	False	139.0	0.9391891891891891	0.9859154929577465	0.9054054054054054	0.964139280962022	0.9286249506372439	0.03355465401072847	74	74	1.0	0.6081081081081081	0.6081081081081081	0.0	False
U_ENSG00000277306.1	ENSG00000277306.1	misc_RNA	chr2	40488376	40488563	-	6	0.0	170	187	True	True	False	268.0	0.7165775401069518	0.8360655737704918	0.8128342245989305	0.909234757532377	0.7446471099018032	0.04561979233461597	187	187	1.0	0.43315508021390375	0.44385026737967914	0.010695187165775388	False
U_ENSG00000274915.1	ENSG00000274915.1	misc_RNA	chr2	180479630	180479747	+	7	0.213994	117	117	True	True	True	183.0	0.782051282051282	0.8547008547008547	0.847457627118644	0.768584022132257	0.6278730202248554	0.12512761728847502	118	117	0.9915254237288136	0.4491525423728814	0.3162393162393162	0.13291322613356515	False
U_ENSG00000275414.1	ENSG00000275414.1	misc_RNA	chr2	70283414	70283593	+	6	0.086688	0	179	False	False	False	215.0	0.6005586592178771	0.7417582417582418	0.7653631284916201	0.9013353271007777	0.6899706453495735	0.0630616413501226	179	179	1.0	0.5139664804469274	0.5418994413407822	0.027932960893854775	False
U_ENSG00000206965.1	ENSG00000206965.1	snRNA	chr2	73258220	73258327	-	6	0.301098	0	107	False	False	False	40.0	0.18691588785046728	0.5094339622641509	0.4672897196261683	0.5641687214933658	0.3508077879391538	0.18097477446463092	107	107	1.0	0.45794392523364486	0.4953271028037383	0.03738317757009346	False
U_ENSG00000283936.1	ENSG00000283936.1	miRNA	chr1	167053792	167053848	-	8	0.140044	56	56	True	True	True	80.0	0.7142857142857143	0.8571428571428571	0.8035714285714286	0.8545393882031144	0.6495202917011509	0.13606026860996148	56	56	1.0	0.25	0.375	0.125	False
U_ENSG00000207729.3	ENSG00000207729.3	miRNA	chr1	170167171	170167264	-	8	0.378678	0	93	False	False	False	31.0	0.16666666666666666	0.5441176470588235	0.43157894736842106	0.5482510958464981	0.28142954039492113	0.20264879463704175	95	93	0.9789473684210527	0.2736842105263158	0.3978494623655914	0.12416525183927557	False
U_ENSG00000277313.1	ENSG00000277313.1	misc_RNA	chr3	97780089	97780339	+	4	0.266804	0	250	False	False	False	158.0	0.316	0.6052631578947368	0.56	0.8204495292214808	0.5870850689618086	0.09902673097138918	250	250	1.0	0.416	0.432	0.016000000000000014	False
U_ENSG00000274266.1	ENSG00000274266.1	snoRNA	chr4	132080088	132080295	-	5	0.070189	202	207	True	True	False	324.0	0.7864077669902912	0.8823529411764706	0.8502415458937198	0.9067148026053375	0.782539463490126	0.060637697704247415	206	207	0.9951690821256038	0.5631067961165048	0.5555555555555556	0.007551240560949246	False
U_ENSG00000200087.1	ENSG00000200087.1	snoRNA	chr4	132079631	132079835	-	5	0.064737	204	204	True	True	True	334.0	0.8186274509803921	0.8910891089108911	0.8725490196078431	0.9161612379132427	0.7743985859971956	0.057023827107341	204	204	1.0	0.5490196078431373	0.5490196078431373	0.0	False
U_ENSG00000207082.1	ENSG00000207082.1	snRNA	chr1	168181314	168181421	-	8	0.198919	0	107	False	False	False	26.0	0.12149532710280374	0.5	0.4392523364485982	0.45885446455915374	0.22698105077474723	0.19471478717500276	107	107	1.0	0.4392523364485981	0.5607476635514018	0.1214953271028037	False
U_tRNA-Gly-GCC-2-1	tRNA-Gly-GCC-2-1	tRNA	chr1	170872550	170872621	+	8	0.0	68	71	True	True	False	136.0	0.9577464788732394	1.0	0.9154929577464789	0.9794750301772848	0.9673913043478263	0.034992710611188256	71	71	1.0	0.6197183098591549	0.6056338028169014	0.014084507042253502	False
U_ENSG00000201987.1	ENSG00000201987.1	misc_RNA	chr1	167978756	167978857	-	8	0.386173	0	101	False	False	False	32.0	0.15841584158415842	0.5789473684210527	0.47058823529411764	0.5341619776235734	0.2748291210036411	0.1606523438080579	102	101	0.9901960784313726	0.4215686274509804	0.39603960396039606	0.025529023490584335	False
U_ENSG00000199497.1	ENSG00000199497.1	snRNA	chr2	152820582	152820760	+	7	0.364199	0	178	False	False	False	55.0	0.15895953757225434	0.5365853658536586	0.4382022471910112	0.8173355624282792	0.5495942224794577	0.08784361865237451	173	178	0.9719101123595506	0.4913294797687861	0.4943820224719101	0.003052542703123995	False
U_ENSG00000290111.1	ENSG00000290111.1	lncRNA	chr4	120852951	120853153	+	5	0.195094	0	202	False	False	False	156.0	0.38613861386138615	0.6494845360824743	0.6237623762376238	0.881051443556338	0.6694630634594321	0.07070980300274576	202	202	1.0	0.4306930693069307	0.43564356435643564	0.004950495049504955	False
U_ENSG00000212527.1	ENSG00000212527.1	rRNA_pseudogene	chr1	169190264	169190376	-	8	0.337995	0	112	False	False	False	30.0	0.13392857142857142	0.5	0.4285714285714286	0.7426600996753012	0.3912180264486852	0.08354611257203337	112	112	1.0	0.44642857142857145	0.4017857142857143	0.04464285714285715	False
U_tRNA-Gly-TCC-2-6	tRNA-Gly-TCC-2-6	tRNA	chr1	170865569	170865641	-	8	0.0	68	72	True	True	False	136.0	0.9444444444444444	1.0	0.8888888888888888	0.9657239582865691	0.9581070832727435	0.039837001756988594	72	72	1.0	0.5833333333333334	0.5694444444444444	0.01388888888888895	False
U_tRNA-Asn-GTT-1-1	tRNA-Asn-GTT-1-1	tRNA	chr1	170861514	170861588	-	8	0.0	70	74	True	True	False	137.0	0.9256756756756757	0.9857142857142858	0.8783783783783784	0.958019758452371	0.9177208669197899	0.03355465401072847	74	74	1.0	0.5945945945945946	0.6081081081081081	0.013513513513513487	False
U_ENSG00000221680.1	ENSG00000221680.1	miRNA	chr1	143564143	143564221	-	8	0.388402	0	78	False	False	False	28.0	0.1794871794871795	0.5094339622641509	0.5061728395061729	0.6174771197630523	0.24490866341253376	0.1525357363656527	81	78	0.9629629629629629	0.37037037037037035	0.4358974358974359	0.06552706552706555	False
U_ENSG00000266144.1	ENSG00000266144.1	miRNA	chr1	170340507	170340585	-	8	0.115429	0	78	False	False	False	85.0	0.5592105263157895	0.7397260273972602	0.6666666666666667	0.8539768499524569	0.561146446738563	0.08215569771136863	76	78	0.9743589743589743	0.5657894736842105	0.5641025641025641	0.001686909581646412	False
U_ENSG00000266463.1	ENSG00000266463.1	miRNA	chr2	180574342	180574411	+	7	0.231536	0	69	False	False	False	28.0	0.21875	0.559322033898305	0.5217391304347826	0.6430350615605276	0.38250002829142327	0.18439823165352592	64	69	0.927536231884058	0.75	0.5942028985507246	0.1557971014492754	False
U_tRNA-Leu-CAG-1-6	tRNA-Leu-CAG-1-6	tRNA	chr1	170866178	170866261	+	8	0.0	79	83	True	True	False	155.0	0.9337349397590361	0.9873417721518988	0.891566265060241	0.9565358657686841	0.9301860558186066	0.03449301371641695	83	83	1.0	0.6385542168674698	0.6144578313253012	0.02409638554216864	False
U_ENSG00000295432.1	ENSG00000295432.1	lncRNA	chr2	148358424	148358605	+	7	0.122241	0	181	False	False	False	87.0	0.24033149171270718	0.5660377358490566	0.4861878453038674	0.8354385269288571	0.5949848232136628	0.08164965809277261	181	181	1.0	0.36464088397790057	0.35359116022099446	0.011049723756906105	False
U_ENSG00000303850.1	ENSG00000303850.1	lncRNA	chr3	96068432	96068684	-	4	0.043661	14	252	True	False	False	232.0	0.4603174603174603	0.6692913385826772	0.5674603174603174	0.9238511998192973	0.7556552931855489	0.060944456337762375	252	252	1.0	0.4444444444444444	0.4603174603174603	0.015873015873015872	False
U_ENSG00000272478.1	ENSG00000272478.1	lncRNA	chr4	134253625	134253848	+	5	0.087437	198	223	True	True	False	293.0	0.6599099099099099	0.8153153153153153	0.7354260089686099	0.9211768094555345	0.7586708082883097	0.05465488464969156	222	223	0.9955156950672646	0.45495495495495497	0.4977578475336323	0.04280289257867731	False
U_ENSG00000283359.1	ENSG00000283359.1	miRNA	chr13	90458388	90458458	-	9	0.343165	0	70	False	False	False	40.0	0.2857142857142857	0.6153846153846154	0.3857142857142857	0.5682047553190426	0.19545395158709697	0.1296271291304226	70	70	1.0	0.34285714285714286	0.38571428571428573	0.04285714285714287	False
U_ENSG00000300865.1	ENSG00000300865.1	lncRNA	chr2	167918019	167918181	-	7	0.307841	0	162	False	False	False	99.0	0.3055555555555556	0.6013513513513513	0.5209580838323353	0.7510021208757127	0.4369347535807406	0.11511697684541777	167	162	0.9700598802395209	0.3772455089820359	0.5	0.1227544910179641	False
U_ENSG00000266458.1	ENSG00000266458.1	miRNA	chr1	172348763	172348862	+	8	0.129615	99	99	True	True	True	79.0	0.398989898989899	0.6555555555555556	0.5841584158415842	0.7042223427315688	0.5211575984405274	0.17758198181841425	101	99	0.9801980198019802	0.6435643564356436	0.5252525252525253	0.11831183118311828	False
U_ENSG00000261431.1	ENSG00000261431.1	lncRNA	chr2	158636394	158636576	-	7	0.136859	0	182	False	False	False	59.0	0.1620879120879121	0.5123456790123457	0.44385026737967914	0.7518108351874246	0.42793509350839726	0.10345560520457024	187	182	0.9732620320855615	0.5508021390374331	0.5439560439560439	0.006846095081389225	False
U_ENSG00000252407.1	ENSG00000252407.1	snRNA	chr1	151110785	151110847	-	8	0.555052	0	62	False	False	False	27.0	0.21774193548387097	0.65625	0.4354838709677419	0.6696121008910886	0.3771325854097541	0.13715738139902878	62	62	1.0	0.3064516129032258	0.2903225806451613	0.016129032258064502	False
U_ENSG00000283598.1	ENSG00000283598.1	miRNA	chr1	162805908	162805963	-	8	0.369559	0	55	False	False	False	40.0	0.36363636363636365	0.6326530612244898	0.5	0.5729822970146562	0.3829513052690351	0.16475203718593093	60	55	0.9166666666666666	0.55	0.4909090909090909	0.05909090909090914	False
U_ENSG00000207776.1	ENSG00000207776.1	miRNA	chr4	154295181	154295276	+	5	0.212487	0	95	False	False	False	42.0	0.22105263157894736	0.5588235294117647	0.4375	0.762804867326181	0.42906831257765654	0.10800089906687291	96	95	0.9895833333333334	0.6145833333333334	0.5052631578947369	0.10932017543859651	False
U_tRNA-Pro-CGG-1-1	tRNA-Pro-CGG-1-1	tRNA	chr1	165469843	165469915	-	8	0.0	68	72	True	True	False	136.0	0.9444444444444444	1.0	0.8888888888888888	0.9869275424396534	0.9659714619478612	0.03449985553215744	72	72	1.0	0.625	0.6111111111111112	0.01388888888888884	False
U_tRNA-Pro-AGG-2-1	tRNA-Pro-AGG-2-1	tRNA	chr1	165469199	165469271	+	8	0.0	69	72	True	True	False	138.0	0.9583333333333334	1.0	0.9166666666666666	0.9797958971132712	0.967032967032967	0.039837001756988594	72	72	1.0	0.6111111111111112	0.5833333333333334	0.02777777777777779	False
U_ENSG00000276525.1	ENSG00000276525.1	misc_RNA	chr2	136368669	136368921	+	7	0.358525	0	252	False	False	False	61.0	0.12103174603174603	0.502092050209205	0.4365079365079365	0.6172024983508427	0.35038349879295894	0.18108873589423924	252	252	1.0	0.5238095238095238	0.3333333333333333	0.19047619047619052	False
U_ENSG00000221390.1	ENSG00000221390.1	miRNA	chr1	162805883	162805958	+	8	0.366004	0	75	False	False	False	46.0	0.30666666666666664	0.6065573770491803	0.45569620253164556	0.5146413658049723	0.33636363636363636	0.19628258317070923	79	75	0.9493670886075949	0.5189873417721519	0.4266666666666667	0.0923206751054852	False
U_ENSG00000202078.1	ENSG00000202078.1	misc_RNA	chr1	171924727	171924835	+	8	0.23019	0	108	False	False	False	28.0	0.12962962962962962	0.4945054945054945	0.4513274336283186	0.4749996096608172	0.23146997054254279	0.18691205084989804	113	108	0.9557522123893806	0.40707964601769914	0.3333333333333333	0.07374631268436582	False
U_ENSG00000283933.1	ENSG00000283933.1	miRNA	chr3	95657745	95657811	-	4	0.14699	0	66	False	False	False	27.0	0.20454545454545456	0.55	0.5151515151515151	0.7288765166106368	0.40044364355795825	0.13234346564680965	66	66	1.0	0.42424242424242425	0.5	0.07575757575757575	False
U_ENSG00000278465.1	ENSG00000278465.1	miRNA	chr1	131203017	131203078	-	8	0.29332	0	61	False	False	False	34.0	0.2786885245901639	0.627906976744186	0.4838709677419355	0.655443364259907	0.33524261720075565	0.19637720359438987	62	61	0.9838709677419355	0.6290322580645161	0.6557377049180327	0.026705446853516612	False
U_ENSG00000294734.1	ENSG00000294734.1	lncRNA	chr4	132668418	132668658	-	5	0.37161	0	240	False	False	False	93.0	0.19375	0.59375	0.4208333333333333	0.6743282944426514	0.3995593499075465	0.1439719709965293	240	240	1.0	0.43333333333333335	0.5958333333333333	0.16249999999999998	False
U_ENSG00000299364.1	ENSG00000299364.1	lncRNA	chr4	109515132	109515366	-	5	0.076467	0	234	False	False	False	214.0	0.4652173913043478	0.6837606837606838	0.6239316239316239	0.8773635186156871	0.7106827258322125	0.07333604181692067	230	234	0.9829059829059829	0.6	0.5683760683760684	0.03162393162393162	False
U_ENSG00000277830.1	ENSG00000277830.1	misc_RNA	chr2	166904929	166905125	+	7	0.0969	196	196	True	True	True	184.0	0.46938775510204084	0.68	0.6717171717171717	0.8902274630689501	0.693836251396354	0.06634664424099027	198	196	0.98989898989899	0.6464646464646465	0.673469387755102	0.027004741290455492	False
U_ENSG00000263390.1	ENSG00000263390.1	miRNA	chr1	163548037	163548123	-	8	0.394388	0	86	False	False	False	40.0	0.23529411764705882	0.5428571428571428	0.4883720930232558	0.7425655343002305	0.4190303792952242	0.14031698377078478	85	86	0.9883720930232558	0.3411764705882353	0.38372093023255816	0.04254445964432285	False
U_ENSG00000283340.1	ENSG00000283340.1	miRNA	chr1	163548032	163548114	+	8	0.414605	0	82	False	False	False	40.0	0.24390243902439024	0.5428571428571428	0.44705882352941173	0.7876096871686574	0.43012253340560735	0.11026278150419333	85	82	0.9647058823529412	0.3411764705882353	0.35365853658536583	0.012482065997130531	False
U_ENSG00000252262.1	ENSG00000252262.1	rRNA_pseudogene	chr1	170171398	170171498	-	8	0.411962	0	100	False	False	False	29.0	0.145	0.47674418604651164	0.49	0.7094544536097257	0.37053305433818723	0.1142798838281289	100	100	1.0	0.43	0.44	0.010000000000000009	False
U_ENSG00000277681.1	ENSG00000277681.1	miRNA	chr1	135327936	135328011	-	8	0.289003	5	75	True	False	False	53.0	0.35333333333333333	0.6428571428571429	0.5733333333333333	0.5574946733380605	0.30669780754107406	0.18429975266197104	75	75	1.0	0.38666666666666666	0.5066666666666667	0.12000000000000005	False
U_ENSG00000202609.4	ENSG00000202609.4	miRNA	chr1	158333207	158333291	+	8	0.040149	84	84	True	True	True	148.0	0.891566265060241	0.927710843373494	0.9166666666666666	0.9244064173174575	0.812218785649746	0.05551240320615868	83	84	0.9880952380952381	0.39759036144578314	0.4166666666666667	0.01907630522088355	False
U_ENSG00000252977.1	ENSG00000252977.1	rRNA_pseudogene	chr1	154302063	154302142	-	8	0.39801	0	79	False	False	False	20.0	0.12658227848101267	0.5151515151515151	0.430379746835443	0.46647620575818377	0.15593623511709007	0.15169435341281068	79	79	1.0	0.46835443037974683	0.379746835443038	0.08860759493670883	False
U_ENSG00000202025.1	ENSG00000202025.1	snRNA	chr1	150327353	150327452	+	8	0.458136	0	99	False	False	False	35.0	0.17676767676767677	0.5394736842105263	0.47115384615384615	0.7299843011863538	0.33454554670677483	0.14391522502584528	104	99	0.9519230769230769	0.4230769230769231	0.32323232323232326	0.09984459984459981	False
U_ENSG00000283152.1	ENSG00000283152.1	miRNA	chr1	162050957	162051038	-	8	0.0	81	81	True	True	True	158.0	0.9753086419753086	1.0	0.9506172839506173	0.9918781139055086	0.9838709677419356	0.02499999999999999	81	81	1.0	0.5432098765432098	0.5308641975308642	0.012345679012345623	False
U_ENSG00000252650.1	ENSG00000252650.1	rRNA_pseudogene	chr1	132786595	132786704	+	8	0.308781	0	109	False	False	False	39.0	0.17889908256880735	0.5909090909090909	0.4504504504504504	0.5537713217656812	0.4550849071626884	0.29759653108619577	111	109	0.9819819819819819	0.5495495495495496	0.4954128440366973	0.05413670551285232	False
U_ENSG00000265917.1	ENSG00000265917.1	miRNA	chr10	93797908	93797971	-	10	0.205543	63	63	True	True	True	61.0	0.49193548387096775	0.74	0.6031746031746033	0.5956833971812706	0.3640728218472825	0.11593542748019793	62	63	0.9841269841269841	0.45161290322580644	0.4603174603174603	0.008704557091653853	False
U_ENSG00000207975.1	ENSG00000207975.1	miRNA	chr1	137894357	137894462	+	8	0.0	105	105	True	True	True	190.0	0.9047619047619048	0.9423076923076923	0.9	0.9401691113986109	0.8539991276580833	0.04827632761797698	110	105	0.9545454545454546	0.44545454545454544	0.4380952380952381	0.007359307359307343	False
U_ENSG00000252860.1	ENSG00000252860.1	snRNA	chr1	136863106	136863213	-	8	0.420127	0	107	False	False	False	38.0	0.18095238095238095	0.5306122448979592	0.5046728971962617	0.6076380588340002	0.30969332510068953	0.14746702418170549	105	107	0.9813084112149533	0.3904761904761905	0.4392523364485981	0.04877614597240765	False
U_ENSG00000212312.1	ENSG00000212312.1	rRNA_pseudogene	chr2	62657794	62657910	+	6	0.447482	0	116	False	False	False	30.0	0.12931034482758622	0.5636363636363636	0.3879310344827587	0.5015544941922561	0.2190283587276093	0.21964053809243633	116	116	1.0	0.4482758620689655	0.3275862068965517	0.12068965517241381	False
U_ENSG00000275958.1	ENSG00000275958.1	misc_RNA	chr2	169037081	169037267	-	7	0.083473	0	186	False	False	False	172.0	0.46236559139784944	0.6888888888888889	0.6020942408376964	0.7480973986470871	0.532166946521258	0.10120707956738852	191	186	0.9738219895287958	0.4397905759162304	0.510752688172043	0.07096211225581261	False
U_tRNA-Lys-TTT-3-1	tRNA-Lys-TTT-3-1	tRNA	chr1	132962068	132962141	-	8	0.0	69	73	True	True	False	138.0	0.9452054794520548	1.0	0.8904109589041096	0.9777777777777777	0.9523809523809523	0.034020690871988585	73	73	1.0	0.5616438356164384	0.547945205479452	0.013698630136986356	False
U_tRNA-Gln-CTG-12-1	tRNA-Gln-CTG-12-1	tRNA	chr10	112818331	112818404	-	10	0.453118	0	73	False	False	False	49.0	0.3356164383561644	0.6545454545454545	0.5753424657534247	0.713607439906064	0.4477215043467819	0.11283386673105501	73	73	1.0	0.5342465753424658	0.4246575342465753	0.10958904109589046	False
U_ENSG00000206692.1	ENSG00000206692.1	misc_RNA	chr1	162691285	162691399	+	8	0.36317	0	114	False	False	False	32.0	0.14035087719298245	0.47368421052631576	0.45299145299145294	0.5565674548789686	0.2482357417293545	0.1654015475646505	117	114	0.9743589743589743	0.39316239316239315	0.5263157894736842	0.13315339631129103	False
U_tRNA-Lys-TTT-3-2	tRNA-Lys-TTT-3-2	tRNA	chr1	132961696	132961769	+	8	0.0	70	73	True	True	False	140.0	0.958904109589041	1.0	0.9178082191780822	0.9928065277243798	0.9770084209183943	0.027777777777777783	73	73	1.0	0.5616438356164384	0.547945205479452	0.013698630136986356	False
U_ENSG00000200327.1	ENSG00000200327.1	rRNA_pseudogene	chr1	169219197	169219304	+	8	0.427494	0	107	False	False	False	32.0	0.14953271028037382	0.5	0.4545454545454546	0.6310397458172416	0.28982238257167464	0.12691121333075167	110	107	0.9727272727272728	0.4818181818181818	0.37383177570093457	0.10798640611724725	False
U_ENSG00000199849.1	ENSG00000199849.1	snRNA	chr1	168472486	168472607	-	8	0.220614	0	121	False	False	False	34.0	0.14655172413793102	0.48214285714285715	0.44628099173553715	0.62856721419566	0.392011291055719	0.17099606876928944	116	121	0.9586776859504132	0.3620689655172414	0.3884297520661157	0.026360786548874304	False
U_ENSG00000207627.1	ENSG00000207627.1	miRNA	chr13	114243956	114244052	+	9	0.430038	0	96	False	False	False	83.0	0.4322916666666667	0.6931818181818182	0.48958333333333337	0.7391498414079198	0.4899773494680241	0.1009648741750046	96	96	1.0	0.3645833333333333	0.3854166666666667	0.02083333333333337	False
U_ENSG00000277818.1	ENSG00000277818.1	misc_RNA	chr13	93377790	93377892	+	9	0.541057	0	102	False	False	False	30.0	0.14705882352941177	0.5555555555555556	0.42156862745098034	0.6440232584672767	0.31165881223134295	0.14551424214553532	102	102	1.0	0.39215686274509803	0.38235294117647056	0.009803921568627472	False
U_ENSG00000264802.1	ENSG00000264802.1	miRNA	chr1	135459385	135459504	-	8	0.31989	0	119	False	False	False	66.0	0.2773109243697479	0.7101449275362319	0.43333333333333335	0.7712705927354059	0.48127707863560903	0.12208498482059717	120	119	0.9916666666666667	0.5666666666666667	0.5126050420168067	0.054061624649859974	False
U_ENSG00000303825.1	ENSG00000303825.1	lncRNA	chr2	170110584	170110788	-	7	0.064673	0	204	False	False	False	137.0	0.33578431372549017	0.6231155778894473	0.5550239234449761	0.833096442203102	0.5764537249505082	0.07735991764300444	209	204	0.9760765550239234	0.39712918660287083	0.4411764705882353	0.04404728398536445	False
U_ENSG00000212232.1	ENSG00000212232.1	snoRNA	chr2	144107898	144108133	-	7	0.069852	235	235	True	True	True	350.0	0.7446808510638298	0.8403361344537815	0.8354430379746836	0.9030011103201988	0.7425406741582787	0.06313427517017302	237	235	0.9915611814345991	0.4978902953586498	0.5148936170212766	0.017003321662626747	False
U_ENSG00000221788.1	ENSG00000221788.1	miRNA	chr10	108361859	108361924	-	10	0.323179	0	65	False	False	False	36.0	0.27692307692307694	0.5625	0.5076923076923077	0.6234186058411204	0.36049204695725007	0.22207297505549836	65	65	1.0	0.26153846153846155	0.38461538461538464	0.12307692307692308	False
U_ENSG00000252553.1	ENSG00000252553.1	rRNA_pseudogene	chr1	147174316	147174425	+	8	0.354243	0	109	False	False	False	35.0	0.16203703703703703	0.5512820512820513	0.4862385321100917	0.6871553600864806	0.40737929721753174	0.13210619076270622	108	109	0.9908256880733946	0.4722222222222222	0.3761467889908257	0.0960754332313965	False
U_ENSG00000283621.1	ENSG00000283621.1	miRNA	chr10	126902734	126902797	+	10	0.0	0	63	False	False	False	62.0	0.49206349206349204	0.7288135593220338	0.6923076923076923	0.8210496260894183	0.5876836798544174	0.07182415463927301	65	63	0.9692307692307692	0.47692307692307695	0.5238095238095238	0.046886446886446886	False
U_ENSG00000206606.1	ENSG00000206606.1	snRNA	chr13	116655861	116655963	+	9	0.092524	0	102	False	False	False	73.0	0.35784313725490197	0.6055045871559633	0.6074766355140186	0.7362867396977183	0.3529030186050277	0.08214933324752065	107	102	0.9532710280373832	0.35514018691588783	0.4215686274509804	0.06642844053509256	False
U_ENSG00000207546.1	ENSG00000207546.1	miRNA	chr10	121302162	121302259	-	10	0.493449	0	97	False	False	False	36.0	0.18556701030927836	0.5	0.45360824742268047	0.6147530264966251	0.32000048393304487	0.15934435979977452	97	97	1.0	0.3402061855670103	0.4639175257731959	0.12371134020618557	False
U_ENSG00000198983.1	ENSG00000198983.1	miRNA	chr13	113174068	113174160	+	9	0.020902	90	92	True	True	False	141.0	0.7747252747252747	0.8555555555555555	0.8369565217391304	0.8545050537742858	0.6790823824879525	0.07956806951528385	91	92	0.9891304347826086	0.42857142857142855	0.4891304347826087	0.060559006211180155	False
U_ENSG00000264405.1	ENSG00000264405.1	miRNA	chr10	116900266	116900368	+	10	0.492576	0	102	False	False	False	56.0	0.27450980392156865	0.6296296296296297	0.4411764705882353	0.7717265826680871	0.4641337272131807	0.1038424602148665	102	102	1.0	0.3333333333333333	0.4117647058823529	0.0784313725490196	False
U_ENSG00000283677.1	ENSG00000283677.1	miRNA	chr10	116900261	116900356	-	10	0.593592	0	95	False	False	False	55.0	0.2894736842105263	0.6125	0.43999999999999995	0.7302764586770026	0.4212161773584345	0.12354908644233123	100	95	0.95	0.33	0.42105263157894735	0.09105263157894733	False
U_ENSG00000221028.1	ENSG00000221028.1	miRNA	chr1	135382347	135382434	-	8	0.110172	74	87	True	True	False	94.0	0.5402298850574713	0.7647058823529411	0.6521739130434783	0.8592330476763252	0.6526424411601698	0.07511395546347889	92	87	0.9456521739130435	0.5869565217391305	0.632183908045977	0.04522738630684653	False
U_ENSG00000306244.1	ENSG00000306244.1	lncRNA	chr2	167473975	167474184	+	7	0.234598	75	209	True	False	False	109.0	0.2607655502392344	0.585635359116022	0.48571428571428577	0.715875429714234	0.5185492315496607	0.16380896728316993	210	209	0.9952380952380953	0.5238095238095238	0.722488038277512	0.19867851446798812	False
U_ENSG00000284078.1	ENSG00000284078.1	miRNA	chr13	86193101	86193178	-	9	0.064865	60	77	True	True	False	114.0	0.7402597402597403	0.8481012658227848	0.8227848101265822	0.8804422127829453	0.7758620689655173	0.08002710434139283	79	77	0.9746835443037974	0.379746835443038	0.2987012987012987	0.08104553674173931	False
U_ENSG00000265919.1	ENSG00000265919.1	miRNA	chr13	85584498	85584572	+	9	0.239377	0	74	False	False	False	49.0	0.3310810810810811	0.5972222222222222	0.5789473684210527	0.7030387463141693	0.4074800906266778	0.11860704004962704	76	74	0.9736842105263158	0.4342105263157895	0.43243243243243246	0.0017780938833570348	False
U_ENSG00000206659.1	ENSG00000206659.1	misc_RNA	chr1	160023497	160023601	+	8	0.539123	0	104	False	False	False	27.0	0.1323529411764706	0.46875	0.42307692307692313	0.5482008319100637	0.2719938678437412	0.17935515889918127	102	104	0.9807692307692307	0.4215686274509804	0.375	0.04656862745098039	False
U_ENSG00000263858.1	ENSG00000263858.1	miRNA	chrX	20742179	20742256	+	11	0.178803	0	77	False	False	False	53.0	0.34415584415584416	0.618421052631579	0.5714285714285714	0.607917404911378	0.2708034268410178	0.17256417169215793	77	77	1.0	0.5584415584415584	0.45454545454545453	0.10389610389610388	False
U_ENSG00000212247.1	ENSG00000212247.1	snRNA	chr2	140221135	140221246	-	7	0.419032	0	111	False	False	False	34.0	0.1559633027522936	0.5306122448979592	0.43243243243243246	0.6615996813722919	0.39848544566458644	0.18823355713368067	109	111	0.9819819819819819	0.3853211009174312	0.44144144144144143	0.056120340524010215	False
U_ENSG00000307158.1	ENSG00000307158.1	lncRNA	chr2	72809815	72810061	+	6	0.025715	146	246	True	True	False	349.0	0.709349593495935	0.80859375	0.776	0.9680007050175622	0.9291043780783328	0.04149166339497819	250	246	0.984	0.724	0.7276422764227642	0.003642276422764268	False
U_ENSG00000207080.2	ENSG00000207080.2	misc_RNA	chr1	152034447	152034555	-	8	0.540902	0	108	False	False	False	34.0	0.1574074074074074	0.5151515151515151	0.4444444444444444	0.6174969805662239	0.31974512403195066	0.16079112648677804	108	108	1.0	0.4537037037037037	0.3611111111111111	0.09259259259259262	False
U_tRNA-Leu-CTA-chr5-1	tRNA-Leu-CTA-chr5-1	tRNA	chr13	109604240	109604323	-	9	0.191217	0	83	False	False	False	64.0	0.3855421686746988	0.6190476190476191	0.6024096385542168	0.6483728186876189	0.41880529841930714	0.15035156104802383	83	83	1.0	0.5421686746987951	0.43373493975903615	0.108433734939759	False
U_ENSG00000212259.1	ENSG00000212259.1	snRNA	chr13	76280251	76280360	-	9	0.525093	0	109	False	False	False	46.0	0.21495327102803738	0.5531914893617021	0.5321100917431192	0.8011018139233613	0.4750456986355144	0.08630858900058239	107	109	0.981651376146789	0.37383177570093457	0.3669724770642202	0.006859298636714362	False
U_ENSG00000238842.1	ENSG00000238842.1	snRNA	chr10	107853279	107853344	+	10	0.430854	0	65	False	False	False	22.0	0.16923076923076924	0.6153846153846154	0.4477611940298507	0.5480607745504402	0.24748737341529162	0.20175011044598676	67	65	0.9701492537313433	0.40298507462686567	0.3230769230769231	0.07990815154994257	False
U_ENSG00000283844.1	ENSG00000283844.1	miRNA	chr1	162050931	162051041	+	8	0.0	110	110	True	True	True	210.0	0.9545454545454546	1.0	0.9090909090909091	0.990166690137285	0.9732448805304971	0.01834862385321101	110	110	1.0	0.5636363636363636	0.5636363636363636	0.0	False
U_ENSG00000276233.1	ENSG00000276233.1	misc_RNA	chr13	108572470	108572596	-	9	0.131897	0	126	False	False	False	60.0	0.23809523809523808	0.5922330097087378	0.5038167938931297	0.8119407566746527	0.5355596144595253	0.07881729302934333	131	126	0.9618320610687023	0.5267175572519084	0.46825396825396826	0.05846358899794013	False
U_ENSG00000284152.1	ENSG00000284152.1	miRNA	chr10	127135323	127135383	-	10	0.127289	7	60	True	False	False	49.0	0.4083333333333333	0.6349206349206349	0.6031746031746033	0.6986895871267682	0.4720587952499556	0.1280345260395595	63	60	0.9523809523809523	0.5238095238095238	0.5833333333333334	0.059523809523809534	False
U_ENSG00000199059.3	ENSG00000199059.3	miRNA	chr1	132125819	132125916	+	8	0.0	91	97	True	True	False	168.0	0.865979381443299	0.9555555555555556	0.8350515463917526	0.9593464764841845	0.8876761961346255	0.036084391824351615	97	97	1.0	0.5257731958762887	0.5463917525773195	0.020618556701030855	False
U_ENSG00000212599.1	ENSG00000212599.1	snRNA	chr10	125403590	125403687	+	10	0.336109	0	97	False	False	False	38.0	0.1958762886597938	0.5463917525773195	0.4653465346534653	0.6904472170806165	0.40940175536665363	0.15580882160163104	101	97	0.9603960396039604	0.3564356435643564	0.23711340206185566	0.11932224150250076	False
U_ENSG00000283476.1	ENSG00000283476.1	miRNA	chr10	117181693	117181755	+	10	0.0	62	62	True	True	True	101.0	0.8145161290322581	0.9193548387096774	0.8709677419354839	0.9430379746835443	0.8804867977791903	0.046367657782724434	62	62	1.0	0.2903225806451613	0.2903225806451613	0.0	False
U_ENSG00000207728.1	ENSG00000207728.1	miRNA	chr13	113173944	113174041	+	9	0.124455	80	97	True	True	False	136.0	0.7010309278350515	0.8494623655913979	0.7835051546391752	0.8639637759925012	0.7057589553983711	0.09199750902424841	97	97	1.0	0.4845360824742268	0.5876288659793815	0.10309278350515466	False
U_ENSG00000251856.1	ENSG00000251856.1	miRNA	chr13	113172522	113172614	+	9	0.072499	92	92	True	True	True	110.0	0.5978260869565217	0.7906976744186046	0.6956521739130435	0.836652718917121	0.6449355125302222	0.09324485026635791	92	92	1.0	0.4673913043478261	0.5217391304347826	0.054347826086956486	False
U_ENSG00000208024.1	ENSG00000208024.1	miRNA	chr1	162045380	162045490	+	8	0.0	110	110	True	True	True	205.0	0.9318181818181818	0.9719626168224299	0.9363636363636364	0.9635036496350365	0.9359291920897587	0.022472382961313563	110	110	1.0	0.5363636363636364	0.5454545454545454	0.009090909090909038	False
U_ENSG00000284447.1	ENSG00000284447.1	miRNA	chr13	83886922	83887009	+	9	0.0	87	87	True	True	True	170.0	0.9770114942528736	1.0	0.9540229885057472	0.9901958416788311	0.9834699358669274	0.02325581395348837	87	87	1.0	0.367816091954023	0.367816091954023	0.0	False
U_ENSG00000222532.1	ENSG00000222532.1	miRNA	chrX	94240973	94241059	-	11	0.403962	0	86	False	False	False	72.0	0.4186046511627907	0.6986301369863014	0.5232558139534884	0.7937116031343321	0.5158892635861543	0.11646464631307842	86	86	1.0	0.4418604651162791	0.32558139534883723	0.11627906976744184	False
U_ENSG00000272262.1	ENSG00000272262.1	snRNA	chr1	134838190	134838290	+	8	0.578124	0	100	False	False	False	33.0	0.165	0.6101694915254238	0.45999999999999996	0.5596517412647227	0.2567626179133612	0.15318940291013233	100	100	1.0	0.35	0.45	0.10000000000000003	False
U_ENSG00000207031.1	ENSG00000207031.1	snoRNA	chr10	127920010	127920085	+	10	0.072838	74	75	True	True	False	119.0	0.7933333333333333	0.88	0.88	0.8889026066275547	0.7254901960784315	0.09362436797669607	75	75	1.0	0.37333333333333335	0.4666666666666667	0.09333333333333332	False
U_ENSG00000202601.4	ENSG00000202601.4	miRNA	chr13	109461267	109461365	+	9	0.0	81	98	True	True	False	167.0	0.8520408163265306	0.925531914893617	0.846938775510204	0.9446494687482695	0.8390964949642101	0.032600800620292573	98	98	1.0	0.35714285714285715	0.37755102040816324	0.02040816326530609	False
U_ENSG00000212215.1	ENSG00000212215.1	snRNA	chr13	107746291	107746386	+	9	0.115566	0	95	False	False	False	80.0	0.42105263157894735	0.6344086021505376	0.6	0.736847312241476	0.48507125007266594	0.1276595744680851	95	95	1.0	0.4	0.30526315789473685	0.09473684210526317	False
U_ENSG00000208022.1	ENSG00000208022.1	miRNA	chr10	107109573	107109671	+	10	0.123754	0	98	False	False	False	73.0	0.37244897959183676	0.6333333333333333	0.5714285714285714	0.7835535638592488	0.4503911343632815	0.10309278350515463	98	98	1.0	0.45918367346938777	0.40816326530612246	0.05102040816326531	False
U_ENSG00000206762.1	ENSG00000206762.1	snRNA	chr1	131972741	131972844	-	8	0.447536	0	103	False	False	False	28.0	0.13592233009708737	0.6	0.4299065420560748	0.51098182971573	0.23463943765014822	0.20214002220268043	107	103	0.9626168224299065	0.45794392523364486	0.5728155339805825	0.11487160874693764	False
U_ENSG00000252833.1	ENSG00000252833.1	rRNA_pseudogene	chr13	96261477	96261573	+	9	0.464232	0	96	False	False	False	35.0	0.18617021276595744	0.5138888888888888	0.4375	0.6982817444928583	0.273636341319351	0.13761160192895777	94	96	0.9791666666666666	0.46808510638297873	0.46875	0.0006648936170212671	False
U_ENSG00000222960.1	ENSG00000222960.1	snRNA	chr13	114271915	114272014	+	9	0.51746	0	99	False	False	False	32.0	0.16161616161616163	0.5	0.4807692307692307	0.7219432453992631	0.3128286352853822	0.13067052195570528	104	99	0.9519230769230769	0.3557692307692308	0.37373737373737376	0.017968142968142975	False
U_ENSG00000278039.1	ENSG00000278039.1	misc_RNA	chrX	102524546	102524626	+	11	0.146896	80	80	True	True	True	84.0	0.525	0.7283950617283951	0.6588235294117647	0.7452276929908462	0.47854659356680135	0.09635624619237013	85	80	0.9411764705882353	0.5176470588235295	0.425	0.09264705882352947	False
U_ENSG00000207635.1	ENSG00000207635.1	miRNA	chr2	155464773	155464895	+	7	0.0	79	122	True	True	False	186.0	0.7622950819672131	0.8793103448275862	0.7868852459016393	0.9025311832285582	0.7814711177908572	0.08588681690424185	122	122	1.0	0.5983606557377049	0.5737704918032787	0.024590163934426257	False
U_ENSG00000207759.1	ENSG00000207759.1	miRNA	chr1	137894177	137894287	+	8	0.0	94	110	True	True	False	183.0	0.8318181818181818	0.96875	0.8272727272727273	0.9243357886457162	0.8414593578486091	0.053494971512342206	110	110	1.0	0.41818181818181815	0.42727272727272725	0.009090909090909094	False
U_ENSG00000274230.1	ENSG00000274230.1	misc_RNA	chr10	91971557	91971666	-	10	0.128174	105	109	True	True	False	177.0	0.8119266055045872	0.8952380952380953	0.8348623853211009	0.8692353320595958	0.732881799725506	0.07407407407407407	109	109	1.0	0.41284403669724773	0.47706422018348627	0.06422018348623854	False
U_tRNA-Ser-CGA-4-1	tRNA-Ser-CGA-4-1	tRNA	chr10	128294336	128294418	-	10	0.0	78	82	True	True	False	156.0	0.9512195121951219	1.0	0.9024390243902439	0.9781566807605923	0.9600480036003	0.03491885339192827	82	82	1.0	0.573170731707317	0.573170731707317	0.0	False
U_ENSG00000278421.1	ENSG00000278421.1	misc_RNA	chrX	102639543	102639614	+	11	0.0	71	71	True	True	True	96.0	0.676056338028169	0.7971014492753623	0.7887323943661972	0.7654830706987985	0.5282705437953743	0.07824607964359515	71	71	1.0	0.38028169014084506	0.39436619718309857	0.014084507042253502	False
U_ENSG00000284336.1	ENSG00000284336.1	miRNA	chr13	78311919	78312012	+	9	0.18627	93	93	True	True	True	62.0	0.3333333333333333	0.6235294117647059	0.5806451612903225	0.8224320001057489	0.6535779086592037	0.11400096175762517	93	93	1.0	0.6989247311827957	0.7741935483870968	0.07526881720430101	False
U_ENSG00000275207.1	ENSG00000275207.1	miRNA	chr1	135193138	135193251	-	8	0.139051	113	113	True	True	True	49.0	0.2168141592920354	0.5543478260869565	0.4601769911504425	0.7305006805769194	0.4562602049412189	0.12111303541295122	113	113	1.0	0.4778761061946903	0.5309734513274337	0.05309734513274339	False
U_ENSG00000199168.3	ENSG00000199168.3	miRNA	chrX	102659182	102659254	-	11	0.262913	0	72	False	False	False	62.0	0.4305555555555556	0.6944444444444444	0.5972222222222222	0.7471757960415172	0.46601941747572817	0.08212608302599014	72	72	1.0	0.3194444444444444	0.3611111111111111	0.041666666666666685	False
U_ENSG00000211991.4	ENSG00000211991.4	miRNA	chrX	99424714	99424781	+	11	0.0	67	67	True	True	True	116.0	0.8656716417910447	0.9104477611940298	0.9104477611940298	0.8898242299511813	0.7239349239274024	0.06060606060606061	67	67	1.0	0.44776119402985076	0.47761194029850745	0.02985074626865669	False
U_ENSG00000207789.1	ENSG00000207789.1	miRNA	chr10	126831397	126831481	+	10	0.0	83	84	True	True	False	148.0	0.8809523809523809	0.927710843373494	0.9047619047619048	0.9492616602609573	0.8694623136956247	0.05111615285685887	84	84	1.0	0.47619047619047616	0.5238095238095238	0.04761904761904767	False
U_ENSG00000199179.3	ENSG00000199179.3	miRNA	chr10	122821548	122821632	-	10	0.0	84	84	True	True	True	162.0	0.9642857142857143	1.0	0.9285714285714286	0.9866778946449827	0.9736038343008392	0.02951192461184552	84	84	1.0	0.5357142857142857	0.5595238095238095	0.023809523809523836	False
U_ENSG00000200702.1	ENSG00000200702.1	misc_RNA	chrX	17283147	17283249	+	11	0.297136	0	102	False	False	False	35.0	0.1715686274509804	0.5432098765432098	0.4411764705882353	0.5362306313922117	0.26390870338021416	0.1847005753086894	102	102	1.0	0.4411764705882353	0.3627450980392157	0.0784313725490196	False
U_ENSG00000199279.1	ENSG00000199279.1	snRNA	chr13	107055844	107055951	-	9	0.119528	0	107	False	False	False	100.0	0.4672897196261682	0.6822429906542056	0.6448598130841121	0.8441454004439318	0.6096462445906999	0.08224337629322027	107	107	1.0	0.3925233644859813	0.4392523364485981	0.04672897196261683	False
U_ENSG00000207336.1	ENSG00000207336.1	snRNA	chr13	97310196	97310297	+	9	0.092264	101	101	True	True	True	28.0	0.13861386138613863	0.6326530612244898	0.4716981132075472	0.6752746015039462	0.28715366150263205	0.11123303967637611	106	101	0.9528301886792453	0.3867924528301887	0.45544554455445546	0.06865309172426676	False
U_tRNA-Asp-GTC-2-8	tRNA-Asp-GTC-2-8	tRNA	chr10	93288843	93288915	-	10	0.0	68	72	True	True	False	136.0	0.9444444444444444	1.0	0.8888888888888888	0.9683342567918952	0.9560868625499337	0.04453912197420253	72	72	1.0	0.625	0.5972222222222222	0.02777777777777779	False
U_ENSG00000199645.1	ENSG00000199645.1	snRNA	chr13	97265312	97265421	-	9	0.539589	109	109	True	True	True	44.0	0.20952380952380953	0.5357142857142857	0.5229357798165137	0.7129361524869543	0.4160193032572889	0.15100135053021604	105	109	0.963302752293578	0.4095238095238095	0.3577981651376147	0.05172564438619481	False
U_ENSG00000221479.3	ENSG00000221479.3	miRNA	chr10	91973010	91973080	-	10	0.0	70	70	True	True	True	132.0	0.9428571428571428	1.0	0.8857142857142857	0.9782608695652174	0.9493670886075949	0.028985507246376812	70	70	1.0	0.5571428571428572	0.5285714285714286	0.02857142857142858	False
U_ENSG00000274655.1	ENSG00000274655.1	misc_RNA	chrX	102504823	102504891	-	11	0.124963	68	68	True	True	True	109.0	0.8014705882352942	0.8676470588235294	0.8676470588235294	0.8948415654446609	0.7472527472527473	0.0990037250852358	68	68	1.0	0.4411764705882353	0.5147058823529411	0.07352941176470584	False
U_ENSG00000200462.1	ENSG00000200462.1	snRNA	chr13	85319541	85319649	+	9	0.405579	0	108	False	False	False	34.0	0.1588785046728972	0.5368421052631579	0.4629629629629629	0.6504495885698705	0.31942335005377814	0.1382822492595606	107	108	0.9907407407407407	0.4205607476635514	0.4074074074074074	0.013153340256144008	False
U_ENSG00000212347.2	ENSG00000212347.2	snoRNA	chrX	19163626	19163694	-	11	0.326684	0	68	False	False	False	21.0	0.15441176470588236	0.5306122448979592	0.4852941176470589	0.4490731195102493	0.14635234665292046	0.20245761143657515	68	68	1.0	0.3088235294117647	0.4411764705882353	0.13235294117647056	False
U_ENSG00000264342.3	ENSG00000264342.3	miRNA	chr13	82384045	82384145	+	9	0.117553	0	100	False	False	False	157.0	0.785	0.87	0.86	0.8694858680008639	0.6766917293233081	0.08689217441457199	100	100	1.0	0.38	0.43	0.04999999999999999	False
U_ENSG00000263515.1	ENSG00000263515.1	miRNA	chrX	138415221	138415304	+	11	0.584743	0	83	False	False	False	25.0	0.15060240963855423	0.5166666666666667	0.3614457831325302	0.6335139917237343	0.42735216172364227	0.1825198725255581	83	83	1.0	0.3855421686746988	0.3132530120481928	0.07228915662650603	False
U_ENSG00000284360.1	ENSG00000284360.1	miRNA	chr10	123032785	123032881	-	10	0.0	96	96	True	True	True	164.0	0.8541666666666666	0.9340659340659341	0.8333333333333334	0.9258257197784383	0.8273712734501156	0.04707511531578503	96	96	1.0	0.7083333333333334	0.71875	0.01041666666666663	False
U_ENSG00000238754.1	ENSG00000238754.1	snoRNA	chr1	143654665	143654800	+	8	0.0	135	135	True	True	True	216.0	0.8	0.8666666666666667	0.8666666666666667	0.8948126569765937	0.7153577683486332	0.05970149253731344	135	135	1.0	0.4	0.4222222222222222	0.0222222222222222	False
U_ENSG00000266016.3	ENSG00000266016.3	miRNA	chr10	121302161	121302258	+	10	0.500184	0	97	False	False	False	36.0	0.18556701030927836	0.5	0.4329896907216495	0.6239982924519822	0.32695701619245887	0.1565968372747178	97	97	1.0	0.3402061855670103	0.4639175257731959	0.12371134020618557	False
U_ENSG00000221564.1	ENSG00000221564.1	snRNA	chr10	121057127	121057225	-	10	0.358398	0	98	False	False	False	40.0	0.21052631578947367	0.5632183908045977	0.5204081632653061	0.6543189533634753	0.4621858938863866	0.15715664520363484	95	98	0.9693877551020408	0.4	0.3469387755102041	0.053061224489795944	False
U_ENSG00000273942.1	ENSG00000273942.1	misc_RNA	chr10	91972415	91972551	-	10	0.124537	133	136	True	True	False	102.0	0.375	0.5971223021582733	0.5661764705882353	0.7954769938059386	0.5498742667559189	0.09192350848882117	136	136	1.0	0.4485294117647059	0.5220588235294118	0.0735294117647059	False
U_tRNA-Asp-GTC-1-1	tRNA-Asp-GTC-1-1	tRNA	chr10	91017962	91018034	-	10	0.0	68	72	True	True	False	136.0	0.9444444444444444	1.0	0.8888888888888888	0.9688406073457474	0.9604345329683722	0.039837001756988594	72	72	1.0	0.5972222222222222	0.5972222222222222	0.0	False
U_tRNA-Trp-CCA-4-1	tRNA-Trp-CCA-4-1	tRNA	chr10	91017277	91017349	-	10	0.0	68	72	True	True	False	136.0	0.9444444444444444	1.0	0.8888888888888888	0.971116484717851	0.9506172839506173	0.028169014084507043	72	72	1.0	0.6111111111111112	0.625	0.01388888888888884	False
U_ENSG00000201579.1	ENSG00000201579.1	snRNA	chr10	127969764	127969867	-	10	0.485676	103	103	True	True	True	35.0	0.16990291262135923	0.6829268292682927	0.41346153846153844	0.7016560322439661	0.3543104848723414	0.10910618711168088	104	103	0.9903846153846154	0.4230769230769231	0.4854368932038835	0.06235997012696043	False
U_ENSG00000252906.1	ENSG00000252906.1	scaRNA	chr1	159167853	159167996	+	8	0.0	139	143	True	True	False	207.0	0.7237762237762237	0.8380281690140845	0.8041958041958042	0.8641604143353515	0.6684449594684758	0.05891972017845602	143	143	1.0	0.46853146853146854	0.4825174825174825	0.013986013986013957	False
U_ENSG00000263972.1	ENSG00000263972.1	miRNA	chrX	11684751	11684804	+	11	0.316302	0	53	False	False	False	35.0	0.330188679245283	0.6428571428571429	0.4716981132075472	0.5021867705954005	0.32691611310371343	0.23709284626803756	53	53	1.0	0.6037735849056604	0.4339622641509434	0.16981132075471694	False
U_ENSG00000199172.3	ENSG00000199172.3	miRNA	chr10	93799636	93799730	-	10	0.0	94	94	True	True	True	175.0	0.9308510638297872	0.9887640449438202	0.8829787234042553	0.9746632712682864	0.9427920746672002	0.030413194889743974	94	94	1.0	0.5106382978723404	0.5212765957446809	0.010638297872340496	False
U_ENSG00000252660.1	ENSG00000252660.1	misc_RNA	chr10	122514122	122514224	-	10	0.581263	0	102	False	False	False	25.0	0.12254901960784313	0.5952380952380952	0.42156862745098034	0.6052631879537094	0.24886840673530206	0.16026152530929352	102	102	1.0	0.43137254901960786	0.43137254901960786	0.0	False
U_ENSG00000199051.3	ENSG00000199051.3	miRNA	chrX	111984519	111984591	-	11	0.0	70	72	True	True	False	116.0	0.8055555555555556	0.8888888888888888	0.8888888888888888	0.9174377603722407	0.8023798274034156	0.052699399813717476	72	72	1.0	0.4166666666666667	0.4305555555555556	0.013888888888888895	False
U_ENSG00000212027.3	ENSG00000212027.3	miRNA	chrX	102616678	102616750	-	11	0.0	72	72	True	True	True	129.0	0.8958333333333334	0.9565217391304348	0.9166666666666666	0.9117648294196627	0.8308142249980877	0.0487901635934895	72	72	1.0	0.4166666666666667	0.4166666666666667	0.0	False
U_ENSG00000202324.1	ENSG00000202324.1	rRNA_pseudogene	chr10	90482201	90482324	+	10	0.318773	0	123	False	False	False	58.0	0.23577235772357724	0.6486486486486487	0.43089430894308944	0.6583363338409312	0.35292892135586135	0.1301189169376028	123	123	1.0	0.4959349593495935	0.4634146341463415	0.03252032520325199	False
U_ENSG00000207387.1	ENSG00000207387.1	misc_RNA	chr10	115874997	115875095	-	10	0.385988	0	98	False	False	False	25.0	0.12755102040816327	0.4835164835164835	0.4411764705882353	0.5164462379732442	0.2251853160118411	0.1923837171242265	102	98	0.9607843137254902	0.45098039215686275	0.42857142857142855	0.022408963585434205	False
U_ENSG00000222255.1	ENSG00000222255.1	snRNA	chr10	88268789	88268893	+	10	0.512862	0	104	False	False	False	32.0	0.15384615384615385	0.5454545454545454	0.47115384615384615	0.5590169943749475	0.37033837315511015	0.2031888304510325	104	104	1.0	0.41346153846153844	0.3269230769230769	0.08653846153846151	False
U_ENSG00000252220.1	ENSG00000252220.1	snRNA	chr10	105115795	105115903	-	10	0.065449	0	108	False	False	False	77.0	0.3737864077669903	0.6355140186915887	0.6111111111111112	0.7050207286480722	0.40627320248561194	0.11894943723546002	103	108	0.9537037037037037	0.4077669902912621	0.46296296296296297	0.055195972671700844	False
U_ENSG00000251844.1	ENSG00000251844.1	snoRNA	chr10	91919441	91919537	+	10	0.160456	96	96	True	True	True	100.0	0.5434782608695652	0.6956521739130435	0.6666666666666667	0.7156303973921467	0.4431398477329552	0.13637641762120903	92	96	0.9583333333333334	0.29347826086956524	0.40625	0.11277173913043476	False
U_ENSG00000199895.1	ENSG00000199895.1	misc_RNA	chr10	96435184	96435280	+	10	0.170762	0	96	False	False	False	36.0	0.1875	0.5	0.4653465346534653	0.6936837444256686	0.32718782964599646	0.1183262778643907	101	96	0.9504950495049505	0.43564356435643564	0.4583333333333333	0.022689768976897673	False
U_ENSG00000251857.1	ENSG00000251857.1	rRNA_pseudogene	chr10	120108555	120108672	-	10	0.248592	0	117	False	False	False	98.0	0.4188034188034188	0.6440677966101694	0.5593220338983051	0.8468044248622958	0.5529490754620683	0.07675916649407041	118	117	0.9915254237288136	0.5169491525423728	0.5128205128205128	0.004128639721860061	False
U_ENSG00000277577.1	ENSG00000277577.1	misc_RNA	chrX	102513271	102513397	-	11	0.124397	126	126	True	True	True	194.0	0.7698412698412699	0.8677685950413223	0.7936507936507937	0.865855373411967	0.7050864870791693	0.08690224392960172	126	126	1.0	0.49206349206349204	0.5714285714285714	0.07936507936507936	False
U_ENSG00000238961.1	ENSG00000238961.1	snoRNA	chr13	95467104	95467242	+	9	0.086432	135	138	True	True	False	189.0	0.6847826086956522	0.8	0.7753623188405797	0.848095977005193	0.6508140266182865	0.08512338532620876	138	138	1.0	0.6086956521739131	0.5579710144927537	0.050724637681159424	False
U_ENSG00000238835.1	ENSG00000238835.1	snoRNA	chr13	90247101	90247232	+	9	0.02609	131	131	True	True	True	189.0	0.7213740458015268	0.8217054263565892	0.8059701492537313	0.8691243086065416	0.7139756344129681	0.08334965529951123	134	131	0.9776119402985075	0.40298507462686567	0.4732824427480916	0.07029736812122594	False
U_ENSG00000283534.1	ENSG00000283534.1	miRNA	chrX	102616678	102616748	+	11	0.0	70	70	True	True	True	127.0	0.9071428571428571	0.9558823529411765	0.9285714285714286	0.9157805479913727	0.8467803948114511	0.04583011101693304	70	70	1.0	0.4142857142857143	0.42857142857142855	0.014285714285714235	False
U_ENSG00000264084.1	ENSG00000264084.1	miRNA	chr16	67046778	67046857	-	12	0.396165	0	79	False	False	False	48.0	0.3037974683544304	0.6727272727272727	0.4337349397590361	0.6849816849816851	0.3961861561433397	0.15536841518988617	83	79	0.9518072289156626	0.3253012048192771	0.20253164556962025	0.12276955924965685	False
U_ENSG00000275231.1	ENSG00000275231.1	misc_RNA	chr10	91970829	91970936	-	10	0.041864	107	107	True	True	True	136.0	0.6355140186915887	0.8	0.7383177570093458	0.7899847145985914	0.5203177813676042	0.070597309184414	107	107	1.0	0.4392523364485981	0.48598130841121495	0.04672897196261683	False
U_ENSG00000273974.1	ENSG00000273974.1	misc_RNA	chrX	102648840	102648934	+	11	0.028609	94	94	True	True	True	73.0	0.3882978723404255	0.6627906976744186	0.5425531914893618	0.807621260765426	0.5846326816961647	0.09971632790855596	94	94	1.0	0.44680851063829785	0.44680851063829785	0.0	False
U_ENSG00000252366.1	ENSG00000252366.1	rRNA_pseudogene	chr10	88522772	88522890	-	10	0.42959	0	118	False	False	False	34.0	0.1440677966101695	0.5339805825242718	0.4491525423728814	0.702015041115355	0.4082538824082856	0.13240968704982622	118	118	1.0	0.4322033898305085	0.3220338983050847	0.11016949152542377	False
U_ENSG00000301460.1	ENSG00000301460.1	lncRNA	chr13	81033515	81033657	-	9	0.187286	142	142	True	True	True	135.0	0.4891304347826087	0.6971830985915493	0.6338028169014085	0.7265211369891819	0.5340237497920798	0.1399106233319709	138	142	0.971830985915493	0.43478260869565216	0.5563380281690141	0.12155541947336196	False
U_ENSG00000265253.1	ENSG00000265253.1	miRNA	chr16	44093038	44093101	-	12	0.185741	0	63	False	False	False	41.0	0.3253968253968254	0.5714285714285714	0.5074626865671642	0.5294570019754433	0.2584432806109095	0.15866219848408608	67	63	0.9402985074626866	0.5373134328358209	0.5396825396825397	0.0023691068467187604	False
U_ENSG00000265584.1	ENSG00000265584.1	miRNA	chrX	141538858	141538959	+	11	0.137314	0	101	False	False	False	100.0	0.49504950495049505	0.696969696969697	0.6039603960396039	0.7355331607404111	0.45197791711397295	0.10862780491200215	101	101	1.0	0.48514851485148514	0.5148514851485149	0.02970297029702973	False
U_ENSG00000207146.1	ENSG00000207146.1	misc_RNA	chrX	140449348	140449450	-	11	0.512214	0	102	False	False	False	32.0	0.1568627450980392	0.5882352941176471	0.4953271028037384	0.696698812536117	0.3448623510217713	0.13523777842228027	107	102	0.9532710280373832	0.40186915887850466	0.3627450980392157	0.03912406083928899	False
U_ENSG00000251807.1	ENSG00000251807.1	snRNA	chrX	13708339	13708433	-	11	0.197956	0	94	False	False	False	88.0	0.46808510638297873	0.6842105263157895	0.6458333333333333	0.7475402302406744	0.4922030251705256	0.09986075834799218	96	94	0.9791666666666666	0.4479166666666667	0.3829787234042553	0.06493794326241137	False
U_ENSG00000283818.1	ENSG00000283818.1	miRNA	chr10	94422978	94423102	+	10	0.242244	124	124	True	True	True	118.0	0.48360655737704916	0.6833333333333333	0.6370967741935484	0.7310492388962059	0.4690783967678911	0.13280602354305848	122	124	0.9838709677419355	0.4098360655737705	0.5161290322580645	0.106292966684294	False
U_ENSG00000207586.1	ENSG00000207586.1	miRNA	chr10	91907951	91908051	-	10	0.0	96	100	True	True	False	189.0	0.945	0.9895833333333334	0.91	0.9786497819360374	0.9426479189556484	0.02474232063417352	100	100	1.0	0.32	0.34	0.020000000000000018	False
U_ENSG00000215952.1	ENSG00000215952.1	miRNA	chr1	166840647	166840702	+	8	0.116327	0	55	False	False	False	46.0	0.41818181818181815	0.7073170731707317	0.5178571428571428	0.6759725338927763	0.3668996928526714	0.12688108913051407	56	55	0.9821428571428571	0.5535714285714286	0.509090909090909	0.044480519480519565	False
U_ENSG00000202566.4	ENSG00000202566.4	miRNA	chrX	102616524	102616609	-	11	0.0	85	85	True	True	True	162.0	0.9529411764705882	1.0	0.9058823529411765	0.98284079534185	0.9692307692307692	0.03764616262105214	85	85	1.0	0.38823529411764707	0.4	0.011764705882352955	False
U_ENSG00000199933.1	ENSG00000199933.1	misc_RNA	chr10	88316882	88316997	-	10	0.502589	0	115	False	False	False	31.0	0.13963963963963963	0.5901639344262295	0.4347826086956522	0.6765891066737076	0.4223265132506677	0.16331130994484894	111	115	0.9652173913043478	0.45045045045045046	0.4260869565217391	0.024363493928711344	False
U_ENSG00000308665.1	ENSG00000308665.1	lncRNA	chr1	151304923	151305098	-	8	0.16354	175	175	True	True	True	160.0	0.4678362573099415	0.6914285714285714	0.64	0.8401444061898221	0.6709474099202958	0.10137930222799026	171	175	0.9771428571428571	0.5555555555555556	0.45714285714285713	0.09841269841269845	False
U_ENSG00000265215.1	ENSG00000265215.1	miRNA	chr1	92037685	92037769	+	3	0.320195	0	84	False	False	False	40.0	0.23809523809523808	0.6271186440677966	0.45238095238095233	0.5552759314184518	0.31694190936675365	0.19277108433734938	84	84	1.0	0.6190476190476191	0.42857142857142855	0.19047619047619052	False
U_ENSG00000207820.1	ENSG00000207820.1	miRNA	chrX	102659041	102659147	-	11	0.228511	0	106	False	False	False	130.0	0.6132075471698113	0.7757009345794392	0.7452830188679245	0.7801713843439011	0.5386625285573144	0.10605265453009564	106	106	1.0	0.41509433962264153	0.4056603773584906	0.009433962264150941	False
U_ENSG00000283242.1	ENSG00000283242.1	miRNA	chrX	104387889	104387977	-	11	0.0	86	88	True	True	False	154.0	0.875	0.9302325581395349	0.8863636363636364	0.9170922823182138	0.8268320496165392	0.07269603816479032	88	88	1.0	0.2727272727272727	0.3181818181818182	0.04545454545454547	False
U_ENSG00000306525.1	ENSG00000306525.1	lncRNA	chr1	143706373	143706593	-	8	0.216963	0	220	False	False	False	168.0	0.38181818181818183	0.625	0.5837104072398189	0.8479164164289565	0.6102863583715843	0.09464474867579845	221	220	0.995475113122172	0.3212669683257919	0.38636363636363635	0.06509666803784447	False
U_ENSG00000252850.1	ENSG00000252850.1	snRNA	chr10	99850231	99850389	-	10	0.253096	0	158	False	False	False	49.0	0.1550632911392405	0.5289855072463768	0.43670886075949367	0.7187244477972056	0.4526236830294238	0.12959866209793508	158	158	1.0	0.43670886075949367	0.35443037974683544	0.08227848101265822	False
U_ENSG00000201377.1	ENSG00000201377.1	misc_RNA	chrX	99756008	99756101	+	11	0.441789	0	93	False	False	False	36.0	0.1935483870967742	0.5529411764705883	0.48453608247422686	0.6877926129216585	0.37101152454602015	0.12068195545743728	97	93	0.9587628865979382	0.3917525773195876	0.3870967741935484	0.0046558031260392485	False
U_ENSG00000276158.2	ENSG00000276158.2	miRNA	chrX	145793606	145793675	+	11	0.0	69	69	True	True	True	120.0	0.8695652173913043	0.9393939393939394	0.855072463768116	0.8983986601585612	0.7659444095678126	0.06239177481057772	69	69	1.0	0.3188405797101449	0.30434782608695654	0.01449275362318836	False
U_ENSG00000273570.1	ENSG00000273570.1	misc_RNA	chr10	91969080	91969210	-	10	0.079161	126	130	True	True	False	201.0	0.7976190476190477	0.8650793650793651	0.8384615384615385	0.8893927851706714	0.750007473804316	0.05464435165649471	126	130	0.9692307692307692	0.4603174603174603	0.49230769230769234	0.03199023199023204	False
U_ENSG00000283775.1	ENSG00000283775.1	miRNA	chrX	144235229	144235299	-	11	0.208886	70	70	True	True	True	23.0	0.16428571428571428	0.49230769230769234	0.46478873239436624	0.6739528575593802	0.3140885974350928	0.13474332592322208	71	70	0.9859154929577465	0.4647887323943662	0.45714285714285713	0.00764587525150906	False
U_ENSG00000252930.1	ENSG00000252930.1	snRNA	chrX	144358468	144358567	+	11	0.141364	0	99	False	False	False	93.0	0.4696969696969697	0.6632653061224489	0.6262626262626263	0.7493553044624712	0.5403830945624492	0.13067600484556835	99	99	1.0	0.31313131313131315	0.3838383838383838	0.07070707070707066	False
U_ENSG00000222667.1	ENSG00000222667.1	snRNA	chrX	96442979	96443090	-	11	0.532678	0	111	False	False	False	60.0	0.2803738317757009	0.6756756756756757	0.4864864864864865	0.7764404206913599	0.5455725587945393	0.08416766085792002	107	111	0.963963963963964	0.2897196261682243	0.3153153153153153	0.02559568914709104	False
U_ENSG00000296374.1	ENSG00000296374.1	lncRNA	chr1	144127787	144127971	+	8	0.090691	0	184	False	False	False	95.0	0.25815217391304346	0.5659340659340659	0.4945652173913043	0.7921423982907111	0.5212548252374777	0.08605473086351706	184	184	1.0	0.3967391304347826	0.44021739130434784	0.043478260869565244	False
U_ENSG00000207995.1	ENSG00000207995.1	miRNA	chrX	104422692	104422790	-	11	0.0	93	98	True	True	False	171.0	0.8724489795918368	0.946236559139785	0.846938775510204	0.925746302785485	0.8397925344066449	0.05455157342401218	98	98	1.0	0.42857142857142855	0.4387755102040816	0.010204081632653073	False
U_ENSG00000201435.1	ENSG00000201435.1	snRNA	chr10	93055354	93055493	+	10	0.468857	0	139	False	False	False	52.0	0.18705035971223022	0.5357142857142857	0.4532374100719424	0.7008449986641786	0.43237356840453056	0.13400900006454297	139	139	1.0	0.38848920863309355	0.302158273381295	0.08633093525179858	False
U_ENSG00000201392.1	ENSG00000201392.1	snRNA	chrX	100956239	100956340	-	11	0.093892	91	101	True	True	False	100.0	0.49504950495049505	0.696969696969697	0.6213592233009708	0.8079154031467005	0.4580286124143445	0.09540943559127794	103	101	0.9805825242718447	0.36893203883495146	0.37623762376237624	0.00730558492742478	False
U_ENSG00000207870.1	ENSG00000207870.1	miRNA	chrX	19012524	19012634	-	11	0.0	110	110	True	True	True	205.0	0.9318181818181818	0.9724770642201835	0.9454545454545454	0.9709486481222108	0.9273743016759777	0.031780748762731695	110	110	1.0	0.4727272727272727	0.4636363636363636	0.009090909090909094	False
U_ENSG00000298135.1	ENSG00000298135.1	lncRNA	chr13	113168776	113168959	+	9	0.101879	183	183	True	True	True	124.0	0.34831460674157305	0.6222222222222222	0.5683060109289617	0.8632789345085649	0.6616546946459121	0.09322771423415646	178	183	0.9726775956284153	0.601123595505618	0.5737704918032787	0.027353103702339343	False
U_ENSG00000264897.1	ENSG00000264897.1	miRNA	chr16	57302234	57302320	+	12	0.272695	0	86	False	False	False	27.0	0.1588235294117647	0.5531914893617021	0.40697674418604646	0.6739953689651733	0.26984042101555655	0.11801346836112861	85	86	0.9883720930232558	0.47058823529411764	0.46511627906976744	0.005471956224350205	False
U_ENSG00000207725.3	ENSG00000207725.3	miRNA	chrX	19013124	19013234	-	11	0.0	79	110	True	True	False	172.0	0.7818181818181819	0.92	0.8272727272727273	0.9082506673349361	0.7743165669257503	0.038923309056140235	110	110	1.0	0.509090909090909	0.509090909090909	0.0	False
U_ENSG00000284567.1	ENSG00000284567.1	miRNA	chrX	95286420	95286530	+	11	0.0	110	110	True	True	True	187.0	0.85	0.9158878504672897	0.8727272727272728	0.8900862436453899	0.7740179829380921	0.07453246242785284	110	110	1.0	0.5363636363636364	0.5	0.036363636363636376	False
U_ENSG00000252050.1	ENSG00000252050.1	snoRNA	chrX	10069740	10069869	-	11	0.235655	0	129	False	False	False	78.0	0.3023255813953488	0.5901639344262295	0.5461538461538462	0.7413334051366414	0.5048193607894578	0.12314451551790703	130	129	0.9923076923076923	0.4	0.4806201550387597	0.08062015503875969	False
U_ENSG00000212100.2	ENSG00000212100.2	miRNA	chrX	145785264	145785349	+	11	0.0	85	85	True	True	True	138.0	0.8117647058823529	0.9036144578313253	0.8470588235294118	0.9064039408866996	0.7972643843379211	0.06070261325705696	85	85	1.0	0.5058823529411764	0.49411764705882355	0.0117647058823529	False
U_ENSG00000208013.3	ENSG00000208013.3	miRNA	chrX	141521991	141522089	+	11	0.0	94	98	True	True	False	164.0	0.8367346938775511	0.9148936170212766	0.8367346938775511	0.8602427657189651	0.7627873521238375	0.07142477556985062	98	98	1.0	0.5	0.5102040816326531	0.010204081632653073	False
U_ENSG00000222321.1	ENSG00000222321.1	miRNA	chrX	145792437	145792517	+	11	0.0	80	80	True	True	True	125.0	0.78125	0.881578947368421	0.7875	0.8519591852929447	0.6737851670055572	0.08203469238490961	80	80	1.0	0.4	0.375	0.025000000000000022	False
U_ENSG00000284570.1	ENSG00000284570.1	miRNA	chr15	36595955	36596012	-	13	0.100727	57	57	True	True	True	84.0	0.7368421052631579	0.8245614035087719	0.8245614035087719	0.7692663315510875	0.5760221094612908	0.12371791482634838	57	57	1.0	0.3333333333333333	0.43859649122807015	0.10526315789473684	False
U_ENSG00000212495.1	ENSG00000212495.1	snRNA	chrX	121709772	121709880	-	11	0.0	0	108	False	False	False	113.0	0.5231481481481481	0.7211538461538461	0.6574074074074074	0.8708922669188502	0.5955902141875659	0.07930169508634177	108	108	1.0	0.3148148148148148	0.3148148148148148	0.0	False
U_ENSG00000222715.1	ENSG00000222715.1	miRNA	chrX	145889960	145890043	+	11	0.063152	83	83	True	True	True	136.0	0.85	0.9	0.8674698795180723	0.8766732146140885	0.7420692911416967	0.09437719950048466	80	83	0.963855421686747	0.5875	0.5301204819277109	0.05737951807228914	False
U_ENSG00000201410.1	ENSG00000201410.1	snoRNA	chr16	66424561	66424629	-	12	0.164102	0	68	False	False	False	25.0	0.18382352941176472	0.5423728813559322	0.41666666666666663	0.6170488754152572	0.22425609718854952	0.07831799878157308	72	68	0.9444444444444444	0.3472222222222222	0.38235294117647056	0.03513071895424835	False
U_ENSG00000276514.1	ENSG00000276514.1	misc_RNA	chr13	76966689	76966863	+	9	0.144989	0	174	False	False	False	155.0	0.4454022988505747	0.6609195402298851	0.6759776536312849	0.8322257095017122	0.5454718896520573	0.09400929096685239	179	174	0.9720670391061452	0.4692737430167598	0.39655172413793105	0.07272201887882873	False
U_ENSG00000264623.3	ENSG00000264623.3	miRNA	chr16	43070031	43070114	+	12	0.389176	0	83	False	False	False	57.0	0.35185185185185186	0.7555555555555555	0.45783132530120485	0.6253831645684058	0.3568495450412446	0.14112659650233592	81	83	0.9759036144578314	0.345679012345679	0.46987951807228917	0.12420050572661018	False
U_ENSG00000283200.1	ENSG00000283200.1	miRNA	chr15	62059931	62059990	+	13	0.119896	0	59	False	False	False	61.0	0.5169491525423728	0.7169811320754716	0.576271186440678	0.71188997065329	0.41953227051959424	0.12432935432634447	59	59	1.0	0.423728813559322	0.4067796610169492	0.016949152542372836	False
U_ENSG00000252626.1	ENSG00000252626.1	snRNA	chr16	50716731	50716834	-	12	0.449626	0	103	False	False	False	34.0	0.1650485436893204	0.5769230769230769	0.46601941747572817	0.5822741216487154	0.2966686404743217	0.1586903338846926	103	103	1.0	0.33980582524271846	0.3592233009708738	0.01941747572815533	False
U_ENSG00000252193.1	ENSG00000252193.1	scaRNA	chr2	162627262	162627382	+	7	0.454023	0	120	False	False	False	48.0	0.2	0.5257731958762887	0.46399999999999997	0.6244652493164903	0.3643900149394215	0.18575664074039822	125	120	0.96	0.352	0.49166666666666664	0.13966666666666666	False
U_ENSG00000284503.1	ENSG00000284503.1	miRNA	chr10	86541174	86541310	-	10	0.024787	136	136	True	True	True	192.0	0.732824427480916	0.8320610687022901	0.7941176470588236	0.9340594372145924	0.8156585415910547	0.057552678275630584	131	136	0.9632352941176471	0.7022900763358778	0.6470588235294118	0.055231252806466014	False
U_ENSG00000238606.1	ENSG00000238606.1	snRNA	chrX	10389654	10389711	+	11	0.064846	0	57	False	False	False	19.0	0.16666666666666666	0.5517241379310345	0.4193548387096774	0.44915861565535464	0.22360679774997894	0.21162372159704854	62	57	0.9193548387096774	0.41935483870967744	0.5263157894736842	0.10696095076400675	False
U_ENSG00000265193.1	ENSG00000265193.1	miRNA	chr16	72025632	72025715	-	12	0.410575	0	83	False	False	False	24.0	0.14457831325301204	0.5813953488372093	0.40963855421686746	0.5259479073485479	0.2782074420373286	0.18813717829928675	83	83	1.0	0.37349397590361444	0.4457831325301205	0.07228915662650603	False
U_ENSG00000200473.1	ENSG00000200473.1	rRNA_pseudogene	chrX	99631422	99631548	+	11	0.282867	0	126	False	False	False	43.0	0.17768595041322313	0.5083333333333333	0.46825396825396826	0.7555939683173859	0.33634754608619644	0.10147577707676514	121	126	0.9603174603174603	0.48760330578512395	0.42063492063492064	0.06696838515020331	False
U_ENSG00000284087.1	ENSG00000284087.1	miRNA	chr15	58788039	58788099	-	13	0.019193	2	60	True	False	False	55.0	0.4583333333333333	0.6724137931034483	0.6451612903225806	0.819288030372914	0.5542168674698795	0.0881575595951558	62	60	0.967741935483871	0.25806451612903225	0.2833333333333333	0.025268817204301075	False
U_ENSG00000284421.1	ENSG00000284421.1	miRNA	chr16	35217907	35217993	-	12	0.210483	1	86	True	False	False	70.0	0.4069767441860465	0.6511627906976745	0.6395348837209303	0.8098564525204236	0.6338689041766046	0.11997692973159493	86	86	1.0	0.5930232558139535	0.5116279069767442	0.08139534883720934	False
U_ENSG00000266324.1	ENSG00000266324.1	miRNA	chr15	57882637	57882713	-	13	0.385347	0	76	False	False	False	30.0	0.19736842105263158	0.5909090909090909	0.4736842105263158	0.609749843620211	0.36487306610832815	0.16	76	76	1.0	0.6052631578947368	0.5394736842105263	0.06578947368421051	False
U_ENSG00000284134.1	ENSG00000284134.1	miRNA	chr16	43461014	43461107	+	12	0.116001	93	93	True	True	True	146.0	0.7849462365591398	0.8888888888888888	0.8315789473684211	0.9415027026038788	0.8831697985113575	0.1119563282597756	95	93	0.9789473684210527	0.24210526315789474	0.3225806451612903	0.08047538200339557	False
U_ENSG00000252989.1	ENSG00000252989.1	snoRNA	chr16	56572627	56572704	-	12	0.433552	0	77	False	False	False	35.0	0.22727272727272727	0.527027027027027	0.5064935064935066	0.42917344491089443	0.15611236076105547	0.3006226225998911	77	77	1.0	0.44155844155844154	0.22077922077922077	0.22077922077922077	False
U_ENSG00000212605.1	ENSG00000212605.1	snRNA	chrX	100225652	100225816	-	11	0.556924	0	164	False	False	False	45.0	0.13719512195121952	0.528	0.39634146341463417	0.6583244130524298	0.3907019005301633	0.1559296322348323	164	164	1.0	0.5	0.38414634146341464	0.11585365853658536	False
U_ENSG00000284121.1	ENSG00000284121.1	miRNA	chr16	37655490	37655552	+	12	0.068236	62	62	True	True	True	33.0	0.2661290322580645	0.6122448979591837	0.4516129032258065	0.7438578867154015	0.46396305841215235	0.12046670866146779	62	62	1.0	0.3870967741935484	0.46774193548387094	0.08064516129032256	False
U_ENSG00000277081.1	ENSG00000277081.1	misc_RNA	chr10	91907528	91907682	-	10	0.0	149	154	True	True	False	229.0	0.7435064935064936	0.8741721854304636	0.8051948051948052	0.923462176825114	0.7862652691286398	0.054683661864972255	154	154	1.0	0.44805194805194803	0.4155844155844156	0.03246753246753242	False
U_tRNA-Und-NNN-2-1	tRNA-Und-NNN-2-1	tRNA	chr15	34513276	34513345	+	13	0.0	49	69	True	True	False	133.0	0.9637681159420289	0.9852941176470589	0.9565217391304348	0.967245608097791	0.9305555555555557	0.03602190798210557	69	69	1.0	0.5362318840579711	0.5217391304347826	0.01449275362318847	False
U_ENSG00000265657.1	ENSG00000265657.1	miRNA	chr15	38754586	38754662	+	13	0.242112	0	76	False	False	False	27.0	0.17763157894736842	0.6285714285714286	0.42105263157894735	0.6427182671913938	0.34509822298173987	0.1717879830230017	76	76	1.0	0.6447368421052632	0.6052631578947368	0.03947368421052633	False
U_ENSG00000201642.1	ENSG00000201642.1	snRNA	chr16	56340748	56340854	-	12	0.546419	0	106	False	False	False	30.0	0.14150943396226415	0.5116279069767442	0.39252336448598135	0.5313679888442985	0.2712365993314899	0.1943182915735528	107	106	0.9906542056074766	0.4205607476635514	0.3113207547169811	0.10923999294657027	False
U_ENSG00000252558.1	ENSG00000252558.1	snRNA	chr15	34574879	34574983	-	13	0.142264	104	104	True	True	True	64.0	0.3076923076923077	0.5578947368421052	0.5137614678899083	0.7775902548286427	0.4713831433554363	0.10867437155166458	109	104	0.9541284403669725	0.43119266055045874	0.38461538461538464	0.0465772759350741	False
U_ENSG00000222439.1	ENSG00000222439.1	snRNA	chr2	180660659	180660771	+	7	0.336327	0	112	False	False	False	32.0	0.14414414414414414	0.5522388059701493	0.4464285714285714	0.3588544625206076	0.1816531176154594	0.2366940139095546	111	112	0.9910714285714286	0.32432432432432434	0.5714285714285714	0.24710424710424705	False
U_ENSG00000200436.1	ENSG00000200436.1	misc_RNA	chrX	144111096	144111208	+	11	0.417842	0	112	False	False	False	30.0	0.13392857142857142	0.5339805825242718	0.4553571428571429	0.5299233090271576	0.2742292204809688	0.1765398012816705	112	112	1.0	0.4107142857142857	0.4732142857142857	0.0625	False
U_ENSG00000251727.1	ENSG00000251727.1	snRNA	chr16	62759111	62759210	-	12	0.467322	0	99	False	False	False	44.0	0.2222222222222222	0.5813953488372093	0.4545454545454546	0.8010551916005382	0.4631104004907162	0.08414501276770736	99	99	1.0	0.35353535353535354	0.32323232323232326	0.030303030303030276	False
U_ENSG00000199520.1	ENSG00000199520.1	snRNA	chr16	74153527	74153632	-	12	0.181991	0	105	False	False	False	54.0	0.2571428571428571	0.5945945945945946	0.5046728971962617	0.6646353532962747	0.3426976773876056	0.15137714000918606	107	105	0.9813084112149533	0.40186915887850466	0.4095238095238095	0.00765465064530485	False
U_ENSG00000202141.1	ENSG00000202141.1	misc_RNA	chr2	80399603	80399716	-	6	0.155222	0	113	False	False	False	34.0	0.1504424778761062	0.5164835164835165	0.3982300884955752	0.5631881534572811	0.30493391723052227	0.18813667415808463	113	113	1.0	0.4247787610619469	0.5575221238938053	0.1327433628318584	False
U_ENSG00000278802.1	ENSG00000278802.1	misc_RNA	chr10	91911355	91911516	-	10	0.045068	159	161	True	True	False	232.0	0.7204968944099379	0.8364779874213837	0.806060606060606	0.9165808834484018	0.6934654345698056	0.035901898441714965	165	161	0.9757575757575757	0.4727272727272727	0.4658385093167702	0.006888763410502541	False
U_ENSG00000221261.1	ENSG00000221261.1	miRNA	chr15	62173083	62173156	+	13	0.153672	0	73	False	False	False	72.0	0.4931506849315068	0.7419354838709677	0.6164383561643836	0.7287464323853425	0.49017397606908647	0.13608276348795434	73	73	1.0	0.589041095890411	0.4657534246575342	0.12328767123287676	False
U_ENSG00000200431.1	ENSG00000200431.1	snRNA	chrX	99817033	99817180	+	11	0.322549	0	147	False	False	False	56.0	0.19444444444444445	0.5407407407407407	0.4897959183673469	0.7623993531489089	0.39512926323914205	0.1118653501498919	144	147	0.9795918367346939	0.4305555555555556	0.47619047619047616	0.045634920634920584	False
U_ENSG00000295840.1	ENSG00000295840.1	lncRNA	chr10	128383882	128384096	+	10	0.176275	114	214	True	True	False	113.0	0.2677725118483412	0.5909090909090909	0.43457943925233644	0.8137671814407091	0.5760451364386374	0.10156951924608165	211	214	0.985981308411215	0.41232227488151657	0.514018691588785	0.10169641670726842	False
U_ENSG00000221710.1	ENSG00000221710.1	miRNA	chrX	145847892	145848004	+	11	0.0	98	112	True	True	False	186.0	0.8303571428571429	0.9090909090909091	0.8571428571428572	0.8870071077479604	0.7553817470965372	0.04413495032041763	112	112	1.0	0.4107142857142857	0.44642857142857145	0.035714285714285754	False
U_ENSG00000283609.1	ENSG00000283609.1	miRNA	chr15	59049117	59049184	+	13	0.339889	0	67	False	False	False	24.0	0.1791044776119403	0.6666666666666666	0.4477611940298507	0.3867038226880277	0.13046561461068842	0.23374619122032597	67	67	1.0	0.3283582089552239	0.44776119402985076	0.11940298507462688	False
U_ENSG00000275254.1	ENSG00000275254.1	misc_RNA	chrX	102649915	102650062	+	11	0.089152	147	147	True	True	True	95.0	0.3231292517006803	0.6014492753623188	0.5442176870748299	0.863610190034877	0.5724197752462528	0.07118017017406345	147	147	1.0	0.48299319727891155	0.4217687074829932	0.061224489795918324	False
U_ENSG00000221771.1	ENSG00000221771.1	miRNA	chr15	62031063	62031126	+	13	0.0	63	63	True	True	True	100.0	0.7936507936507936	0.8709677419354839	0.8412698412698413	0.8744680479899855	0.7377305768385239	0.07901579815429606	63	63	1.0	0.5238095238095238	0.5555555555555556	0.031746031746031744	False
U_ENSG00000199001.1	ENSG00000199001.1	miRNA	chrX	145941200	145941311	+	11	0.0	106	111	True	True	False	188.0	0.8468468468468469	0.9607843137254902	0.8558558558558559	0.9275379309263908	0.8737476773251428	0.06030226891555273	111	111	1.0	0.5315315315315315	0.5315315315315315	0.0	False
U_ENSG00000276140.1	ENSG00000276140.1	misc_RNA	chr15	68047560	68047639	+	13	0.104608	0	79	False	False	False	30.0	0.189873417721519	0.6078431372549019	0.4683544303797469	0.6537653267544178	0.30019854403232227	0.1307440900921227	79	79	1.0	0.4810126582278481	0.5316455696202531	0.050632911392405	False
U_ENSG00000202231.1	ENSG00000202231.1	snoRNA	chrX	132961946	132962079	-	11	0.251358	133	133	True	True	True	36.0	0.13533834586466165	0.4956521739130435	0.443609022556391	0.6729528193536478	0.3488711735360554	0.12168468488037129	133	133	1.0	0.48872180451127817	0.43609022556390975	0.05263157894736842	False
U_ENSG00000275625.1	ENSG00000275625.1	misc_RNA	chrX	102650502	102650644	+	11	0.207901	130	142	True	True	False	80.0	0.28169014084507044	0.6065573770491803	0.5374149659863945	0.741122184905534	0.4970233221930489	0.11372350766940344	147	142	0.9659863945578231	0.4489795918367347	0.3380281690140845	0.11095142282265019	False
U_ENSG00000273701.1	ENSG00000273701.1	misc_RNA	chr13	108635294	108635508	-	9	0.154301	196	214	True	True	False	230.0	0.5373831775700935	0.7207207207207207	0.6682027649769585	0.8802041893893513	0.7247126063468605	0.07651395957618731	217	214	0.9861751152073732	0.3686635944700461	0.411214953271028	0.04255135880098193	False
U_ENSG00000208839.1	ENSG00000208839.1	snoRNA	chrX	145777375	145777503	+	11	0.0	127	128	True	True	True	206.0	0.8046875	0.8740157480314961	0.859375	0.8595598712896877	0.6870162285327931	0.07714928323726544	128	128	1.0	0.546875	0.53125	0.015625	False
U_ENSG00000294445.1	ENSG00000294445.1	lncRNA	chr13	74787626	74787823	+	9	0.25228	137	197	True	True	False	50.0	0.12690355329949238	0.5213675213675214	0.43781094527363185	0.5182340203763677	0.2466396066239618	0.2532958096383387	201	197	0.9800995024875622	0.5024875621890548	0.47715736040609136	0.025330201782963413	False
U_ENSG00000222440.1	ENSG00000222440.1	snRNA	chrX	119216851	119217042	+	11	0.600129	0	191	False	False	False	60.0	0.15706806282722513	0.4883720930232558	0.481675392670157	0.6690960885388876	0.47078537869871334	0.19791153344171752	191	191	1.0	0.43455497382198954	0.21465968586387435	0.2198952879581152	False
U_ENSG00000263735.1	ENSG00000263735.1	miRNA	chr15	59049104	59049184	-	13	0.261716	0	80	False	False	False	27.0	0.16875	0.5853658536585366	0.45679012345679015	0.4390989528257815	0.17831456646716762	0.2088819753321259	81	80	0.9876543209876543	0.345679012345679	0.4625	0.11682098765432103	False
U_ENSG00000306906.1	ENSG00000306906.1	lncRNA	chr13	112023288	112023511	+	9	0.149799	0	223	False	False	False	97.0	0.21846846846846846	0.5363128491620112	0.47085201793721976	0.8821778587222744	0.6612857220978079	0.07455562909381584	222	223	0.9955156950672646	0.42342342342342343	0.3991031390134529	0.024320284409970527	False
U_ENSG00000207940.1	ENSG00000207940.1	miRNA	chr16	45450007	45450106	-	12	0.328015	0	99	False	False	False	56.0	0.2857142857142857	0.5510204081632653	0.4949494949494949	0.4965069908833547	0.21913285395639154	0.20458541285118212	98	99	0.98989898989899	0.3163265306122449	0.5151515151515151	0.19882498453927022	False
U_ENSG00000283710.1	ENSG00000283710.1	miRNA	chr15	61911247	61911314	+	13	0.109417	49	67	True	True	False	75.0	0.5597014925373134	0.7580645161290323	0.6716417910447761	0.7474205945104426	0.49542350009304603	0.09582659576267816	67	67	1.0	0.5223880597014925	0.5522388059701493	0.029850746268656803	False
U_ENSG00000216069.1	ENSG00000216069.1	miRNA	chr15	35661119	35661195	-	13	0.0	74	76	True	True	False	120.0	0.7894736842105263	0.9154929577464789	0.8421052631578947	0.8966850716093465	0.7663041486449779	0.059628479399994404	76	76	1.0	0.39473684210526316	0.3684210526315789	0.026315789473684237	False
U_ENSG00000265433.1	ENSG00000265433.1	miRNA	chr16	40964991	40965082	+	12	0.272089	0	91	False	False	False	45.0	0.24725274725274726	0.5783132530120482	0.4945054945054945	0.6797662006335587	0.4197617262249562	0.1515353521887317	91	91	1.0	0.42857142857142855	0.3516483516483517	0.07692307692307687	False
U_ENSG00000222607.1	ENSG00000222607.1	snRNA	chr15	57926578	57926685	+	13	0.230029	0	107	False	False	False	28.0	0.1308411214953271	0.45454545454545453	0.44859813084112155	0.35424355078060105	0.15844412271805752	0.25243562566527644	107	107	1.0	0.3925233644859813	0.5233644859813084	0.13084112149532706	False
U_ENSG00000298517.1	ENSG00000298517.1	lncRNA	chr1	150040898	150041093	+	8	0.086947	26	195	True	False	False	131.0	0.33589743589743587	0.6169154228855721	0.6020408163265306	0.8140768491705362	0.5707140484248332	0.09714323475375108	196	195	0.9948979591836735	0.41836734693877553	0.4307692307692308	0.012401883830455263	False
U_ENSG00000271907.1	ENSG00000271907.1	snoRNA	chrX	146267289	146267418	-	11	0.0	128	129	True	True	True	231.0	0.8953488372093024	0.9444444444444444	0.9224806201550387	0.9507648723599678	0.8904517339132104	0.038273277230987154	129	129	1.0	0.43410852713178294	0.4263565891472868	0.007751937984496138	False
U_ENSG00000221365.1	ENSG00000221365.1	miRNA	chr10	127393188	127393261	-	10	0.186165	0	73	False	False	False	43.0	0.2945205479452055	0.5694444444444444	0.5342465753424658	0.6193292071453745	0.2514157444218836	0.16896562584161723	73	73	1.0	0.7534246575342466	0.6301369863013698	0.12328767123287676	False
U_ENSG00000283172.1	ENSG00000283172.1	miRNA	chr15	57973191	57973288	-	13	0.214836	97	97	True	True	True	26.0	0.13402061855670103	0.49295774647887325	0.44329896907216493	0.7410838424721464	0.4157833774857576	0.13661330258962504	97	97	1.0	0.32989690721649484	0.3917525773195876	0.061855670103092786	False
U_ENSG00000276656.1	ENSG00000276656.1	miRNA	chr16	34092954	34093062	-	12	0.263567	0	108	False	False	False	85.0	0.4009433962264151	0.6804123711340206	0.6111111111111112	0.8211391929488467	0.5887591564884701	0.10932542436174886	106	108	0.9814814814814815	0.5	0.5370370370370371	0.03703703703703709	False
U_ENSG00000201426.1	ENSG00000201426.1	misc_RNA	chr16	46611145	46611244	-	12	0.586726	0	99	False	False	False	23.0	0.11616161616161616	0.5576923076923077	0.38613861386138615	0.6042082510182215	0.28473980940822746	0.14859945911850544	101	99	0.9801980198019802	0.42574257425742573	0.5252525252525253	0.09950995099509957	False
U_ENSG00000278324.1	ENSG00000278324.1	misc_RNA	chr15	61979033	61979126	+	13	0.069788	93	93	True	True	True	71.0	0.3817204301075269	0.6451612903225806	0.6105263157894737	0.8254872166918868	0.47749201179028056	0.07667340890052135	95	93	0.9789473684210527	0.49473684210526314	0.5268817204301075	0.03214487832484436	False
U_ENSG00000207804.1	ENSG00000207804.1	miRNA	chr15	35660976	35661071	-	13	0.0	88	95	True	True	False	151.0	0.7947368421052632	0.8631578947368421	0.8736842105263158	0.8965282605031248	0.669478149423737	0.06203140313665213	95	95	1.0	0.42105263157894735	0.4	0.021052631578947323	False
U_ENSG00000283956.1	ENSG00000283956.1	miRNA	chr15	51855063	51855136	-	13	0.0	73	73	True	True	True	121.0	0.8287671232876712	0.9285714285714286	0.8356164383561644	0.9384560699748601	0.8455943246644705	0.048112522432468816	73	73	1.0	0.6164383561643836	0.6301369863013698	0.013698630136986245	False
U_ENSG00000265660.1	ENSG00000265660.1	miRNA	chr15	75880702	75880773	-	13	0.241743	0	71	False	False	False	53.0	0.3732394366197183	0.6851851851851852	0.5915492957746479	0.5229204957782155	0.2780525333125807	0.14982983545287878	71	71	1.0	0.6619718309859155	0.4788732394366197	0.1830985915492958	False
U_ENSG00000266383.1	ENSG00000266383.1	miRNA	chr16	34297843	34297936	-	12	0.208526	0	93	False	False	False	45.0	0.24193548387096775	0.5633802816901409	0.4639175257731959	0.6238934070327432	0.3086066999241838	0.1558773912594771	97	93	0.9587628865979382	0.4845360824742268	0.5483870967741935	0.0638510142999667	False
U_ENSG00000265599.1	ENSG00000265599.1	miRNA	chr15	36342641	36342719	+	13	0.472492	78	78	True	True	True	64.0	0.41025641025641024	0.6615384615384615	0.5903614457831325	0.7265003546344797	0.46901867523892754	0.11782742550514767	83	78	0.9397590361445783	0.30120481927710846	0.3717948717948718	0.07059005251776335	False
U_ENSG00000221059.1	ENSG00000221059.1	snRNA	chr16	64793657	64793783	-	12	0.495399	0	126	False	False	False	29.0	0.11507936507936507	0.48598130841121495	0.4206349206349206	0.5808578611424021	0.3393309255295178	0.1719534820816374	126	126	1.0	0.42063492063492064	0.3412698412698413	0.07936507936507936	False
U_ENSG00000276398.1	ENSG00000276398.1	misc_RNA	chr10	91911039	91911232	-	10	0.0	193	193	True	True	True	332.0	0.8601036269430051	0.9347826086956522	0.844559585492228	0.9597466281052466	0.8622125485897758	0.02946278254943948	193	193	1.0	0.46632124352331605	0.45595854922279794	0.010362694300518116	False
U_ENSG00000238750.1	ENSG00000238750.1	snRNA	chr6	29164863	29164925	+	14	0.618482	62	62	True	True	True	22.0	0.1774193548387097	0.6363636363636364	0.4193548387096774	0.4078887586543906	0.17725741933841666	0.24204627967595735	62	62	1.0	0.45161290322580644	0.3225806451612903	0.12903225806451613	False
U_ENSG00000283770.1	ENSG00000283770.1	miRNA	chr15	76486631	76486699	-	13	0.258708	68	68	True	True	True	48.0	0.35294117647058826	0.6716417910447762	0.6376811594202898	0.590079817825516	0.3667092769452768	0.1613079550396263	69	68	0.9855072463768116	0.6376811594202898	0.5735294117647058	0.06415174765558396	False
U_ENSG00000266756.1	ENSG00000266756.1	miRNA	chr15	37793619	37793703	+	13	0.307656	0	84	False	False	False	46.0	0.27380952380952384	0.6065573770491803	0.41666666666666663	0.6684745447442251	0.33411529076493307	0.11556220538102939	84	84	1.0	0.5	0.39285714285714285	0.10714285714285715	False
U_tRNA-Met-CAT-1-1	tRNA-Met-CAT-1-1	tRNA	chr15	57839382	57839455	-	13	0.0	73	73	True	True	True	138.0	0.9452054794520548	1.0	0.8904109589041096	0.9668600580193403	0.9557915826199321	0.03402069087198858	73	73	1.0	0.5616438356164384	0.547945205479452	0.013698630136986356	False
U_ENSG00000301133.1	ENSG00000301133.1	lncRNA	chr13	111061447	111061613	-	9	0.057986	0	166	False	False	False	118.0	0.35542168674698793	0.6496350364963503	0.4698795180722891	0.835266072189097	0.5803597131917799	0.06963106238227913	166	166	1.0	0.3313253012048193	0.3253012048192771	0.006024096385542188	False
U_ENSG00000275971.1	ENSG00000275971.1	misc_RNA	chr10	91939573	91939776	-	10	0.0	203	203	True	True	True	285.0	0.7019704433497537	0.8131313131313131	0.7733990147783252	0.902825780557141	0.7164232719656841	0.04748348042883881	203	203	1.0	0.4482758620689655	0.45320197044334976	0.0049261083743842304	False
U_ENSG00000221206.1	ENSG00000221206.1	snRNA	chr16	46774896	46775014	+	12	0.476608	0	118	False	False	False	34.0	0.1440677966101695	0.5	0.4545454545454546	0.5645710176413288	0.2509881691198091	0.18599540595562764	121	118	0.9752066115702479	0.47107438016528924	0.3220338983050847	0.14904048186020452	False
U_ENSG00000284142.1	ENSG00000284142.1	miRNA	chr15	75960842	75960901	-	13	0.434956	4	59	True	False	False	29.0	0.2457627118644068	0.5660377358490566	0.4590163934426229	0.4623133860755884	0.21976226824788314	0.23397934466462394	61	59	0.9672131147540983	0.6721311475409836	0.4406779661016949	0.23145318143928867	False
U_ENSG00000284310.1	ENSG00000284310.1	miRNA	chr15	76480891	76480968	-	13	0.38114	77	77	True	True	True	68.0	0.44155844155844154	0.6533333333333333	0.5853658536585367	0.6143703934860117	0.4185202930190958	0.21950318919710593	82	77	0.9390243902439024	0.7439024390243902	0.5194805194805194	0.2244219195438708	False
U_ENSG00000208032.1	ENSG00000208032.1	miRNA	chr15	39730200	39730297	-	13	0.453505	0	97	False	False	False	29.0	0.14948453608247422	0.5606060606060606	0.4948453608247423	0.5629677826839932	0.2899932927497065	0.1786086270779401	97	97	1.0	0.36082474226804123	0.4639175257731959	0.10309278350515466	False
U_ENSG00000238399.1	ENSG00000238399.1	miRNA	chr15	47816611	47816702	+	13	0.0	0	91	False	False	False	133.0	0.7307692307692307	0.8351648351648352	0.8241758241758241	0.8733369187426324	0.6711560552140243	0.06478835438717002	91	91	1.0	0.2967032967032967	0.32967032967032966	0.03296703296703296	False
U_ENSG00000275634.1	ENSG00000275634.1	misc_RNA	chr13	108634934	108635179	-	9	0.076612	238	245	True	True	False	277.0	0.5653061224489796	0.7510548523206751	0.6839999999999999	0.9323729595194373	0.7801019643859658	0.05190781399704054	250	245	0.98	0.464	0.5142857142857142	0.05028571428571421	False
U_ENSG00000199153.1	ENSG00000199153.1	miRNA	chr15	68213063	68213133	-	13	0.0	70	70	True	True	True	123.0	0.8785714285714286	0.927536231884058	0.9142857142857143	0.9065333359456441	0.8066381619718566	0.061487546190134565	70	70	1.0	0.45714285714285713	0.4857142857142857	0.02857142857142858	False
U_ENSG00000199327.1	ENSG00000199327.1	snRNA	chr16	33428183	33428282	+	12	0.516572	0	99	False	False	False	30.0	0.15151515151515152	0.4823529411764706	0.46153846153846156	0.5888230560337357	0.26305295366313414	0.17620619297236667	104	99	0.9519230769230769	0.375	0.5454545454545454	0.17045454545454541	False
U_ENSG00000206678.1	ENSG00000206678.1	snRNA	chr15	70387746	70387850	+	13	0.506577	0	104	False	False	False	34.0	0.16346153846153846	0.5339805825242718	0.47663551401869164	0.6644168708663888	0.31262870833143097	0.14754542866179124	107	104	0.9719626168224299	0.4205607476635514	0.33653846153846156	0.08402228612508983	False
U_ENSG00000200075.1	ENSG00000200075.1	snoRNA	chr15	63819608	63819735	-	13	0.160001	0	127	False	False	False	99.0	0.38976377952755903	0.6147540983606558	0.6141732283464567	0.7349754209471492	0.3667572351913693	0.0939060283031685	127	127	1.0	0.41732283464566927	0.5118110236220472	0.09448818897637795	False
U_ENSG00000264653.1	ENSG00000264653.1	miRNA	chr15	63925057	63925177	-	13	0.105093	0	120	False	False	False	48.0	0.2	0.5272727272727272	0.45833333333333337	0.5665352552585475	0.29498258519604587	0.15585913437807905	120	120	1.0	0.45	0.5166666666666667	0.06666666666666671	False
U_ENSG00000207045.1	ENSG00000207045.1	snRNA	chr6	6223064	6223171	+	14	0.485991	0	107	False	False	False	35.0	0.16355140186915887	0.5714285714285714	0.4299065420560748	0.6390950685239741	0.34961041690576466	0.1399282733414276	107	107	1.0	0.40186915887850466	0.411214953271028	0.009345794392523366	False
U_ENSG00000283555.1	ENSG00000283555.1	snRNA	chr15	44857188	44857299	-	13	0.27758	0	111	False	False	False	70.0	0.330188679245283	0.8148148148148148	0.5405405405405406	0.6998524845073408	0.4708347511461708	0.14836805826854854	106	111	0.954954954954955	0.32075471698113206	0.36936936936936937	0.04861465238823731	False
U_ENSG00000278454.1	ENSG00000278454.1	misc_RNA	chr15	68050364	68050441	+	13	0.198184	0	77	False	False	False	39.0	0.2532467532467532	0.5625	0.5375	0.7185418050339141	0.4385802623450096	0.14869938857231613	80	77	0.9625	0.5	0.5974025974025974	0.09740259740259738	False
U_ENSG00000207704.2	ENSG00000207704.2	miRNA	chr15	57973193	57973290	+	13	0.224676	97	97	True	True	True	28.0	0.14432989690721648	0.5211267605633803	0.4639175257731959	0.7429858402268819	0.42592592592592593	0.13258252147247765	97	97	1.0	0.32989690721649484	0.38144329896907214	0.0515463917525773	False
U_ENSG00000284200.1	ENSG00000284200.1	miRNA	chr15	76213160	76213224	+	13	0.177166	0	64	False	False	False	41.0	0.3203125	0.6415094339622641	0.5652173913043479	0.6080193253507654	0.3731961445658845	0.1655836309938309	69	64	0.927536231884058	0.5942028985507246	0.5625	0.03170289855072461	False
U_ENSG00000252852.1	ENSG00000252852.1	snoRNA	chr15	52332393	52332527	+	13	0.37301	0	134	False	False	False	93.0	0.34701492537313433	0.624	0.5597014925373134	0.8058880612490711	0.42383048886606656	0.10418350722218811	134	134	1.0	0.44029850746268656	0.3805970149253731	0.05970149253731344	False
U_tRNA-Cys-GCA-22-1	tRNA-Cys-GCA-22-1	tRNA	chr6	48106100	48106170	+	14	0.136173	0	70	False	False	False	62.0	0.44285714285714284	0.65625	0.6285714285714286	0.7888426505157586	0.4676902577723743	0.07938008079785017	70	70	1.0	0.5428571428571428	0.5285714285714286	0.014285714285714235	False
U_ENSG00000284054.1	ENSG00000284054.1	miRNA	chr15	76337908	76337973	-	13	0.346422	20	65	True	False	False	26.0	0.2	0.56	0.4307692307692308	0.5997974728315194	0.38413666267326796	0.15780476466190746	65	65	1.0	0.6461538461538462	0.5538461538461539	0.09230769230769231	False
U_ENSG00000276598.1	ENSG00000276598.1	miRNA	chr15	76516883	76516952	-	13	0.218479	0	69	False	False	False	45.0	0.32608695652173914	0.6461538461538462	0.5942028985507246	0.6364561034520789	0.2859525795719834	0.1650731200047327	69	69	1.0	0.6811594202898551	0.5507246376811594	0.13043478260869568	False
U_ENSG00000222057.1	ENSG00000222057.1	snRNA	chr16	36760892	36761019	+	12	0.392501	0	127	False	False	False	38.0	0.14960629921259844	0.515625	0.5	0.58073475230864	0.2890977924120722	0.15052197301467451	130	127	0.9769230769230769	0.3923076923076923	0.49606299212598426	0.10375529981829196	False
U_ENSG00000207138.1	ENSG00000207138.1	snRNA	chr15	60626211	60626319	+	13	0.380573	0	108	False	False	False	28.0	0.1308411214953271	0.5522388059701493	0.4629629629629629	0.6335117199576316	0.3348006918570717	0.135522709000157	107	108	0.9907407407407407	0.4205607476635514	0.5277777777777778	0.1072170301142264	False
U_ENSG00000274344.1	ENSG00000274344.1	misc_RNA	chr6	17832204	17832275	+	14	0.193416	71	71	True	True	True	42.0	0.29577464788732394	0.5492957746478874	0.5416666666666667	0.6893745089629884	0.34680324733992274	0.1360288946629803	72	71	0.9861111111111112	0.375	0.4084507042253521	0.033450704225352124	False
U_ENSG00000265247.1	ENSG00000265247.1	miRNA	chr15	74197659	74197739	+	13	0.100393	0	80	False	False	False	73.0	0.45625	0.7088607594936709	0.6625	0.5580876639279059	0.33138754142795007	0.19853654609314078	80	80	1.0	0.5625	0.6	0.03749999999999998	False
U_ENSG00000252872.1	ENSG00000252872.1	snRNA	chr6	6253806	6253869	+	14	0.631407	0	63	False	False	False	23.0	0.18253968253968253	0.5641025641025641	0.390625	0.4459623866775378	0.13497186520259022	0.24689644634904076	64	63	0.984375	0.421875	0.2698412698412698	0.15203373015873017	False
U_ENSG00000266110.1	ENSG00000266110.1	miRNA	chr3	145745474	145745552	-	4	0.18306	78	78	True	True	True	30.0	0.19230769230769232	0.5277777777777778	0.42500000000000004	0.6285872661926204	0.23539595453459988	0.13494657497830378	80	78	0.975	0.4125	0.4358974358974359	0.023397435897435925	False
U_ENSG00000207582.1	ENSG00000207582.1	miRNA	chr15	68209269	68209357	-	13	0.0	88	88	True	True	True	152.0	0.8636363636363636	0.9294117647058824	0.8863636363636364	0.8817290690894465	0.79708260813773	0.07963451988822424	88	88	1.0	0.4318181818181818	0.45454545454545453	0.022727272727272707	False
U_ENSG00000252642.1	ENSG00000252642.1	rRNA_pseudogene	chr16	33502701	33502836	+	12	0.301484	0	135	False	False	False	44.0	0.16296296296296298	0.5111111111111111	0.4814814814814815	0.8213368890573404	0.5369034420847467	0.08829969825521815	135	135	1.0	0.42962962962962964	0.4666666666666667	0.037037037037037035	False
U_ENSG00000284032.1	ENSG00000284032.1	miRNA	chr6	31039606	31039670	-	14	0.0	64	64	True	True	True	125.0	0.9765625	0.984375	0.984375	0.9756420007311559	0.9436619718309859	0.031746031746031744	64	64	1.0	0.328125	0.34375	0.015625	False
U_ENSG00000207067.1	ENSG00000207067.1	snoRNA	chr15	34440937	34441069	-	13	0.0	132	132	True	True	True	220.0	0.8333333333333334	0.8931297709923665	0.8787878787878788	0.8798992176502902	0.7993583930350686	0.0778476261617219	132	132	1.0	0.4015151515151515	0.4318181818181818	0.03030303030303033	False
U_ENSG00000277138.1	ENSG00000277138.1	miRNA	chr6	34883461	34883546	-	14	0.317577	0	85	False	False	False	30.0	0.17647058823529413	0.5365853658536586	0.45882352941176474	0.658423909763061	0.3645632844401591	0.12140522651411392	85	85	1.0	0.3764705882352941	0.4588235294117647	0.08235294117647057	False
U_ENSG00000284229.1	ENSG00000284229.1	miRNA	chr15	76387076	76387151	-	13	0.206941	75	75	True	True	True	63.0	0.45	0.6515151515151515	0.6133333333333333	0.7167114844891948	0.4690337620738856	0.1714756524345164	70	75	0.9333333333333333	0.6714285714285714	0.5066666666666667	0.16476190476190467	False
U_ENSG00000206695.1	ENSG00000206695.1	snRNA	chr15	59956637	59956744	+	13	0.067211	106	107	True	True	True	133.0	0.6394230769230769	0.8041237113402062	0.7663551401869159	0.8141810857785405	0.6223017222905991	0.08066721941703847	104	107	0.9719626168224299	0.4230769230769231	0.4205607476635514	0.0025161754133716796	False
U_ENSG00000207656.1	ENSG00000207656.1	miRNA	chr6	3721906	3721994	-	14	0.0	88	88	True	True	True	117.0	0.6964285714285714	0.7976190476190477	0.7613636363636364	0.79167176660944	0.5665900089833618	0.0772957082069447	84	88	0.9545454545454546	0.47619047619047616	0.42045454545454547	0.055735930735930694	False
U_ENSG00000208025.1	ENSG00000208025.1	miRNA	chr6	6143835	6143931	-	14	0.152089	0	96	False	False	False	75.0	0.39473684210526316	0.6105263157894737	0.6145833333333333	0.6700099067107593	0.35219416803132536	0.11471305956862979	95	96	0.9895833333333334	0.4105263157894737	0.5	0.08947368421052632	False
U_ENSG00000252003.1	ENSG00000252003.1	snRNA	chr6	23077272	23077334	+	14	0.548949	0	62	False	False	False	26.0	0.20967741935483872	0.627906976744186	0.4516129032258065	0.511057848216425	0.24983770543304143	0.22950819672131148	62	62	1.0	0.43548387096774194	0.25806451612903225	0.1774193548387097	False
U_ENSG00000277922.1	ENSG00000277922.1	misc_RNA	chrX	102667145	102667363	+	11	0.125347	211	218	True	True	False	209.0	0.4793577981651376	0.6728110599078341	0.6238532110091743	0.7804685333500704	0.5611224400402072	0.10827041589373944	218	218	1.0	0.5688073394495413	0.6100917431192661	0.041284403669724745	False
U_ENSG00000284224.1	ENSG00000284224.1	miRNA	chr15	75938598	75938684	-	13	0.264051	21	86	True	False	False	87.0	0.5058139534883721	0.686046511627907	0.6627906976744187	0.8350181130836861	0.6426685306050685	0.11036272376055128	86	86	1.0	0.6976744186046512	0.5930232558139535	0.10465116279069764	False
U_ENSG00000274732.1	ENSG00000274732.1	misc_RNA	chr16	40886792	40886940	-	12	0.07106	146	148	True	True	False	230.0	0.777027027027027	0.8639455782312925	0.8223684210526316	0.8478834141406335	0.6891714896642304	0.08693990951540458	152	148	0.9736842105263158	0.4605263157894737	0.4594594594594595	0.0010668563300141876	False
U_ENSG00000207588.1	ENSG00000207588.1	miRNA	chr6	28880599	28880694	+	14	0.206454	0	95	False	False	False	39.0	0.20526315789473684	0.5568181818181818	0.48	0.7241585485188172	0.4182892092079678	0.12256296042084439	100	95	0.95	0.61	0.5157894736842106	0.09421052631578941	False
U_ENSG00000223113.1	ENSG00000223113.1	rRNA_pseudogene	chr6	39337319	39337424	+	14	0.314817	0	105	False	False	False	38.0	0.18095238095238095	0.5692307692307692	0.4380952380952381	0.7666615578867723	0.46471268739271354	0.10707239159288502	105	105	1.0	0.47619047619047616	0.4095238095238095	0.06666666666666665	False
U_ENSG00000254324.3	ENSG00000254324.3	miRNA	chr15	73126649	73126739	-	13	0.0	68	90	True	True	False	156.0	0.8666666666666667	0.9534883720930233	0.8555555555555556	0.9569341481271361	0.8609160647753272	0.0449438202247191	90	90	1.0	0.5222222222222223	0.5444444444444444	0.022222222222222143	False
U_ENSG00000263381.1	ENSG00000263381.1	miRNA	chr4	117228665	117228725	-	5	0.091223	0	60	False	False	False	63.0	0.525	0.7321428571428571	0.6833333333333333	0.7436169051971017	0.4265167106155982	0.13128757105787853	60	60	1.0	0.4166666666666667	0.48333333333333334	0.06666666666666665	False
U_ENSG00000212443.1	ENSG00000212443.1	snoRNA	chr10	90954167	90954412	-	10	0.109865	231	245	True	True	False	377.0	0.7693877551020408	0.8851063829787233	0.7751004016064257	0.9341693108017035	0.8076846032056562	0.06095425996548951	249	245	0.9839357429718876	0.39357429718875503	0.4489795918367347	0.055405294647979664	False
U_ENSG00000199158.1	ENSG00000199158.1	miRNA	chr6	30169458	30169536	-	14	0.0	78	78	True	True	True	148.0	0.9487179487179487	0.974025974025974	0.9487179487179487	0.9608354189321237	0.912793454521686	0.044988332664126676	78	78	1.0	0.47435897435897434	0.46153846153846156	0.012820512820512775	False
U_ENSG00000222389.1	ENSG00000222389.1	snRNA	chr16	70338423	70338611	-	12	0.145719	0	188	False	False	False	70.0	0.18617021276595744	0.5444444444444444	0.4920634920634921	0.8606034946488147	0.5741199647334863	0.08511010960218425	189	188	0.9947089947089947	0.3333333333333333	0.3829787234042553	0.049645390070922	False
U_ENSG00000276961.1	ENSG00000276961.1	miRNA	chr15	66659770	66659868	-	13	0.216239	98	98	True	True	True	69.0	0.3520408163265306	0.5816326530612245	0.5742574257425743	0.7087186536193251	0.4380899894649543	0.14952797093818196	101	98	0.9702970297029703	0.594059405940594	0.47959183673469385	0.11446756920590018	False
U_ENSG00000207554.1	ENSG00000207554.1	miRNA	chr2	181213227	181213322	-	7	0.107859	27	95	True	False	False	58.0	0.30526315789473685	0.6896551724137931	0.44791666666666663	0.782678679891501	0.47695305222274537	0.12739348705628883	96	95	0.9895833333333334	0.6666666666666666	0.6	0.06666666666666665	False
U_ENSG00000275054.1	ENSG00000275054.1	misc_RNA	chr6	17901172	17901246	+	14	0.0	0	74	False	False	False	60.0	0.40540540540540543	0.6756756756756757	0.5945945945945945	0.8449318673383283	0.5510490974303643	0.061262136369857244	74	74	1.0	0.32432432432432434	0.32432432432432434	0.0	False
U_ENSG00000278072.1	ENSG00000278072.1	misc_RNA	chr16	41120095	41120260	-	12	0.074939	163	165	True	True	False	253.0	0.7666666666666667	0.8606060606060606	0.8545454545454545	0.938132250081223	0.845465079326363	0.06395175903476533	165	165	1.0	0.40606060606060607	0.43636363636363634	0.030303030303030276	False
U_ENSG00000277752.1	ENSG00000277752.1	misc_RNA	chr14	61880824	61880908	+	15	0.0	80	84	True	True	False	98.0	0.5833333333333334	0.7692307692307693	0.6785714285714286	0.8156184250208031	0.5432851658872999	0.11042351072182748	84	84	1.0	0.39285714285714285	0.34523809523809523	0.047619047619047616	False
U_ENSG00000207705.2	ENSG00000207705.2	miRNA	chr6	29022616	29022688	+	14	0.0	72	72	True	True	True	132.0	0.9166666666666666	0.971830985915493	0.9305555555555556	0.9642857142857143	0.8987341772151899	0.039837001756988594	72	72	1.0	0.4861111111111111	0.4861111111111111	0.0	False
U_tRNA-Pro-AGG-2-3	tRNA-Pro-AGG-2-3	tRNA	chr6	29388820	29388892	+	14	0.0	70	72	True	True	False	140.0	0.9722222222222222	1.0	0.9444444444444444	0.9861111111111112	0.978021978021978	0.03449985553215744	72	72	1.0	0.6111111111111112	0.5972222222222222	0.01388888888888895	False
U_ENSG00000208014.1	ENSG00000208014.1	miRNA	chr6	3721291	3721387	-	14	0.016929	85	96	True	True	False	148.0	0.7708333333333334	0.875	0.8645833333333334	0.871212121212121	0.7203501770655956	0.07590634264134714	96	96	1.0	0.3645833333333333	0.40625	0.041666666666666685	False
U_ENSG00000266663.1	ENSG00000266663.1	miRNA	chr14	88533389	88533467	-	15	0.346797	0	78	False	False	False	31.0	0.1987179487179487	0.6666666666666666	0.4457831325301205	0.5891666694981097	0.28880007514798783	0.14960345423319465	83	78	0.9397590361445783	0.40963855421686746	0.34615384615384615	0.06348470806302131	False
U_ENSG00000273612.1	ENSG00000273612.1	misc_RNA	chr14	61872982	61873041	+	15	0.080186	58	59	True	True	False	71.0	0.6120689655172413	0.7413793103448276	0.728813559322034	0.7506416917387255	0.4427897244481003	0.13906202553606395	58	59	0.9830508474576272	0.3448275862068966	0.3050847457627119	0.03974284044418469	False
U_ENSG00000283487.1	ENSG00000283487.1	miRNA	chr14	119712251	119712312	+	15	0.172928	0	61	False	False	False	76.0	0.6229508196721312	0.75	0.796875	0.6308065577054277	0.3542221363196603	0.1293772513506319	64	61	0.953125	0.375	0.36065573770491804	0.014344262295081955	False
U_ENSG00000207574.1	ENSG00000207574.1	miRNA	chr15	76085258	76085345	-	13	0.223701	0	87	False	False	False	64.0	0.367816091954023	0.6666666666666666	0.5842696629213483	0.6849435567692422	0.4365982356350545	0.15342633240269699	89	87	0.9775280898876404	0.6966292134831461	0.5517241379310345	0.14490507555211163	False
U_ENSG00000277888.1	ENSG00000277888.1	miRNA	chr15	76187748	76187812	-	13	0.219919	0	64	False	False	False	36.0	0.3	0.5737704918032787	0.546875	0.6593937305675303	0.4285714285714285	0.157447290313525	60	64	0.9375	0.6333333333333333	0.5	0.1333333333333333	False
U_ENSG00000202023.1	ENSG00000202023.1	snoRNA	chr6	36735494	36735566	+	14	0.361396	0	72	False	False	False	26.0	0.18055555555555555	0.5806451612903226	0.48684210526315785	0.45184805705753195	0.2542002139091166	0.22552466007661698	76	72	0.9473684210526315	0.35526315789473684	0.2777777777777778	0.07748538011695905	False
U_tRNA-Arg-CCT-4-1	tRNA-Arg-CCT-4-1	tRNA	chr6	38510862	38510935	+	14	0.0	70	73	True	True	False	140.0	0.958904109589041	1.0	0.9178082191780822	0.9827076298239908	0.969123666139729	0.03402069087198859	73	73	1.0	0.589041095890411	0.5753424657534246	0.013698630136986356	False
U_ENSG00000266072.1	ENSG00000266072.1	miRNA	chr14	62912062	62912137	-	15	0.220032	0	75	False	False	False	60.0	0.410958904109589	0.6507936507936508	0.5333333333333333	0.7405385912769741	0.4672051288364322	0.12023385193914857	73	75	0.9733333333333334	0.4657534246575342	0.41333333333333333	0.05242009132420089	False
U_tRNA-Cys-GCA-16-1	tRNA-Cys-GCA-16-1	tRNA	chr6	48100398	48100470	+	14	0.116961	72	72	True	True	True	96.0	0.6666666666666666	0.8082191780821918	0.7916666666666666	0.829184989234173	0.5581772712371587	0.0718171762477857	72	72	1.0	0.5416666666666666	0.5277777777777778	0.01388888888888884	False
U_ENSG00000283923.1	ENSG00000283923.1	miRNA	chr6	17749194	17749303	+	14	0.11078	109	109	True	True	True	144.0	0.6605504587155964	0.8148148148148148	0.7798165137614679	0.8851075075399161	0.7474432598297259	0.08281733249999221	109	109	1.0	0.5871559633027523	0.5963302752293578	0.00917431192660545	False
U_tRNA-Cys-GCA-19-1	tRNA-Cys-GCA-19-1	tRNA	chr6	48201263	48201335	-	14	0.0	71	72	True	True	False	124.0	0.8611111111111112	0.9154929577464789	0.8888888888888888	0.8976555151758763	0.7533853477599567	0.059755502635482884	72	72	1.0	0.5277777777777778	0.5833333333333334	0.05555555555555558	False
U_ENSG00000274878.1	ENSG00000274878.1	misc_RNA	chr14	61869877	61869949	+	15	0.083173	72	72	True	True	True	36.0	0.25	0.6842105263157895	0.452054794520548	0.8148181216864114	0.5397505397508097	0.06988306235342735	73	72	0.9863013698630136	0.3287671232876712	0.3472222222222222	0.018455098934550995	False
U_ENSG00000274500.1	ENSG00000274500.1	misc_RNA	chr6	30735962	30736060	+	14	0.0	98	98	True	True	True	148.0	0.7551020408163265	0.8585858585858586	0.8585858585858586	0.8134419286208039	0.6395156871334768	0.06193809084961082	99	98	0.98989898989899	0.43434343434343436	0.46938775510204084	0.03504432075860647	False
U_ENSG00000207692.3	ENSG00000207692.3	miRNA	chr6	27936654	27936751	-	14	0.0	97	97	True	True	True	181.0	0.9329896907216495	0.9891304347826086	0.8865979381443299	0.9772746501794282	0.9528128565415781	0.044194173824159216	97	97	1.0	0.4536082474226804	0.44329896907216493	0.010309278350515483	False
U_ENSG00000283797.1	ENSG00000283797.1	miRNA	chr6	31039955	31040036	-	14	0.0	71	81	True	True	False	154.0	0.9506172839506173	1.0	0.9012345679012346	0.962621902223779	0.9529998370717014	0.05590169943749475	81	81	1.0	0.3950617283950617	0.37037037037037035	0.024691358024691357	False
U_tRNA-Cys-GCA-1-1	tRNA-Cys-GCA-1-1	tRNA	chr6	47955927	47955999	+	14	0.0	69	72	True	True	False	129.0	0.8958333333333334	0.9565217391304348	0.875	0.9282830396540711	0.8095811798374442	0.052699399813717476	72	72	1.0	0.5555555555555556	0.5694444444444444	0.01388888888888884	False
U_tRNA-Cys-GCA-3-1	tRNA-Cys-GCA-3-1	tRNA	chr6	48186775	48186847	-	14	0.0	68	72	True	True	False	127.0	0.8819444444444444	0.9558823529411765	0.8472222222222222	0.9192133639999746	0.8261357608792402	0.07181717624778569	72	72	1.0	0.5694444444444444	0.5694444444444444	0.0	False
U_ENSG00000221768.2	ENSG00000221768.2	miRNA	chr15	73919666	73919733	-	13	0.317893	0	67	False	False	False	45.0	0.3358208955223881	0.6274509803921569	0.5138888888888888	0.6969537702664743	0.4293992612574089	0.14715337809225737	72	67	0.9305555555555556	0.3194444444444444	0.29850746268656714	0.020936981757877282	False
U_ENSG00000202433.1	ENSG00000202433.1	snRNA	chr14	97047551	97047658	+	15	0.310707	0	107	False	False	False	35.0	0.16355140186915887	0.5263157894736842	0.485981308411215	0.645643157912081	0.337099931231621	0.14856618630210963	107	107	1.0	0.40186915887850466	0.38317757009345793	0.01869158878504673	False
U_ENSG00000212377.1	ENSG00000212377.1	snoRNA	chr14	99021135	99021200	-	15	0.324578	0	65	False	False	False	29.0	0.2230769230769231	0.6666666666666666	0.4545454545454546	0.4695495512073213	0.2335055464847162	0.20691600600944193	66	65	0.9848484848484849	0.3333333333333333	0.24615384615384617	0.08717948717948715	False
U_ENSG00000272230.1	ENSG00000272230.1	miRNA	chr6	15404974	15405085	+	14	0.0	106	111	True	True	False	200.0	0.9009009009009009	0.9622641509433962	0.8738738738738738	0.937550866769794	0.8673237511084257	0.05300865358950273	111	111	1.0	0.4864864864864865	0.46846846846846846	0.018018018018018056	False
U_ENSG00000252023.1	ENSG00000252023.1	snRNA	chr6	21660693	21660794	+	14	0.373255	0	101	False	False	False	29.0	0.14356435643564355	0.5490196078431373	0.4380952380952381	0.43091810552406756	0.17068500632769043	0.24182980958668787	105	101	0.9619047619047619	0.38095238095238093	0.37623762376237624	0.0047147571900046925	False
U_ENSG00000265669.1	ENSG00000265669.1	miRNA	chr10	24339910	24339982	+	16	0.562695	0	72	False	False	False	26.0	0.18055555555555555	0.5555555555555556	0.38888888888888884	0.4957285075994251	0.2414897571839111	0.21637030275686217	72	72	1.0	0.2916666666666667	0.4305555555555556	0.1388888888888889	False
U_ENSG00000199043.1	ENSG00000199043.1	miRNA	chr6	30741295	30741389	+	14	0.0	92	94	True	True	False	147.0	0.7819148936170213	0.8804347826086957	0.8085106382978724	0.8816600973870415	0.7944061612719029	0.0818900333963861	94	94	1.0	0.3829787234042553	0.4148936170212766	0.03191489361702127	False
U_tRNA-Cys-GCA-12-1	tRNA-Cys-GCA-12-1	tRNA	chr6	48326699	48326771	-	14	0.0	68	72	True	True	False	130.0	0.9027777777777778	0.9705882352941176	0.8611111111111112	0.9249999999999998	0.8620689655172412	0.06298783035210676	72	72	1.0	0.5138888888888888	0.5277777777777778	0.01388888888888895	False
U_ENSG00000221442.1	ENSG00000221442.1	miRNA	chr6	46193521	46193621	-	14	0.472438	0	100	False	False	False	33.0	0.165	0.5256410256410257	0.4285714285714286	0.6465437780562989	0.4329463170344596	0.18945832985870628	105	100	0.9523809523809523	0.2857142857142857	0.31	0.0242857142857143	False
U_ENSG00000201009.1	ENSG00000201009.1	snoRNA	chr6	32741070	32741174	+	14	0.42572	0	104	False	False	False	30.0	0.14423076923076922	0.5294117647058824	0.40384615384615385	0.4858965997184767	0.305887645160749	0.2183926578485824	104	104	1.0	0.4807692307692308	0.3173076923076923	0.1634615384615385	False
U_ENSG00000310127.1	ENSG00000310127.1	lncRNA	chr15	62181103	62181274	+	13	0.413313	0	171	False	False	False	32.0	0.0935672514619883	0.47540983606557374	0.38953488372093026	0.4763925473851594	0.28246275186784636	0.20473219828915326	172	171	0.9941860465116279	0.4883720930232558	0.34502923976608185	0.14334285325717394	False
U_ENSG00000277583.1	ENSG00000277583.1	misc_RNA	chr6	17693929	17694035	+	14	0.177704	106	106	True	True	True	107.0	0.5047169811320755	0.7184466019417476	0.6126126126126126	0.6774424060142521	0.4167700450745759	0.12247486967289413	111	106	0.954954954954955	0.5225225225225225	0.6226415094339622	0.10011898691143972	False
U_ENSG00000208006.1	ENSG00000208006.1	miRNA	chr14	61869330	61869419	-	15	0.0	89	89	True	True	True	163.0	0.9157303370786517	0.9438202247191011	0.9438202247191011	0.9371870088659441	0.8645309671165333	0.05567022142689042	89	89	1.0	0.4044943820224719	0.4606741573033708	0.0561797752808989	False
U_ENSG00000264119.1	ENSG00000264119.1	miRNA	chr16	65360773	65360861	+	12	0.446943	88	88	True	True	True	31.0	0.17613636363636365	0.5614035087719298	0.4943820224719101	0.6458312886982868	0.33937008445522876	0.13442628328511794	89	88	0.9887640449438202	0.29213483146067415	0.3068181818181818	0.014683350357507674	False
U_ENSG00000252244.1	ENSG00000252244.1	snRNA	chr10	7686504	7686564	-	16	0.442156	0	60	False	False	False	14.0	0.11666666666666667	0.8	0.4032258064516129	0.24540401987138397	0.08301721145708955	0.34568775167128457	62	60	0.967741935483871	0.43548387096774194	0.23333333333333334	0.2021505376344086	False
U_ENSG00000278482.1	ENSG00000278482.1	misc_RNA	chr6	17907184	17907303	+	14	0.088672	106	119	True	True	False	95.0	0.41304347826086957	0.7019230769230769	0.5546218487394958	0.7376934895903636	0.4815824194433809	0.10289313797483209	115	119	0.9663865546218487	0.41739130434782606	0.40336134453781514	0.014029959810010928	False
U_ENSG00000202377.1	ENSG00000202377.1	snoRNA	chr6	16458403	16458534	-	14	0.487743	0	131	False	False	False	37.0	0.14453125	0.5086206896551724	0.4961832061068703	0.6920246361163883	0.3501463139186649	0.12212409638293023	128	131	0.9770992366412213	0.4296875	0.3969465648854962	0.03274093511450382	False
U_ENSG00000222150.1	ENSG00000222150.1	rRNA_pseudogene	chr6	17686454	17686584	-	14	0.383553	0	130	False	False	False	68.0	0.26356589147286824	0.6310679611650486	0.5384615384615384	0.7052513728640406	0.34097468566410655	0.1162456612314053	129	130	0.9923076923076923	0.4883720930232558	0.4461538461538462	0.042218246869409615	False
U_ENSG00000252695.1	ENSG00000252695.1	miRNA	chr14	60873758	60873847	+	15	0.266373	31	89	True	False	False	42.0	0.23595505617977527	0.5526315789473685	0.4719101123595506	0.5321190174477862	0.27950377332641	0.21259416970306483	89	89	1.0	0.5730337078651685	0.4044943820224719	0.1685393258426966	False
U_ENSG00000264864.1	ENSG00000264864.1	miRNA	chr14	61836795	61836878	-	15	0.036358	0	83	False	False	False	88.0	0.5301204819277109	0.7349397590361446	0.6896551724137931	0.8666168768371557	0.7356532864330325	0.08141264014002736	87	83	0.9540229885057471	0.3563218390804598	0.3493975903614458	0.006924248719013981	False
U_ENSG00000251936.1	ENSG00000251936.1	rRNA_pseudogene	chr6	46693598	46693692	+	14	0.406651	0	94	False	False	False	32.0	0.1702127659574468	0.5652173913043478	0.48484848484848486	0.6577454403368689	0.2900129278861116	0.1527301688077586	99	94	0.9494949494949495	0.47474747474747475	0.425531914893617	0.04921555985385773	False
U_ENSG00000206705.1	ENSG00000206705.1	misc_RNA	chr6	35666513	35666613	-	14	0.443921	0	100	False	False	False	31.0	0.155	0.5113636363636364	0.4509803921568627	0.28471690049293824	0.11767188883136664	0.31132722971103166	102	100	0.9803921568627451	0.4019607843137255	0.17	0.2319607843137255	False
U_ENSG00000251753.1	ENSG00000251753.1	snRNA	chr14	114726864	114726968	-	15	0.107017	0	104	False	False	False	84.0	0.40384615384615385	0.6595744680851063	0.5769230769230769	0.7566988491381971	0.47232473437413475	0.11154490575801997	104	104	1.0	0.41346153846153844	0.40384615384615385	0.009615384615384581	False
U_ENSG00000212238.1	ENSG00000212238.1	rRNA_pseudogene	chr6	30152724	30152841	+	14	0.394116	117	117	True	True	True	23.0	0.10267857142857142	0.527027027027027	0.4444444444444444	0.6123249050904491	0.26590562129478557	0.13078332958052405	112	117	0.9572649572649573	0.5714285714285714	0.5555555555555556	0.015873015873015817	False
U_ENSG00000207990.3	ENSG00000207990.3	miRNA	chr6	30165900	30166009	-	14	0.0	75	109	True	True	False	157.0	0.7201834862385321	0.8365384615384616	0.8	0.8733777984800667	0.692653607183634	0.057712445096644464	110	109	0.990909090909091	0.5727272727272728	0.5412844036697247	0.031442869057548006	False
U_ENSG00000207691.1	ENSG00000207691.1	miRNA	chr6	30169652	30169762	-	14	0.0	70	110	True	True	False	201.0	0.9136363636363637	0.9714285714285714	0.8909090909090909	0.9734902574441242	0.9325989869704849	0.03669724770642202	110	110	1.0	0.4909090909090909	0.5	0.009090909090909094	False
U_ENSG00000283785.1	ENSG00000283785.1	miRNA	chr14	61869479	61869562	-	15	0.0	83	83	True	True	True	147.0	0.8855421686746988	0.9625	0.8795180722891567	0.9437026812278374	0.8852704127574261	0.057200192192968666	83	83	1.0	0.42168674698795183	0.4457831325301205	0.02409638554216864	False
U_ENSG00000277269.1	ENSG00000277269.1	misc_RNA	chr6	30733847	30733989	+	14	0.132288	0	142	False	False	False	90.0	0.32142857142857145	0.5862068965517241	0.5422535211267605	0.8563785595357056	0.6526443427744962	0.09737941894883495	140	142	0.9859154929577465	0.4142857142857143	0.34507042253521125	0.06921529175050306	False
U_ENSG00000274118.1	ENSG00000274118.1	misc_RNA	chr6	45206277	45206385	+	14	0.525308	0	108	False	False	False	39.0	0.18932038834951456	0.5	0.4722222222222222	0.6612865217251731	0.3440358349615704	0.1502970530972287	103	108	0.9537037037037037	0.3786407766990291	0.25	0.12864077669902912	False
U_ENSG00000207310.1	ENSG00000207310.1	snRNA	chr16	38480822	38480929	+	12	0.542398	0	107	False	False	False	49.0	0.22897196261682243	0.5462962962962963	0.5327102803738317	0.7593698713197538	0.4405702131057618	0.11399099975089219	107	107	1.0	0.42990654205607476	0.4766355140186916	0.04672897196261683	False
U_ENSG00000199652.2	ENSG00000199652.2	snRNA	chr15	69041223	69041372	-	13	0.511077	0	149	False	False	False	36.0	0.12080536912751678	0.4774774774774775	0.4248366013071896	0.632671508421381	0.4346968264609851	0.22557698193272596	153	149	0.9738562091503268	0.3790849673202614	0.28859060402684567	0.09049436329341576	False
U_ENSG00000283815.1	ENSG00000283815.1	miRNA	chr14	115281290	115281361	+	15	0.0	71	71	True	True	True	133.0	0.9366197183098591	0.9852941176470589	0.9014084507042254	0.9605132971980003	0.9339622641509433	0.04517539514526255	71	71	1.0	0.4507042253521127	0.43661971830985913	0.014084507042253558	False
U_ENSG00000278449.1	ENSG00000278449.1	miRNA	chr6	42328291	42328403	+	14	0.046298	5	112	True	False	False	97.0	0.4330357142857143	0.6696428571428571	0.6	0.889613986524775	0.6501402080210121	0.050539588344697094	115	112	0.9739130434782609	0.5739130434782609	0.5446428571428571	0.02927018633540379	False
U_ENSG00000278526.1	ENSG00000278526.1	misc_RNA	chr6	17905699	17905836	+	14	0.0	131	137	True	True	False	259.0	0.9452554744525548	0.9923664122137404	0.9051094890510949	0.9817433644306865	0.9578144333947243	0.02079725827019257	137	137	1.0	0.5912408759124088	0.5912408759124088	0.0	False
U_ENSG00000283762.1	ENSG00000283762.1	miRNA	chr14	115281604	115281675	+	15	0.0	71	71	True	True	True	124.0	0.8732394366197183	0.9411764705882353	0.8591549295774648	0.9158055108928429	0.8351787742188257	0.05714285714285714	71	71	1.0	0.38028169014084506	0.4225352112676056	0.04225352112676056	False
U_ENSG00000265164.1	ENSG00000265164.1	miRNA	chr14	124475945	124476051	-	15	0.32627	0	106	False	False	False	50.0	0.23809523809523808	0.6190476190476191	0.4716981132075472	0.6656043059007264	0.3482021415991334	0.16105520440086077	105	106	0.9905660377358491	0.45714285714285713	0.330188679245283	0.12695417789757413	False
U_ENSG00000283705.1	ENSG00000283705.1	miRNA	chr14	115281857	115281935	+	15	0.0	78	78	True	True	True	135.0	0.8653846153846154	0.935064935064935	0.8846153846153846	0.9636384991552205	0.9011271137791661	0.03673281980189858	78	78	1.0	0.48717948717948717	0.47435897435897434	0.01282051282051283	False
U_ENSG00000274709.1	ENSG00000274709.1	misc_RNA	chr6	6871495	6871637	-	14	0.102139	138	142	True	True	False	227.0	0.7992957746478874	0.8913043478260869	0.8169014084507042	0.902875319888385	0.8099093501730444	0.07092198581560283	142	142	1.0	0.39436619718309857	0.45774647887323944	0.06338028169014087	False
U_ENSG00000208028.1	ENSG00000208028.1	miRNA	chr10	127128013	127128112	+	10	0.289533	0	99	False	False	False	52.0	0.26804123711340205	0.6103896103896104	0.4545454545454546	0.704050693474961	0.37119616932281163	0.11176636682350832	97	99	0.9797979797979798	0.4020618556701031	0.46464646464646464	0.06258460897636153	False
U_tRNA-Phe-GAA-1-5	tRNA-Phe-GAA-1-5	tRNA	chr14	118326940	118327013	-	15	0.0	69	73	True	True	False	138.0	0.9452054794520548	1.0	0.8904109589041096	0.9700344948091243	0.9487179487179486	0.019641855032959652	73	73	1.0	0.5342465753424658	0.5342465753424658	0.0	False
U_ENSG00000206754.1	ENSG00000206754.1	snoRNA	chr10	23662368	23662440	-	16	0.066124	72	72	True	True	True	104.0	0.7222222222222222	0.8333333333333334	0.8082191780821918	0.8296440718636772	0.6324555320336759	0.08647118977034564	73	72	0.9863013698630136	0.3698630136986301	0.4583333333333333	0.0884703196347032	False
U_ENSG00000207597.1	ENSG00000207597.1	miRNA	chr6	36398658	36398787	+	14	0.0	84	129	True	True	False	228.0	0.890625	0.9375	0.9224806201550387	0.9482196117588148	0.8588417188994663	0.0493928937751959	128	129	0.9922480620155039	0.515625	0.4806201550387597	0.03500484496124029	False
U_ENSG00000284536.1	ENSG00000284536.1	miRNA	chr14	115281100	115281184	+	15	0.0	84	84	True	True	True	155.0	0.9226190476190477	0.9634146341463414	0.9166666666666666	0.9658417076839788	0.9047904007511014	0.038099730845402156	84	84	1.0	0.42857142857142855	0.4523809523809524	0.023809523809523836	False
U_ENSG00000211579.2	ENSG00000211579.2	miRNA	chr14	79975872	79975963	+	15	0.0	91	91	True	True	True	174.0	0.9560439560439561	1.0	0.9120879120879121	0.9902649596663085	0.9765381710701493	0.02721655269759086	91	91	1.0	0.2967032967032967	0.2857142857142857	0.010989010989011005	False
U_ENSG00000283471.1	ENSG00000283471.1	miRNA	chr8	95084972	95085062	+	17	0.284362	0	90	False	False	False	44.0	0.24444444444444444	0.6086956521739131	0.5111111111111111	0.5242211620057122	0.25270158908559676	0.18598815008142525	90	90	1.0	0.4	0.4888888888888889	0.08888888888888885	False
U_ENSG00000284204.1	ENSG00000284204.1	miRNA	chr14	115281429	115281511	+	15	0.0	82	82	True	True	True	157.0	0.9573170731707317	0.9875	0.9390243902439024	0.980687772100795	0.9515838434019476	0.024691358024691357	82	82	1.0	0.4268292682926829	0.4146341463414634	0.012195121951219523	False
U_ENSG00000206617.1	ENSG00000206617.1	misc_RNA	chr14	100697802	100697917	-	15	0.459962	0	115	False	False	False	36.0	0.1565217391304348	0.45454545454545453	0.4173913043478261	0.5218369820973559	0.25966027923484003	0.1885454847386375	115	115	1.0	0.4260869565217391	0.33043478260869563	0.09565217391304348	False
U_ENSG00000274134.1	ENSG00000274134.1	miRNA	chr8	121480023	121480093	+	17	0.19406	2	70	True	False	False	28.0	0.2	0.5384615384615384	0.48571428571428577	0.6142977450761931	0.3894904188522601	0.17025130615174972	70	70	1.0	0.6142857142857143	0.6285714285714286	0.014285714285714235	False
U_ENSG00000284375.1	ENSG00000284375.1	miRNA	chr14	115281734	115281821	+	15	0.0	87	87	True	True	True	158.0	0.9080459770114943	0.9529411764705882	0.9195402298850575	0.9483275996022373	0.8961792537779262	0.04933303124557309	87	87	1.0	0.4367816091954023	0.4367816091954023	0.0	False
U_ENSG00000274969.1	ENSG00000274969.1	miRNA	chr8	89037102	89037162	+	17	0.17466	1	60	True	False	False	36.0	0.3	0.6153846153846154	0.5333333333333333	0.5585812268712466	0.22859475575713722	0.18566866356107328	60	60	1.0	0.65	0.6	0.050000000000000044	False
U_ENSG00000221500.1	ENSG00000221500.1	snoRNA	chr10	23661647	23661723	-	16	0.0	76	76	True	True	True	102.0	0.6710526315789473	0.8157894736842105	0.8026315789473684	0.8092783505154639	0.595026610257519	0.10666666666666667	76	76	1.0	0.5	0.5131578947368421	0.013157894736842146	False
U_ENSG00000265281.1	ENSG00000265281.1	miRNA	chr8	94587904	94588008	+	17	0.273082	0	104	False	False	False	56.0	0.2692307692307692	0.5578947368421052	0.5096153846153846	0.6520900375479165	0.323949684172992	0.14002140875588306	104	104	1.0	0.46153846153846156	0.5480769230769231	0.08653846153846156	False
U_ENSG00000223109.1	ENSG00000223109.1	miRNA	chr8	108019940	108020000	-	17	0.208946	0	60	False	False	False	88.0	0.7333333333333333	0.8305084745762712	0.8032786885245902	0.8396344564769016	0.6886118700107056	0.0826887837884315	61	60	0.9836065573770492	0.7049180327868853	0.65	0.05491803278688523	False
U_ENSG00000222920.1	ENSG00000222920.1	rRNA_pseudogene	chr14	62656382	62656483	-	15	0.37864	1	101	True	False	False	37.0	0.18316831683168316	0.5517241379310345	0.4339622641509434	0.7004794925220138	0.35959747611403814	0.11548183589538535	106	101	0.9528301886792453	0.5094339622641509	0.46534653465346537	0.04408742761068557	False
U_ENSG00000206920.1	ENSG00000206920.1	misc_RNA	chr14	63076805	63076909	-	15	0.543639	0	104	False	False	False	45.0	0.21634615384615385	0.5517241379310345	0.5045871559633027	0.6918406148353421	0.3449649065949483	0.13628914714115387	109	104	0.9541284403669725	0.3853211009174312	0.40384615384615385	0.01852505292872264	False
U_tRNA-Glu-CTC-1-7	tRNA-Glu-CTC-1-7	tRNA	chr10	30687132	30687204	+	16	0.0	69	72	True	True	False	138.0	0.9583333333333334	1.0	0.9166666666666666	0.9830015945213215	0.9690721649484537	0.034499855532157425	72	72	1.0	0.6527777777777778	0.6805555555555556	0.02777777777777779	False
U_ENSG00000207009.1	ENSG00000207009.1	misc_RNA	chr5	33785969	33786078	-	2	0.571459	0	109	False	False	False	33.0	0.15137614678899083	0.49411764705882355	0.42727272727272725	0.6014169004267972	0.30076400330123915	0.192442440456653	110	109	0.990909090909091	0.4636363636363636	0.30275229357798167	0.16088407005838196	False
U_ENSG00000221507.1	ENSG00000221507.1	snRNA	chr6	43320901	43321034	+	14	0.295548	0	133	False	False	False	69.0	0.2593984962406015	0.6463414634146342	0.45985401459854014	0.717436915707673	0.4220361099651049	0.1156977237535979	137	133	0.9708029197080292	0.49635036496350365	0.45112781954887216	0.0452225454146315	False
U_ENSG00000206854.1	ENSG00000206854.1	misc_RNA	chr14	88013951	88014051	+	15	0.571977	0	100	False	False	False	29.0	0.145	0.5	0.47058823529411764	0.6951266194151323	0.37133798561448206	0.1458001760139137	102	100	0.9803921568627451	0.46078431372549017	0.37	0.09078431372549017	False
U_ENSG00000277255.1	ENSG00000277255.1	miRNA	chr8	118062138	118062202	+	17	0.128322	0	64	False	False	False	33.0	0.2578125	0.5967741935483871	0.5538461538461539	0.5590169943749475	0.3329001514305916	0.18681473573696794	65	64	0.9846153846153847	0.5384615384615384	0.65625	0.11778846153846156	False
U_ENSG00000222767.1	ENSG00000222767.1	misc_RNA	chr8	86492898	86492991	-	17	0.600771	0	93	False	False	False	26.0	0.13978494623655913	0.5223880597014925	0.4421052631578948	0.5045532895699745	0.25352484665251757	0.2315405416888257	95	93	0.9789473684210527	0.4421052631578947	0.21505376344086022	0.2270514997170345	False
U_ENSG00000201728.1	ENSG00000201728.1	rRNA_pseudogene	chr2	148541921	148542033	-	7	0.342668	0	112	False	False	False	46.0	0.20535714285714285	0.5463917525773195	0.4786324786324786	0.6867570734294437	0.3956677581259241	0.10781647523772438	117	112	0.9572649572649573	0.48717948717948717	0.45535714285714285	0.03182234432234432	False
U_ENSG00000206800.1	ENSG00000206800.1	misc_RNA	chr14	103834087	103834191	+	15	0.585854	0	104	False	False	False	25.0	0.12376237623762376	0.6206896551724138	0.4326923076923077	0.5047025301695003	0.24191556743761522	0.2183477662062472	101	104	0.9711538461538461	0.42574257425742573	0.3269230769230769	0.0988194973343488	False
U_ENSG00000266325.1	ENSG00000266325.1	miRNA	chr14	103887893	103887998	-	15	0.0	105	105	True	True	True	182.0	0.8666666666666667	0.94	0.8571428571428572	0.9653686509646594	0.9216907232122604	0.050879832905088275	105	105	1.0	0.7714285714285715	0.7714285714285715	0.0	False
U_ENSG00000202398.1	ENSG00000202398.1	snRNA	chr14	106172488	106172592	-	15	0.558751	0	104	False	False	False	35.0	0.16826923076923078	0.5176470588235295	0.44036697247706424	0.5440114349707854	0.3314418212014518	0.2446069009774787	109	104	0.9541284403669725	0.44954128440366975	0.21153846153846154	0.2380028228652082	False
U_ENSG00000264947.1	ENSG00000264947.1	miRNA	chr8	89423884	89423954	+	17	0.155996	0	70	False	False	False	71.0	0.5071428571428571	0.8541666666666666	0.5616438356164384	0.802313002798062	0.6328147399255692	0.1374638084372503	73	70	0.958904109589041	0.8356164383561644	0.7571428571428571	0.07847358121330728	False
U_ENSG00000202290.1	ENSG00000202290.1	rRNA_pseudogene	chr14	120638719	120638850	-	15	0.343654	0	131	False	False	False	40.0	0.15384615384615385	0.5284552845528455	0.4961832061068703	0.6476608715524501	0.3327528426424306	0.12265877181087835	130	131	0.9923664122137404	0.5153846153846153	0.549618320610687	0.03423370522607172	False
U_ENSG00000277913.1	ENSG00000277913.1	misc_RNA	chr14	61866540	61866660	+	15	0.07538	120	120	True	True	True	121.0	0.5041666666666667	0.7304347826086957	0.7	0.8940281603349527	0.6273749978994141	0.08403361344537814	120	120	1.0	0.2833333333333333	0.26666666666666666	0.016666666666666663	False
U_ENSG00000283409.1	ENSG00000283409.1	miRNA	chr10	21234068	21234159	+	16	0.196182	0	91	False	False	False	62.0	0.34065934065934067	0.6764705882352942	0.5578947368421052	0.6949011786963597	0.37816461306720806	0.11737725543734513	95	91	0.9578947368421052	0.37894736842105264	0.5054945054945055	0.12654713707345283	False
U_tRNA-Ser-AGA-6-1	tRNA-Ser-AGA-6-1	tRNA	chr9	52779925	52779998	-	18	0.461197	0	73	False	False	False	31.0	0.21232876712328766	0.5538461538461539	0.5	0.6015126059677371	0.22322226298951028	0.17576244789319415	78	73	0.9358974358974359	0.4230769230769231	0.3835616438356164	0.039515279241306656	False
U_ENSG00000207300.1	ENSG00000207300.1	misc_RNA	chr10	18987188	18987301	-	16	0.598006	0	113	False	False	False	32.0	0.1415929203539823	0.5849056603773585	0.4513274336283186	0.5947211935906652	0.2781113776445511	0.20632535729091683	113	113	1.0	0.3893805309734513	0.34513274336283184	0.04424778761061948	False
U_ENSG00000221461.2	ENSG00000221461.2	snoRNA	chr15	57847536	57847752	-	13	0.50466	0	216	False	False	False	55.0	0.12731481481481483	0.4976958525345622	0.4722222222222222	0.7939170312659689	0.5412691967333888	0.12075120916974111	216	216	1.0	0.48148148148148145	0.48148148148148145	0.0	False
U_ENSG00000207719.1	ENSG00000207719.1	miRNA	chr14	122240314	122240414	+	15	0.123758	0	100	False	False	False	56.0	0.2857142857142857	0.6216216216216216	0.55	0.7772911125083436	0.44125048074191026	0.08650030056147115	98	100	0.98	0.5204081632653061	0.54	0.01959183673469389	False
U_ENSG00000263615.1	ENSG00000263615.1	miRNA	chr14	122449243	122449334	+	15	0.14267	0	91	False	False	False	72.0	0.3956043956043956	0.627906976744186	0.5714285714285714	0.770919999059926	0.5200882648923051	0.09938079899999064	91	91	1.0	0.4945054945054945	0.5604395604395604	0.06593406593406592	False
U_ENSG00000283704.1	ENSG00000283704.1	miRNA	chr9	44318387	44318456	-	18	0.15868	69	69	True	True	True	88.0	0.6376811594202898	0.8064516129032258	0.6666666666666667	0.9027450010607857	0.7010436517018837	0.09974014681066573	69	69	1.0	0.7681159420289855	0.782608695652174	0.01449275362318847	False
U_ENSG00000238998.1	ENSG00000238998.1	snRNA	chr9	49689211	49689281	-	18	0.404167	0	70	False	False	False	24.0	0.17647058823529413	0.5384615384615384	0.4714285714285714	0.6416236526819376	0.34866692910423897	0.15775997076708873	68	70	0.9714285714285714	0.29411764705882354	0.35714285714285715	0.06302521008403361	False
U_ENSG00000207577.1	ENSG00000207577.1	miRNA	chr10	43589518	43589618	-	16	0.278499	0	100	False	False	False	57.0	0.296875	0.6493506493506493	0.54	0.8521081392076095	0.5373755895618	0.10262962024782488	96	100	0.96	0.5208333333333334	0.57	0.04916666666666658	False
U_ENSG00000276626.1	ENSG00000276626.1	misc_RNA	chr16	33742070	33742314	+	12	0.071849	0	244	False	False	False	186.0	0.38114754098360654	0.608	0.5983606557377049	0.8524633954247233	0.6035796324919164	0.06584362139917695	244	244	1.0	0.4344262295081967	0.46311475409836067	0.028688524590163966	False
U_ENSG00000200558.1	ENSG00000200558.1	rRNA_pseudogene	chr8	107334637	107334746	+	17	0.393748	0	109	False	False	False	33.0	0.15137614678899083	0.6136363636363636	0.4036697247706422	0.178889128868763	0.05307880882147497	0.5022241341600229	109	109	1.0	0.5596330275229358	0.24770642201834864	0.3119266055045871	False
U_ENSG00000274816.1	ENSG00000274816.1	miRNA	chr8	95837386	95837446	-	17	0.138886	55	60	True	True	False	53.0	0.44166666666666665	0.671875	0.609375	0.760601777911681	0.5220155972154844	0.16640758233374597	64	60	0.9375	0.625	0.6666666666666666	0.04166666666666663	False
U_ENSG00000212333.1	ENSG00000212333.1	rRNA_pseudogene	chr10	36524067	36524175	+	16	0.500669	0	108	False	False	False	36.0	0.16981132075471697	0.5185185185185185	0.4814814814814815	0.5739982746113299	0.2610138561454257	0.18812295943994473	106	108	0.9814814814814815	0.46226415094339623	0.3425925925925926	0.11967155835080362	False
U_ENSG00000273596.1	ENSG00000273596.1	misc_RNA	chr6	17694910	17695110	+	14	0.054237	174	200	True	True	False	131.0	0.3275	0.6285714285714286	0.485	0.8224550816513	0.5736409582230132	0.0825712398248994	200	200	1.0	0.455	0.45	0.0050000000000000044	False
U_ENSG00000251794.1	ENSG00000251794.1	snRNA	chr8	111886356	111886428	+	17	0.42054	0	72	False	False	False	27.0	0.19014084507042253	0.5882352941176471	0.4305555555555556	0.6321121258357323	0.28178798147053874	0.1323769352429048	71	72	0.9861111111111112	0.4647887323943662	0.4444444444444444	0.02034428794992177	False
U_ENSG00000273571.1	ENSG00000273571.1	misc_RNA	chr6	17695355	17695524	+	14	0.103628	169	169	True	True	True	135.0	0.3994082840236686	0.6473988439306358	0.6104651162790697	0.8485176941934249	0.5107063673029594	0.08162949868505046	172	169	0.9825581395348837	0.47093023255813954	0.39644970414201186	0.07448052841612768	False
U_ENSG00000251768.1	ENSG00000251768.1	rRNA_pseudogene	chr10	29203110	29203205	+	16	0.315754	0	95	False	False	False	21.0	0.11538461538461539	0.6538461538461539	0.3157894736842105	0.24362849824239222	0.1040744315430783	0.3253812287408426	91	95	0.9578947368421052	0.4945054945054945	0.35789473684210527	0.13661075766338926	False
U_tRNA-Leu-TAA-1-1	tRNA-Leu-TAA-1-1	tRNA	chr10	12798318	12798401	-	16	0.0	83	83	True	True	True	155.0	0.9337349397590361	0.9873417721518988	0.891566265060241	0.9596374079840052	0.9081632653061225	0.0422451416480214	83	83	1.0	0.5421686746987951	0.5421686746987951	0.0	False
U_ENSG00000274409.1	ENSG00000274409.1	misc_RNA	chr6	6820940	6821120	+	14	0.0	180	180	True	True	True	337.0	0.9361111111111111	0.9608938547486033	0.95	0.9746453967589379	0.9308276187062169	0.02956146716273286	180	180	1.0	0.31666666666666665	0.3277777777777778	0.011111111111111127	False
U_ENSG00000274127.1	ENSG00000274127.1	misc_RNA	chr6	45115927	45116081	-	14	0.100675	0	154	False	False	False	198.0	0.6428571428571429	0.7792207792207793	0.7612903225806451	0.9050236308713978	0.684518196742734	0.05460082194404577	155	154	0.9935483870967742	0.4129032258064516	0.37662337662337664	0.036279849183074975	False
U_ENSG00000221176.1	ENSG00000221176.1	miRNA	chr15	62095270	62095357	+	13	0.090989	0	87	False	False	False	66.0	0.3793103448275862	0.6764705882352942	0.5517241379310345	0.8533995586660784	0.6022173541150125	0.0822217187426218	87	87	1.0	0.6206896551724138	0.5977011494252874	0.02298850574712641	False
U_ENSG00000275559.1	ENSG00000275559.1	misc_RNA	chr14	61886081	61886215	+	15	0.062527	134	134	True	True	True	167.0	0.6231343283582089	0.7786259541984732	0.7058823529411764	0.8801283233341355	0.7090607954866787	0.06897741032902743	136	134	0.9852941176470589	0.47794117647058826	0.5223880597014925	0.04444688323090423	False
U_ENSG00000284246.1	ENSG00000284246.1	miRNA	chr9	44610734	44610809	-	18	0.091637	12	75	True	False	False	47.0	0.31333333333333335	0.6142857142857143	0.525	0.7225558867181778	0.41629192770478385	0.09716948587854618	80	75	0.9375	0.6	0.5866666666666667	0.013333333333333308	False
U_ENSG00000284259.1	ENSG00000284259.1	miRNA	chr8	106860954	106861027	-	17	0.030062	10	73	True	False	False	41.0	0.2808219178082192	0.625	0.45945945945945943	0.6178597142217117	0.3205643240069019	0.13079704566982045	74	73	0.9864864864864865	0.4864864864864865	0.5342465753424658	0.047760088855979266	False
U_ENSG00000286171.1	ENSG00000286171.1	lncRNA	chr6	47614039	47614195	+	14	0.086442	77	156	True	False	False	118.0	0.3782051282051282	0.6984126984126984	0.4551282051282052	0.817814309907512	0.6129719402079127	0.08510261908563174	156	156	1.0	0.3782051282051282	0.358974358974359	0.019230769230769218	False
U_ENSG00000201023.1	ENSG00000201023.1	misc_RNA	chr10	41465903	41466002	-	16	0.55243	0	99	False	False	False	32.0	0.16161616161616163	0.5172413793103449	0.4509803921568627	0.5290920969571493	0.25709360610905574	0.2154952147913283	102	99	0.9705882352941176	0.4215686274509804	0.29292929292929293	0.12863933452168747	False
U_ENSG00000284139.1	ENSG00000284139.1	miRNA	chr15	76486445	76486520	-	13	0.217506	0	75	False	False	False	33.0	0.22	0.6136363636363636	0.48750000000000004	0.5314595684046871	0.28191094171615616	0.2111596209208025	80	75	0.9375	0.7625	0.56	0.2024999999999999	False
U_ENSG00000252554.1	ENSG00000252554.1	snRNA	chr10	26934711	26934818	+	16	0.458932	0	107	False	False	False	64.0	0.3018867924528302	0.6533333333333333	0.4579439252336449	0.6839766398485435	0.3927540357626523	0.12620019141105668	106	107	0.9906542056074766	0.3490566037735849	0.40186915887850466	0.05281255510491978	False
U_ENSG00000212153.1	ENSG00000212153.1	snRNA	chr6	40441682	40441842	+	14	0.500921	0	160	False	False	False	42.0	0.13125	0.4810126582278481	0.4363636363636364	0.6789180604379412	0.48146801838099573	0.18490870438285556	165	160	0.9696969696969697	0.509090909090909	0.3125	0.19659090909090904	False
U_ENSG00000207689.1	ENSG00000207689.1	miRNA	chr10	20989270	20989363	-	16	0.483895	0	93	False	False	False	29.0	0.15591397849462366	0.5373134328358209	0.4329896907216495	0.5462873031702964	0.2947504504734448	0.18373955218223123	97	93	0.9587628865979382	0.32989690721649484	0.43010752688172044	0.1002106196652256	False
U_ENSG00000207649.3	ENSG00000207649.3	miRNA	chr8	95050928	95051012	+	17	0.0	84	84	True	True	True	160.0	0.9523809523809523	1.0	0.9404761904761905	0.9775280898876404	0.96300424489396	0.02951192461184552	84	84	1.0	0.5714285714285714	0.5714285714285714	0.0	False
U_ENSG00000207298.1	ENSG00000207298.1	snRNA	chr14	121982951	121983066	+	15	0.565905	0	115	False	False	False	43.0	0.19196428571428573	0.5934065934065934	0.4869565217391304	0.7055772384454257	0.401262147120694	0.12902205572094202	112	115	0.9739130434782609	0.375	0.41739130434782606	0.042391304347826064	False
U_tRNA-Leu-CAG-2-1	tRNA-Leu-CAG-2-1	tRNA	chr8	95430254	95430337	+	17	0.0	79	83	True	True	False	158.0	0.9518072289156626	1.0	0.9036144578313253	0.9782753172634269	0.9591836734693877	0.024390243902439022	83	83	1.0	0.6265060240963856	0.6144578313253012	0.012048192771084376	False
U_tRNA-Leu-CAG-2-2	tRNA-Leu-CAG-2-2	tRNA	chr8	95430635	95430718	-	17	0.0	79	83	True	True	False	158.0	0.9518072289156626	1.0	0.9036144578313253	0.9782753172634269	0.9591836734693877	0.029871826131502174	83	83	1.0	0.6265060240963856	0.6144578313253012	0.012048192771084376	False
U_ENSG00000275745.1	ENSG00000275745.1	misc_RNA	chr8	104975518	104975630	+	17	0.325289	0	112	False	False	False	30.0	0.13513513513513514	0.4888888888888889	0.4107142857142857	0.5445257346305521	0.29851943296397415	0.16821212167268879	111	112	0.9910714285714286	0.4144144144144144	0.5089285714285714	0.094514157014157	False
U_ENSG00000207948.3	ENSG00000207948.3	miRNA	chr8	106035008	106035083	-	17	0.0	75	75	True	True	True	124.0	0.8266666666666667	0.9154929577464789	0.8133333333333334	0.9464830322517445	0.8874438354543756	0.05733298225836873	75	75	1.0	0.68	0.68	0.0	False
U_ENSG00000238724.1	ENSG00000238724.1	snoRNA	chr9	48335759	48335858	-	18	0.343229	0	99	False	False	False	27.0	0.13636363636363635	0.56	0.4807692307692307	0.6165947699565716	0.3364017601033428	0.15726689583117012	104	99	0.9519230769230769	0.40384615384615385	0.3333333333333333	0.07051282051282054	False
U_ENSG00000222170.1	ENSG00000222170.1	snRNA	chr8	87692922	87693020	-	17	0.271194	0	98	False	False	False	24.0	0.12244897959183673	0.49019607843137253	0.44897959183673475	0.47949148186672574	0.20931133554085946	0.21869281892367448	98	98	1.0	0.32653061224489793	0.47959183673469385	0.15306122448979592	False
U_ENSG00000212559.1	ENSG00000212559.1	rRNA_pseudogene	chr14	117857114	117857243	-	15	0.346502	0	129	False	False	False	29.0	0.1124031007751938	0.5	0.4418604651162791	0.7623206911279201	0.38265651704974357	0.09177609472242758	129	129	1.0	0.5038759689922481	0.4263565891472868	0.07751937984496127	False
U_ENSG00000202386.1	ENSG00000202386.1	rRNA_pseudogene	chr10	43944244	43944356	-	16	0.389162	0	112	False	False	False	33.0	0.14732142857142858	0.5252525252525253	0.4273504273504274	0.6002137394095323	0.25245233366003433	0.1401170308952256	117	112	0.9572649572649573	0.47863247863247865	0.39285714285714285	0.0857753357753358	False
U_ENSG00000305223.1	ENSG00000305223.1	lncRNA	chr15	59001696	59001928	-	13	0.090944	0	232	False	False	False	183.0	0.3978260869565217	0.6484018264840182	0.5948275862068966	0.8699700390759633	0.607195641972319	0.08467982560350595	230	232	0.9913793103448276	0.49130434782608695	0.4698275862068966	0.021476761619190377	False
U_ENSG00000266215.1	ENSG00000266215.1	miRNA	chr9	34411907	34411987	+	18	0.358357	0	80	False	False	False	42.0	0.2625	0.6363636363636364	0.44705882352941173	0.5734721066366719	0.22226422623398046	0.13132113809571097	85	80	0.9411764705882353	0.43529411764705883	0.5	0.06470588235294117	False
U_ENSG00000200613.1	ENSG00000200613.1	rRNA_pseudogene	chr9	52843746	52843855	+	18	0.427268	0	109	False	False	False	38.0	0.1743119266055046	0.5463917525773195	0.45871559633027525	0.6740782864343999	0.3478864868292984	0.1335389361282959	109	109	1.0	0.5321100917431193	0.46788990825688076	0.06422018348623854	False
U_ENSG00000252107.1	ENSG00000252107.1	rRNA_pseudogene	chr10	16770380	16770484	+	16	0.472286	0	104	False	False	False	48.0	0.23076923076923078	0.6	0.46153846153846156	0.4720375754287288	0.24005869107310393	0.1965869585564717	104	104	1.0	0.4326923076923077	0.25	0.1826923076923077	False
U_ENSG00000200168.1	ENSG00000200168.1	rRNA_pseudogene	chr9	51388155	51388266	+	18	0.365466	0	111	False	False	False	35.0	0.15765765765765766	0.5	0.4144144144144144	0.6418249210102198	0.36609407252830917	0.18090680674665816	111	111	1.0	0.5045045045045045	0.4144144144144144	0.09009009009009006	False
U_ENSG00000284473.1	ENSG00000284473.1	miRNA	chr8	117937239	117937315	+	17	0.355326	76	76	True	True	True	25.0	0.16447368421052633	0.6451612903225806	0.4078947368421053	0.25963698161603055	0.12009758830226488	0.25368396787253933	76	76	1.0	0.3815789473684211	0.5526315789473685	0.1710526315789474	False
U_ENSG00000264610.1	ENSG00000264610.1	miRNA	chr19	42755705	42755773	-	19	0.315837	12	68	True	False	False	22.0	0.16176470588235295	0.7037037037037037	0.4057971014492754	0.6186437243842837	0.36236306500726445	0.1842645699146778	69	68	0.9855072463768116	0.5942028985507246	0.6470588235294118	0.052855924978687185	False
U_ENSG00000265357.1	ENSG00000265357.1	miRNA	chr9	40416747	40416820	+	18	0.323217	0	73	False	False	False	44.0	0.3013698630136986	0.6271186440677966	0.5205479452054795	0.748449405249597	0.40259706776997534	0.04392052305789416	73	73	1.0	0.5342465753424658	0.5205479452054794	0.013698630136986356	False
U_tRNA-Met-CAT-6-1	tRNA-Met-CAT-6-1	tRNA	chr8	122305971	122306044	-	17	0.0	69	73	True	True	False	132.0	0.9041095890410958	0.9710144927536232	0.863013698630137	0.92859100608861	0.875	0.062112999374994156	73	73	1.0	0.589041095890411	0.547945205479452	0.04109589041095896	False
U_ENSG00000274999.1	ENSG00000274999.1	miRNA	chr9	30618078	30618149	-	18	0.314468	0	71	False	False	False	56.0	0.4057971014492754	0.6363636363636364	0.6056338028169015	0.6256325283322186	0.2822316783773931	0.1894254467033588	69	71	0.971830985915493	0.6376811594202898	0.4507042253521127	0.18697693406817711	False
U_ENSG00000277124.1	ENSG00000277124.1	misc_RNA	chr6	6821118	6821325	+	14	0.0	207	207	True	True	True	343.0	0.8285024154589372	0.9137055837563451	0.821256038647343	0.9318982919887889	0.8411822558682439	0.05825242718446602	207	207	1.0	0.3333333333333333	0.3285024154589372	0.004830917874396101	False
U_ENSG00000222501.1	ENSG00000222501.1	snRNA	chr15	62061526	62061755	-	13	0.119102	0	229	False	False	False	138.0	0.30131004366812225	0.6218905472636815	0.4869565217391304	0.9050192199472844	0.6772669912826657	0.05071409711495448	230	229	0.9956521739130435	0.45652173913043476	0.4847161572052402	0.02819441807480544	False
U_ENSG00000275359.1	ENSG00000275359.1	misc_RNA	chr6	17693431	17693547	+	14	0.273335	116	116	True	True	True	75.0	0.3232758620689655	0.5948275862068966	0.48275862068965514	0.7767844386064403	0.6147249604728996	0.11922877565914858	116	116	1.0	0.35344827586206895	0.3275862068965517	0.025862068965517238	False
U_ENSG00000252569.1	ENSG00000252569.1	snRNA	chr8	91803162	91803267	-	17	0.349006	0	105	False	False	False	34.0	0.1619047619047619	0.5142857142857142	0.4571428571428572	0.620712264888697	0.27942454809496975	0.1532440139472041	105	105	1.0	0.37142857142857144	0.3523809523809524	0.019047619047619035	False
U_ENSG00000251920.1	ENSG00000251920.1	rRNA_pseudogene	chr10	30479343	30479466	+	16	0.296254	123	123	True	True	True	62.0	0.25203252032520324	0.5371900826446281	0.49593495934959353	0.6374715671127643	0.365433286967208	0.12212839693238803	123	123	1.0	0.43089430894308944	0.5040650406504065	0.07317073170731703	False
U_ENSG00000266426.1	ENSG00000266426.1	miRNA	chr8	113923338	113923421	+	17	0.313923	0	83	False	False	False	87.0	0.5240963855421686	0.828125	0.6190476190476191	0.8332957586805309	0.6530887271583233	0.12546323902049233	84	83	0.9880952380952381	0.2619047619047619	0.27710843373493976	0.015203671830177845	False
U_ENSG00000277387.1	ENSG00000277387.1	miRNA	chr8	119064634	119064722	+	17	0.092768	0	88	False	False	False	58.0	0.32954545454545453	0.625	0.5842696629213483	0.7624484728337965	0.49455024598058583	0.08791762256691665	89	88	0.9887640449438202	0.5280898876404494	0.5681818181818182	0.040091930541368836	False
U_ENSG00000207562.3	ENSG00000207562.3	miRNA	chr9	51014335	51014412	-	18	0.0	75	77	True	True	False	147.0	0.9545454545454546	0.9866666666666667	0.935064935064935	0.9727356902110167	0.9375000000000001	0.03721614637823934	77	77	1.0	0.4025974025974026	0.4025974025974026	0.0	False
U_ENSG00000288601.1	ENSG00000288601.1	rRNA_pseudogene	chr8	86556909	86557021	-	17	0.509688	0	112	False	False	False	30.0	0.13392857142857142	0.5909090909090909	0.4521739130434783	0.4799935600189662	0.21792624357233675	0.2130984505304561	115	112	0.9739130434782609	0.48695652173913045	0.26785714285714285	0.2190993788819876	False
U_ENSG00000284148.1	ENSG00000284148.1	miRNA	chr9	44050071	44050132	+	18	0.090993	1	61	True	False	False	51.0	0.4180327868852459	0.6935483870967742	0.6507936507936508	0.8539422151161129	0.51478150704935	0.0738420847887716	63	61	0.9682539682539683	0.6825396825396826	0.6721311475409836	0.010408534998698982	False
U_ENSG00000252026.1	ENSG00000252026.1	snRNA	chr8	106912614	106912707	-	17	0.388287	0	93	False	False	False	30.0	0.16129032258064516	0.5588235294117647	0.40625	0.5494862798528207	0.2678958542985248	0.18754120416788056	96	93	0.96875	0.3333333333333333	0.43010752688172044	0.09677419354838712	False
U_ENSG00000206833.1	ENSG00000206833.1	snRNA	chr8	95895284	95895392	-	17	0.301727	0	108	False	False	False	38.0	0.17757009345794392	0.5434782608695652	0.41666666666666663	0.6501204730138584	0.3079861409354799	0.12492457163505649	107	108	0.9907407407407407	0.4205607476635514	0.49074074074074076	0.07017999307718936	False
U_ENSG00000274606.1	ENSG00000274606.1	misc_RNA	chr6	17703208	17703421	+	14	0.057951	186	213	True	True	False	177.0	0.4154929577464789	0.647887323943662	0.5774647887323944	0.8833193360224489	0.6896372133453962	0.07277004066293166	213	213	1.0	0.323943661971831	0.3568075117370892	0.03286384976525819	False
U_ENSG00000275071.1	ENSG00000275071.1	misc_RNA	chr14	82423081	82423241	+	15	0.049835	0	160	False	False	False	185.0	0.578125	0.7547169811320755	0.725	0.880363708381756	0.6801856420725764	0.07059730918441398	160	160	1.0	0.39375	0.43125	0.03750000000000003	False
U_ENSG00000200084.1	ENSG00000200084.1	snoRNA	chr8	123829775	123829859	+	17	0.0	84	84	True	True	True	129.0	0.7678571428571429	0.8641975308641975	0.8452380952380952	0.8789604249176572	0.7659926654226203	0.07991866964711807	84	84	1.0	0.4523809523809524	0.4166666666666667	0.0357142857142857	False
U_ENSG00000278752.1	ENSG00000278752.1	misc_RNA	chr19	42463378	42463439	-	19	0.0	0	61	False	False	False	100.0	0.819672131147541	0.9016393442622951	0.8852459016393442	0.9406343513092023	0.8406728074767076	0.06666666666666668	61	61	1.0	0.2786885245901639	0.2786885245901639	0.0	False
U_ENSG00000207811.3	ENSG00000207811.3	miRNA	chr9	51014864	51014948	-	18	0.0	81	84	True	True	False	147.0	0.875	0.9382716049382716	0.8690476190476191	0.904774569313592	0.7858273854828569	0.05388115608433228	84	84	1.0	0.4642857142857143	0.4880952380952381	0.02380952380952378	False
U_ENSG00000278113.1	ENSG00000278113.1	misc_RNA	chr14	99125737	99125909	+	15	0.058746	172	172	True	True	True	215.0	0.6398809523809523	0.7891566265060241	0.7848837209302326	0.8826180830621325	0.7113723392573723	0.0798617110717152	168	172	0.9767441860465116	0.5297619047619048	0.5813953488372093	0.05163344407530457	False
U_ENSG00000201999.1	ENSG00000201999.1	rRNA_pseudogene	chr8	104768030	104768162	+	17	0.354	0	132	False	False	False	33.0	0.125	0.5230769230769231	0.41666666666666663	0.5534676581860738	0.2827457876745346	0.19007480302272875	132	132	1.0	0.5378787878787878	0.5	0.037878787878787845	False
U_ENSG00000265375.1	ENSG00000265375.1	miRNA	chr19	34329004	34329081	-	19	0.483284	0	77	False	False	False	22.0	0.14285714285714285	0.7647058823529411	0.4155844155844156	0.6717713994169191	0.397996389943439	0.15002308224988659	77	77	1.0	0.2987012987012987	0.4155844155844156	0.11688311688311692	False
U_ENSG00000300421.1	ENSG00000300421.1	lncRNA	chr9	44318770	44318874	-	18	0.119343	104	104	True	True	True	39.0	0.1875	0.5263157894736842	0.5238095238095238	0.6674049285775506	0.3666951209422302	0.1198383765585887	105	104	0.9904761904761905	0.4857142857142857	0.47115384615384615	0.014560439560439564	False
U_ENSG00000283558.1	ENSG00000283558.1	miRNA	chr19	45561017	45561098	-	19	0.35376	0	81	False	False	False	31.0	0.19135802469135801	0.55	0.41975308641975306	0.59599385239004	0.21494210697155466	0.10606601717798213	81	81	1.0	0.5679012345679012	0.6172839506172839	0.04938271604938271	False
U_ENSG00000198975.2	ENSG00000198975.2	miRNA	chr9	41448020	41448092	+	18	0.0	72	72	True	True	True	135.0	0.9375	0.9855072463768116	0.9027777777777778	0.9631975183605724	0.9213483146067417	0.03983700175698859	72	72	1.0	0.4027777777777778	0.4305555555555556	0.02777777777777779	False
U_ENSG00000200534.1	ENSG00000200534.1	snoRNA	chr10	23661246	23661376	-	16	0.0	130	130	True	True	True	165.0	0.6346153846153846	0.7938931297709924	0.7538461538461538	0.8647591938571325	0.6136112517239138	0.07905456610221373	130	130	1.0	0.4076923076923077	0.4461538461538462	0.03846153846153849	False
U_ENSG00000208017.3	ENSG00000208017.3	miRNA	chr8	108277854	108277954	+	17	0.0	100	100	True	True	True	183.0	0.915	0.96875	0.89	0.9583214693319758	0.9149817854918164	0.04517309045454121	100	100	1.0	0.54	0.53	0.010000000000000009	False
U_ENSG00000276176.1	ENSG00000276176.1	miRNA	chr9	32607251	32607308	-	18	0.192204	0	57	False	False	False	40.0	0.3508771929824561	0.6551724137931034	0.6333333333333333	0.7275271102708297	0.5155963635460448	0.118762911768105	60	57	0.95	0.8333333333333334	0.8421052631578947	0.00877192982456132	False
U_ENSG00000264211.1	ENSG00000264211.1	miRNA	chr9	44409939	44410019	-	18	0.150109	0	80	False	False	False	85.0	0.53125	0.7160493827160493	0.65	0.7881225245552693	0.6007909362058715	0.14870050790469277	80	80	1.0	0.7625	0.6375	0.125	False
U_ENSG00000252560.1	ENSG00000252560.1	snRNA	chr10	24706762	24706911	+	16	0.383963	0	149	False	False	False	41.0	0.13758389261744966	0.5169491525423728	0.46308724832214765	0.6505200047300852	0.4076923076923078	0.12422146155979889	149	149	1.0	0.4161073825503356	0.46308724832214765	0.04697986577181207	False
U_ENSG00000207971.1	ENSG00000207971.1	miRNA	chr9	41493218	41493306	+	18	0.0	88	88	True	True	True	164.0	0.9318181818181818	0.9764705882352941	0.9090909090909091	0.9504067984604506	0.9054191367779398	0.04876598490941707	88	88	1.0	0.5340909090909091	0.5454545454545454	0.011363636363636354	False
U_ENSG00000207994.1	ENSG00000207994.1	miRNA	chr9	41442718	41442798	+	18	0.0	80	80	True	True	True	132.0	0.825	0.8974358974358975	0.8625	0.8949351876723429	0.8019224786544211	0.0780305569996073	80	80	1.0	0.4625	0.4625	0.0	False
U_ENSG00000201604.1	ENSG00000201604.1	snRNA	chr19	36098567	36098672	-	19	0.519333	0	105	False	False	False	43.0	0.20476190476190476	0.5222222222222223	0.4571428571428572	0.7748501115773073	0.40263135843625164	0.11047235858726978	105	105	1.0	0.34285714285714286	0.4095238095238095	0.06666666666666665	False
U_ENSG00000200879.1	ENSG00000200879.1	snoRNA	chr9	40716045	40716130	+	18	0.0	85	85	True	True	True	128.0	0.7529411764705882	0.9	0.8235294117647058	0.9231254779621851	0.8315218406202999	0.050507627227610534	85	85	1.0	0.4470588235294118	0.4823529411764706	0.03529411764705881	False
U_ENSG00000207118.1	ENSG00000207118.1	snoRNA	chr9	40715286	40715373	+	18	0.0	87	87	True	True	True	143.0	0.8218390804597702	0.9166666666666666	0.8390804597701149	0.9038922925856513	0.8119353522212666	0.0636886694773449	87	87	1.0	0.4367816091954023	0.45977011494252873	0.02298850574712641	False
U_ENSG00000252814.1	ENSG00000252814.1	misc_RNA	chr8	113308263	113308373	+	17	0.0	105	110	True	True	False	156.0	0.7090909090909091	0.8461538461538461	0.8	0.8920598538716037	0.7105522738007133	0.06356149752546339	110	110	1.0	0.5363636363636364	0.5272727272727272	0.00909090909090915	False
U_ENSG00000202252.1	ENSG00000202252.1	snoRNA	chr9	40714874	40714962	+	18	0.0	88	88	True	True	True	104.0	0.5909090909090909	0.7727272727272727	0.7272727272727273	0.8629409583559435	0.7345641585921223	0.06702243557293448	88	88	1.0	0.4431818181818182	0.45454545454545453	0.011363636363636354	False
U_ENSG00000201361.1	ENSG00000201361.1	rRNA_pseudogene	chr8	120372281	120372397	-	17	0.358635	0	116	False	False	False	49.0	0.2149122807017544	0.5462962962962963	0.48275862068965514	0.7338067637991398	0.3876893476780479	0.0949640273278561	114	116	0.9827586206896551	0.5263157894736842	0.5086206896551724	0.017695099818511806	False
U_ENSG00000207551.1	ENSG00000207551.1	miRNA	chr19	44982677	44982777	+	19	0.271955	0	100	False	False	False	40.0	0.2	0.5157894736842106	0.44999999999999996	0.5799843043871409	0.25769741048815703	0.16659012628758224	100	100	1.0	0.57	0.4	0.16999999999999993	False
U_ENSG00000263892.3	ENSG00000263892.3	miRNA	chr4	43445666	43445730	+	20	0.086192	2	64	True	False	False	72.0	0.5625	0.75	0.696969696969697	0.7692495784386316	0.48206768404145817	0.12463785255360044	66	64	0.9696969696969697	0.5606060606060606	0.625	0.06439393939393945	False
U_ENSG00000252870.1	ENSG00000252870.1	snoRNA	chr9	47807937	47808093	+	18	0.085659	0	156	False	False	False	183.0	0.5865384615384616	0.7635135135135135	0.6858974358974359	0.8653895129409631	0.6597834432969639	0.08006241061929585	156	156	1.0	0.4358974358974359	0.42948717948717946	0.006410256410256443	False
U_ENSG00000283489.1	ENSG00000283489.1	snRNA	chr9	28727071	28727147	-	18	0.308835	0	76	False	False	False	26.0	0.17105263157894737	0.5416666666666666	0.430379746835443	0.6318723548400104	0.29442003687203344	0.14108437005575863	79	76	0.9620253164556962	0.3670886075949367	0.35526315789473684	0.011825449700199886	False
U_ENSG00000263456.1	ENSG00000263456.1	miRNA	chr8	123021185	123021300	+	17	0.156531	0	115	False	False	False	53.0	0.2324561403508772	0.5714285714285714	0.5217391304347826	0.7389098920683931	0.5013208623583544	0.12250368882686909	114	115	0.991304347826087	0.6754385964912281	0.5826086956521739	0.09282990083905418	False
U_ENSG00000276089.1	ENSG00000276089.1	misc_RNA	chr14	61886494	61886685	+	15	0.052281	191	191	True	True	True	105.0	0.27631578947368424	0.5736842105263158	0.5549738219895288	0.8080138439037293	0.5060255654704603	0.06215636162525726	190	191	0.9947643979057592	0.47368421052631576	0.5026178010471204	0.02893359052080463	False
U_ENSG00000200544.1	ENSG00000200544.1	misc_RNA	chr4	41016221	41016306	-	20	0.297563	0	85	False	False	False	24.0	0.1411764705882353	0.5072463768115942	0.4137931034482759	0.49396956692360566	0.20503609680986634	0.18830979443173063	87	85	0.9770114942528736	0.41379310344827586	0.47058823529411764	0.056795131845841784	False
U_ENSG00000207493.1	ENSG00000207493.1	snoRNA	chr8	96472689	96472824	-	17	0.0	134	135	True	True	True	222.0	0.8222222222222222	0.8955223880597015	0.8740740740740741	0.9147661353624446	0.7760947164164678	0.049501862542617917	135	135	1.0	0.43703703703703706	0.4074074074074074	0.029629629629629672	False
U_ENSG00000281910.1	ENSG00000281910.1	snoRNA	chr8	96483578	96483714	-	17	0.0	134	136	True	True	False	251.0	0.9227941176470589	0.9629629629629629	0.9411764705882353	0.9689606557438805	0.9136458021748085	0.023424278964210215	136	136	1.0	0.4338235294117647	0.4264705882352941	0.007352941176470618	False
U_ENSG00000206952.3	ENSG00000206952.3	snoRNA	chr8	96483578	96483712	-	17	0.0	134	134	True	True	True	247.0	0.9216417910447762	0.9624060150375939	0.9402985074626866	0.965694170182602	0.9158978502800487	0.026045876805547027	134	134	1.0	0.44029850746268656	0.4253731343283582	0.014925373134328346	False
U_ENSG00000278055.1	ENSG00000278055.1	misc_RNA	chr6	30734400	30734633	+	14	0.065643	217	233	True	True	False	315.0	0.6759656652360515	0.8194444444444444	0.7021276595744681	0.9004441436555165	0.726215238788494	0.057613090812967366	235	233	0.9914893617021276	0.40425531914893614	0.44206008583690987	0.03780476668797372	False
U_ENSG00000283664.1	ENSG00000283664.1	miRNA	chr19	34329002	34329072	+	19	0.467718	0	70	False	False	False	22.0	0.15714285714285714	0.7647058823529411	0.42666666666666664	0.5973724599471301	0.3229134059716534	0.19397715896299503	75	70	0.9333333333333333	0.29333333333333333	0.44285714285714284	0.1495238095238095	False
U_ENSG00000252351.1	ENSG00000252351.1	snRNA	chr9	29858812	29858927	-	18	0.146851	0	115	False	False	False	72.0	0.3130434782608696	0.5918367346938775	0.5391304347826087	0.7054259925457556	0.40437762221387613	0.1524398876928313	115	115	1.0	0.40869565217391307	0.5043478260869565	0.09565217391304343	False
U_ENSG00000202569.4	ENSG00000202569.4	miRNA	chr19	46331220	46331293	+	19	0.0	73	73	True	True	True	127.0	0.8698630136986302	0.9315068493150684	0.9178082191780822	0.922657456471486	0.8315131637046652	0.06514466333088097	73	73	1.0	0.5616438356164384	0.5753424657534246	0.013698630136986245	False
U_ENSG00000273945.1	ENSG00000273945.1	miRNA	chr4	43562988	43563060	+	20	0.184412	72	72	True	True	True	56.0	0.3888888888888889	0.6438356164383562	0.5945945945945945	0.6582155828679286	0.3610758882042163	0.13031874926826614	74	72	0.972972972972973	0.5405405405405406	0.4722222222222222	0.06831831831831836	False
U_ENSG00000221042.1	ENSG00000221042.1	ribozyme	chr19	37126488	37126566	-	19	0.0	74	78	True	True	False	139.0	0.8910256410256411	0.9594594594594594	0.858974358974359	0.9156196345117885	0.8500474370064829	0.05509922970284785	78	78	1.0	0.5641025641025641	0.5641025641025641	0.0	False
U_ENSG00000252611.1	ENSG00000252611.1	snRNA	chr19	57468813	57468922	-	19	0.25132	0	109	False	False	False	45.0	0.20642201834862386	0.5346534653465347	0.5045871559633027	0.5296175755657718	0.22782488210065405	0.1800205749557739	109	109	1.0	0.3761467889908257	0.4954128440366973	0.11926605504587157	False
U_ENSG00000284482.1	ENSG00000284482.1	miRNA	chr19	53917573	53917639	+	19	0.215326	66	66	True	True	True	79.0	0.5984848484848485	0.765625	0.7272727272727273	0.5909590058750738	0.4469477924479479	0.19701920730562614	66	66	1.0	0.2727272727272727	0.4090909090909091	0.1363636363636364	False
U_ENSG00000222177.1	ENSG00000222177.1	snRNA	chr8	106953995	106954138	-	17	0.189186	0	143	False	False	False	100.0	0.34965034965034963	0.6223776223776224	0.5804195804195804	0.6653698674051359	0.36740471675703457	0.13835832890414437	143	143	1.0	0.4125874125874126	0.3986013986013986	0.013986013986014012	False
U_ENSG00000198997.2	ENSG00000198997.2	miRNA	chr19	34798091	34798172	-	19	0.0	81	81	True	True	True	157.0	0.9691358024691358	0.9875	0.962962962962963	0.9904324619632505	0.9727272727272728	0.025000000000000012	81	81	1.0	0.4691358024691358	0.4691358024691358	0.0	False
U_ENSG00000284442.1	ENSG00000284442.1	miRNA	chr19	56810513	56810587	-	19	0.216932	74	74	True	True	True	63.0	0.42567567567567566	0.6891891891891891	0.6266666666666667	0.8254009846463304	0.5536811530143216	0.08453731203149067	75	74	0.9866666666666667	0.6133333333333333	0.6351351351351351	0.0218018018018018	False
U_ENSG00000276573.1	ENSG00000276573.1	lncRNA	chr14	120717536	120717759	+	15	0.125465	0	223	False	False	False	111.0	0.24887892376681614	0.5345622119815668	0.48430493273542596	0.7246340876199664	0.47827851523442705	0.13588381197295815	223	223	1.0	0.3901345291479821	0.36771300448430494	0.02242152466367714	False
U_ENSG00000265719.1	ENSG00000265719.1	miRNA	chr19	61017814	61017885	+	19	0.060664	0	71	False	False	False	58.0	0.4084507042253521	0.7307692307692307	0.6388888888888888	0.6333910348836613	0.3272600544014719	0.1492089754023774	72	71	0.9861111111111112	0.5972222222222222	0.5492957746478874	0.04792644757433484	False
U_ENSG00000266852.2	ENSG00000266852.2	miRNA	chr19	47853559	47853627	-	19	0.279856	0	68	False	False	False	31.0	0.22794117647058823	0.6037735849056604	0.41428571428571426	0.5792682926829268	0.3511879521024458	0.17249858767722298	70	68	0.9714285714285714	0.4857142857142857	0.3382352941176471	0.14747899159663863	False
U_ENSG00000272113.2	ENSG00000272113.2	misc_RNA	chr4	40499238	40499330	+	20	0.435261	0	92	False	False	False	29.0	0.16111111111111112	0.546875	0.5	0.513010248696552	0.24237856779141104	0.17067372657677157	90	92	0.9782608695652174	0.4	0.4891304347826087	0.08913043478260868	False
U_ENSG00000263436.1	ENSG00000263436.1	miRNA	chr19	45561020	45561100	+	19	0.403321	0	80	False	False	False	32.0	0.2	0.5483870967741935	0.4444444444444444	0.5956573614987835	0.22516097602991433	0.10602163196480259	81	80	0.9876543209876543	0.5679012345679012	0.6	0.032098765432098775	False
U_ENSG00000274263.1	ENSG00000274263.1	miRNA	chr4	58725108	58725168	-	20	0.220878	0	60	False	False	False	41.0	0.3474576271186441	0.717948717948718	0.5833333333333333	0.5554920598635309	0.2919120224759155	0.15681336015618855	59	60	0.9833333333333333	0.5084745762711864	0.5833333333333334	0.07485875706214695	False
U_ENSG00000276857.1	ENSG00000276857.1	miRNA	chr19	55181095	55181174	+	19	0.0	79	79	True	True	True	125.0	0.7911392405063291	0.881578947368421	0.8227848101265822	0.9016232450721585	0.7469325024828589	0.06280742930213276	79	79	1.0	0.5443037974683544	0.5443037974683544	0.0	False
U_ENSG00000283688.1	ENSG00000283688.1	miRNA	chr19	55181100	55181177	-	19	0.0	77	77	True	True	True	119.0	0.7727272727272727	0.8767123287671232	0.8181818181818181	0.8763589004053324	0.7234593019527229	0.06446025638903101	77	77	1.0	0.5584415584415584	0.5324675324675324	0.025974025974025983	False
U_ENSG00000273627.1	ENSG00000273627.1	miRNA	chr11	97567143	97567200	+	21	0.271609	5	57	True	False	False	31.0	0.2719298245614035	0.6037735849056604	0.48275862068965514	0.6566582063752802	0.38633370464312783	0.15332452755899412	58	57	0.9827586206896551	0.6724137931034483	0.5964912280701754	0.07592256503327288	False
U_ENSG00000252776.1	ENSG00000252776.1	snRNA	chr9	41179232	41179349	-	18	0.415858	0	117	False	False	False	32.0	0.13675213675213677	0.5675675675675675	0.42622950819672134	0.7647074272239904	0.4434585870119654	0.12340792055202193	122	117	0.9590163934426229	0.4098360655737705	0.38461538461538464	0.025220680958385866	False
U_ENSG00000275651.1	ENSG00000275651.1	miRNA	chr4	41120185	41120252	-	20	0.0	0	67	False	False	False	46.0	0.34328358208955223	0.6417910447761194	0.582089552238806	0.7541549718830763	0.551432692342771	0.10050378152592121	67	67	1.0	0.5970149253731343	0.582089552238806	0.01492537313432829	False
U_ENSG00000200626.1	ENSG00000200626.1	rRNA_pseudogene	chr19	50476349	50476479	+	19	0.197791	0	130	False	False	False	50.0	0.19230769230769232	0.5616438356164384	0.43846153846153846	0.7430919216162415	0.4171701017942573	0.09744034953470182	130	130	1.0	0.5153846153846153	0.5153846153846153	0.0	False
U_ENSG00000263861.1	ENSG00000263861.1	miRNA	chr4	57313635	57313703	-	20	0.516284	0	68	False	False	False	18.0	0.1323529411764706	0.6190476190476191	0.4225352112676056	0.4053688308329941	0.20112949667728244	0.22770157974825667	71	68	0.9577464788732394	0.43661971830985913	0.4264705882352941	0.010149130074565027	False
U_ENSG00000215966.1	ENSG00000215966.1	miRNA	chr4	36645372	36645453	-	20	0.0	81	81	True	True	True	135.0	0.8333333333333334	0.8888888888888888	0.8888888888888888	0.8915193521305541	0.7357148541413414	0.07500000000000001	81	81	1.0	0.37037037037037035	0.35802469135802467	0.012345679012345678	False
U_ENSG00000284415.1	ENSG00000284415.1	miRNA	chr19	42726551	42726640	-	19	0.195971	74	89	True	True	False	128.0	0.7191011235955056	0.8181818181818182	0.7888888888888889	0.7389228506838622	0.49058248496605755	0.0994441500377679	90	89	0.9888888888888889	0.5111111111111111	0.5280898876404494	0.016978776529338324	False
U_ENSG00000215939.3	ENSG00000215939.3	miRNA	chr4	36668513	36668590	-	20	0.0	73	77	True	True	False	134.0	0.8701298701298701	0.9452054794520548	0.8441558441558441	0.9211599187956905	0.848528137423857	0.045580284409707295	77	77	1.0	0.4675324675324675	0.4675324675324675	0.0	False
U_ENSG00000239194.1	ENSG00000239194.1	snRNA	chr8	106194891	106195056	-	17	0.345828	50	165	True	False	False	40.0	0.125	0.56	0.4	0.7673138966517076	0.4633087043336589	0.13836087897540136	160	165	0.9696969696969697	0.4875	0.5515151515151515	0.06401515151515152	False
U_ENSG00000277057.1	ENSG00000277057.1	miRNA	chr11	97724853	97724917	+	21	0.265377	8	64	True	False	False	62.0	0.484375	0.7586206896551724	0.609375	0.638457411235236	0.42465753424657543	0.14547859349066158	64	64	1.0	0.609375	0.46875	0.140625	False
U_ENSG00000278517.1	ENSG00000278517.1	miRNA	chr11	70562457	70562522	-	21	0.128773	2	65	True	False	False	57.0	0.43846153846153846	0.6461538461538462	0.6153846153846154	0.7021819180245406	0.3166841199613374	0.11692679333668567	65	65	1.0	0.5384615384615384	0.46153846153846156	0.07692307692307687	False
U_ENSG00000284195.1	ENSG00000284195.1	miRNA	chr4	43542600	43542662	-	20	0.186518	3	62	True	False	False	55.0	0.4435483870967742	0.6833333333333333	0.5909090909090908	0.6701298934341565	0.3881815702823221	0.14076484255538965	66	62	0.9393939393939394	0.6060606060606061	0.5161290322580645	0.08993157380254158	False
U_ENSG00000277889.1	ENSG00000277889.1	miRNA	chr4	54636886	54636981	+	20	0.111513	0	95	False	False	False	117.0	0.6157894736842106	0.7717391304347826	0.7052631578947368	0.8715301772548403	0.6515703699002945	0.06728250340783785	95	95	1.0	0.45263157894736844	0.47368421052631576	0.021052631578947323	False
U_ENSG00000266255.1	ENSG00000266255.1	miRNA	chr4	44513498	44513559	-	20	0.208314	0	61	False	False	False	35.0	0.28688524590163933	0.576271186440678	0.5737704918032787	0.6101914034171056	0.2503469814299967	0.15092308563562362	61	61	1.0	0.3770491803278688	0.4918032786885246	0.11475409836065575	False
U_ENSG00000264763.1	ENSG00000264763.1	miRNA	chr19	55452919	55453003	+	19	0.318773	0	84	False	False	False	121.0	0.7202380952380952	0.8607594936708861	0.8	0.8002216987710564	0.5979109610789483	0.09644166023355846	85	84	0.9882352941176471	0.4588235294117647	0.5357142857142857	0.07689075630252101	False
U_ENSG00000207117.1	ENSG00000207117.1	misc_RNA	chr2	59888515	59888618	-	6	0.250587	0	103	False	False	False	28.0	0.13592233009708737	0.48936170212765956	0.4271844660194175	0.5738536321913893	0.33407655239053047	0.18909119139201874	103	103	1.0	0.42718446601941745	0.5339805825242718	0.10679611650485438	False
U_ENSG00000202047.1	ENSG00000202047.1	rRNA_pseudogene	chr19	41283709	41283816	+	19	0.280923	0	107	False	False	False	32.0	0.14953271028037382	0.5584415584415584	0.42592592592592593	0.6443369752725863	0.23669368214036926	0.10497598697670737	108	107	0.9907407407407407	0.5648148148148148	0.48598130841121495	0.07883350640359982	False
U_ENSG00000278412.1	ENSG00000278412.1	miRNA	chr4	46628542	46628609	-	20	0.037724	67	67	True	True	True	36.0	0.26865671641791045	0.5862068965517241	0.5072463768115942	0.6803332903293128	0.29346959282671103	0.13845919339896567	69	67	0.9710144927536232	0.4492753623188406	0.5373134328358209	0.08803807051698032	False
U_ENSG00000238886.1	ENSG00000238886.1	snoRNA	chr4	41211501	41211583	-	20	0.081639	81	82	True	True	False	119.0	0.725609756097561	0.8589743589743589	0.8048780487804879	0.8010752688172045	0.6090641957040377	0.11179487824861008	82	82	1.0	0.3902439024390244	0.4634146341463415	0.07317073170731708	False
U_ENSG00000207698.1	ENSG00000207698.1	miRNA	chr4	56895228	56895298	-	20	0.0	70	70	True	True	True	140.0	1.0	1.0	1.0	0.9999999999999998	1.0	0.0	70	70	1.0	0.38571428571428573	0.38571428571428573	0.0	False
U_ENSG00000274621.1	ENSG00000274621.1	miRNA	chr11	98741837	98741904	+	21	0.151483	3	67	True	False	False	63.0	0.4701492537313433	0.6833333333333333	0.5970149253731343	0.5195726313692787	0.23474276701672123	0.17141982574219336	67	67	1.0	0.5671641791044776	0.5970149253731343	0.02985074626865669	False
U_ENSG00000276680.1	ENSG00000276680.1	misc_RNA	chr10	12967313	12967551	-	16	0.107703	227	238	True	True	False	221.0	0.4642857142857143	0.6818181818181818	0.6092436974789917	0.8641922000767456	0.6226313527785963	0.08181738155976927	238	238	1.0	0.5462184873949579	0.5126050420168067	0.03361344537815125	False
U_ENSG00000264314.1	ENSG00000264314.1	miRNA	chr11	100929290	100929347	+	21	0.448946	0	57	False	False	False	19.0	0.16666666666666666	0.7058823529411765	0.43103448275862066	0.3774178308810239	0.11909826683508272	0.283934847047887	58	57	0.9827586206896551	0.39655172413793105	0.49122807017543857	0.09467634603750752	False
U_ENSG00000200278.1	ENSG00000200278.1	rRNA_pseudogene	chr9	37558136	37558270	-	18	0.283236	134	134	True	True	True	42.0	0.15671641791044777	0.5581395348837209	0.3805970149253731	0.6126498296932876	0.3183664447198461	0.1514995615008262	134	134	1.0	0.5	0.48507462686567165	0.014925373134328346	False
U_ENSG00000252994.1	ENSG00000252994.1	snRNA	chr19	46636658	46636756	+	19	0.132002	0	98	False	False	False	36.0	0.1836734693877551	0.55	0.5048543689320388	0.6666676819108114	0.4056923568617921	0.09771838832009032	103	98	0.9514563106796117	0.42718446601941745	0.41836734693877553	0.008817119080641922	False
U_ENSG00000276730.1	ENSG00000276730.1	misc_RNA	chr4	43905076	43905155	+	20	0.087572	77	79	True	True	False	134.0	0.8701298701298701	0.9452054794520548	0.8987341772151899	0.9074263379827915	0.833974852545612	0.07154406080264111	77	79	0.9746835443037974	0.4675324675324675	0.5063291139240507	0.038796646391583145	False
U_ENSG00000265368.1	ENSG00000265368.1	miRNA	chr4	44583968	44584038	-	20	0.22439	0	70	False	False	False	51.0	0.36428571428571427	0.6666666666666666	0.5285714285714286	0.7524218887234321	0.38920615355161414	0.11037352327338998	70	70	1.0	0.5428571428571428	0.5285714285714286	0.014285714285714235	False
U_ENSG00000252723.2	ENSG00000252723.2	snRNA	chr4	44914109	44914209	-	20	0.31239	0	100	False	False	False	68.0	0.34	0.6190476190476191	0.5445544554455446	0.7420105974864708	0.4629100498862758	0.12363817916406489	101	100	0.9900990099009901	0.36633663366336633	0.3	0.06633663366336634	False
U_ENSG00000278223.1	ENSG00000278223.1	miRNA	chr11	102805746	102805810	-	21	0.0	5	64	True	False	False	59.0	0.4609375	0.703125	0.640625	0.7314247566825018	0.4231116969990692	0.0839921051131616	64	64	1.0	0.59375	0.578125	0.015625	False
U_ENSG00000238300.1	ENSG00000238300.1	snoRNA	chr4	41203057	41203138	-	20	0.005589	76	81	True	True	False	103.0	0.6358024691358025	0.7848101265822784	0.7037037037037037	0.8418169567404713	0.6595702348778651	0.09682458365518543	81	81	1.0	0.4074074074074074	0.41975308641975306	0.012345679012345678	False
U_ENSG00000200217.1	ENSG00000200217.1	snRNA	chr19	52458051	52458158	+	19	0.56735	0	107	False	False	False	31.0	0.14485981308411214	0.47058823529411764	0.4629629629629629	0.6863100861104756	0.3685817425114026	0.16465410811416994	108	107	0.9907407407407407	0.37962962962962965	0.2803738317757009	0.09925579785392874	False
U_ENSG00000283796.1	ENSG00000283796.1	miRNA	chr11	100025350	100025404	-	21	0.197298	8	54	True	False	False	31.0	0.28703703703703703	0.6382978723404256	0.4629629629629629	0.6964224466243228	0.3816468860797186	0.1789968486887762	54	54	1.0	0.5740740740740741	0.5370370370370371	0.03703703703703698	False
U_ENSG00000207814.1	ENSG00000207814.1	miRNA	chr4	69980978	69981050	-	20	0.162664	0	72	False	False	False	69.0	0.4791666666666667	0.684931506849315	0.6666666666666667	0.8067761642270628	0.504950495049505	0.09552577441021505	72	72	1.0	0.4166666666666667	0.3888888888888889	0.02777777777777779	False
U_ENSG00000223302.1	ENSG00000223302.1	misc_RNA	chr19	53664271	53664374	-	19	0.170154	103	103	True	True	True	24.0	0.11650485436893204	0.5272727272727272	0.40740740740740744	0.4846094504651895	0.14872731984475066	0.18799623648720523	108	103	0.9537037037037037	0.4444444444444444	0.5436893203883495	0.09924487594390508	False
U_ENSG00000223238.1	ENSG00000223238.1	rRNA_pseudogene	chr4	58835397	58835496	-	20	0.351549	0	99	False	False	False	25.0	0.12626262626262627	0.532258064516129	0.43434343434343436	0.6036006677270088	0.22151900580907388	0.1232963874856589	99	99	1.0	0.5050505050505051	0.45454545454545453	0.05050505050505055	False
U_ENSG00000265444.1	ENSG00000265444.1	miRNA	chr11	79229873	79229949	-	21	0.279113	76	76	True	True	True	61.0	0.40131578947368424	0.6428571428571429	0.5263157894736843	0.7461262929951044	0.4158415841584158	0.11925695879998878	76	76	1.0	0.5263157894736842	0.42105263157894735	0.10526315789473684	False
U_ENSG00000278447.1	ENSG00000278447.1	miRNA	chr11	101192681	101192745	-	21	0.0	64	64	True	True	True	68.0	0.53125	0.7142857142857143	0.671875	0.7589535099383351	0.4272747790959451	0.10286889997472794	64	64	1.0	0.625	0.578125	0.046875	False
U_ENSG00000252993.1	ENSG00000252993.1	snoRNA	chr19	37018632	37018760	+	19	0.263695	0	128	False	False	False	58.0	0.23387096774193547	0.5955056179775281	0.4296875	0.7243846605898295	0.5327032878288831	0.10898154137984827	124	128	0.96875	0.41935483870967744	0.4453125	0.025957661290322565	False
U_ENSG00000202100.1	ENSG00000202100.1	misc_RNA	chr11	80334643	80334752	-	21	0.104058	0	109	False	False	False	37.0	0.16972477064220184	0.5321100917431193	0.5045871559633027	0.7658082475304233	0.4710559812891964	0.10227186127025241	109	109	1.0	0.42201834862385323	0.5137614678899083	0.09174311926605505	False
U_ENSG00000290080.2	ENSG00000290080.2	lncRNA	chr9	40103389	40103544	-	18	0.158437	0	155	False	False	False	82.0	0.2645161290322581	0.56	0.49677419354838714	0.7833235006170582	0.49598835391968565	0.10510658478077042	155	155	1.0	0.5870967741935483	0.5741935483870968	0.012903225806451535	False
U_ENSG00000275238.1	ENSG00000275238.1	miRNA	chr11	97551082	97551152	-	21	0.061916	70	70	True	True	True	113.0	0.8071428571428572	0.9014084507042254	0.8857142857142857	0.9541531670172417	0.863398731268874	0.06797703999744101	70	70	1.0	0.8428571428571429	0.8571428571428571	0.014285714285714235	False
U_tRNA-Und-NNN-5-1	tRNA-Und-NNN-5-1	tRNA	chr11	109448544	109448619	-	21	0.455682	0	75	False	False	False	44.0	0.29333333333333333	0.6271186440677966	0.45333333333333337	0.6007383850194439	0.3002402883845383	0.17305741182250944	75	75	1.0	0.6266666666666667	0.49333333333333335	0.13333333333333336	False
U_ENSG00000212396.1	ENSG00000212396.1	rRNA_pseudogene	chr19	38054057	38054190	-	19	0.35368	0	133	False	False	False	44.0	0.16541353383458646	0.5304347826086957	0.45112781954887216	0.5688545930130332	0.293887343348258	0.15302280209639513	133	133	1.0	0.47368421052631576	0.3082706766917293	0.16541353383458646	False
U_ENSG00000284144.1	ENSG00000284144.1	miRNA	chr11	98712420	98712485	+	21	0.162967	0	65	False	False	False	47.0	0.36153846153846153	0.6290322580645161	0.5507246376811594	0.7031040590728586	0.4290581651605165	0.1467713182230819	69	65	0.9420289855072463	0.43478260869565216	0.5692307692307692	0.13444816053511705	False
U_ENSG00000252370.1	ENSG00000252370.1	rRNA_pseudogene	chr11	81823728	81823840	-	21	0.312021	0	112	False	False	False	27.0	0.12053571428571429	0.46153846153846156	0.4464285714285714	0.666090157540984	0.2608695652173913	0.12740662724081936	112	112	1.0	0.48214285714285715	0.375	0.10714285714285715	False
U_ENSG00000265140.1	ENSG00000265140.1	miRNA	chr9	49280766	49280830	+	18	0.196758	0	64	False	False	False	23.0	0.1796875	0.6590909090909091	0.5	0.5198300924937251	0.2222222222222222	0.13391661743227729	66	64	0.9696969696969697	0.5606060606060606	0.484375	0.07623106060606055	False
U_ENSG00000212409.1	ENSG00000212409.1	misc_RNA	chr4	58608006	58608094	-	20	0.445248	0	88	False	False	False	29.0	0.16477272727272727	0.5964912280701754	0.4269662921348315	0.5694890155142792	0.24659848095803596	0.10945741465071461	89	88	0.9887640449438202	0.4157303370786517	0.42045454545454547	0.004724208375893768	False
U_ENSG00000222067.1	ENSG00000222067.1	snRNA	chr9	35176604	35176823	+	18	0.211616	0	219	False	False	False	80.0	0.182648401826484	0.5247524752475248	0.4657534246575342	0.7045383248427113	0.35522560256794145	0.11254902886592018	219	219	1.0	0.4200913242009132	0.4611872146118721	0.0410958904109589	False
U_ENSG00000284424.1	ENSG00000284424.1	miRNA	chr11	79586184	79586273	+	21	0.320816	89	89	True	True	True	31.0	0.17415730337078653	0.5352112676056338	0.3932584269662921	0.5884401470906402	0.28653494154687786	0.17604469755488256	89	89	1.0	0.42696629213483145	0.4044943820224719	0.02247191011235955	False
U_tRNA-Thr-CGT-4-1	tRNA-Thr-CGT-4-1	tRNA	chr11	79595472	79595544	+	21	0.0	69	72	True	True	False	138.0	0.9583333333333334	1.0	0.9166666666666666	0.9827586206896551	0.9667263429742006	0.03449985553215743	72	72	1.0	0.6527777777777778	0.6388888888888888	0.01388888888888895	False
U_ENSG00000283721.1	ENSG00000283721.1	miRNA	chr11	98600582	98600659	-	21	0.295063	1	77	True	False	False	50.0	0.3246753246753247	0.5733333333333334	0.5769230769230769	0.7420551758321057	0.3741835467654856	0.1177351694742552	78	77	0.9871794871794872	0.5512820512820513	0.6233766233766234	0.07209457209457204	False
U_ENSG00000273904.1	ENSG00000273904.1	ribozyme	chr19	56806702	56806826	-	19	0.275002	0	124	False	False	False	71.0	0.2862903225806452	0.5877192982456141	0.488	0.5713802742073866	0.330979389704678	0.18805177129948372	125	124	0.992	0.416	0.5806451612903226	0.16464516129032264	False
U_ENSG00000207468.1	ENSG00000207468.1	snoRNA	chr19	60762768	60762898	-	19	0.0	130	130	True	True	True	217.0	0.84765625	0.9	0.8846153846153846	0.9491656260999538	0.8648957924892557	0.05080892064021111	128	130	0.9846153846153847	0.328125	0.3384615384615385	0.01033653846153848	False
U_ENSG00000222588.1	ENSG00000222588.1	snoRNA	chr19	60763959	60764088	-	19	0.194229	118	129	True	True	False	162.0	0.627906976744186	0.8135593220338984	0.7441860465116279	0.9170531256088014	0.7066863430672122	0.059498227389561786	129	129	1.0	0.3643410852713178	0.3488372093023256	0.01550387596899222	False
U_tRNA-Cys-GCA-24-1	tRNA-Cys-GCA-24-1	tRNA	chr11	97660655	97660727	-	21	0.0	71	72	True	True	False	121.0	0.8402777777777778	0.9014084507042254	0.875	0.9343454679551735	0.7731766924850993	0.044539121974202525	72	72	1.0	0.5833333333333334	0.5694444444444444	0.01388888888888895	False
U_ENSG00000207268.1	ENSG00000207268.1	snoRNA	chr4	66086962	66087097	-	20	0.419416	0	135	False	False	False	26.0	0.0962962962962963	0.5	0.41481481481481486	0.566940667376249	0.3012266829449249	0.20491836145889525	135	135	1.0	0.5037037037037037	0.2962962962962963	0.20740740740740737	False
U_ENSG00000212464.1	ENSG00000212464.1	snoRNA	chr19	44102419	44102563	-	19	0.061571	144	144	True	True	True	183.0	0.6354166666666666	0.7876712328767124	0.7619047619047619	0.8728331340138056	0.5954585152790728	0.05648792549161402	147	144	0.9795918367346939	0.4217687074829932	0.4583333333333333	0.03656462585034009	False
U_ENSG00000283853.1	ENSG00000283853.1	miRNA	chr11	115920849	115920936	-	21	0.317008	0	87	False	False	False	62.0	0.3563218390804598	0.6266666666666667	0.5632183908045977	0.6090396321801976	0.36487877539989527	0.13953488372093026	87	87	1.0	0.5402298850574713	0.47126436781609193	0.06896551724137934	False
U_ENSG00000272160.1	ENSG00000272160.1	snRNA	chr19	52984618	52984754	+	19	0.28465	75	136	True	True	False	86.0	0.31851851851851853	0.7037037037037037	0.40441176470588236	0.8031706780668689	0.5437778731348859	0.09185094427907355	135	136	0.9926470588235294	0.4074074074074074	0.4632352941176471	0.055827886710239694	False
U_ENSG00000265178.1	ENSG00000265178.1	miRNA	chr11	98326045	98326109	+	21	0.31949	9	64	True	False	False	48.0	0.375	0.6888888888888889	0.4477611940298507	0.5599678123267956	0.28151645330915287	0.18780651307539212	67	64	0.9552238805970149	0.6716417910447762	0.515625	0.15601679104477617	False
U_ENSG00000283867.1	ENSG00000283867.1	miRNA	chr19	47076777	47076926	-	19	0.194821	0	149	False	False	False	110.0	0.3691275167785235	0.64	0.6040268456375839	0.7200278535205744	0.496063500192297	0.1391301370403649	149	149	1.0	0.5637583892617449	0.46308724832214765	0.10067114093959728	False
U_ENSG00000207614.1	ENSG00000207614.1	miRNA	chr11	79602778	79602866	+	21	0.0	66	88	True	True	False	142.0	0.8068181818181818	0.9036144578313253	0.8522727272727273	0.8194795737799565	0.6387456805017789	0.09050583763231966	88	88	1.0	0.6363636363636364	0.5795454545454546	0.05681818181818177	False
U_ENSG00000284344.1	ENSG00000284344.1	miRNA	chr11	101591479	101591559	+	21	0.121119	0	80	False	False	False	92.0	0.575	0.75	0.7125	0.7647191129018727	0.49374545947483245	0.11738757589235067	80	80	1.0	0.4875	0.4875	0.0	False
U_ENSG00000207726.3	ENSG00000207726.3	miRNA	chr4	63175083	63175179	+	20	0.0	82	96	True	True	False	159.0	0.828125	0.9239130434782609	0.8333333333333334	0.9173772816432695	0.7692307692307692	0.05765500605317537	96	96	1.0	0.5416666666666666	0.5416666666666666	0.0	False
U_tRNA-Asn-GTT-2-5	tRNA-Asn-GTT-2-5	tRNA	chr11	97593278	97593352	-	21	0.0	70	74	True	True	False	140.0	0.9459459459459459	1.0	0.8918918918918919	0.9750168689498876	0.9589667485791062	0.0273972602739726	74	74	1.0	0.6081081081081081	0.6081081081081081	0.0	False
U_ENSG00000275693.1	ENSG00000275693.1	misc_RNA	chr19	34271535	34271701	+	19	0.236231	159	166	True	True	False	121.0	0.3644578313253012	0.6035502958579881	0.5823529411764705	0.7311933633750614	0.4596550283338605	0.13665494158758282	170	166	0.9764705882352941	0.37058823529411766	0.4759036144578313	0.10531537916371364	False
U_ENSG00000284574.1	ENSG00000284574.1	miRNA	chr11	120846568	120846629	+	21	0.127221	5	61	True	False	False	49.0	0.4016393442622951	0.6964285714285714	0.5245901639344263	0.6745856369867659	0.386087540397478	0.16666666666666666	61	61	1.0	0.7377049180327869	0.6557377049180327	0.08196721311475419	False
U_ENSG00000284055.1	ENSG00000284055.1	miRNA	chr11	103285776	103285849	-	21	0.0	73	73	True	True	True	125.0	0.8561643835616438	0.9041095890410958	0.904109589041096	0.8907337387831413	0.8036830424667041	0.07081971546656646	73	73	1.0	0.5616438356164384	0.5616438356164384	0.0	False
U_ENSG00000201178.1	ENSG00000201178.1	misc_RNA	chr11	80626676	80626787	-	21	0.527675	0	111	False	False	False	45.0	0.20270270270270271	0.5795454545454546	0.4864864864864865	0.7663140659877277	0.46862320885307535	0.10909090909090909	111	111	1.0	0.42342342342342343	0.3333333333333333	0.09009009009009011	False
U_ENSG00000206658.1	ENSG00000206658.1	snRNA	chr4	58043636	58043739	-	20	0.55268	0	103	False	False	False	39.0	0.18932038834951456	0.5054945054945055	0.4953271028037384	0.5893643827349642	0.3403728228525088	0.2502456804904532	107	103	0.9626168224299065	0.411214953271028	0.22330097087378642	0.1879139823972416	False
U_tRNA-Cys-GCA-2-2	tRNA-Cys-GCA-2-2	tRNA	chr11	97687894	97687966	+	21	0.0	69	72	True	True	False	138.0	0.9583333333333334	1.0	0.9166666666666666	0.9748620480140908	0.954022988505747	0.04453912197420253	72	72	1.0	0.5694444444444444	0.5555555555555556	0.01388888888888884	False
U_tRNA-Cys-GCA-4-1	tRNA-Cys-GCA-4-1	tRNA	chr11	97689735	97689807	-	21	0.0	68	72	True	True	False	136.0	0.9444444444444444	1.0	0.8888888888888888	0.954029957691665	0.9411764705882353	0.05269939981371748	72	72	1.0	0.5555555555555556	0.5555555555555556	0.0	False
U_ENSG00000207401.1	ENSG00000207401.1	misc_RNA	chr4	58476799	58476906	+	20	0.487937	0	107	False	False	False	31.0	0.15196078431372548	0.5901639344262295	0.4299065420560748	0.7446830652210863	0.4001207071247757	0.12024819527440037	102	107	0.9532710280373832	0.4117647058823529	0.4205607476635514	0.008796041781198471	False
U_tRNA-Cys-GCA-2-3	tRNA-Cys-GCA-2-3	tRNA	chr11	97879075	97879147	-	21	0.0	72	72	True	True	True	136.0	0.9444444444444444	1.0	0.8888888888888888	0.9559937503105923	0.9432427216667351	0.056338028169014086	72	72	1.0	0.5694444444444444	0.5555555555555556	0.01388888888888884	False
U_ENSG00000309210.1	ENSG00000309210.1	lncRNA	chr9	45749567	45749804	-	18	0.203974	0	237	False	False	False	144.0	0.3050847457627119	0.6623376623376623	0.5189873417721519	0.6463269010622665	0.3821472082196291	0.16627099290057132	236	237	0.9957805907172996	0.6101694915254238	0.4219409282700422	0.18822856325538156	False
U_ENSG00000284564.1	ENSG00000284564.1	miRNA	chr11	106673520	106673586	-	21	0.0	66	66	True	True	True	130.0	0.9848484848484849	1.0	0.9696969696969697	0.9930562493060069	0.9869275424396532	0.02175713172881685	66	66	1.0	0.48484848484848486	0.4696969696969697	0.015151515151515138	False
U_tRNA-Cys-GCA-2-4	tRNA-Cys-GCA-2-4	tRNA	chr11	97879752	97879824	-	21	0.0	68	72	True	True	False	136.0	0.9444444444444444	1.0	0.8888888888888888	0.9552707625221919	0.9414371120971332	0.0487901635934895	72	72	1.0	0.5694444444444444	0.5555555555555556	0.01388888888888884	False
U_ENSG00000275273.1	ENSG00000275273.1	miRNA	chr11	101090217	101090280	-	21	0.115607	0	63	False	False	False	49.0	0.3888888888888889	0.6101694915254238	0.5294117647058824	0.6817814388586336	0.27517476963950355	0.13232588495244885	68	63	0.9264705882352942	0.5147058823529411	0.47619047619047616	0.03851540616246496	False
U_ENSG00000265976.1	ENSG00000265976.1	miRNA	chr11	79617079	79617165	+	21	0.314336	0	86	False	False	False	38.0	0.22093023255813954	0.5662650602409639	0.5	0.726993838426413	0.4439094123947042	0.12287897882570196	90	86	0.9555555555555556	0.6333333333333333	0.5930232558139535	0.04031007751937976	False
U_ENSG00000212276.1	ENSG00000212276.1	rRNA_pseudogene	chr4	54918961	54919075	-	20	0.083184	0	114	False	False	False	38.0	0.16666666666666666	0.5306122448979592	0.43220338983050843	0.6586373246760345	0.30063612837852594	0.0971407210747516	118	114	0.9661016949152542	0.423728813559322	0.39473684210526316	0.02899197145405885	False
U_ENSG00000275107.1	ENSG00000275107.1	miRNA	chr11	102197983	102198048	-	21	0.096217	0	65	False	False	False	48.0	0.36923076923076925	0.6363636363636364	0.5942028985507246	0.7294140413919176	0.472546439371452	0.15026941095704463	69	65	0.9420289855072463	0.6086956521739131	0.6461538461538462	0.03745819397993311	False
U_ENSG00000274755.1	ENSG00000274755.1	snRNA	chr4	64595858	64595957	+	20	0.276019	0	99	False	False	False	49.0	0.2474747474747475	0.5729166666666666	0.52	0.7137554752313862	0.3629370681595443	0.10964650514199356	100	99	0.99	0.37	0.40404040404040403	0.03404040404040404	False
U_ENSG00000283774.1	ENSG00000283774.1	miRNA	chr11	80274090	80274184	+	21	0.069855	94	94	True	True	True	121.0	0.6436170212765957	0.7912087912087912	0.7659574468085106	0.8299543075027522	0.5606221484788948	0.06269840747145485	94	94	1.0	0.6595744680851063	0.6170212765957447	0.04255319148936165	False
U_ENSG00000277249.1	ENSG00000277249.1	miRNA	chr11	102964680	102964742	-	21	0.131595	0	62	False	False	False	46.0	0.3709677419354839	0.6060606060606061	0.5671641791044777	0.5422404951570243	0.2742901925294966	0.1221162722993699	67	62	0.9253731343283582	0.6716417910447762	0.5645161290322581	0.10712566201251805	False
U_ENSG00000222459.1	ENSG00000222459.1	rRNA_pseudogene	chr4	55875005	55875118	-	20	0.0	0	113	False	False	False	184.0	0.8141592920353983	0.9065420560747663	0.8230088495575221	0.932071173099528	0.8212346428052087	0.05646924393157819	113	113	1.0	0.5486725663716814	0.5663716814159292	0.017699115044247815	False
U_ENSG00000252942.1	ENSG00000252942.1	rRNA_pseudogene	chr4	47404360	47404487	-	20	0.286209	0	127	False	False	False	38.0	0.14960629921259844	0.49606299212598426	0.4724409448818898	0.6997080107216226	0.36549399254414366	0.1467717619754518	127	127	1.0	0.49606299212598426	0.5354330708661418	0.03937007874015752	False
U_ENSG00000238500.1	ENSG00000238500.1	snRNA	chr14	93563599	93563662	-	15	0.278825	0	63	False	False	False	28.0	0.22580645161290322	0.559322033898305	0.4444444444444444	0.6617936308191881	0.4060966025821151	0.19870469707485158	62	63	0.9841269841269841	0.24193548387096775	0.25396825396825395	0.012032770097286205	False
U_ENSG00000264961.1	ENSG00000264961.1	miRNA	chr11	119388449	119388521	+	21	0.177687	0	72	False	False	False	28.0	0.19444444444444445	0.5714285714285714	0.4605263157894737	0.6729474466463846	0.32917948466897967	0.1536129572734305	76	72	0.9473684210526315	0.6578947368421053	0.5277777777777778	0.13011695906432752	False
U_ENSG00000275360.1	ENSG00000275360.1	miRNA	chr11	116192155	116192212	-	21	0.186782	0	57	False	False	False	43.0	0.37719298245614036	0.6346153846153846	0.5344827586206897	0.5397956190493098	0.2755726426310093	0.2122150944768765	58	57	0.9827586206896551	0.5689655172413793	0.6666666666666666	0.09770114942528729	False
U_ENSG00000277465.1	ENSG00000277465.1	misc_RNA	chr4	47603887	47604007	+	20	0.0	119	120	True	True	True	233.0	0.9708333333333333	0.9915254237288136	0.975	0.9853969666802027	0.9653824327368535	0.011884147582967183	120	120	1.0	0.425	0.4166666666666667	0.008333333333333304	False
U_ENSG00000207297.1	ENSG00000207297.1	snoRNA	chr11	83185128	83185225	+	21	0.0	96	97	True	True	False	153.0	0.788659793814433	0.8645833333333334	0.845360824742268	0.9351639492885675	0.7832359344102431	0.05103103630798288	97	97	1.0	0.4639175257731959	0.5051546391752577	0.04123711340206182	False
U_ENSG00000200261.1	ENSG00000200261.1	misc_RNA	chr4	59433139	59433250	+	20	0.411147	0	111	False	False	False	31.0	0.13963963963963963	0.5194805194805194	0.4464285714285714	0.5006869429429536	0.2106966150269506	0.16835429921172723	112	111	0.9910714285714286	0.4107142857142857	0.42342342342342343	0.01270913770913773	False
U_ENSG00000278498.1	ENSG00000278498.1	misc_RNA	chr19	46819455	46819613	+	19	0.025817	0	158	False	False	False	202.0	0.6392405063291139	0.8051948051948052	0.7239263803680982	0.9386440388022221	0.7559808287435892	0.02892898711887897	163	158	0.9693251533742331	0.5153374233128835	0.5	0.015337423312883458	False
U_ENSG00000216001.3	ENSG00000216001.3	miRNA	chrX	52136872	52136950	-	22	0.0	77	78	True	True	False	128.0	0.8205128205128205	0.8947368421052632	0.8461538461538461	0.9106895035635507	0.7099245396218778	0.06872081327440495	78	78	1.0	0.28205128205128205	0.2948717948717949	0.01282051282051283	False
U_ENSG00000308708.1	ENSG00000308708.1	lncRNA	chr9	44515446	44515661	+	18	0.123144	215	215	True	True	True	85.0	0.19767441860465115	0.5597826086956522	0.49537037037037035	0.8745137649005851	0.6663904031661201	0.0774222969375208	216	215	0.9953703703703703	0.6342592592592593	0.6883720930232559	0.05411283376399656	False
U_ENSG00000216075.1	ENSG00000216075.1	miRNA	chrX	65857554	65857630	-	22	0.014962	74	76	True	True	False	82.0	0.5394736842105263	0.7027027027027027	0.6753246753246753	0.7746383063887836	0.40014617212254766	0.09646060120003379	77	76	0.987012987012987	0.4025974025974026	0.42105263157894735	0.018455228981544725	False
U_ENSG00000216060.1	ENSG00000216060.1	miRNA	chrX	56149544	56149627	+	22	0.376353	0	83	False	False	False	30.0	0.18072289156626506	0.5277777777777778	0.3975903614457831	0.5521586011999822	0.2621482776159584	0.1590049367122597	83	83	1.0	0.43373493975903615	0.4457831325301205	0.01204819277108432	False
U_ENSG00000199753.1	ENSG00000199753.1	snoRNA	chr11	106391817	106391887	+	21	0.0	70	70	True	True	True	96.0	0.6857142857142857	0.7971014492753623	0.7714285714285715	0.7808951897004471	0.6006654653369373	0.10649955403405123	70	70	1.0	0.5142857142857142	0.5142857142857142	0.0	False
U_ENSG00000277828.1	ENSG00000277828.1	misc_RNA	chr4	47593330	47593459	+	20	0.087561	123	129	True	True	False	171.0	0.6627906976744186	0.8145161290322581	0.732824427480916	0.8630699356022995	0.6812025549962893	0.07815846176889539	131	129	0.9847328244274809	0.5267175572519084	0.5503875968992248	0.0236700396473164	False
U_ENSG00000266665.1	ENSG00000266665.1	miRNA	chr11	118864155	118864230	-	21	0.247837	0	75	False	False	False	32.0	0.21621621621621623	0.5714285714285714	0.4666666666666667	0.6283568829979088	0.41358978596734114	0.19230204957625563	74	75	0.9866666666666667	0.6891891891891891	0.6	0.08918918918918917	False
U_ENSG00000216098.1	ENSG00000216098.1	miRNA	chrX	65872805	65872882	-	22	0.130093	75	77	True	True	False	64.0	0.4155844155844156	0.6533333333333333	0.6103896103896104	0.6676978608895887	0.33006601980660233	0.128920512778062	77	77	1.0	0.45454545454545453	0.37662337662337664	0.07792207792207789	False
U_ENSG00000283604.1	ENSG00000283604.1	miRNA	chr11	119905603	119905670	-	21	0.0	67	67	True	True	True	104.0	0.7761194029850746	0.8787878787878788	0.8507462686567164	0.8913662045221621	0.8124999999999999	0.08570991287109667	67	67	1.0	0.4626865671641791	0.5074626865671642	0.04477611940298509	False
U_ENSG00000266392.1	ENSG00000266392.1	miRNA	chr11	120128805	120128868	-	21	0.385352	0	63	False	False	False	51.0	0.40476190476190477	0.6833333333333333	0.5873015873015873	0.6705439275096508	0.4231944792308401	0.15803159630859212	63	63	1.0	0.6825396825396826	0.6825396825396826	0.0	False
U_ENSG00000221081.1	ENSG00000221081.1	miRNA	chrX	60427186	60427229	-	22	0.435425	0	43	False	False	False	23.0	0.26744186046511625	0.64	0.47916666666666663	0.36514837167011077	0.18107149208503706	0.2619160300077205	48	43	0.8958333333333334	0.4791666666666667	0.20930232558139536	0.26986434108527135	False
U_ENSG00000199525.1	ENSG00000199525.1	rRNA_pseudogene	chr4	59494194	59494310	+	20	0.210041	0	116	False	False	False	28.0	0.1206896551724138	0.4945054945054945	0.4132231404958677	0.3862530184975645	0.1667783625510561	0.22398338560222478	121	116	0.9586776859504132	0.48760330578512395	0.4224137931034483	0.06518951268167567	False
U_ENSG00000284250.1	ENSG00000284250.1	miRNA	chr11	116968185	116968266	+	21	0.02574	81	81	True	True	True	132.0	0.8148148148148148	0.8974358974358975	0.8641975308641976	0.8641774757627989	0.7582660519078249	0.08477912478906585	81	81	1.0	0.4074074074074074	0.48148148148148145	0.07407407407407407	False
U_ENSG00000283978.1	ENSG00000283978.1	miRNA	chr11	79617221	79617332	+	21	0.0	107	111	True	True	False	208.0	0.9369369369369369	0.9813084112149533	0.9099099099099099	0.9748410178088975	0.931905476560256	0.03149183286488868	111	111	1.0	0.45045045045045046	0.44144144144144143	0.009009009009009028	False
U_tRNA-Arg-CCT-1-1	tRNA-Arg-CCT-1-1	tRNA	chr11	115303803	115303876	+	21	0.0	70	73	True	True	False	140.0	0.958904109589041	1.0	0.9178082191780822	0.982724632127336	0.9687500000000001	0.034020690871988585	73	73	1.0	0.6027397260273972	0.6027397260273972	0.0	False
U_ENSG00000252147.1	ENSG00000252147.1	misc_RNA	chrX	36045729	36045825	+	22	0.477393	0	96	False	False	False	29.0	0.15104166666666666	0.5818181818181818	0.4257425742574258	0.6542834383563243	0.29749851367324814	0.1340401395208543	101	96	0.9504950495049505	0.45544554455445546	0.46875	0.013304455445544539	False
U_tRNA-Arg-CCT-2-1	tRNA-Arg-CCT-2-1	tRNA	chr11	115304133	115304206	-	21	0.0	69	73	True	True	False	138.0	0.9452054794520548	1.0	0.8904109589041096	0.9658990081032015	0.9576635971035924	0.04811252243246882	73	73	1.0	0.6164383561643836	0.6164383561643836	0.0	False
U_tRNA-Arg-TCG-3-1	tRNA-Arg-TCG-3-1	tRNA	chr11	115304601	115304674	+	21	0.0	70	73	True	True	False	140.0	0.958904109589041	1.0	0.9178082191780822	0.9785193576582956	0.9651162790697675	0.02777777777777778	73	73	1.0	0.5616438356164384	0.547945205479452	0.013698630136986356	False
U_ENSG00000277948.1	ENSG00000277948.1	misc_RNA	chr2	73657992	73658174	-	6	0.075037	182	182	True	True	True	231.0	0.6346153846153846	0.7965116279069767	0.7433155080213903	0.8432270978219906	0.6100327334580911	0.09172382869935462	187	182	0.9732620320855615	0.40641711229946526	0.34615384615384615	0.06026326614561911	False
U_ENSG00000284595.1	ENSG00000284595.1	miRNA	chr11	115688306	115688386	+	21	0.053756	0	80	False	False	False	54.0	0.3375	0.6578947368421053	0.5679012345679013	0.7613061667864511	0.4779094176682471	0.1434352679558788	81	80	0.9876543209876543	0.6666666666666666	0.6375	0.029166666666666674	False
U_ENSG00000215943.1	ENSG00000215943.1	miRNA	chrX	65869564	65869636	-	22	0.221718	72	72	True	True	True	53.0	0.3680555555555556	0.5972222222222222	0.56	0.43822991060110733	0.1994352929905476	0.23373753367612418	75	72	0.96	0.49333333333333335	0.375	0.11833333333333335	False
U_ENSG00000274091.1	ENSG00000274091.1	snoRNA	chr11	116563328	116563406	+	21	0.0	78	78	True	True	True	109.0	0.6987179487179487	0.8533333333333334	0.8076923076923077	0.9060606745389328	0.7610023515893884	0.06362311020216047	78	78	1.0	0.44871794871794873	0.4230769230769231	0.02564102564102566	False
U_ENSG00000199961.1	ENSG00000199961.1	snoRNA	chr11	116564612	116564696	+	21	0.126023	84	84	True	True	True	97.0	0.5773809523809523	0.75	0.6190476190476191	0.7456546100227409	0.6381118582373794	0.11556220538102939	84	84	1.0	0.40476190476190477	0.5	0.09523809523809523	False
U_ENSG00000278261.1	ENSG00000278261.1	snoRNA	chr11	116565421	116565493	+	21	0.0	72	72	True	True	True	102.0	0.7083333333333334	0.8571428571428571	0.7777777777777778	0.8589556903873333	0.7268563778746144	0.06298783035210674	72	72	1.0	0.3888888888888889	0.4305555555555556	0.041666666666666685	False
U_ENSG00000238793.1	ENSG00000238793.1	snoRNA	chr11	98601816	98601920	-	21	0.0	99	104	True	True	False	154.0	0.7403846153846154	0.8571428571428571	0.7788461538461539	0.8787063717140814	0.7341919203507652	0.06726410903180106	104	104	1.0	0.49038461538461536	0.46153846153846156	0.0288461538461538	False
U_ENSG00000284186.1	ENSG00000284186.1	miRNA	chr11	115054141	115054228	+	21	0.0	87	87	True	True	True	80.0	0.45977011494252873	0.7142857142857143	0.5977011494252873	0.8090701037639134	0.609107991084395	0.10783277320343841	87	87	1.0	0.735632183908046	0.7126436781609196	0.02298850574712641	False
U_ENSG00000207552.1	ENSG00000207552.1	miRNA	chr11	105459365	105459460	+	21	0.258677	0	95	False	False	False	68.0	0.35789473684210527	0.5918367346938775	0.5408163265306123	0.8383356520215179	0.5823797535406913	0.06029351937376749	98	95	0.9693877551020408	0.336734693877551	0.3157894736842105	0.020945220193340497	False
U_ENSG00000252170.2	ENSG00000252170.2	snoRNA	chrX	46976201	46976272	+	22	0.135261	0	71	False	False	False	92.0	0.647887323943662	0.7777777777777778	0.75	0.7893020732669684	0.5750158163422775	0.09314569830644828	72	71	0.9861111111111112	0.4166666666666667	0.36619718309859156	0.050469483568075124	False
U_ENSG00000284499.1	ENSG00000284499.1	miRNA	chrX	51830570	51830645	-	22	0.0	74	75	True	True	False	121.0	0.8066666666666666	0.8783783783783784	0.8533333333333333	0.8622493579230206	0.7071904773200225	0.06620242548062644	75	75	1.0	0.41333333333333333	0.41333333333333333	0.0	False
U_ENSG00000284538.1	ENSG00000284538.1	miRNA	chrX	51830724	51830799	-	22	0.0	75	75	True	True	True	124.0	0.8266666666666667	0.8918918918918919	0.8666666666666667	0.9069328380716358	0.7637626158259734	0.07150679219093488	75	75	1.0	0.4533333333333333	0.4666666666666667	0.013333333333333364	False
U_ENSG00000206979.1	ENSG00000206979.1	snoRNA	chrX	56436808	56436880	-	22	0.05634	71	72	True	True	False	107.0	0.7430555555555556	0.8513513513513513	0.8356164383561644	0.8757440021691698	0.741036401330519	0.08632813287622448	73	72	0.9863013698630136	0.3424657534246575	0.3888888888888889	0.04642313546423138	False
U_ENSG00000207225.1	ENSG00000207225.1	snRNA	chr2	48277558	48277665	+	6	0.537467	0	107	False	False	False	44.0	0.205607476635514	0.5555555555555556	0.5233644859813085	0.7960784199078178	0.5123410702025857	0.1100179602801	107	107	1.0	0.3364485981308411	0.27102803738317754	0.06542056074766356	False
U_ENSG00000211563.4	ENSG00000211563.4	miRNA	chr11	119905594	119905673	+	21	0.0	79	79	True	True	True	126.0	0.7974683544303798	0.8961038961038961	0.8734177215189873	0.8988905898510697	0.821098123039856	0.06280742930213278	79	79	1.0	0.5063291139240507	0.5316455696202531	0.025316455696202445	False
U_ENSG00000284043.1	ENSG00000284043.1	miRNA	chrX	51830997	51831066	-	22	0.0	69	69	True	True	True	102.0	0.7391304347826086	0.8484848484848485	0.782608695652174	0.8555678376439217	0.710010722691882	0.06239177481057773	69	69	1.0	0.4492753623188406	0.43478260869565216	0.014492753623188415	False
U_ENSG00000221025.1	ENSG00000221025.1	miRNA	chr11	119911282	119911393	-	21	0.139026	0	111	False	False	False	33.0	0.14864864864864866	0.5657894736842105	0.4247787610619469	0.6501823828273879	0.33065003563305406	0.11881786172031611	113	111	0.9823008849557522	0.5752212389380531	0.5225225225225225	0.05269871641553059	False
U_ENSG00000238854.1	ENSG00000238854.1	snoRNA	chr15	73643105	73643182	+	13	0.44982	0	77	False	False	False	23.0	0.15333333333333332	0.6046511627906976	0.4285714285714286	0.5028089890089446	0.20110662298337406	0.1661657036748638	75	77	0.974025974025974	0.38666666666666666	0.5064935064935064	0.11982683982683978	False
U_ENSG00000264274.1	ENSG00000264274.1	miRNA	chr8	78208503	78208576	-	23	0.467307	0	73	False	False	False	52.0	0.3561643835616438	0.7674418604651163	0.5	0.7744935148457934	0.5104699098597406	0.10901511041733328	74	73	0.9864864864864865	0.43243243243243246	0.4794520547945205	0.047019622362088065	False
U_ENSG00000264511.1	ENSG00000264511.1	miRNA	chr11	115599770	115599864	+	21	0.231706	0	94	False	False	False	63.0	0.3351063829787234	0.6419753086419753	0.45744680851063835	0.7344461566546545	0.40019767730388767	0.07132526430871827	94	94	1.0	0.44680851063829785	0.44680851063829785	0.0	False
U_ENSG00000252699.1	ENSG00000252699.1	snoRNA	chr11	97670965	97671101	-	21	0.072747	94	136	True	True	False	146.0	0.5367647058823529	0.7164179104477612	0.6911764705882353	0.8808048519927985	0.6702062989333188	0.07104935590092919	136	136	1.0	0.5367647058823529	0.5220588235294118	0.014705882352941124	False
U_ENSG00000239823.2	ENSG00000239823.2	misc_RNA	chr11	106605500	106605606	-	21	0.561814	0	106	False	False	False	30.0	0.14150943396226415	0.5662650602409639	0.4716981132075472	0.663732079309932	0.3921568627450981	0.15058465048420855	106	106	1.0	0.3867924528301887	0.44339622641509435	0.05660377358490565	False
U_ENSG00000239153.1	ENSG00000239153.1	snoRNA	chr9	47314014	47314113	+	18	0.491565	0	99	False	False	False	31.0	0.15656565656565657	0.4931506849315068	0.45192307692307687	0.5520332095930678	0.18245745041018274	0.16234071144315704	104	99	0.9519230769230769	0.47115384615384615	0.494949494949495	0.023795648795648827	False
U_ENSG00000283931.1	ENSG00000283931.1	miRNA	chrX	51831217	51831288	-	22	0.0	71	71	True	True	True	128.0	0.9014084507042254	0.9701492537313433	0.8873239436619719	0.9394629566550269	0.8668807377250547	0.06060915267313264	71	71	1.0	0.4647887323943662	0.4507042253521127	0.014084507042253502	False
U_ENSG00000283929.1	ENSG00000283929.1	miRNA	chr11	100946164	100946282	+	21	0.154521	23	118	True	False	False	107.0	0.4533898305084746	0.675	0.6416666666666666	0.7867790702195526	0.5083183256825242	0.0846473364577693	120	118	0.9833333333333333	0.5416666666666666	0.559322033898305	0.017655367231638408	False
U_ENSG00000284157.1	ENSG00000284157.1	miRNA	chrX	51831371	51831452	-	22	0.025867	81	81	True	True	True	144.0	0.8888888888888888	0.9259259259259259	0.9259259259259259	0.9081611797058454	0.7962962962962963	0.05863019699779287	81	81	1.0	0.41975308641975306	0.4691358024691358	0.04938271604938271	False
U_ENSG00000275268.1	ENSG00000275268.1	snRNA	chrX	59887235	59887296	+	22	0.504839	0	61	False	False	False	22.0	0.18032786885245902	0.6666666666666666	0.4426229508196722	0.4882038848757818	0.22256595362986284	0.19578900207451216	61	61	1.0	0.39344262295081966	0.4262295081967213	0.03278688524590162	False
U_ENSG00000284368.1	ENSG00000284368.1	miRNA	chr11	106673998	106674098	-	21	0.0	100	100	True	True	True	185.0	0.925	0.9696969696969697	0.94	0.9781282471435878	0.9374297474452644	0.02856997095703222	100	100	1.0	0.48	0.47	0.010000000000000009	False
U_ENSG00000283805.1	ENSG00000283805.1	miRNA	chr11	116743141	116743240	-	21	0.1706	16	99	True	False	False	92.0	0.46464646464646464	0.7142857142857143	0.6464646464646464	0.8410432627153972	0.6587751710301915	0.11544600509168124	99	99	1.0	0.7878787878787878	0.7474747474747475	0.04040404040404033	False
U_ENSG00000252219.2	ENSG00000252219.2	miRNA	chrX	65844136	65844213	-	22	0.089224	77	77	True	True	True	81.0	0.525974025974026	0.7162162162162162	0.6753246753246753	0.672245564487355	0.41467061445715164	0.11620737982010325	77	77	1.0	0.4675324675324675	0.42857142857142855	0.038961038961038974	False
U_ENSG00000208005.1	ENSG00000208005.1	miRNA	chrX	52142862	52142933	-	22	0.0	71	71	True	True	True	114.0	0.8028169014084507	0.8840579710144928	0.8309859154929577	0.8081352297940448	0.6157935373745562	0.09476070829586856	71	71	1.0	0.5915492957746479	0.5774647887323944	0.014084507042253502	False
U_ENSG00000216005.1	ENSG00000216005.1	miRNA	chrX	65863338	65863416	-	22	0.125055	0	78	False	False	False	71.0	0.461038961038961	0.6447368421052632	0.6666666666666667	0.7200178023264528	0.45157309947210345	0.13993660805824543	77	78	0.9871794871794872	0.4675324675324675	0.41025641025641024	0.05727605727605728	False
U_ENSG00000199293.1	ENSG00000199293.1	snoRNA	chr11	97672469	97672601	-	21	0.0	132	132	True	True	True	195.0	0.7386363636363636	0.8560606060606061	0.8181818181818181	0.8905234865109375	0.7435374939258887	0.07633587786259542	132	132	1.0	0.4772727272727273	0.4696969696969697	0.007575757575757569	False
U_ENSG00000301799.1	ENSG00000301799.1	lncRNA	chr19	34356613	34356828	+	19	0.12464	0	215	False	False	False	126.0	0.2930232558139535	0.594059405940594	0.5181818181818182	0.8570730136234213	0.655561391307318	0.10122653609782545	220	215	0.9772727272727273	0.35	0.4325581395348837	0.08255813953488372	False
U_ENSG00000207633.3	ENSG00000207633.3	miRNA	chrX	59439649	59439733	-	22	0.0	84	84	True	True	True	159.0	0.9464285714285714	0.9642857142857143	0.9642857142857143	0.9718419337454247	0.904484620494952	0.029511924611845517	84	84	1.0	0.5238095238095238	0.5119047619047619	0.011904761904761973	False
U_ENSG00000305860.1	ENSG00000305860.1	lncRNA	chr4	40723026	40723215	+	20	0.090339	110	189	True	True	False	148.0	0.3915343915343915	0.6205128205128205	0.5916230366492147	0.8837193529656623	0.6484688722502038	0.09732634623703448	191	189	0.9895287958115183	0.6020942408376964	0.6825396825396826	0.0804454417019862	False
U_ENSG00000284286.1	ENSG00000284286.1	miRNA	chrX	73067450	73067523	-	22	0.098844	73	73	True	True	True	109.0	0.7785714285714286	0.8714285714285714	0.821917808219178	0.9148074042510733	0.7903192225554455	0.099657807951093	70	73	0.958904109589041	0.8571428571428571	0.8082191780821918	0.048923679060665304	False
U_ENSG00000277784.1	ENSG00000277784.1	miRNA	chr11	120368231	120368344	+	21	0.302556	4	113	True	False	False	41.0	0.18141592920353983	0.5346534653465347	0.47787610619469023	0.667992648147331	0.4603311437484563	0.1864340448019741	113	113	1.0	0.7345132743362832	0.5221238938053098	0.21238938053097345	False
U_ENSG00000252391.1	ENSG00000252391.1	snRNA	chr11	118071768	118071872	-	21	0.0	93	104	True	True	False	149.0	0.7163461538461539	0.8333333333333334	0.7596153846153846	0.8546918353376072	0.6718571884983515	0.07393954471712533	104	104	1.0	0.36538461538461536	0.3557692307692308	0.009615384615384581	False
U_ENSG00000284276.1	ENSG00000284276.1	miRNA	chr5	34333758	34333838	-	2	0.092504	80	80	True	True	True	91.0	0.56875	0.7407407407407407	0.75	0.7913829853827798	0.6709789608903151	0.12784183466281113	80	80	1.0	0.5875	0.475	0.11250000000000004	False
U_ENSG00000211578.3	ENSG00000211578.3	miRNA	chrX	36202988	36203100	-	22	0.157851	0	112	False	False	False	78.0	0.35135135135135137	0.6274509803921569	0.5803571428571428	0.6766718438979383	0.3787757698014839	0.08530568795486922	111	112	0.9910714285714286	0.5585585585585585	0.5982142857142857	0.03965572715572718	False
U_ENSG00000207784.3	ENSG00000207784.3	miRNA	chrX	52138268	52138365	-	22	0.0	85	97	True	True	False	176.0	0.9072164948453608	0.9574468085106383	0.9278350515463918	0.9284141650970551	0.8522664776308876	0.07933096985274904	97	97	1.0	0.4742268041237113	0.5257731958762887	0.05154639175257736	False
U_ENSG00000207800.3	ENSG00000207800.3	miRNA	chrX	58143018	58143101	-	22	0.0	78	83	True	True	False	148.0	0.891566265060241	0.95	0.8795180722891567	0.9406978083909873	0.8637791488508032	0.059743652263004335	83	83	1.0	0.5542168674698795	0.5301204819277109	0.02409638554216864	False
U_ENSG00000284107.1	ENSG00000284107.1	miRNA	chrX	51830856	51830952	-	22	0.0	84	96	True	True	False	166.0	0.8645833333333334	0.9157894736842105	0.8958333333333334	0.9483348909183398	0.8468360508169394	0.05765500605317539	96	96	1.0	0.34375	0.3854166666666667	0.041666666666666685	False
U_ENSG00000273882.1	ENSG00000273882.1	miRNA	chr3	136464223	136464301	+	24	0.283474	0	78	False	False	False	35.0	0.22435897435897437	0.6046511627906976	0.5128205128205128	0.6942954969521603	0.4000725821091076	0.11321815437767982	78	78	1.0	0.3974358974358974	0.4358974358974359	0.03846153846153849	False
U_ENSG00000265623.1	ENSG00000265623.1	miRNA	chr8	81597318	81597392	-	23	0.116433	0	74	False	False	False	71.0	0.4797297297297297	0.7123287671232876	0.6578947368421053	0.7369058983549412	0.49072424835679784	0.09757528252741698	76	74	0.9736842105263158	0.4605263157894737	0.4864864864864865	0.02596017069701284	False
U_ENSG00000199132.1	ENSG00000199132.1	miRNA	chrX	52137032	52137123	-	22	0.061104	89	91	True	True	False	143.0	0.7857142857142857	0.8941176470588236	0.8461538461538461	0.8711215947262674	0.7375837923560065	0.087488976377909	91	91	1.0	0.27472527472527475	0.31868131868131866	0.04395604395604391	False
U_ENSG00000221369.1	ENSG00000221369.1	miRNA	chr8	78552131	78552221	+	23	0.379353	0	90	False	False	False	35.0	0.19662921348314608	0.5647058823529412	0.48888888888888893	0.5090696297810814	0.19673575428685092	0.20372543901292092	89	90	0.9888888888888889	0.29213483146067415	0.2111111111111111	0.08102372034956304	False
U_ENSG00000274086.1	ENSG00000274086.1	misc_RNA	chrX	67722097	67722224	+	22	0.122197	121	127	True	True	False	112.0	0.4409448818897638	0.6825396825396826	0.6220472440944882	0.8888436407491299	0.7275512571426539	0.05723097262641253	127	127	1.0	0.6850393700787402	0.6456692913385826	0.03937007874015752	False
U_ENSG00000284231.1	ENSG00000284231.1	miRNA	chrX	52143117	52143216	-	22	0.053355	99	99	True	True	True	147.0	0.75	0.8469387755102041	0.8282828282828283	0.8748312284418667	0.6740333728045824	0.0716167944307479	98	99	0.98989898989899	0.5102040816326531	0.5151515151515151	0.0049474335188620655	False
U_ENSG00000265789.1	ENSG00000265789.1	miRNA	chrX	70700222	70700322	+	22	0.203221	0	100	False	False	False	31.0	0.155	0.524390243902439	0.4380952380952381	0.7174535739628564	0.457495710997814	0.1369414961626743	105	100	0.9523809523809523	0.5238095238095238	0.47	0.05380952380952386	False
U_ENSG00000206900.1	ENSG00000206900.1	snRNA	chrX	50409582	50409690	-	22	0.497447	0	108	False	False	False	43.0	0.20093457943925233	0.5694444444444444	0.41666666666666663	0.7227260462444441	0.48993350896379284	0.16298402827903136	107	108	0.9907407407407407	0.4485981308411215	0.28703703703703703	0.16156109380408445	False
U_ENSG00000211583.3	ENSG00000211583.3	miRNA	chrX	71633595	71633704	-	22	0.126047	105	109	True	True	False	155.0	0.7110091743119266	0.865979381443299	0.7889908256880733	0.8404506227661855	0.7275869921232574	0.11033680822049059	109	109	1.0	0.45871559633027525	0.3944954128440367	0.06422018348623854	False
U_ENSG00000281311.1	ENSG00000281311.1	snoRNA	chr11	106392072	106392202	+	21	0.011113	130	130	True	True	True	182.0	0.7	0.816793893129771	0.8	0.8783941615240809	0.6515810180854348	0.07883493121339231	135	130	0.9629629629629629	0.6666666666666666	0.6615384615384615	0.00512820512820511	False
U_ENSG00000277887.1	ENSG00000277887.1	snoRNA	chr11	106392071	106392202	+	21	0.031322	131	131	True	True	True	184.0	0.7022900763358778	0.8181818181818182	0.8195488721804511	0.8897483117435695	0.6600295128374012	0.07501736278031779	133	131	0.9849624060150376	0.6691729323308271	0.6641221374045801	0.005050794926246938	False
U_ENSG00000207818.1	ENSG00000207818.1	miRNA	chrX	71635106	71635187	-	22	0.0	79	81	True	True	False	126.0	0.7777777777777778	0.8518518518518519	0.8518518518518519	0.887004305852521	0.737915161372517	0.09519716382329886	81	81	1.0	0.5061728395061729	0.48148148148148145	0.024691358024691412	False
U_ENSG00000294949.1	ENSG00000294949.1	lncRNA	chr4	48042945	48043138	+	20	0.041364	193	193	True	True	True	123.0	0.31865284974093266	0.6294117647058823	0.5129533678756477	0.8598903343412428	0.6982999115970906	0.06546773484362778	193	193	1.0	0.7512953367875648	0.7772020725388601	0.025906735751295318	False
U_ENSG00000265213.1	ENSG00000265213.1	miRNA	chr3	138193541	138193614	-	24	0.324761	0	73	False	False	False	28.0	0.1917808219178082	0.6216216216216216	0.5	0.6313999999132481	0.2984564395926328	0.14001337911403652	74	73	0.9864864864864865	0.36486486486486486	0.4383561643835616	0.07349129951869676	False
U_ENSG00000207021.1	ENSG00000207021.1	misc_RNA	chr11	120282399	120282510	+	21	0.279132	0	111	False	False	False	42.0	0.1891891891891892	0.54	0.48672566371681414	0.7216994807290651	0.4152117782450706	0.11416528114296252	113	111	0.9823008849557522	0.4424778761061947	0.4954954954954955	0.053017619389300774	False
U_ENSG00000284463.1	ENSG00000284463.1	miRNA	chr3	127338879	127338952	+	24	0.0	71	73	True	True	False	111.0	0.7602739726027398	0.8732394366197183	0.8082191780821918	0.9057602279786444	0.808821903831369	0.06804138174397718	73	73	1.0	0.3835616438356164	0.3972602739726027	0.0136986301369863	False
U_ENSG00000252454.3	ENSG00000252454.3	miRNA	chrX	69953733	69953811	+	22	0.307188	0	78	False	False	False	63.0	0.40384615384615385	0.6351351351351351	0.5625	0.5428576649955718	0.2866412445568853	0.15573677813434073	80	78	0.975	0.55	0.38461538461538464	0.1653846153846154	False
U_ENSG00000201518.1	ENSG00000201518.1	rRNA_pseudogene	chrX	46890881	46890997	-	22	0.499393	0	116	False	False	False	36.0	0.15517241379310345	0.5	0.48305084745762716	0.6204190061387305	0.2978439193525124	0.16085321581951206	118	116	0.9830508474576272	0.5508474576271186	0.41379310344827586	0.13705435417884276	False
U_ENSG00000284363.1	ENSG00000284363.1	miRNA	chrX	71304638	71304719	-	22	0.0	80	81	True	True	False	147.0	0.9074074074074074	0.9625	0.9259259259259259	0.9524645742776103	0.9108595236205936	0.05303300858899107	81	81	1.0	0.4444444444444444	0.43209876543209874	0.012345679012345678	False
U_ENSG00000283751.1	ENSG00000283751.1	miRNA	chrX	71305830	71305915	-	22	0.0	84	85	True	True	False	159.0	0.9352941176470588	0.9642857142857143	0.9411764705882353	0.9620834347717582	0.8869900569688054	0.03367175148507369	85	85	1.0	0.4117647058823529	0.4	0.0117647058823529	False
U_ENSG00000274630.1	ENSG00000274630.1	lncRNA	chr11	100367835	100367996	+	21	0.026417	161	161	True	True	True	161.0	0.5160256410256411	0.6909090909090909	0.6521739130434783	0.8841375925792763	0.6803016080289965	0.07791497523765968	156	161	0.968944099378882	0.44871794871794873	0.4409937888198758	0.0077241598980729576	False
U_ENSG00000238485.1	ENSG00000238485.1	snoRNA	chrX	59232329	59232428	-	22	0.490176	0	99	False	False	False	31.0	0.15656565656565657	0.4891304347826087	0.46153846153846156	0.5231227420696649	0.28893685281229936	0.23665532607021092	104	99	0.9519230769230769	0.3942307692307692	0.3333333333333333	0.0608974358974359	False
U_ENSG00000207731.1	ENSG00000207731.1	miRNA	chrX	67031667	67031790	-	22	0.058203	66	123	True	True	False	141.0	0.573170731707317	0.7394957983193278	0.685483870967742	0.8815369947757646	0.5965380683451582	0.07002948839793444	124	123	0.9919354838709677	0.41935483870967744	0.37398373983739835	0.04537109887227908	False
U_ENSG00000221227.1	ENSG00000221227.1	miRNA	chr8	49273622	49273708	-	23	0.347221	0	86	False	False	False	75.0	0.436046511627907	0.7384615384615385	0.6395348837209303	0.6655326392523935	0.3866945956182654	0.16044919643512773	86	86	1.0	0.36046511627906974	0.5116279069767442	0.15116279069767447	False
U_ENSG00000207969.1	ENSG00000207969.1	miRNA	chrX	67031974	67032068	-	22	0.0	78	94	True	True	False	97.0	0.5159574468085106	0.6966292134831461	0.6276595744680851	0.6958041958041958	0.43628091532530106	0.11174521339154046	94	94	1.0	0.40425531914893614	0.40425531914893614	0.0	False
U_ENSG00000199169.1	ENSG00000199169.1	miRNA	chr3	127339384	127339452	+	24	0.0	68	68	True	True	True	124.0	0.9117647058823529	0.9411764705882353	0.9411764705882353	0.9215205208368872	0.8409633904016675	0.0761047688595938	68	68	1.0	0.35294117647058826	0.4117647058823529	0.05882352941176466	False
U_ENSG00000207868.1	ENSG00000207868.1	miRNA	chrX	67055509	67055603	-	22	0.187913	0	94	False	False	False	59.0	0.31382978723404253	0.5925925925925926	0.5306122448979591	0.7617748843762903	0.41379310344827586	0.07304175872945448	98	94	0.9591836734693877	0.3979591836734694	0.3829787234042553	0.014980460269214069	False
U_ENSG00000199102.1	ENSG00000199102.1	miRNA	chr3	127339011	127339079	+	24	0.0	68	68	True	True	True	121.0	0.8897058823529411	0.9264705882352942	0.9264705882352942	0.8967847974698128	0.8029739037721841	0.05170300918116051	68	68	1.0	0.45588235294117646	0.47058823529411764	0.01470588235294118	False
U_ENSG00000239182.1	ENSG00000239182.1	snoRNA	chrX	35387100	35387228	+	22	0.245237	0	128	False	False	False	104.0	0.40625	0.6610169491525424	0.6015625	0.7449146922880654	0.5300596350636058	0.11889503047670472	128	128	1.0	0.5078125	0.46875	0.0390625	False
U_ENSG00000206622.1	ENSG00000206622.1	snoRNA	chrX	36346564	36346696	-	22	0.047899	131	132	True	True	True	203.0	0.7689393939393939	0.8560606060606061	0.8560606060606061	0.9300390244114992	0.7880184331797236	0.053977616884469275	132	132	1.0	0.36363636363636365	0.3939393939393939	0.030303030303030276	False
U_ENSG00000265846.1	ENSG00000265846.1	miRNA	chr8	56845358	56845428	-	23	0.1814	0	70	False	False	False	46.0	0.32857142857142857	0.6666666666666666	0.5	0.7534003052260144	0.3695870509196601	0.1195103079889177	70	70	1.0	0.4857142857142857	0.42857142857142855	0.05714285714285716	False
U_ENSG00000252275.1	ENSG00000252275.1	snRNA	chr8	43000333	43000394	+	23	0.600377	0	61	False	False	False	27.0	0.22131147540983606	0.5576923076923077	0.4426229508196722	0.5291502622129182	0.1976738731537167	0.19436506316151003	61	61	1.0	0.4426229508196721	0.2786885245901639	0.1639344262295082	False
U_ENSG00000215961.1	ENSG00000215961.1	miRNA	chr3	128777392	128777453	+	24	0.135213	0	61	False	False	False	64.0	0.5245901639344263	0.7241379310344828	0.6515151515151515	0.7584812152355405	0.5294794112407091	0.2102876774750018	66	61	0.9242424242424242	0.2727272727272727	0.36065573770491804	0.08792846497764534	False
U_ENSG00000200049.1	ENSG00000200049.1	misc_RNA	chr8	81632743	81632846	-	23	0.484492	0	103	False	False	False	25.0	0.12376237623762376	0.72	0.4271844660194175	0.6874431752324619	0.3315871268866553	0.13937742606802284	101	103	0.9805825242718447	0.45544554455445546	0.4174757281553398	0.037969816399115675	False
U_ENSG00000284020.1	ENSG00000284020.1	miRNA	chr9	27266719	27266795	+	18	0.203407	76	76	True	True	True	27.0	0.17763157894736842	0.4675324675324675	0.5	0.7107437007091828	0.3739878455925241	0.11391149541997858	78	76	0.9743589743589743	0.6282051282051282	0.5131578947368421	0.11504723346828605	False
U_ENSG00000199145.1	ENSG00000199145.1	miRNA	chr3	127339270	127339338	+	24	0.0	66	68	True	True	False	113.0	0.8308823529411765	0.9264705882352942	0.8970588235294118	0.8999643867597746	0.8068702799799782	0.07897765107655494	68	68	1.0	0.4264705882352941	0.39705882352941174	0.02941176470588236	False
U_ENSG00000207927.1	ENSG00000207927.1	miRNA	chr3	127339144	127339213	+	24	0.0	69	69	True	True	True	120.0	0.8695652173913043	0.9130434782608695	0.9130434782608696	0.9485520335122767	0.8559810093524813	0.05094267081084933	69	69	1.0	0.4057971014492754	0.42028985507246375	0.01449275362318836	False
U_ENSG00000252205.1	ENSG00000252205.1	snRNA	chrX	71540703	71540803	-	22	0.09482	0	100	False	False	False	104.0	0.52	0.7319587628865979	0.6952380952380952	0.8374962021966817	0.6405466551648479	0.06444614311588259	105	100	0.9523809523809523	0.34285714285714286	0.36	0.017142857142857126	False
U_ENSG00000201264.1	ENSG00000201264.1	snoRNA	chr3	86047924	86047995	-	24	0.100358	71	71	True	True	True	99.0	0.6971830985915493	0.821917808219178	0.8194444444444444	0.8416254115301732	0.6867767905473022	0.11790504114401505	72	71	0.9861111111111112	0.2777777777777778	0.38028169014084506	0.10250391236306727	False
U_ENSG00000304233.1	ENSG00000304233.1	lncRNA	chr11	72174818	72175026	+	21	0.115893	0	208	False	False	False	225.0	0.5408653846153846	0.7285714285714285	0.7019230769230769	0.8371759222543455	0.5834470505029572	0.08505708628820778	208	208	1.0	0.40865384615384615	0.49038461538461536	0.08173076923076922	False
U_ENSG00000275334.1	ENSG00000275334.1	miRNA	chr9	107521981	107522035	-	25	0.350781	54	54	True	True	True	30.0	0.2777777777777778	0.631578947368421	0.5272727272727273	0.4255742279757665	0.17249209004113944	0.28726954349207195	55	54	0.9818181818181818	0.8363636363636363	0.6111111111111112	0.22525252525252515	False
U_ENSG00000252343.1	ENSG00000252343.1	snRNA	chr8	48920057	48920178	-	23	0.226672	0	121	False	False	False	45.0	0.1859504132231405	0.525	0.5041322314049587	0.7168021860634886	0.37236149683300035	0.09789450103725608	121	121	1.0	0.4214876033057851	0.512396694214876	0.09090909090909088	False
U_ENSG00000207589.1	ENSG00000207589.1	miRNA	chrX	67040767	67040877	-	22	0.103981	0	110	False	False	False	92.0	0.41818181818181815	0.6862745098039216	0.5826086956521739	0.7334496479098791	0.40270939334876393	0.10150051635646123	115	110	0.9565217391304348	0.45217391304347826	0.36363636363636365	0.08853754940711461	False
U_ENSG00000201285.1	ENSG00000201285.1	rRNA	chrX	67815246	67815361	-	22	0.522263	0	115	False	False	False	33.0	0.14347826086956522	0.5660377358490566	0.4482758620689655	0.5639061067183126	0.19881918238645055	0.19543471380056532	116	115	0.9913793103448276	0.49137931034482757	0.3391304347826087	0.1522488755622189	False
U_ENSG00000206978.1	ENSG00000206978.1	misc_RNA	chr3	79224408	79224510	+	24	0.498465	0	102	False	False	False	29.0	0.14215686274509803	0.5	0.4607843137254902	0.5182226234930313	0.27799851904915146	0.16389054809155296	102	102	1.0	0.4019607843137255	0.45098039215686275	0.04901960784313725	False
U_ENSG00000275810.1	ENSG00000275810.1	miRNA	chr3	126915361	126915440	-	24	0.121556	0	79	False	False	False	68.0	0.43037974683544306	0.6790123456790124	0.6296296296296297	0.7778670697564634	0.543859649122807	0.12421184794119997	81	79	0.9753086419753086	0.5061728395061729	0.4430379746835443	0.06313486482262859	False
U_ENSG00000264633.1	ENSG00000264633.1	miRNA	chr9	108272444	108272508	-	25	0.113452	16	64	True	False	False	66.0	0.515625	0.71875	0.6119402985074627	0.7979831627328976	0.6417112842390168	0.11192334447137268	67	64	0.9552238805970149	0.5074626865671642	0.5625	0.0550373134328358	False
U_ENSG00000252719.1	ENSG00000252719.1	snoRNA	chrX	59427708	59427839	+	22	0.329415	0	131	False	False	False	54.0	0.20610687022900764	0.5178571428571429	0.5267175572519084	0.6950499095049543	0.41743119266055045	0.1268647884805434	131	131	1.0	0.3893129770992366	0.46564885496183206	0.07633587786259544	False
U_ENSG00000208797.1	ENSG00000208797.1	snoRNA	chr3	86046101	86046166	-	24	0.0	64	65	True	True	False	93.0	0.7153846153846154	0.859375	0.7846153846153846	0.8404606389858067	0.7013122293067522	0.10825317547305482	65	65	1.0	0.35384615384615387	0.4	0.046153846153846156	False
U_ENSG00000278799.1	ENSG00000278799.1	miRNA	chr9	108828124	108828185	+	25	0.125567	5	61	True	False	False	42.0	0.3442622950819672	0.6610169491525424	0.540983606557377	0.7194989427240617	0.3678403918973623	0.13944333775567927	61	61	1.0	0.5737704918032787	0.5901639344262295	0.016393442622950838	False
U_ENSG00000201846.1	ENSG00000201846.1	rRNA_pseudogene	chr8	77501073	77501174	-	23	0.556505	0	101	False	False	False	38.0	0.18811881188118812	0.582089552238806	0.4509803921568627	0.6620405588400509	0.3706246583305506	0.13798442662127122	102	101	0.9901960784313726	0.5196078431372549	0.43564356435643564	0.0839642787808193	False
U_ENSG00000223125.1	ENSG00000223125.1	snRNA	chr11	99979608	99979794	+	21	0.459346	0	186	False	False	False	53.0	0.1424731182795699	0.5120481927710844	0.45549738219895286	0.7756674372604785	0.48157455258848036	0.13256369040954505	191	186	0.9738219895287958	0.43455497382198954	0.4838709677419355	0.049315993919945955	False
U_ENSG00000202175.1	ENSG00000202175.1	rRNA_pseudogene	chr9	113753111	113753223	+	25	0.368877	0	112	False	False	False	35.0	0.15625	0.5614035087719298	0.4224137931034483	0.7552442597083828	0.38929681675180705	0.10475244115123669	116	112	0.9655172413793104	0.5086206896551724	0.4642857142857143	0.044334975369458074	False
U_ENSG00000295398.1	ENSG00000295398.1	lncRNA	chr11	106821714	106821942	+	21	0.048303	0	228	False	False	False	144.0	0.31718061674008813	0.5892857142857143	0.5394736842105263	0.9549725929746833	0.7418163781762555	0.043398062844293414	227	228	0.9956140350877193	0.40969162995594716	0.4298245614035088	0.02013293144756162	False
U_ENSG00000283848.1	ENSG00000283848.1	miRNA	chr9	107479305	107479366	-	25	0.208671	60	61	True	True	False	47.0	0.38524590163934425	0.6792452830188679	0.6290322580645161	0.719755393686538	0.4494895063586363	0.1572517716310036	62	61	0.9838709677419355	0.6935483870967742	0.5573770491803278	0.13617133791644642	False
U_ENSG00000273912.1	ENSG00000273912.1	miRNA	chr2	108765178	108765244	+	27	0.31926	0	66	False	False	False	26.0	0.19696969696969696	0.5636363636363636	0.42647058823529416	0.39421033182082593	0.154181655912797	0.21550526732178799	68	66	0.9705882352941176	0.38235294117647056	0.5151515151515151	0.13279857397504458	False
U_ENSG00000272543.1	ENSG00000272543.1	miRNA	chr9	107108819	107108903	-	25	0.0	84	84	True	True	True	137.0	0.8154761904761905	0.9135802469135802	0.8690476190476191	0.9466252113588258	0.8748963309268138	0.03809973084540217	84	84	1.0	0.7976190476190477	0.7619047619047619	0.03571428571428581	False
U_ENSG00000283792.1	ENSG00000283792.1	miRNA	chr3	84721469	84721557	-	24	0.151029	0	88	False	False	False	102.0	0.5795454545454546	0.7590361445783133	0.6853932584269663	0.8080776353032272	0.5782854663510636	0.11144596817206558	89	88	0.9887640449438202	0.6404494382022472	0.7159090909090909	0.07545965270684374	False
U_ENSG00000207988.1	ENSG00000207988.1	miRNA	chr3	129808296	129808394	-	24	0.286418	0	98	False	False	False	40.0	0.20408163265306123	0.5384615384615384	0.4387755102040817	0.659853543268954	0.4003428898619933	0.12284922977126787	98	98	1.0	0.3673469387755102	0.40816326530612246	0.040816326530612235	False
U_ENSG00000284251.1	ENSG00000284251.1	miRNA	chr9	108798995	108799068	+	25	0.055997	73	73	True	True	True	117.0	0.8013698630136986	0.875	0.8289473684210527	0.8216266126010087	0.6680654114046701	0.09738874627612047	76	73	0.9605263157894737	0.5789473684210527	0.5342465753424658	0.044700793078586876	False
U_ENSG00000284364.1	ENSG00000284364.1	miRNA	chr9	108732923	108732985	+	25	0.222713	62	62	True	True	True	39.0	0.31451612903225806	0.62	0.4444444444444444	0.6389168968433563	0.33940017269585626	0.15445549061250574	63	62	0.9841269841269841	0.6190476190476191	0.46774193548387094	0.15130568356374813	False
U_ENSG00000199859.1	ENSG00000199859.1	snRNA	chr3	80722596	80722702	+	24	0.389636	0	106	False	False	False	27.0	0.12735849056603774	0.4810126582278481	0.4392523364485982	0.5550138142706335	0.2638872489829853	0.15647936587120212	107	106	0.9906542056074766	0.4485981308411215	0.3490566037735849	0.0995415270675366	False
U_ENSG00000284488.1	ENSG00000284488.1	miRNA	chr9	108390427	108390489	+	25	0.193376	62	62	True	True	True	46.0	0.3770491803278688	0.6721311475409836	0.5967741935483871	0.6317989932965857	0.360757899689689	0.1783636189885636	61	62	0.9838709677419355	0.6557377049180327	0.532258064516129	0.12347964040190373	False
U_ENSG00000212373.1	ENSG00000212373.1	rRNA_pseudogene	chr8	63668399	63668510	+	23	0.381149	0	111	False	False	False	28.0	0.12612612612612611	0.6190476190476191	0.4347826086956522	0.642454614979668	0.3624824113283174	0.17618198309135935	115	111	0.9652173913043478	0.4434782608695652	0.25225225225225223	0.19122600861731298	False
U_ENSG00000253013.1	ENSG00000253013.1	snoRNA	chr8	45824542	45824677	-	23	0.415791	0	135	False	False	False	91.0	0.337037037037037	0.6416666666666667	0.5333333333333333	0.7242265758360262	0.4298541322570686	0.12882594404203035	135	135	1.0	0.4444444444444444	0.362962962962963	0.08148148148148143	False
U_ENSG00000206693.1	ENSG00000206693.1	snoRNA	chrX	74150577	74150706	+	22	0.32164	0	129	False	False	False	109.0	0.42248062015503873	0.7155963302752294	0.5193798449612403	0.7529189631403245	0.4573295603800235	0.10711960313126631	129	129	1.0	0.4883720930232558	0.4186046511627907	0.06976744186046507	False
U_ENSG00000283726.1	ENSG00000283726.1	miRNA	chr9	107860217	107860326	+	25	0.08913	103	109	True	True	False	112.0	0.5137614678899083	0.719626168224299	0.6788990825688073	0.8373887527099108	0.5821057616915385	0.09972527420619451	109	109	1.0	0.5596330275229358	0.5229357798165137	0.03669724770642202	False
U_ENSG00000274051.1	ENSG00000274051.1	misc_RNA	chr11	116730625	116730806	-	21	0.0	181	181	True	True	True	317.0	0.8756906077348067	0.9585798816568047	0.8674033149171271	0.9828806449326704	0.9252629205236086	0.023570226039551584	181	181	1.0	0.6022099447513812	0.6077348066298343	0.0055248618784530246	False
U_ENSG00000207165.1	ENSG00000207165.1	snoRNA	chrX	73316089	73316224	+	22	0.02229	135	135	True	True	True	178.0	0.6592592592592592	0.803030303030303	0.7777777777777778	0.8760102243248229	0.7202137963534943	0.0707972610485458	135	135	1.0	0.562962962962963	0.4962962962962963	0.06666666666666671	False
U_ENSG00000221585.1	ENSG00000221585.1	miRNA	chr9	109913948	109914018	-	25	0.208253	70	70	True	True	True	41.0	0.29285714285714287	0.5970149253731343	0.48	0.6234922055330526	0.3318245423137361	0.18236595498929709	75	70	0.9333333333333333	0.64	0.5142857142857142	0.12571428571428578	False
U_ENSG00000275143.1	ENSG00000275143.1	scaRNA	chr11	116968068	116968255	+	21	0.06153	187	187	True	True	True	263.0	0.7032085561497327	0.8138297872340425	0.7914438502673797	0.875086138127934	0.6923105019923005	0.07213122508063838	187	187	1.0	0.48663101604278075	0.5454545454545454	0.05882352941176466	False
U_ENSG00000201433.1	ENSG00000201433.1	snRNA	chr8	47977210	47977324	+	23	0.502022	0	114	False	False	False	34.0	0.1504424778761062	0.5151515151515151	0.4122807017543859	0.6657164858654635	0.48095147426745133	0.20602345425904114	113	114	0.9912280701754386	0.415929203539823	0.18421052631578946	0.23171867722403353	False
U_ENSG00000283193.1	ENSG00000283193.1	miRNA	chr3	126966585	126966678	-	24	0.096571	0	93	False	False	False	49.0	0.26344086021505375	0.5617977528089888	0.4731182795698925	0.760307031951807	0.45256680091718243	0.1180737009913067	93	93	1.0	0.3010752688172043	0.3655913978494624	0.06451612903225806	False
U_ENSG00000207231.1	ENSG00000207231.1	misc_RNA	chr8	46436441	46436555	+	23	0.51325	0	114	False	False	False	43.0	0.18859649122807018	0.5739130434782609	0.5175438596491229	0.8199477442212583	0.5095224510891228	0.07189414517376956	114	114	1.0	0.43859649122807015	0.40350877192982454	0.03508771929824561	False
U_ENSG00000283379.1	ENSG00000283379.1	miRNA	chr3	79172664	79172751	-	24	0.508238	0	87	False	False	False	49.0	0.28160919540229884	0.7045454545454546	0.47126436781609193	0.6523528294936457	0.3995479373202513	0.13155474998819489	87	87	1.0	0.3563218390804598	0.4367816091954023	0.08045977011494254	False
U_ENSG00000276639.1	ENSG00000276639.1	miRNA	chr2	92406380	92406449	+	27	0.247119	0	69	False	False	False	33.0	0.2391304347826087	0.5507246376811594	0.5205479452054795	0.6510817962353016	0.27607881518711636	0.1514239586693215	73	69	0.9452054794520548	0.5068493150684932	0.4492753623188406	0.0575739527496526	False
U_ENSG00000201516.1	ENSG00000201516.1	snoRNA	chr8	55153862	55153988	-	23	0.30808	0	126	False	False	False	59.0	0.23983739837398374	0.544	0.5158730158730158	0.7690540265897334	0.4184848069867728	0.07951121846547876	123	126	0.9761904761904762	0.4634146341463415	0.4444444444444444	0.018970189701897067	False
U_ENSG00000207625.1	ENSG00000207625.1	miRNA	chr9	111947703	111947787	-	25	0.0	76	84	True	True	False	154.0	0.9166666666666666	0.975	0.8809523809523809	0.9393889111558856	0.9065128368060119	0.04508020947920411	84	84	1.0	0.5595238095238095	0.5714285714285714	0.011904761904761862	False
U_ENSG00000298257.1	ENSG00000298257.1	lncRNA	chr4	65042414	65042665	-	20	0.040617	251	251	True	True	True	412.0	0.8207171314741036	0.9047619047619048	0.8884462151394422	0.9769377174781941	0.9390111594455695	0.03794733192202055	251	251	1.0	0.4262948207171315	0.4342629482071713	0.007968127490039834	False
U_ENSG00000284575.1	ENSG00000284575.1	miRNA	chr9	108721675	108721762	+	25	0.0	86	87	True	True	False	146.0	0.8390804597701149	0.9080459770114943	0.896551724137931	0.9154597193855856	0.8374260506275755	0.06152910025731606	87	87	1.0	0.6091954022988506	0.6091954022988506	0.0	False
U_ENSG00000199032.1	ENSG00000199032.1	miRNA	chr9	108445972	108446059	+	25	0.0	87	87	True	True	True	164.0	0.9425287356321839	0.9764705882352941	0.9310344827586207	0.9557955451201056	0.9057894597833127	0.046511627906976744	87	87	1.0	0.5747126436781609	0.5517241379310345	0.02298850574712641	False
U_ENSG00000208015.1	ENSG00000208015.1	miRNA	chrX	7108220	7108285	-	26	0.0	65	65	True	True	True	115.0	0.8846153846153846	0.9230769230769231	0.9230769230769231	0.8794190015755875	0.7966275068156913	0.0625	65	65	1.0	0.4153846153846154	0.46153846153846156	0.046153846153846156	False
U_ENSG00000264105.1	ENSG00000264105.1	miRNA	chr3	79172658	79172749	+	24	0.513178	0	91	False	False	False	49.0	0.2692307692307692	0.7045454545454546	0.5053763440860215	0.6855538548868634	0.4571914553232999	0.12696310249931655	93	91	0.978494623655914	0.3548387096774194	0.42857142857142855	0.07373271889400917	False
U_tRNA-Cys-GCA-6-1	tRNA-Cys-GCA-6-1	tRNA	chr9	104281251	104281323	+	25	0.0	69	72	True	True	False	135.0	0.9375	0.9855072463768116	0.9027777777777778	0.9547583265917997	0.9053394738630266	0.05269939981371748	72	72	1.0	0.5555555555555556	0.5138888888888888	0.04166666666666674	False
U_tRNA-Cys-GCA-9-1	tRNA-Cys-GCA-9-1	tRNA	chr9	104277315	104277387	+	25	0.0	69	72	True	True	False	138.0	0.9583333333333334	1.0	0.9166666666666666	0.9759744527415568	0.9560439560439561	0.03449985553215743	72	72	1.0	0.5555555555555556	0.5416666666666666	0.01388888888888895	False
U_ENSG00000253087.1	ENSG00000253087.1	snRNA	chr9	102250320	102250419	+	25	0.046639	99	99	True	True	True	92.0	0.46464646464646464	0.7021276595744681	0.6831683168316831	0.7354308298979504	0.44338154029665006	0.09726240286160079	101	99	0.9801980198019802	0.39603960396039606	0.3939393939393939	0.0021002100210021357	False
U_ENSG00000253077.1	ENSG00000253077.1	rRNA_pseudogene	chr3	85264458	85264570	+	24	0.346324	0	112	False	False	False	31.0	0.13839285714285715	0.5344827586206896	0.4273504273504274	0.7817823559989089	0.4112986818512115	0.060578914448323716	117	112	0.9572649572649573	0.46153846153846156	0.5	0.038461538461538436	False
U_ENSG00000199150.3	ENSG00000199150.3	miRNA	chr9	106056036	106056120	+	25	0.0	82	84	True	True	False	160.0	0.9523809523809523	1.0	0.9047619047619048	0.9860243709451778	0.9694656488549618	0.024096385542168672	84	84	1.0	0.5	0.4880952380952381	0.011904761904761918	False
U_ENSG00000294256.1	ENSG00000294256.1	lncRNA	chr9	26909774	26910015	+	18	0.066639	0	241	False	False	False	132.0	0.2796610169491525	0.5752212389380531	0.5435684647302905	0.8937621749871743	0.7259814734901587	0.07947149900414675	236	241	0.979253112033195	0.3432203389830508	0.31950207468879666	0.023718264294254165	False
U_ENSG00000223309.1	ENSG00000223309.1	snRNA	chrX	7706986	7707090	+	26	0.131201	0	104	False	False	False	33.0	0.15865384615384615	0.5301204819277109	0.4423076923076923	0.5770723307983566	0.3118004516994055	0.17743365905336955	104	104	1.0	0.3942307692307692	0.4807692307692308	0.08653846153846156	False
U_ENSG00000238764.1	ENSG00000238764.1	snoRNA	chrX	160974346	160974450	-	26	0.62431	0	104	False	False	False	28.0	0.1346153846153846	0.5211267605633803	0.4326923076923077	0.5861374942427996	0.2252154069429101	0.19849561456563952	104	104	1.0	0.4230769230769231	0.2980769230769231	0.125	False
U_ENSG00000207605.3	ENSG00000207605.3	miRNA	chr9	108445506	108445598	+	25	0.0	92	92	True	True	True	172.0	0.9347826086956522	0.9775280898876404	0.9239130434782609	0.9679417411963587	0.9206639165537523	0.04395604395604395	92	92	1.0	0.5978260869565217	0.5543478260869565	0.04347826086956519	False
U_ENSG00000207970.3	ENSG00000207970.3	miRNA	chrX	7105338	7105435	-	26	0.238391	0	97	False	False	False	75.0	0.3865979381443299	0.8421052631578947	0.5360824742268041	0.7597235750380705	0.4793546883894193	0.1301041249666333	97	97	1.0	0.4948453608247423	0.41237113402061853	0.08247422680412375	False
U_ENSG00000199594.1	ENSG00000199594.1	snRNA	chr9	110978032	110978135	-	25	0.384773	0	103	False	False	False	31.0	0.15048543689320387	0.5148514851485149	0.47115384615384615	0.5861744318682574	0.264444766412116	0.16113912447083298	104	103	0.9903846153846154	0.36538461538461536	0.42718446601941745	0.06179985063480209	False
U_ENSG00000201356.1	ENSG00000201356.1	rRNA_pseudogene	chrX	86761360	86761479	+	26	0.569916	0	119	False	False	False	36.0	0.15126050420168066	0.5555555555555556	0.4369747899159664	0.4617031151308892	0.24989193861608824	0.2539546451486728	119	119	1.0	0.5294117647058824	0.24369747899159663	0.2857142857142857	False
U_ENSG00000221348.1	ENSG00000221348.1	miRNA	chrX	82713441	82713528	+	26	0.534752	0	87	False	False	False	39.0	0.22674418604651161	0.6792452830188679	0.4482758620689655	0.7203051955003636	0.3661037983616782	0.1287993480046601	86	87	0.9885057471264368	0.3023255813953488	0.21839080459770116	0.08393477679764766	False
U_ENSG00000243426.3	ENSG00000243426.3	misc_RNA	chr11	117995557	117995800	-	21	0.296248	0	243	False	False	False	55.0	0.11316872427983539	0.4788135593220339	0.44855967078189296	0.7842731439125182	0.454118164021709	0.09531043466670078	243	243	1.0	0.5720164609053497	0.5555555555555556	0.016460905349794164	False
U_ENSG00000265465.1	ENSG00000265465.1	miRNA	chrX	160895927	160896001	-	26	0.379305	0	74	False	False	False	60.0	0.40540540540540543	0.8095238095238095	0.5	0.6454298323885613	0.3607845921054374	0.1500609746589496	74	74	1.0	0.43243243243243246	0.33783783783783783	0.09459459459459463	False
U_ENSG00000305903.1	ENSG00000305903.1	lncRNA	chr8	80125181	80125337	+	23	0.215486	0	156	False	False	False	166.0	0.532051282051282	0.7232704402515723	0.6329113924050633	0.8080529165955918	0.6133071661191342	0.14363154575576978	158	156	0.9873417721518988	0.5253164556962026	0.6346153846153846	0.10929892891918203	False
U_ENSG00000276304.1	ENSG00000276304.1	misc_RNA	chr9	98587784	98587887	-	25	0.00772	103	103	True	True	True	167.0	0.8106796116504854	0.8737864077669902	0.8411214953271028	0.9091928918429173	0.7577281494151025	0.06513805720184614	107	103	0.9626168224299065	0.3177570093457944	0.32038834951456313	0.0026313401687687588	False
U_ENSG00000251862.2	ENSG00000251862.2	miRNA	chr2	102882288	102882368	-	27	0.180704	0	80	False	False	False	86.0	0.5375	0.6904761904761905	0.6190476190476191	0.7528074091628109	0.6038682344170693	0.15755078566668215	84	80	0.9523809523809523	0.7976190476190477	0.6375	0.16011904761904772	False
U_ENSG00000202485.1	ENSG00000202485.1	snRNA	chr5	99984717	99984824	+	2	0.130911	0	107	False	False	False	31.0	0.14485981308411214	0.4777777777777778	0.4672897196261683	0.6400143703417327	0.3286878675669582	0.14975950817346736	107	107	1.0	0.38317757009345793	0.4766355140186916	0.09345794392523366	False
U_tRNA-Val-TAC-1-2	tRNA-Val-TAC-1-2	tRNA	chrX	159549102	159549175	+	26	0.0	70	73	True	True	False	137.0	0.9383561643835616	0.9857142857142858	0.904109589041096	0.9706144741455923	0.9430895977678841	0.03402069087198858	73	73	1.0	0.5342465753424658	0.547945205479452	0.013698630136986245	False
U_ENSG00000207926.1	ENSG00000207926.1	miRNA	chr9	106031320	106031410	+	25	0.0	90	90	True	True	True	158.0	0.8777777777777778	0.9318181818181818	0.8888888888888888	0.9384834884470301	0.8500902853789678	0.057292354085312185	90	90	1.0	0.5222222222222223	0.4888888888888889	0.03333333333333338	False
U_ENSG00000201554.1	ENSG00000201554.1	misc_RNA	chr16	55918289	55918387	-	12	0.390821	98	98	True	True	True	24.0	0.12371134020618557	0.5686274509803921	0.4387755102040817	0.47939221473364857	0.24043891858170655	0.2386712030671027	97	98	0.9897959183673469	0.4742268041237113	0.5612244897959183	0.086997685672207	False
U_ENSG00000201394.1	ENSG00000201394.1	rRNA_pseudogene	chr9	103139782	103139875	+	25	0.396359	0	93	False	False	False	25.0	0.1358695652173913	0.5370370370370371	0.4301075268817204	0.661294351389451	0.3531292112076732	0.1557413470603664	92	93	0.989247311827957	0.5217391304347826	0.5806451612903226	0.058906030855540026	False
U_ENSG00000252427.1	ENSG00000252427.1	snoRNA	chr2	91431529	91431632	+	27	0.182765	0	103	False	False	False	74.0	0.3592233009708738	0.5882352941176471	0.5833333333333333	0.6287715903543124	0.3118671619021332	0.1464770644166424	108	103	0.9537037037037037	0.4537037037037037	0.33980582524271846	0.11389787846098526	False
U_ENSG00000278483.1	ENSG00000278483.1	miRNA	chr2	109714332	109714411	+	27	0.086585	0	79	False	False	False	45.0	0.28846153846153844	0.6379310344827587	0.4810126582278481	0.6290058301767246	0.26870309333284875	0.1352998015078155	78	79	0.9873417721518988	0.44871794871794873	0.46835443037974683	0.0196364816617981	False
U_ENSG00000222736.1	ENSG00000222736.1	snRNA	chrX	161536000	161536117	+	26	0.258609	0	117	False	False	False	47.0	0.20085470085470086	0.5921052631578947	0.4508196721311475	0.6504072501861451	0.42457077523028586	0.16664098400459162	122	117	0.9590163934426229	0.4426229508196721	0.5213675213675214	0.07874457054784928	False
U_ENSG00000252941.1	ENSG00000252941.1	rRNA_pseudogene	chr2	90540610	90540716	+	27	0.361666	0	106	False	False	False	34.0	0.16037735849056603	0.5789473684210527	0.44859813084112155	0.4918217446243836	0.22315286078743185	0.24374288151575552	107	106	0.9906542056074766	0.411214953271028	0.3867924528301887	0.024422500440839323	False
U_ENSG00000305337.1	ENSG00000305337.1	lncRNA	chr3	130520481	130520620	+	24	0.011151	138	139	True	True	True	218.0	0.7841726618705036	0.8581560283687943	0.8472222222222222	0.9096257058182227	0.809674474970007	0.07602165391953841	144	139	0.9652777777777778	0.3472222222222222	0.35251798561151076	0.005295763389288555	False
U_ENSG00000199634.1	ENSG00000199634.1	snRNA	chr3	79683448	79683589	-	24	0.521815	0	141	False	False	False	40.0	0.14184397163120568	0.5072463768115942	0.46099290780141844	0.747346538132841	0.3871008845265317	0.11111677990074319	141	141	1.0	0.3900709219858156	0.475177304964539	0.08510638297872342	False
U_ENSG00000239057.2	ENSG00000239057.2	miRNA	chrX	7107033	7107107	-	26	0.258305	0	74	False	False	False	89.0	0.6013513513513513	0.7761194029850746	0.6582278481012658	0.7463626169911832	0.5093125843297139	0.12902026855008897	79	74	0.9367088607594937	0.5569620253164557	0.47297297297297297	0.0839890523434827	False
U_ENSG00000275994.1	ENSG00000275994.1	snoRNA	chr3	123301586	123301717	-	24	0.0	131	131	True	True	True	220.0	0.8396946564885496	0.9076923076923077	0.8931297709923665	0.9450846477640952	0.8022462426315408	0.046153846153846156	131	131	1.0	0.45038167938931295	0.4732824427480916	0.022900763358778664	False
U_ENSG00000264102.1	ENSG00000264102.1	miRNA	chr2	91766954	91767037	-	27	0.165487	0	83	False	False	False	40.0	0.24096385542168675	0.569620253164557	0.49397590361445787	0.7000766030280187	0.42201997967392496	0.1267354249440642	83	83	1.0	0.6385542168674698	0.5783132530120482	0.06024096385542166	False
U_ENSG00000274420.1	ENSG00000274420.1	misc_RNA	chr9	109938087	109938211	-	25	0.0	120	124	True	True	False	208.0	0.8387096774193549	0.9310344827586207	0.8387096774193549	0.9231604177941988	0.8054391267007666	0.06993760379709452	124	124	1.0	0.6209677419354839	0.5806451612903226	0.040322580645161255	False
U_ENSG00000202322.1	ENSG00000202322.1	rRNA_pseudogene	chr9	107353657	107353773	-	25	0.431011	0	116	False	False	False	42.0	0.1810344827586207	0.5229357798165137	0.5126050420168067	0.7145212685433585	0.35268266078235244	0.10819918343661275	119	116	0.9747899159663865	0.5042016806722689	0.5	0.004201680672268893	False
U_ENSG00000200063.1	ENSG00000200063.1	snoRNA	chr11	117893711	117893840	+	21	0.243603	0	129	False	False	False	43.0	0.16666666666666666	0.5214285714285715	0.4883720930232558	0.7603481587806721	0.47319688212856853	0.10305395279900718	129	129	1.0	0.5968992248062015	0.5116279069767442	0.0852713178294573	False
U_ENSG00000207768.3	ENSG00000207768.3	miRNA	chrX	7114222	7114308	-	26	0.0	68	86	True	True	False	158.0	0.9186046511627907	0.975609756097561	0.8837209302325582	0.9649952784445461	0.9306994523042146	0.05518136188027564	86	86	1.0	0.5813953488372093	0.5813953488372093	0.0	False
U_ENSG00000207785.1	ENSG00000207785.1	miRNA	chrX	7108394	7108478	-	26	0.135854	0	84	False	False	False	83.0	0.49404761904761907	0.6785714285714286	0.5595238095238095	0.7467320105982961	0.5951226232192404	0.13087687338795442	84	84	1.0	0.5595238095238095	0.5	0.059523809523809534	False
U_ENSG00000283891.1	ENSG00000283891.1	miRNA	chr9	72912492	72912587	+	28	0.19674	95	95	True	True	True	141.0	0.7421052631578947	0.8586956521739131	0.8	0.7660689331357642	0.6657278086295534	0.12676994987035092	95	95	1.0	0.4105263157894737	0.5157894736842106	0.10526315789473689	False
U_ENSG00000211538.1	ENSG00000211538.1	miRNA	chrX	7107497	7107581	-	26	0.0	84	84	True	True	True	136.0	0.8095238095238095	0.8795180722891566	0.8571428571428572	0.8046072256227671	0.7000243068215432	0.09332489990861245	84	84	1.0	0.5357142857142857	0.4880952380952381	0.047619047619047616	False
U_ENSG00000272080.1	ENSG00000272080.1	miRNA	chrX	7103922	7104008	-	26	0.0	86	86	True	True	True	148.0	0.8604651162790697	0.9294117647058824	0.8953488372093024	0.9353251721366517	0.8528156801795808	0.05518136188027564	86	86	1.0	0.5581395348837209	0.5232558139534884	0.03488372093023251	False
U_ENSG00000208009.1	ENSG00000208009.1	miRNA	chr2	84571446	84571535	-	27	0.0	64	89	True	True	False	145.0	0.8146067415730337	0.8977272727272727	0.8764044943820225	0.907827079155388	0.7738793557748067	0.07005015912464746	89	89	1.0	0.5056179775280899	0.4943820224719101	0.011235955056179803	False
U_ENSG00000273621.1	ENSG00000273621.1	misc_RNA	chr8	80697018	80697193	+	23	0.065702	175	175	True	True	True	283.0	0.8085714285714286	0.8722222222222222	0.8722222222222222	0.9312304680073055	0.8121873586668285	0.053215825630918014	180	175	0.9722222222222222	0.4444444444444444	0.44571428571428573	0.0012698412698413097	False
U_ENSG00000207758.1	ENSG00000207758.1	miRNA	chrX	7114646	7114737	-	26	0.0	90	91	True	True	False	158.0	0.8681318681318682	0.9318181818181818	0.8901098901098901	0.9070159885607864	0.7862158588810496	0.07200822998230955	91	91	1.0	0.5384615384615384	0.4835164835164835	0.054945054945054916	False
U_ENSG00000283218.1	ENSG00000283218.1	miRNA	chr18	19268793	19268841	+	29	0.0	0	48	False	False	False	77.0	0.8020833333333334	0.8913043478260869	0.8235294117647058	0.7943560850305859	0.6796436827080402	0.08023505531501397	51	48	0.9411764705882353	0.3137254901960784	0.3541666666666667	0.04044117647058826	False
U_ENSG00000211568.1	ENSG00000211568.1	miRNA	chr2	94091645	94091743	-	27	0.0	98	98	True	True	True	163.0	0.8316326530612245	0.8877551020408163	0.8877551020408163	0.9148693630615848	0.7755819906414534	0.06681175977740063	98	98	1.0	0.4897959183673469	0.5408163265306123	0.05102040816326536	False
U_ENSG00000252745.1	ENSG00000252745.1	rRNA_pseudogene	chr9	95733270	95733384	+	25	0.500933	0	114	False	False	False	35.0	0.15350877192982457	0.524390243902439	0.4	0.5278053120505312	0.24842735832713142	0.2197840142114024	115	114	0.991304347826087	0.48695652173913045	0.2894736842105263	0.19748283752860413	False
U_ENSG00000202272.1	ENSG00000202272.1	misc_RNA	chrX	154000485	154000586	-	26	0.554703	0	101	False	False	False	25.0	0.12376237623762376	0.5166666666666667	0.4356435643564357	0.49486390807843456	0.2630814845096653	0.18330302779823363	101	101	1.0	0.38613861386138615	0.39603960396039606	0.00990099009900991	False
U_ENSG00000251869.1	ENSG00000251869.1	scaRNA	chrX	92617336	92617466	-	26	0.174002	130	130	True	True	True	141.0	0.5423076923076923	0.7286821705426356	0.6538461538461539	0.8020417309263782	0.5069035441565224	0.1010729055070178	130	130	1.0	0.34615384615384615	0.3153846153846154	0.03076923076923077	False
U_ENSG00000199574.1	ENSG00000199574.1	snoRNA	chr9	64084403	64084472	+	28	0.0	68	69	True	True	False	105.0	0.7608695652173914	0.8955223880597015	0.8405797101449275	0.8689027502380594	0.6992886597318947	0.07498558108224684	69	69	1.0	0.3333333333333333	0.36231884057971014	0.02898550724637683	False
U_ENSG00000277569.1	ENSG00000277569.1	miRNA	chrX	87280425	87280529	+	26	0.268635	0	104	False	False	False	75.0	0.3605769230769231	0.6506024096385542	0.4678899082568807	0.6396680840341801	0.38629470936640076	0.1658119201660875	109	104	0.9541284403669725	0.48623853211009177	0.34615384615384615	0.14008468595624562	False
U_ENSG00000252903.2	ENSG00000252903.2	snRNA	chrX	83988012	83988117	-	26	0.378515	0	105	False	False	False	32.0	0.1523809523809524	0.543859649122807	0.4666666666666667	0.7213671980031763	0.3476644009879149	0.1268356342141627	105	105	1.0	0.3523809523809524	0.3142857142857143	0.038095238095238126	False
U_ENSG00000201413.1	ENSG00000201413.1	rRNA_pseudogene	chr9	102247091	102247211	+	25	0.483225	0	120	False	False	False	41.0	0.17083333333333334	0.5416666666666666	0.44166666666666665	0.6711391901755246	0.4188164219258182	0.1684868710568355	120	120	1.0	0.525	0.325	0.2	False
U_ENSG00000253019.1	ENSG00000253019.1	misc_RNA	chr3	85638483	85638631	-	24	0.112119	0	148	False	False	False	136.0	0.4594594594594595	0.7058823529411765	0.5894039735099338	0.8588696471978466	0.5543383887119517	0.03860830400852321	151	148	0.9801324503311258	0.44370860927152317	0.4594594594594595	0.015750850187936316	False
U_ENSG00000201325.1	ENSG00000201325.1	rRNA_pseudogene	chr9	99971006	99971124	+	25	0.334603	0	118	False	False	False	40.0	0.1694915254237288	0.589041095890411	0.4672131147540983	0.6013470489046124	0.4621734361229648	0.3794211196518557	122	118	0.9672131147540983	0.5163934426229508	0.4067796610169492	0.10961378160600166	False
U_ENSG00000221052.3	ENSG00000221052.3	miRNA	chr9	75154922	75155005	+	28	0.318741	0	83	False	False	False	27.0	0.16265060240963855	0.5714285714285714	0.44047619047619047	0.5593710611355572	0.23047023921823756	0.15029943076409719	84	83	0.9880952380952381	0.5357142857142857	0.5542168674698795	0.018502581755593828	False
U_ENSG00000273677.1	ENSG00000273677.1	misc_RNA	chr2	104956100	104956234	-	27	0.098772	0	134	False	False	False	74.0	0.27611940298507465	0.5772357723577236	0.5328467153284672	0.835373365276006	0.5347803472194443	0.0964374200893349	137	134	0.9781021897810219	0.583941605839416	0.5223880597014925	0.06155354613792352	False
U_ENSG00000266243.1	ENSG00000266243.1	miRNA	chr15	12493584	12493643	+	31	0.134569	59	59	True	True	True	56.0	0.4827586206896552	0.6842105263157895	0.6271186440677966	0.8140910897607272	0.6055822634389358	0.1247833136697968	58	59	0.9830508474576272	0.5862068965517241	0.5932203389830508	0.007013442431326733	False
U_ENSG00000277391.1	ENSG00000277391.1	miRNA	chr9	57868068	57868146	+	28	0.230595	7	78	True	False	False	45.0	0.29605263157894735	0.6086956521739131	0.5384615384615384	0.6261101646462552	0.316069770620507	0.07783467922080826	76	78	0.9743589743589743	0.5526315789473685	0.5512820512820513	0.0013495276653171517	False
U_tRNA-Gln-CTG-1-4	tRNA-Gln-CTG-1-4	tRNA	chr9	64645324	64645396	+	28	0.0	69	72	True	True	False	138.0	0.9583333333333334	1.0	0.9166666666666666	0.9814954576223638	0.9692233691951198	0.02816901408450704	72	72	1.0	0.5	0.5	0.0	False
U_ENSG00000263512.1	ENSG00000263512.1	miRNA	chr9	64500908	64501010	-	28	0.095884	0	102	False	False	False	62.0	0.31	0.6455696202531646	0.5294117647058824	0.7338884898531468	0.46575432597037614	0.12979841816214552	100	102	0.9803921568627451	0.57	0.5882352941176471	0.018235294117647127	False
U_ENSG00000275411.1	ENSG00000275411.1	miRNA	chr9	57499213	57499276	+	28	0.225444	0	63	False	False	False	61.0	0.48412698412698413	0.8043478260869565	0.696969696969697	0.789786076853573	0.589752580217011	0.12955372771577692	66	63	0.9545454545454546	0.5606060606060606	0.6349206349206349	0.07431457431457433	False
U_ENSG00000207019.1	ENSG00000207019.1	snRNA	chr18	20471138	20471244	-	29	0.531379	0	106	False	False	False	35.0	0.1650943396226415	0.5125	0.4528301886792453	0.566763770362386	0.28168496693079714	0.2002266289678918	106	106	1.0	0.37735849056603776	0.46226415094339623	0.08490566037735847	False
U_ENSG00000199077.3	ENSG00000199077.3	miRNA	chr2	94071711	94071801	-	27	0.0	87	90	True	True	False	168.0	0.9333333333333333	0.9770114942528736	0.9111111111111111	0.9704498214678877	0.912596752587271	0.031780080053327976	90	90	1.0	0.5333333333333333	0.5222222222222223	0.011111111111111072	False
U_ENSG00000280554.1	ENSG00000280554.1	snoRNA	chr9	64083151	64083222	+	28	0.0	68	71	True	True	False	119.0	0.8380281690140845	0.927536231884058	0.8591549295774648	0.903093083707963	0.8214799971933825	0.06700593942604897	71	71	1.0	0.352112676056338	0.3380281690140845	0.014084507042253502	False
U_ENSG00000211137.1	ENSG00000211137.1	miRNA	chr9	67143935	67144020	-	28	0.0	67	85	True	True	False	161.0	0.9470588235294117	0.9878048780487805	0.9176470588235294	0.975814384579467	0.9481741615135356	0.03367175148507369	85	85	1.0	0.3411764705882353	0.32941176470588235	0.011764705882352955	False
U_ENSG00000202529.1	ENSG00000202529.1	snoRNA	chr9	64083148	64083220	+	28	0.0	66	72	True	True	False	120.0	0.8333333333333334	0.9411764705882353	0.8472222222222222	0.9085863198007663	0.8220164133523864	0.06606219380033	72	72	1.0	0.3472222222222222	0.3472222222222222	0.0	False
U_ENSG00000200623.1	ENSG00000200623.1	snoRNA	chr9	64082323	64082395	+	28	0.0	66	72	True	True	False	91.0	0.6319444444444444	0.8169014084507042	0.7083333333333333	0.8765312499364593	0.6769058208141795	0.07714402218382621	72	72	1.0	0.4166666666666667	0.375	0.041666666666666685	False
U_ENSG00000278822.1	ENSG00000278822.1	misc_RNA	chr2	104956668	104956773	-	27	0.0	105	105	True	True	True	99.0	0.4714285714285714	0.696078431372549	0.6238532110091743	0.7947684035338952	0.5452536723761116	0.1196422201484017	109	105	0.963302752293578	0.6513761467889908	0.6666666666666666	0.015290519877675823	False
U_ENSG00000206641.1	ENSG00000206641.1	snRNA	chr9	74014420	74014524	-	28	0.398146	0	104	False	False	False	24.0	0.11538461538461539	0.6551724137931034	0.42056074766355145	0.5550934590932268	0.2778857430726903	0.21469618065826623	107	104	0.9719626168224299	0.40186915887850466	0.3269230769230769	0.07494608195542773	False
U_tRNA-Und-NNN-chr5-4	tRNA-Und-NNN-chr5-4	tRNA	chr11	35411660	35411728	-	30	0.151559	0	68	False	False	False	57.0	0.41911764705882354	0.6885245901639344	0.6086956521739131	0.5708175927870012	0.3418817293789138	0.133218428541696	69	68	0.9855072463768116	0.463768115942029	0.35294117647058826	0.11082693947144073	False
U_ENSG00000263389.1	ENSG00000263389.1	miRNA	chr2	101965406	101965513	-	27	0.19299	0	107	False	False	False	81.0	0.37850467289719625	0.6355140186915887	0.5700934579439252	0.6765314698965627	0.3674965531928084	0.12444250904031055	107	107	1.0	0.4672897196261682	0.5794392523364486	0.11214953271028033	False
U_ENSG00000264386.1	ENSG00000264386.1	miRNA	chr9	57546819	57546900	+	28	0.265663	0	81	False	False	False	54.0	0.3333333333333333	0.6721311475409836	0.5465116279069768	0.6898448023772339	0.4006693305934444	0.11765165432201062	86	81	0.9418604651162791	0.5465116279069767	0.5061728395061729	0.04033878840080385	False
U_ENSG00000284343.1	ENSG00000284343.1	miRNA	chr9	57051648	57051723	+	28	0.097769	0	75	False	False	False	48.0	0.32	0.6	0.5466666666666666	0.7451046099035158	0.4403524229639897	0.11624763874381928	75	75	1.0	0.6133333333333333	0.6	0.013333333333333308	False
U_ENSG00000202159.1	ENSG00000202159.1	snRNA	chr18	64761426	64761528	+	29	0.473988	0	102	False	False	False	26.0	0.12745098039215685	0.5061728395061729	0.42056074766355145	0.47313709307154606	0.2050227151451521	0.18422850500216348	107	102	0.9532710280373832	0.38317757009345793	0.29411764705882354	0.08905992303463439	False
U_ENSG00000199156.1	ENSG00000199156.1	miRNA	chr9	66214561	66214651	+	28	0.314639	0	90	False	False	False	35.0	0.19444444444444445	0.8	0.48888888888888893	0.6587526083405768	0.36855094315481174	0.1540596539415965	90	90	1.0	0.5777777777777777	0.4888888888888889	0.08888888888888885	False
U_ENSG00000207619.1	ENSG00000207619.1	miRNA	chr11	35053250	35053344	+	30	0.367932	0	94	False	False	False	48.0	0.2553191489361702	0.68	0.42553191489361697	0.6201845302332333	0.326248305753428	0.17733787637065207	94	94	1.0	0.5425531914893617	0.5425531914893617	0.0	False
U_ENSG00000206865.1	ENSG00000206865.1	misc_RNA	chr18	63909056	63909154	-	29	0.456572	0	98	False	False	False	34.0	0.17346938775510204	0.5180722891566265	0.4653465346534653	0.584498721966833	0.3105199053166007	0.17735830313382311	101	98	0.9702970297029703	0.45544554455445546	0.32653061224489793	0.12891493230955753	False
U_ENSG00000222870.1	ENSG00000222870.1	snRNA	chr6	4591852	4591958	+	14	0.492121	0	106	False	False	False	31.0	0.14622641509433962	0.547945205479452	0.49056603773584906	0.6868582048344382	0.311504478990699	0.13535876574811329	106	106	1.0	0.39622641509433965	0.3018867924528302	0.09433962264150947	False
U_ENSG00000206819.1	ENSG00000206819.1	snRNA	chr11	45781960	45782067	-	30	0.499352	0	107	False	False	False	39.0	0.1822429906542056	0.55	0.4018691588785047	0.6441999647396317	0.29914923275739086	0.1092060085168889	107	107	1.0	0.4205607476635514	0.411214953271028	0.009345794392523366	False
U_ENSG00000263831.1	ENSG00000263831.1	miRNA	chr11	34223099	34223173	-	30	0.161953	74	74	True	True	True	86.0	0.581081081081081	0.726027397260274	0.6708860759493671	0.782103441234813	0.5132760269167264	0.11096846041644483	79	74	0.9367088607594937	0.5822784810126582	0.5	0.08227848101265822	False
U_ENSG00000201598.1	ENSG00000201598.1	snRNA	chr18	65663425	65663532	+	29	0.495933	0	107	False	False	False	42.0	0.19626168224299065	0.49056603773584906	0.4579439252336449	0.7457749256769762	0.4195731958391368	0.12081366485722356	107	107	1.0	0.3925233644859813	0.4672897196261682	0.07476635514018692	False
U_ENSG00000199673.1	ENSG00000199673.1	snoRNA	chr9	64082703	64082802	+	28	0.0	99	99	True	True	True	178.0	0.898989898989899	0.9387755102040817	0.9191919191919192	0.9239041603081769	0.8080749189443177	0.06122448979591837	99	99	1.0	0.4444444444444444	0.46464646464646464	0.02020202020202022	False
U_ENSG00000212135.1	ENSG00000212135.1	snoRNA	chr2	91426414	91426525	+	27	0.0	111	111	True	True	True	213.0	0.9594594594594594	0.972972972972973	0.972972972972973	0.9787922821421962	0.9520331092974139	0.03149183286488868	111	111	1.0	0.5135135135135135	0.5045045045045045	0.009009009009009028	False
U_ENSG00000253067.1	ENSG00000253067.1	snoRNA	chr11	54134220	54134288	-	30	0.201731	0	68	False	False	False	28.0	0.20588235294117646	0.5172413793103449	0.47058823529411764	0.6722428195467376	0.272353162659676	0.11169126527683407	68	68	1.0	0.6029411764705882	0.5735294117647058	0.02941176470588236	False
U_ENSG00000283927.1	ENSG00000283927.1	miRNA	chr18	10782900	10782988	-	29	0.0	88	88	True	True	True	167.0	0.9488636363636364	0.9882352941176471	0.9318181818181819	0.9722639010948637	0.9453413499687249	0.04300755616981542	88	88	1.0	0.4431818181818182	0.45454545454545453	0.011363636363636354	False
U_ENSG00000264792.1	ENSG00000264792.1	miRNA	chr15	27506485	27506566	+	31	0.208176	0	81	False	False	False	55.0	0.3395061728395062	0.723404255319149	0.5	0.6693627694942953	0.3483180433419798	0.12922617008107157	84	81	0.9642857142857143	0.30952380952380953	0.37037037037037035	0.060846560846560815	False
U_ENSG00000276530.1	ENSG00000276530.1	misc_RNA	chr2	104953414	104953530	-	27	0.239713	114	116	True	True	False	141.0	0.6077586206896551	0.7610619469026548	0.7024793388429752	0.8161837130373114	0.5934887046495646	0.10662274615624753	121	116	0.9586776859504132	0.7024793388429752	0.646551724137931	0.05592761470504415	False
U_ENSG00000284453.1	ENSG00000284453.1	miRNA	chr18	10785474	10785559	-	29	0.0	85	85	True	True	True	154.0	0.9058823529411765	0.9518072289156626	0.9176470588235294	0.9502067894379295	0.8713308824042103	0.047619047619047616	85	85	1.0	0.3411764705882353	0.3764705882352941	0.03529411764705881	False
U_ENSG00000238311.1	ENSG00000238311.1	snoRNA	chr9	64801164	64801265	+	28	0.277937	0	101	False	False	False	23.0	0.11386138613861387	0.5	0.4423076923076923	0.48204198730180625	0.2216654637014936	0.17959475123858137	104	101	0.9711538461538461	0.4230769230769231	0.5445544554455446	0.12147753236862152	False
U_ENSG00000222395.2	ENSG00000222395.2	misc_RNA	chr18	21257640	21257739	-	29	0.482287	0	99	False	False	False	26.0	0.13131313131313133	0.5882352941176471	0.39	0.44537834312720964	0.22802391677495631	0.22747721240547064	100	99	0.99	0.43	0.5151515151515151	0.08515151515151514	False
U_ENSG00000207778.3	ENSG00000207778.3	miRNA	chr18	65381930	65382003	-	29	0.0	73	73	True	True	True	136.0	0.9315068493150684	0.971830985915493	0.9178082191780822	0.9382894813751654	0.8938193572966862	0.048112522432468816	73	73	1.0	0.410958904109589	0.4383561643835616	0.0273972602739726	False
U_ENSG00000222178.1	ENSG00000222178.1	rRNA_pseudogene	chr15	8859237	8859335	-	31	0.338182	0	98	False	False	False	29.0	0.14795918367346939	0.5490196078431373	0.44897959183673475	0.5600692415419641	0.23604965824676238	0.2272722441757588	98	98	1.0	0.4489795918367347	0.2755102040816326	0.17346938775510207	False
U_ENSG00000275208.1	ENSG00000275208.1	miRNA	chr2	91092968	91093095	+	27	0.129898	0	127	False	False	False	87.0	0.3425196850393701	0.6153846153846154	0.5511811023622047	0.7832570683920985	0.5386984407297304	0.0890870806374748	127	127	1.0	0.5826771653543307	0.5590551181102362	0.023622047244094446	False
U_ENSG00000283612.1	ENSG00000283612.1	miRNA	chr11	35673238	35673300	-	30	0.0	62	62	True	True	True	116.0	0.9354838709677419	1.0	0.8709677419354839	0.9732142857142856	0.944535549875076	0.032786885245901634	62	62	1.0	0.46774193548387094	0.46774193548387094	0.0	False
U_ENSG00000206625.1	ENSG00000206625.1	snRNA	chr9	63040562	63040669	+	28	0.0	105	107	True	True	False	210.0	0.9813084112149533	1.0	0.9626168224299065	0.9884464590925791	0.9764082219405036	0.023108393799841302	107	107	1.0	0.45794392523364486	0.4672897196261682	0.009345794392523366	False
U_ENSG00000283678.1	ENSG00000283678.1	miRNA	chr11	54001747	54001813	+	30	0.126641	2	66	True	False	False	54.0	0.4090909090909091	0.7551020408163265	0.5714285714285714	0.7001938521222428	0.43443209395536897	0.11369488575154078	70	66	0.9428571428571428	0.5428571428571428	0.4696969696969697	0.07316017316017309	False
U_ENSG00000206781.1	ENSG00000206781.1	misc_RNA	chr9	65746079	65746193	+	28	0.078386	0	114	False	False	False	39.0	0.17105263157894737	0.581081081081081	0.4298245614035088	0.5726840976361748	0.26160004960572164	0.15731317552770954	114	114	1.0	0.40350877192982454	0.42105263157894735	0.017543859649122806	False
U_ENSG00000200600.1	ENSG00000200600.1	misc_RNA	chr15	19473875	19473973	+	31	0.579668	0	98	False	False	False	31.0	0.15816326530612246	0.56	0.4509803921568627	0.5247361959576214	0.26496224197244234	0.1896098398683582	102	98	0.9607843137254902	0.4215686274509804	0.2857142857142857	0.1358543417366947	False
U_ENSG00000265304.1	ENSG00000265304.1	miRNA	chr15	7158148	7158208	+	31	0.0	0	60	False	False	False	90.0	0.75	0.864406779661017	0.8166666666666667	0.8561588852189645	0.6962025316455697	0.08968648512083359	60	60	1.0	0.55	0.5833333333333334	0.033333333333333326	False
U_ENSG00000200216.2	ENSG00000200216.2	snRNA	chr9	61197280	61197386	-	28	0.425428	0	106	False	False	False	28.0	0.1320754716981132	0.5121951219512195	0.41509433962264153	0.6086824488657755	0.3241446669811649	0.1511857892036909	106	106	1.0	0.4339622641509434	0.5094339622641509	0.07547169811320753	False
U_ENSG00000199568.2	ENSG00000199568.2	snRNA	chr9	65109011	65109128	-	28	0.0	112	117	True	True	False	209.0	0.8931623931623932	0.9553571428571429	0.8717948717948718	0.9505498422550538	0.8741015005529156	0.04876598490941707	117	117	1.0	0.41025641025641024	0.38461538461538464	0.025641025641025605	False
U_ENSG00000221300.1	ENSG00000221300.1	snoRNA	chr17	83891520	83891579	+	32	0.453497	0	59	False	False	False	28.0	0.23728813559322035	0.6	0.5	0.6012866134154317	0.3841143835488627	0.20658345056106786	60	59	0.9833333333333333	0.4166666666666667	0.2711864406779661	0.14548022598870058	False
U_ENSG00000251739.1	ENSG00000251739.1	snRNA	chr8	47948536	47948637	-	23	0.196755	0	101	False	False	False	50.0	0.24752475247524752	0.580952380952381	0.5346534653465347	0.76356629594909	0.38507030333890135	0.09486832980505137	101	101	1.0	0.46534653465346537	0.48514851485148514	0.019801980198019764	False
U_ENSG00000201016.1	ENSG00000201016.1	snRNA	chr15	17798765	17798873	+	31	0.209937	0	108	False	False	False	50.0	0.23148148148148148	0.5876288659793815	0.42592592592592593	0.7262065040502065	0.37478148183935717	0.15694257592286603	108	108	1.0	0.37037037037037035	0.28703703703703703	0.08333333333333331	False
U_ENSG00000200156.2	ENSG00000200156.2	snRNA	chr9	65103858	65103975	-	28	0.0	111	117	True	True	False	210.0	0.8974358974358975	0.963963963963964	0.8717948717948718	0.9625910324918483	0.9050420562578877	0.03225566712736156	117	117	1.0	0.39316239316239315	0.39316239316239315	0.0	False
U_ENSG00000284331.1	ENSG00000284331.1	miRNA	chr18	11790428	11790513	+	29	0.0	85	85	True	True	True	52.0	0.3058823529411765	0.620253164556962	0.5333333333333333	0.8828342323081895	0.6880024462352687	0.0779701437895723	90	85	0.9444444444444444	0.8111111111111111	0.788235294117647	0.022875816993464082	False
U_ENSG00000251702.1	ENSG00000251702.1	snRNA	chr18	20087564	20087674	+	29	0.460655	0	110	False	False	False	29.0	0.1318181818181818	0.532258064516129	0.42727272727272725	0.578486184551814	0.29634711463065444	0.16966277072391678	110	110	1.0	0.38181818181818183	0.4090909090909091	0.027272727272727282	False
U_ENSG00000284440.1	ENSG00000284440.1	miRNA	chr18	65381918	65382003	+	29	0.0	85	85	True	True	True	156.0	0.9176470588235294	0.9753086419753086	0.8823529411764706	0.9227257934242008	0.8902455065849021	0.06070261325705696	85	85	1.0	0.43529411764705883	0.43529411764705883	0.0	False
U_ENSG00000252555.1	ENSG00000252555.1	snRNA	chr18	66667047	66667154	+	29	0.4383	0	107	False	False	False	28.0	0.1308411214953271	0.5714285714285714	0.4392523364485982	0.5665168365767959	0.30073879986654317	0.17497393387727744	107	107	1.0	0.40186915887850466	0.411214953271028	0.009345794392523366	False
U_ENSG00000251886.1	ENSG00000251886.1	snRNA	chr18	10190407	10190508	-	29	0.131778	0	101	False	False	False	46.0	0.22772277227722773	0.5581395348837209	0.47572815533980584	0.7568471614782437	0.42699324622672	0.14100098025241345	103	101	0.9805825242718447	0.34951456310679613	0.25742574257425743	0.0920888205325387	False
U_ENSG00000221139.1	ENSG00000221139.1	snoRNA	chr18	10510293	10510399	-	29	0.456665	0	106	False	False	False	25.0	0.1201923076923077	0.72	0.39622641509433965	0.4789610969194808	0.2833377058625331	0.2368049097710016	104	106	0.9811320754716981	0.6057692307692307	0.32075471698113206	0.28501451378809867	False
U_ENSG00000199035.2	ENSG00000199035.2	miRNA	chr11	35673225	35673303	+	30	0.0	78	78	True	True	True	154.0	0.9871794871794872	1.0	0.9743589743589743	0.9941180664180378	0.9900990099009901	0.01836640990094928	78	78	1.0	0.48717948717948717	0.47435897435897434	0.01282051282051283	False
U_ENSG00000253078.1	ENSG00000253078.1	snRNA	chr17	79459938	79460037	-	32	0.406271	0	99	False	False	False	25.0	0.12626262626262627	0.47674418604651164	0.41414141414141414	0.5147865012358981	0.25532425695667105	0.22402549387857296	99	99	1.0	0.3939393939393939	0.42424242424242425	0.03030303030303033	False
U_ENSG00000239112.1	ENSG00000239112.1	snoRNA	chr15	32241999	32242069	-	31	0.0	70	70	True	True	True	127.0	0.9071428571428571	0.9571428571428572	0.9428571428571428	0.9654728912326702	0.9154610537570312	0.0542269186488977	70	70	1.0	0.42857142857142855	0.44285714285714284	0.01428571428571429	False
U_ENSG00000251714.1	ENSG00000251714.1	misc_RNA	chr8	48844331	48844566	+	23	0.127914	0	235	False	False	False	176.0	0.37446808510638296	0.6379310344827587	0.5702127659574467	0.7991222823103724	0.5650605202921004	0.1009488188975873	235	235	1.0	0.425531914893617	0.502127659574468	0.07659574468085101	False
U_ENSG00000216077.3	ENSG00000216077.3	miRNA	chr15	26545583	26545661	-	31	0.249556	0	78	False	False	False	50.0	0.32051282051282054	0.6190476190476191	0.5822784810126582	0.6121653135849398	0.24158384414340142	0.1310116164222475	79	78	0.9873417721518988	0.5569620253164557	0.4230769230769231	0.1338851022395326	False
U_ENSG00000276696.1	ENSG00000276696.1	misc_RNA	chr9	72268240	72268372	+	28	0.285641	132	132	True	True	True	50.0	0.19230769230769232	0.5596330275229358	0.48484848484848486	0.704165266598618	0.4048759219723405	0.07769886560258786	130	132	0.9848484848484849	0.35384615384615387	0.32575757575757575	0.02808857808857812	False
U_ENSG00000201852.1	ENSG00000201852.1	snRNA	chr18	11061855	11061961	-	29	0.581008	0	106	False	False	False	39.0	0.18396226415094338	0.5277777777777778	0.4953271028037384	0.6214409152838355	0.38613197229648966	0.18990943670687302	107	106	0.9906542056074766	0.4205607476635514	0.20754716981132076	0.21301357785223063	False
U_ENSG00000222224.1	ENSG00000222224.1	misc_RNA	chr17	71947997	71948093	-	32	0.528327	50	96	True	True	False	39.0	0.203125	0.5625	0.44897959183673475	0.5936572483006136	0.3505825056651624	0.15503554118118637	98	96	0.9795918367346939	0.37755102040816324	0.2604166666666667	0.11713435374149656	False
U_ENSG00000251742.1	ENSG00000251742.1	misc_RNA	chr8	49589197	49589442	+	23	0.18065	0	245	False	False	False	135.0	0.2766393442622951	0.5375	0.47346938775510206	0.6384355140920811	0.34586621602555706	0.1416889604433884	244	245	0.9959183673469387	0.4057377049180328	0.4204081632653061	0.014670458347273319	False
U_ENSG00000202468.1	ENSG00000202468.1	snRNA	chr18	66812846	66812987	+	29	0.37741	0	141	False	False	False	37.0	0.13120567375886524	0.5769230769230769	0.46808510638297873	0.7098838376595639	0.41262509594493696	0.11952286093343935	141	141	1.0	0.41134751773049644	0.3475177304964539	0.06382978723404253	False
U_ENSG00000252066.1	ENSG00000252066.1	snRNA	chr9	74099417	74099559	-	28	0.168676	0	142	False	False	False	63.0	0.22183098591549297	0.5413533834586466	0.47619047619047616	0.7060054767051106	0.39393061747743174	0.11518360796261014	147	142	0.9659863945578231	0.3469387755102041	0.3732394366197183	0.026300661109514234	False
U_ENSG00000207797.1	ENSG00000207797.1	miRNA	chr18	24562153	24562262	-	29	0.0	61	109	True	True	False	174.0	0.7981651376146789	0.9207920792079208	0.8440366972477065	0.9120057784869189	0.8181968448917964	0.05237828008789241	109	109	1.0	0.6513761467889908	0.6422018348623854	0.00917431192660545	False
U_ENSG00000283798.1	ENSG00000283798.1	miRNA	chr9	59296726	59296826	-	28	0.090676	100	100	True	True	True	86.0	0.44329896907216493	0.6923076923076923	0.63	0.8017589560087965	0.5702291559737898	0.09644741602686596	97	100	0.97	0.3402061855670103	0.4	0.0597938144329897	False
U_ENSG00000266751.1	ENSG00000266751.1	miRNA	chr11	51989889	51989985	-	30	0.0	91	96	True	True	False	179.0	0.9322916666666666	0.989010989010989	0.8854166666666666	0.9704291647927812	0.9506353956037861	0.03938586722919939	96	96	1.0	0.5833333333333334	0.59375	0.01041666666666663	False
U_ENSG00000200275.1	ENSG00000200275.1	rRNA_pseudogene	chr11	47772711	47772803	-	30	0.592408	0	92	False	False	False	24.0	0.13043478260869565	0.5609756097560976	0.40217391304347827	0.44865946719274186	0.11119869812049574	0.216458413226288	92	92	1.0	0.5760869565217391	0.31521739130434784	0.2608695652173913	False
U_ENSG00000283733.1	ENSG00000283733.1	miRNA	chr11	43265206	43265305	-	30	0.0	99	99	True	True	True	165.0	0.8333333333333334	0.9247311827956989	0.8585858585858586	0.9445868082675576	0.8220730463695131	0.04563404035713856	99	99	1.0	0.45454545454545453	0.4444444444444444	0.01010101010101011	False
U_ENSG00000207756.1	ENSG00000207756.1	miRNA	chr15	9144050	9144142	+	31	0.372838	0	92	False	False	False	41.0	0.22282608695652173	0.5540540540540541	0.4329896907216495	0.7529932194159809	0.4950546457524553	0.10628937975887823	97	92	0.9484536082474226	0.29896907216494845	0.32608695652173914	0.02711788435679069	False
U_ENSG00000266415.1	ENSG00000266415.1	miRNA	chr15	32679582	32679660	+	31	0.388057	0	78	False	False	False	23.0	0.14743589743589744	0.5208333333333334	0.475	0.6563301233138936	0.3601621094320772	0.1309134733163706	80	78	0.975	0.45	0.38461538461538464	0.06538461538461537	False
U_ENSG00000252712.1	ENSG00000252712.1	scaRNA	chr9	64203210	64203346	+	28	0.0	134	136	True	True	False	242.0	0.8897058823529411	0.9407407407407408	0.9191176470588235	0.9470424002320743	0.8694487602073385	0.03474382044313651	136	136	1.0	0.4264705882352941	0.4264705882352941	0.0	False
U_ENSG00000207240.1	ENSG00000207240.1	misc_RNA	chr18	20574835	20574949	+	29	0.47359	0	114	False	False	False	31.0	0.13596491228070176	0.5571428571428572	0.4473684210526315	0.6734104046242775	0.38472316153006875	0.13879988620670905	114	114	1.0	0.47368421052631576	0.5263157894736842	0.05263157894736842	False
U_ENSG00000264638.1	ENSG00000264638.1	miRNA	chr4	86073697	86073771	+	34	0.293399	0	74	False	False	False	23.0	0.1554054054054054	0.6060606060606061	0.472972972972973	0.4599331055038999	0.1710379287590849	0.13834938271728875	74	74	1.0	0.4594594594594595	0.5	0.040540540540540515	False
U_ENSG00000278218.1	ENSG00000278218.1	misc_RNA	chrX	168077984	168078173	+	26	0.068579	169	189	True	True	False	231.0	0.6209677419354839	0.7688172043010753	0.7671957671957672	0.828040828041242	0.6356828733495664	0.09407823327455264	186	189	0.9841269841269841	0.5860215053763441	0.5132275132275133	0.07279399214883087	False
U_ENSG00000283904.1	ENSG00000283904.1	miRNA	chr16	84511030	84511095	+	35	0.040579	65	65	True	True	True	106.0	0.8153846153846154	0.9032258064516129	0.8153846153846154	0.8828518332602512	0.7500000000000001	0.07967217989988726	65	65	1.0	0.4	0.4307692307692308	0.03076923076923077	False
U_ENSG00000294698.1	ENSG00000294698.1	lncRNA	chr9	106048733	106048946	-	25	0.031899	213	213	True	True	True	206.0	0.4951923076923077	0.7272727272727273	0.6713615023474178	0.863131492051908	0.5980253375929194	0.07123314924414213	208	213	0.9765258215962441	0.5336538461538461	0.5586854460093896	0.025031599855543485	False
U_ENSG00000238503.1	ENSG00000238503.1	snoRNA	chr12	16437726	16437792	+	33	0.232058	0	66	False	False	False	29.0	0.2196969696969697	0.5625	0.5142857142857142	0.700066596898638	0.28826178998515883	0.15812636091434987	70	66	0.9428571428571428	0.37142857142857144	0.3787878787878788	0.007359307359307343	False
U_ENSG00000265145.1	ENSG00000265145.1	snoRNA	chr17	71947871	71947949	+	32	0.0	76	78	True	True	False	125.0	0.8012820512820513	0.881578947368421	0.8333333333333334	0.8831895660184225	0.7134752006818728	0.0800573247138828	78	78	1.0	0.46153846153846156	0.47435897435897434	0.012820512820512775	False
U_ENSG00000265706.1	ENSG00000265706.1	snoRNA	chr17	71948575	71948653	+	32	0.0	75	78	True	True	False	132.0	0.8461538461538461	0.922077922077922	0.8717948717948718	0.9503368718001595	0.8554296197633854	0.04498833266412667	78	78	1.0	0.46153846153846156	0.5	0.038461538461538436	False
U_ENSG00000266738.1	ENSG00000266738.1	miRNA	chr12	9634585	9634662	-	33	0.136119	0	77	False	False	False	63.0	0.4090909090909091	0.6617647058823529	0.5974025974025974	0.619146342853214	0.37144541740773646	0.15568631008156883	77	77	1.0	0.6363636363636364	0.5324675324675324	0.10389610389610393	False
U_ENSG00000264583.1	ENSG00000264583.1	miRNA	chr2	90908454	90908527	-	27	0.449207	0	73	False	False	False	25.0	0.17123287671232876	0.5625	0.4794520547945206	0.5557646063805008	0.26088790696389125	0.14163943093313291	73	73	1.0	0.589041095890411	0.5616438356164384	0.0273972602739726	False
U_ENSG00000266530.1	ENSG00000266530.1	miRNA	chr18	25997346	25997428	+	29	0.154282	0	82	False	False	False	63.0	0.3888888888888889	0.6617647058823529	0.5121951219512195	0.807125215186327	0.47236777317182965	0.0754486024862723	81	82	0.9878048780487805	0.4567901234567901	0.4268292682926829	0.02996085516410718	False
U_ENSG00000207755.3	ENSG00000207755.3	miRNA	chrX	52137161	52137259	-	22	0.141325	69	98	True	True	False	149.0	0.7602040816326531	0.845360824742268	0.8200000000000001	0.840493019141403	0.6975003784182767	0.10562557887566122	100	98	0.98	0.29	0.37755102040816324	0.08755102040816326	False
U_ENSG00000284448.1	ENSG00000284448.1	miRNA	chr16	91452671	91452738	+	35	0.060794	67	67	True	True	True	88.0	0.6567164179104478	0.7846153846153846	0.7313432835820896	0.8395955399349883	0.5847608816890878	0.08298826628866152	67	67	1.0	0.582089552238806	0.5522388059701493	0.02985074626865669	False
U_ENSG00000212296.1	ENSG00000212296.1	snoRNA	chr15	5147885	5147965	+	31	0.0	80	80	True	True	True	132.0	0.825	0.9	0.8875	0.90881097732194	0.791124498680597	0.0780305569996073	80	80	1.0	0.3125	0.3	0.012500000000000011	False
U_ENSG00000264994.1	ENSG00000264994.1	snoRNA	chr17	71938274	71938359	+	32	0.0	84	85	True	True	False	156.0	0.9176470588235294	0.9523809523809523	0.9294117647058824	0.9538461538461539	0.9074074074074074	0.050507627227610534	85	85	1.0	0.4470588235294118	0.4823529411764706	0.03529411764705881	False
U_ENSG00000207956.1	ENSG00000207956.1	miRNA	chr15	12157266	12157359	+	31	0.226183	0	93	False	False	False	28.0	0.15053763440860216	0.625	0.4285714285714286	0.66718252034382	0.38713710740432705	0.1439029602299962	98	93	0.9489795918367347	0.32653061224489793	0.3333333333333333	0.006802721088435382	False
U_ENSG00000253065.1	ENSG00000253065.1	snoRNA	chr11	36125366	36125481	+	30	0.480447	0	115	False	False	False	37.0	0.1608695652173913	0.49107142857142855	0.4434782608695652	0.7601778775106602	0.47284563649400113	0.09200077615527645	115	115	1.0	0.3565217391304348	0.3130434782608696	0.04347826086956519	False
U_ENSG00000200318.2	ENSG00000200318.2	snoRNA	chr9	70575070	70575286	+	28	0.274399	0	216	False	False	False	52.0	0.12037037037037036	0.458128078817734	0.4537037037037037	0.7234282509763827	0.46413431944334044	0.14678822174939068	216	216	1.0	0.4583333333333333	0.42592592592592593	0.032407407407407385	False
U_ENSG00000263712.1	ENSG00000263712.1	miRNA	chr13	45557810	45557879	+	36	0.221017	4	69	True	False	False	39.0	0.2826086956521739	0.6031746031746031	0.5652173913043479	0.669071862814001	0.45387762883929883	0.12820291010413745	69	69	1.0	0.463768115942029	0.4927536231884058	0.02898550724637683	False
U_ENSG00000274520.1	ENSG00000274520.1	misc_RNA	chr17	85919104	85919192	+	32	0.068408	88	88	True	True	True	111.0	0.6379310344827587	0.7951807228915663	0.7613636363636364	0.8502565691112631	0.6587095756740946	0.0629268158704228	87	88	0.9886363636363636	0.5632183908045977	0.5340909090909091	0.02912748171368862	False
U_ENSG00000206951.1	ENSG00000206951.1	misc_RNA	chr17	75310923	75311037	-	32	0.540351	0	114	False	False	False	30.0	0.13274336283185842	0.5	0.4122807017543859	0.477687652919281	0.2389698704539373	0.22489881303119041	113	114	0.9912280701754386	0.3893805309734513	0.43859649122807015	0.04921596025461883	False
U_ENSG00000277413.1	ENSG00000277413.1	misc_RNA	chr9	69104743	69104907	+	28	0.0	82	164	True	True	False	295.0	0.899390243902439	0.9556962025316456	0.8841463414634146	0.9665025761017402	0.8946433325332297	0.021252157148084375	164	164	1.0	0.5670731707317073	0.573170731707317	0.0060975609756097615	False
U_ENSG00000276229.1	ENSG00000276229.1	misc_RNA	chr17	85922087	85922162	+	32	0.0	75	75	True	True	True	105.0	0.7	0.8243243243243243	0.7866666666666666	0.83530856947743	0.5959900012858044	0.08757757700551164	75	75	1.0	0.56	0.56	0.0	False
U_ENSG00000222054.1	ENSG00000222054.1	rRNA_pseudogene	chr15	32051162	32051266	-	31	0.485684	104	104	True	True	True	39.0	0.1875	0.5645161290322581	0.42056074766355145	0.49572193937224385	0.27631584927196146	0.21448198656251588	107	104	0.9719626168224299	0.5514018691588785	0.27884615384615385	0.2725557153127246	False
U_ENSG00000207739.1	ENSG00000207739.1	miRNA	chr11	35507639	35507749	+	30	0.0	107	110	True	True	False	199.0	0.9045454545454545	0.9532710280373832	0.9	0.9577702286774381	0.9024558013122742	0.031780748762731695	110	110	1.0	0.5545454545454546	0.5363636363636364	0.018181818181818188	False
U_ENSG00000202345.1	ENSG00000202345.1	misc_RNA	chr11	35483717	35483832	-	30	0.544744	0	115	False	False	False	39.0	0.17256637168141592	0.5333333333333333	0.4608695652173913	0.5444609102964798	0.27828933949616996	0.20333021476487495	113	115	0.9826086956521739	0.39823008849557523	0.3826086956521739	0.015621392843401305	False
U_ENSG00000201025.1	ENSG00000201025.1	snoRNA	chr16	77201698	77201771	-	35	0.293929	0	73	False	False	False	27.0	0.18493150684931506	0.5245901639344263	0.4246575342465754	0.5687653548969698	0.32844493170336403	0.16077551253875313	73	73	1.0	0.4246575342465753	0.3150684931506849	0.1095890410958904	False
U_ENSG00000201623.1	ENSG00000201623.1	snRNA	chr15	11068771	11068876	+	31	0.159539	0	105	False	False	False	64.0	0.3047619047619048	0.6082474226804123	0.5794392523364487	0.7592017819850354	0.3670335438226616	0.11856835522539357	107	105	0.9813084112149533	0.42990654205607476	0.38095238095238093	0.04895416110369383	False
U_tRNA-Gln-TTG-5-1	tRNA-Gln-TTG-5-1	tRNA	chr17	86539027	86539100	-	32	0.0	0	73	False	False	False	90.0	0.6164383561643836	0.7681159420289855	0.6849315068493151	0.786506218657101	0.506197730049112	0.0921284663987611	73	73	1.0	0.5205479452054794	0.4931506849315068	0.0273972602739726	False
U_ENSG00000201671.1	ENSG00000201671.1	rRNA_pseudogene	chr17	74106911	74107015	+	32	0.381074	0	104	False	False	False	33.0	0.16666666666666666	0.5274725274725275	0.45192307692307687	0.7114349284678151	0.34085187155948465	0.07982544364915484	99	104	0.9519230769230769	0.5050505050505051	0.47115384615384615	0.03389665889665894	False
U_ENSG00000212204.1	ENSG00000212204.1	rRNA_pseudogene	chr17	75608777	75608894	-	32	0.039049	0	117	False	False	False	31.0	0.13247863247863248	0.475	0.4117647058823529	0.6900826272875801	0.3470842771827838	0.09324186417516071	119	117	0.9831932773109243	0.453781512605042	0.47863247863247865	0.02485096602743664	False
U_ENSG00000284585.1	ENSG00000284585.1	miRNA	chr8	123209475	123209533	-	17	0.093104	58	58	True	True	True	34.0	0.29310344827586204	0.6078431372549019	0.5	0.7147173535897865	0.4903743699767512	0.12237968329019226	60	58	0.9666666666666667	0.7166666666666667	0.6551724137931034	0.06149425287356325	False
U_ENSG00000222202.1	ENSG00000222202.1	snRNA	chr4	87763928	87764031	+	34	0.432715	0	103	False	False	False	46.0	0.22330097087378642	0.5681818181818182	0.44859813084112155	0.6923216999812218	0.36877056296084104	0.14761167623470448	107	103	0.9626168224299065	0.42990654205607476	0.3300970873786408	0.09980945467743396	False
U_ENSG00000199731.1	ENSG00000199731.1	snRNA	chr15	12265835	12265945	+	31	0.169077	0	110	False	False	False	35.0	0.1590909090909091	0.49523809523809526	0.4545454545454546	0.6606743641551167	0.34013092025389663	0.13852907220680274	110	110	1.0	0.42727272727272725	0.5272727272727272	0.09999999999999998	False
U_ENSG00000264089.1	ENSG00000264089.1	miRNA	chr12	16286429	16286500	-	33	0.248701	0	71	False	False	False	18.0	0.1267605633802817	0.5102040816326531	0.48611111111111116	0.5412805099297829	0.170367083999984	0.14195766364658982	72	71	0.9861111111111112	0.5138888888888888	0.4225352112676056	0.09135367762128321	False
U_ENSG00000264370.1	ENSG00000264370.1	miRNA	chr12	15846170	15846243	-	33	0.0	0	73	False	False	False	61.0	0.4178082191780822	0.6567164179104478	0.6153846153846154	0.8301097575961701	0.4473375288806105	0.08452381722228038	78	73	0.9358974358974359	0.5769230769230769	0.547945205479452	0.028977871443624847	False
U_tRNA-Ile-TAT-2-1	tRNA-Ile-TAT-2-1	tRNA	chr17	84169368	84169461	+	32	0.0	70	93	True	True	False	178.0	0.956989247311828	1.0	0.9139784946236559	0.9957448382980174	0.9844951849708404	0.021739130434782605	93	93	1.0	0.5698924731182796	0.5806451612903226	0.010752688172043001	False
U_ENSG00000277790.1	ENSG00000277790.1	lncRNA	chr9	70820719	70820879	-	28	0.110622	0	160	False	False	False	105.0	0.328125	0.59375	0.5838509316770186	0.871641782491756	0.6660101754521279	0.08667344977152383	161	160	0.9937888198757764	0.32298136645962733	0.38125	0.05826863354037265	False
U_ENSG00000264563.1	ENSG00000264563.1	miRNA	chr18	58794868	58794942	+	37	0.328152	0	74	False	False	False	27.0	0.18243243243243243	0.547945205479452	0.5189873417721519	0.656379710288646	0.3074933656169354	0.1346332264561086	79	74	0.9367088607594937	0.569620253164557	0.47297297297297297	0.09664728019158403	False
U_ENSG00000207218.1	ENSG00000207218.1	misc_RNA	chr17	83336477	83336584	-	32	0.200563	0	107	False	False	False	27.0	0.1323529411764706	0.6333333333333333	0.4672897196261683	0.5962321430575728	0.21324805116589057	0.12092215580139624	102	107	0.9532710280373832	0.4117647058823529	0.5233644859813084	0.11159978009895544	False
U_tRNA-His-GTG-1-6	tRNA-His-GTG-1-6	tRNA	chr4	82537863	82537935	-	34	0.0	68	72	True	True	False	136.0	0.9444444444444444	1.0	0.8888888888888888	0.9702573302931148	0.9487959266039734	0.028169014084507043	72	72	1.0	0.5694444444444444	0.5694444444444444	0.0	False
U_ENSG00000207360.1	ENSG00000207360.1	snRNA	chr4	83610662	83610769	-	34	0.551773	0	107	False	False	False	32.0	0.1509433962264151	0.5757575757575758	0.42056074766355145	0.6525453587336375	0.37129270563100436	0.16891638466218123	106	107	0.9906542056074766	0.46226415094339623	0.2616822429906542	0.20058190795274206	False
U_ENSG00000216191.1	ENSG00000216191.1	miRNA	chr17	91068550	91068641	-	32	0.473319	0	91	False	False	False	26.0	0.14285714285714285	0.5076923076923077	0.43956043956043955	0.20637331926836575	0.07368761261836121	0.3583225665910466	91	91	1.0	0.4065934065934066	0.3516483516483517	0.054945054945054916	False
U_ENSG00000252943.1	ENSG00000252943.1	snRNA	chr4	86510489	86510593	+	34	0.402877	0	104	False	False	False	71.0	0.34134615384615385	0.6388888888888888	0.5865384615384616	0.7688198495811863	0.5140948557289435	0.10274762373066372	104	104	1.0	0.2980769230769231	0.3076923076923077	0.009615384615384637	False
U_ENSG00000212551.2	ENSG00000212551.2	snoRNA	chr2	105238771	105238981	-	27	0.487195	0	210	False	False	False	72.0	0.17142857142857143	0.5047619047619047	0.4714285714285714	0.8460979002483895	0.5717975593111	0.07655502392344499	210	210	1.0	0.4238095238095238	0.4142857142857143	0.00952380952380949	False
U_ENSG00000275166.1	ENSG00000275166.1	miRNA	chr16	97549378	97549448	-	35	0.266173	3	70	True	False	False	26.0	0.18571428571428572	0.574468085106383	0.5142857142857142	0.5060480768510597	0.2948021794685365	0.2100199528433252	70	70	1.0	0.6285714285714286	0.4857142857142857	0.14285714285714285	False
U_ENSG00000207609.3	ENSG00000207609.3	miRNA	chr4	88040278	88040362	+	34	0.111171	84	84	True	True	True	157.0	0.9345238095238095	0.963855421686747	0.9523809523809523	0.9143280116967648	0.8608695652173914	0.0742700482285419	84	84	1.0	0.5119047619047619	0.47619047619047616	0.0357142857142857	False
U_ENSG00000199177.1	ENSG00000199177.1	miRNA	chr4	88828810	88828881	-	34	0.0	71	71	True	True	True	135.0	0.9507042253521126	0.9855072463768116	0.9295774647887324	0.9757899132756593	0.9451120118672948	0.045175395145262566	71	71	1.0	0.5070422535211268	0.4788732394366197	0.02816901408450706	False
U_ENSG00000223162.1	ENSG00000223162.1	rRNA_pseudogene	chr4	94726166	94726279	+	34	0.310598	0	113	False	False	False	35.0	0.15486725663716813	0.5204081632653061	0.4434782608695652	0.7598120420349137	0.3353907944129427	0.11325610439400224	115	113	0.9826086956521739	0.5478260869565217	0.504424778761062	0.04340130819545973	False
U_ENSG00000207638.1	ENSG00000207638.1	miRNA	chr16	77395815	77395896	+	35	0.0	65	81	True	True	False	150.0	0.9259259259259259	0.9506172839506173	0.9506172839506173	0.9648561311652731	0.8602647872386805	0.03061862178478972	81	81	1.0	0.5308641975308642	0.5308641975308642	0.0	False
U_ENSG00000296673.1	ENSG00000296673.1	lncRNA	chr9	71066789	71067044	-	28	0.154337	135	255	True	True	False	148.0	0.2901960784313726	0.5708502024291497	0.5254901960784314	0.8528285793264834	0.5549975506453552	0.08068465170046928	255	255	1.0	0.33725490196078434	0.38823529411764707	0.05098039215686273	False
U_ENSG00000251704.1	ENSG00000251704.1	snoRNA	chr12	12751345	12751433	-	33	0.262252	0	88	False	False	False	33.0	0.1875	0.546875	0.4731182795698925	0.6717850631641806	0.3229313925797917	0.12184016686824158	93	88	0.946236559139785	0.3333333333333333	0.375	0.041666666666666685	False
U_ENSG00000275939.1	ENSG00000275939.1	misc_RNA	chr11	54574333	54574499	+	30	0.285488	0	166	False	False	False	91.0	0.2740963855421687	0.7792207792207793	0.43975903614457834	0.7859490890626272	0.5520759066238982	0.11435128644917096	166	166	1.0	0.572289156626506	0.4759036144578313	0.09638554216867473	False
U_ENSG00000266570.1	ENSG00000266570.1	miRNA	chr7	95879992	95880050	+	39	0.395974	0	58	False	False	False	33.0	0.28448275862068967	0.6578947368421053	0.4137931034482759	0.6566962768281849	0.3202175070057587	0.154943173093471	58	58	1.0	0.46551724137931033	0.5689655172413793	0.103448275862069	False
U_ENSG00000238627.1	ENSG00000238627.1	rRNA_pseudogene	chr16	84136296	84136400	+	35	0.564341	0	104	False	False	False	34.0	0.16346153846153846	0.5454545454545454	0.44036697247706424	0.6085883035004048	0.41860696133661013	0.1614567190648586	109	104	0.9541284403669725	0.44036697247706424	0.28846153846153844	0.1519054340155258	False
U_ENSG00000278349.1	ENSG00000278349.1	miRNA	chr7	143366327	143366393	-	39	0.361394	17	66	True	False	False	24.0	0.18181818181818182	0.6666666666666666	0.4545454545454546	0.3283455208741362	0.10506730587918989	0.23734228646986943	66	66	1.0	0.6363636363636364	0.5303030303030303	0.10606060606060608	False
U_ENSG00000202189.1	ENSG00000202189.1	snoRNA	chr4	88112598	88112724	+	34	0.281783	0	126	False	False	False	74.0	0.29365079365079366	0.6404494382022472	0.4728682170542635	0.7408807695481552	0.44962591288588066	0.10529905329583927	129	126	0.9767441860465116	0.5348837209302325	0.4444444444444444	0.09043927648578809	False
U_ENSG00000199030.2	ENSG00000199030.2	miRNA	chr16	77396545	77396629	+	35	0.0	84	84	True	True	True	160.0	0.9523809523809523	1.0	0.9047619047619048	0.9761420547931408	0.9623069743853054	0.04173616403780429	84	84	1.0	0.47619047619047616	0.4642857142857143	0.011904761904761862	False
U_ENSG00000207863.1	ENSG00000207863.1	miRNA	chr16	77443147	77443236	+	35	0.0	71	89	True	True	False	163.0	0.9157303370786517	0.9651162790697675	0.9101123595505618	0.9360060194974026	0.8833333333333333	0.03936479108111085	89	89	1.0	0.4943820224719101	0.4943820224719101	0.0	False
U_ENSG00000284284.1	ENSG00000284284.1	miRNA	chr2	126522618	126522700	+	38	0.255998	0	82	False	False	False	47.0	0.2865853658536585	0.6029411764705882	0.4024390243902439	0.6398219355087686	0.30702935654289776	0.114489117228342	82	82	1.0	0.3902439024390244	0.45121951219512196	0.06097560975609756	False
U_ENSG00000272015.1	ENSG00000272015.1	snoRNA	chr16	95551106	95551189	+	35	0.043732	83	83	True	True	True	69.0	0.41566265060240964	0.684931506849315	0.6144578313253012	0.685490623876255	0.3366501646120693	0.09287528177882816	83	83	1.0	0.43373493975903615	0.4819277108433735	0.04819277108433734	False
U_ENSG00000263681.1	ENSG00000263681.1	miRNA	chr16	97157520	97157588	+	35	0.175183	0	68	False	False	False	32.0	0.23529411764705882	0.5873015873015873	0.547945205479452	0.5014217127639082	0.2374652038855161	0.19515123993068836	73	68	0.9315068493150684	0.726027397260274	0.6323529411764706	0.09367445608380343	False
U_ENSG00000266133.1	ENSG00000266133.1	miRNA	chr16	85683959	85684041	+	35	0.315326	0	82	False	False	False	33.0	0.20121951219512196	0.5679012345679012	0.5301204819277108	0.6649675316749067	0.3664123019696174	0.11883406936938982	83	82	0.9879518072289156	0.3132530120481928	0.3780487804878049	0.0647957684396121	False
U_ENSG00000263790.1	ENSG00000263790.1	miRNA	chr4	87756373	87756459	-	34	0.259937	86	86	True	True	True	40.0	0.23255813953488372	0.5421686746987951	0.48351648351648346	0.4992408364635396	0.19702760155977517	0.15161708267280655	91	86	0.945054945054945	0.4725274725274725	0.45348837209302323	0.019039100434449285	False
U_ENSG00000283744.1	ENSG00000283744.1	miRNA	chr7	89604263	89604329	-	39	0.042619	8	66	True	False	False	54.0	0.4090909090909091	0.6825396825396826	0.5606060606060606	0.7741362599736884	0.4648075836650018	0.1211385826771048	66	66	1.0	0.3939393939393939	0.36363636363636365	0.030303030303030276	False
U_ENSG00000304117.1	ENSG00000304117.1	lncRNA	chr9	61571681	61571932	+	28	0.0699	55	251	True	False	False	183.0	0.3645418326693227	0.6074380165289256	0.5737051792828685	0.8131775293677419	0.5613536341516285	0.08	251	251	1.0	0.47410358565737054	0.50199203187251	0.027888446215139417	False
U_ENSG00000278045.1	ENSG00000278045.1	misc_RNA	chr2	104955572	104955806	-	27	0.116567	227	234	True	True	False	158.0	0.33760683760683763	0.6164383561643836	0.5726495726495726	0.8766414057823964	0.6350788710225769	0.08006333951149197	234	234	1.0	0.6196581196581197	0.5683760683760684	0.05128205128205132	False
U_ENSG00000264850.1	ENSG00000264850.1	miRNA	chr2	119890273	119890331	-	38	0.120405	0	58	False	False	False	39.0	0.34210526315789475	0.6382978723404256	0.5689655172413793	0.604996117281822	0.2412865062165553	0.15510398203603412	57	58	0.9827586206896551	0.6140350877192983	0.5862068965517241	0.02782819116757418	False
U_ENSG00000264010.1	ENSG00000264010.1	miRNA	chr12	16802588	16802662	+	33	0.118341	0	74	False	False	False	42.0	0.2876712328767123	0.6363636363636364	0.5405405405405406	0.6651511611469711	0.39635292530320204	0.1322398242011965	73	74	0.9864864864864865	0.5342465753424658	0.6621621621621622	0.1279155868196964	False
U_ENSG00000207712.1	ENSG00000207712.1	miRNA	chr2	120180350	120180445	-	38	0.379029	0	95	False	False	False	49.0	0.2578947368421053	0.7291666666666666	0.45360824742268047	0.7341983614895096	0.45959458071052467	0.12587715977551786	97	95	0.979381443298969	0.35051546391752575	0.35789473684210527	0.007379272924579516	False
U_ENSG00000252794.1	ENSG00000252794.1	misc_RNA	chr11	38454453	38454690	-	30	0.414225	0	237	False	False	False	45.0	0.0949367088607595	0.4549763033175355	0.41841004184100417	0.4363616638406492	0.2325431979585137	0.2979305671600083	239	237	0.9916317991631799	0.4686192468619247	0.21940928270042195	0.24920996416150273	False
U_ENSG00000211590.1	ENSG00000211590.1	miRNA	chr16	93166608	93166698	+	35	0.0	90	90	True	True	True	154.0	0.8555555555555555	0.9101123595505618	0.8723404255319149	0.9008466072778082	0.7752423010845507	0.055124474292249176	94	90	0.9574468085106383	0.3723404255319149	0.36666666666666664	0.005673758865248235	False
U_ENSG00000200754.1	ENSG00000200754.1	misc_RNA	chr16	78110991	78111101	-	35	0.547319	0	110	False	False	False	31.0	0.14351851851851852	0.5125	0.4636363636363636	0.7706776883878772	0.4217556269165924	0.06679236544209996	108	110	0.9818181818181818	0.37962962962962965	0.43636363636363634	0.05673400673400669	False
U_ENSG00000206633.1	ENSG00000206633.1	snoRNA	chr12	17596143	17596279	+	33	0.0	133	136	True	True	False	203.0	0.7463235294117647	0.8421052631578947	0.8014705882352942	0.8805399919860951	0.6945114337316736	0.06707692694916605	136	136	1.0	0.5882352941176471	0.5514705882352942	0.03676470588235292	False
U_ENSG00000307616.1	ENSG00000307616.1	lncRNA	chr17	81093687	81093839	-	32	0.048286	0	152	False	False	False	144.0	0.47368421052631576	0.7032258064516129	0.6666666666666667	0.8877545314489294	0.6758378183830472	0.07652987070053165	153	152	0.9934640522875817	0.40522875816993464	0.4276315789473684	0.022402820777433774	False
U_ENSG00000272036.1	ENSG00000272036.1	miRNA	chr7	101124581	101124649	+	39	0.0	67	68	True	True	False	134.0	0.9852941176470589	1.0	0.9705882352941176	0.9930555555555556	0.9882352941176471	0.021107665110046196	68	68	1.0	0.5882352941176471	0.5882352941176471	0.0	False
U_ENSG00000275859.1	ENSG00000275859.1	miRNA	chr13	31810430	31810528	-	36	0.065689	98	98	True	True	True	174.0	0.8877551020408163	0.9375	0.8979591836734694	0.8929846609550312	0.7876897095831311	0.07142477556985062	98	98	1.0	0.6224489795918368	0.6020408163265306	0.020408163265306145	False
U_ENSG00000251919.1	ENSG00000251919.1	snRNA	chr7	101118590	101118647	-	39	0.608578	0	57	False	False	False	17.0	0.14912280701754385	0.5714285714285714	0.467741935483871	0.4420995286835446	0.26157762372378074	0.26424552918961963	62	57	0.9193548387096774	0.4032258064516129	0.42105263157894735	0.017826825127334467	False
U_ENSG00000199361.1	ENSG00000199361.1	snRNA	chr15	5666462	5666620	-	31	0.496048	0	158	False	False	False	29.0	0.09177215189873418	0.4722222222222222	0.4135802469135802	0.4479836338652043	0.2122850628796638	0.2690397679925619	162	158	0.9753086419753086	0.49382716049382713	0.2721518987341772	0.2216752617596499	False
U_ENSG00000212539.2	ENSG00000212539.2	snoRNA	chr18	64065090	64065286	+	29	0.49613	0	196	False	False	False	54.0	0.1377551020408163	0.47191011235955055	0.43999999999999995	0.6115306862454084	0.31007027333242376	0.19528314369382554	200	196	0.98	0.46	0.23979591836734693	0.2202040816326531	False
U_tRNA-Und-NNN-chr11-13	tRNA-Und-NNN-chr11-13	tRNA	chr7	99049689	99049759	+	39	0.039119	0	70	False	False	False	85.0	0.6071428571428571	0.782608695652174	0.7534246575342466	0.8591116018595564	0.6164414002968978	0.08686001757178417	73	70	0.958904109589041	0.4794520547945205	0.4857142857142857	0.006262230919765188	False
U_ENSG00000252376.1	ENSG00000252376.1	rRNA_pseudogene	chr2	126574841	126574959	+	38	0.445907	0	118	False	False	False	57.0	0.24152542372881355	0.6666666666666666	0.43220338983050843	0.6419294695714622	0.4468797201557311	0.18050181266617846	118	118	1.0	0.4576271186440678	0.2288135593220339	0.2288135593220339	False
U_tRNA-His-GTG-1-7	tRNA-His-GTG-1-7	tRNA	chr2	122205978	122206050	-	38	0.0	68	72	True	True	False	136.0	0.9444444444444444	1.0	0.8888888888888888	0.9702573302931148	0.9487959266039734	0.028169014084507043	72	72	1.0	0.5694444444444444	0.5694444444444444	0.0	False
U_tRNA-His-GTG-1-8	tRNA-His-GTG-1-8	tRNA	chr2	122207847	122207919	-	38	0.0	68	72	True	True	False	136.0	0.9444444444444444	1.0	0.8888888888888888	0.9702573302931148	0.9487959266039734	0.028169014084507043	72	72	1.0	0.5694444444444444	0.5694444444444444	0.0	False
U_ENSG00000207775.1	ENSG00000207775.1	miRNA	chr13	47478900	47479000	+	36	0.515288	0	100	False	False	False	34.0	0.17525773195876287	0.5128205128205128	0.47	0.6644043685180235	0.299063801470669	0.15600717025084637	97	100	0.97	0.36082474226804123	0.36	0.0008247422680412453	False
U_tRNA-His-GTG-1-9	tRNA-His-GTG-1-9	tRNA	chr2	122208447	122208519	+	38	0.0	71	72	True	True	False	142.0	0.9861111111111112	1.0	0.9722222222222222	0.9923953268977465	0.9870129870129868	0.019918500878494293	72	72	1.0	0.5694444444444444	0.5833333333333334	0.01388888888888895	False
U_ENSG00000265483.1	ENSG00000265483.1	miRNA	chr9	109690401	109690458	-	25	0.324071	0	57	False	False	False	38.0	0.3584905660377358	0.6923076923076923	0.49122807017543857	0.5246559730198125	0.2476545323679276	0.17584563742643142	53	57	0.9298245614035088	0.5660377358490566	0.40350877192982454	0.16252896391923205	False
U_ENSG00000221445.3	ENSG00000221445.3	miRNA	chr12	3870127	3870209	+	33	0.136665	0	82	False	False	False	93.0	0.5670731707317073	0.782608695652174	0.7073170731707317	0.9116099791087716	0.727665034804956	0.06295085819250351	82	82	1.0	0.6219512195121951	0.5975609756097561	0.024390243902439046	False
U_ENSG00000274547.1	ENSG00000274547.1	misc_RNA	chr17	85925504	85925699	+	32	0.091238	195	195	True	True	True	167.0	0.4282051282051282	0.6918918918918919	0.6224489795918368	0.9193220335465045	0.7281456436945651	0.06528304166343223	196	195	0.9948979591836735	0.7295918367346939	0.717948717948718	0.011643118785975903	False
U_tRNA-Ser-GCT-4-2	tRNA-Ser-GCT-4-2	tRNA	chr2	118877234	118877316	-	38	0.0	82	82	True	True	True	153.0	0.9329268292682927	0.9871794871794872	0.8902439024390244	0.9502346548140023	0.9231195978613049	0.057906367405227525	82	82	1.0	0.5853658536585366	0.573170731707317	0.012195121951219523	False
U_ENSG00000264937.1	ENSG00000264937.1	lncRNA	chr9	65589850	65590090	-	28	0.169072	0	240	False	False	False	109.0	0.22708333333333333	0.5495867768595041	0.49583333333333335	0.8821342912976047	0.6516963968674752	0.06720660420171133	240	240	1.0	0.39166666666666666	0.44583333333333336	0.054166666666666696	False
U_ENSG00000201483.1	ENSG00000201483.1	misc_RNA	chr13	38082540	38082646	-	36	0.510179	0	106	False	False	False	31.0	0.14761904761904762	0.5538461538461539	0.46226415094339623	0.6341284845617806	0.29131062193651414	0.16898043740243396	105	106	0.9905660377358491	0.4095238095238095	0.29245283018867924	0.11707097933513028	False
U_ENSG00000200605.1	ENSG00000200605.1	misc_RNA	chr2	126415730	126415841	+	38	0.454646	0	111	False	False	False	33.0	0.15137614678899083	0.6122448979591837	0.4414414414414415	0.587148391562423	0.28235294117647053	0.1638096448505327	109	111	0.9819819819819819	0.4036697247706422	0.46846846846846846	0.06479874369782623	False
U_ENSG00000265064.1	ENSG00000265064.1	miRNA	chr7	100968373	100968436	-	39	0.3305	0	63	False	False	False	34.0	0.2698412698412698	0.5918367346938775	0.38095238095238093	0.6029025930234592	0.3247027084163319	0.16448450043847693	63	63	1.0	0.49206349206349204	0.6190476190476191	0.12698412698412703	False
U_ENSG00000277411.1	ENSG00000277411.1	rRNA	chr13	45075189	45075290	-	36	0.270987	0	101	False	False	False	37.0	0.18316831683168316	0.5454545454545454	0.4716981132075472	0.6653713160960798	0.35125081396954155	0.1316819503744601	106	101	0.9528301886792453	0.6226415094339622	0.6138613861386139	0.008780123295348385	False
U_ENSG00000251733.1	ENSG00000251733.1	scaRNA	chr4	86504688	86504819	-	34	0.047596	130	131	True	True	True	200.0	0.7633587786259542	0.8582677165354331	0.83206106870229	0.8810578345994996	0.6965950063642875	0.07614996105085897	131	131	1.0	0.4732824427480916	0.5038167938931297	0.030534351145038108	False
U_ENSG00000284386.1	ENSG00000284386.1	miRNA	chr2	122482718	122482798	+	38	0.0	80	80	True	True	True	129.0	0.80625	0.9090909090909091	0.825	0.8769346080259516	0.8023229176594322	0.08005766228274377	80	80	1.0	0.3875	0.4	0.012500000000000011	False
U_ENSG00000200419.1	ENSG00000200419.1	misc_RNA	chr2	122584379	122584481	+	38	0.481451	0	102	False	False	False	30.0	0.14705882352941177	0.5918367346938775	0.4509803921568627	0.6559714227484962	0.3494358874968467	0.1188118811881188	102	102	1.0	0.43137254901960786	0.5196078431372549	0.08823529411764708	False
U_ENSG00000200957.1	ENSG00000200957.1	snRNA	chr13	48246408	48246513	-	36	0.514475	0	105	False	False	False	39.0	0.18571428571428572	0.5393258426966292	0.48571428571428577	0.7090361347894468	0.4479893351905204	0.1393401610210523	105	105	1.0	0.3523809523809524	0.41904761904761906	0.06666666666666665	False
U_ENSG00000278108.1	ENSG00000278108.1	miRNA	chr15	102017224	102017293	+	42	0.0	4	69	True	False	False	73.0	0.5289855072463768	0.75	0.6811594202898551	0.6835579948093331	0.36318599885931985	0.09530501027070384	69	69	1.0	0.5507246376811594	0.5797101449275363	0.02898550724637683	False
U_ENSG00000263742.1	ENSG00000263742.1	miRNA	chr7	101603733	101603808	+	39	0.226903	0	75	False	False	False	48.0	0.32	0.589041095890411	0.56	0.6792990250304259	0.2747418639149113	0.09744733176929701	75	75	1.0	0.5333333333333333	0.5066666666666667	0.026666666666666616	False
U_ENSG00000206990.1	ENSG00000206990.1	misc_RNA	chr1	167195499	167195603	+	8	0.134565	104	104	True	True	True	25.0	0.12135922330097088	0.51	0.42307692307692313	0.6042518307080992	0.30006167396179695	0.15539403707279795	103	104	0.9903846153846154	0.4174757281553398	0.5	0.08252427184466021	False
U_ENSG00000252185.1	ENSG00000252185.1	snRNA	chr18	56827764	56827871	-	37	0.393733	0	107	False	False	False	38.0	0.18627450980392157	0.5365853658536586	0.4299065420560748	0.6422777102936702	0.3730235484764954	0.15022292788993252	102	107	0.9532710280373832	0.38235294117647056	0.29906542056074764	0.08328752061572292	False
U_ENSG00000277653.1	ENSG00000277653.1	misc_RNA	chr4	89333459	89333609	+	34	0.0	145	150	True	True	False	237.0	0.79	0.8835616438356164	0.8266666666666667	0.9122489770816055	0.7361845963252645	0.039133905334532225	150	150	1.0	0.5066666666666667	0.5266666666666666	0.019999999999999907	False
U_ENSG00000252507.1	ENSG00000252507.1	snRNA	chr11	29798700	29798763	-	44	0.470163	0	63	False	False	False	20.0	0.15873015873015872	0.5384615384615384	0.359375	0.46672436795163674	0.17399697105868403	0.21738791311166186	64	63	0.984375	0.453125	0.5396825396825397	0.08655753968253965	False
U_ENSG00000221398.1	ENSG00000221398.1	snoRNA	chr16	92153144	92153267	-	35	0.168982	0	123	False	False	False	42.0	0.17073170731707318	0.5490196078431373	0.4765625	0.6763970955521403	0.3700485976757547	0.10534485745226506	128	123	0.9609375	0.5703125	0.5934959349593496	0.023183434959349603	False
U_ENSG00000264358.1	ENSG00000264358.1	miRNA	chr1	191280806	191280876	-	40	0.403015	0	70	False	False	False	41.0	0.29285714285714287	0.6101694915254238	0.4246575342465754	0.4874095897142252	0.19956144669641657	0.19741482500011998	73	70	0.958904109589041	0.5068493150684932	0.38571428571428573	0.12113502935420745	False
U_ENSG00000278598.1	ENSG00000278598.1	miRNA	chr8	122610559	122610632	-	17	0.069943	73	73	True	True	True	29.0	0.21014492753623187	0.7916666666666666	0.4657534246575342	0.6716811778925779	0.3931068137707194	0.14021854871192768	69	73	0.9452054794520548	0.7101449275362319	0.6712328767123288	0.038912050823903144	False
U_tRNA-Pro-AGG-2-4	tRNA-Pro-AGG-2-4	tRNA	chr7	98464883	98464955	-	39	0.0	71	72	True	True	False	142.0	0.9861111111111112	1.0	0.9722222222222222	0.9930555555555556	0.989010989010989	0.01991850087849429	72	72	1.0	0.6111111111111112	0.6111111111111112	0.0	False
U_ENSG00000283204.1	ENSG00000283204.1	miRNA	chr11	20690459	20690512	-	44	0.341336	0	53	False	False	False	28.0	0.2641509433962264	0.6666666666666666	0.49056603773584906	0.6137922269333175	0.39471871210422066	0.19422124881465533	53	53	1.0	0.33962264150943394	0.2830188679245283	0.05660377358490565	False
U_ENSG00000265102.1	ENSG00000265102.1	miRNA	chr2	114348783	114348895	-	38	0.381604	0	112	False	False	False	39.0	0.17889908256880735	0.5494505494505495	0.4732142857142857	0.7384398186509062	0.48104601142653786	0.12607845040107138	109	112	0.9732142857142857	0.3577981651376147	0.375	0.0172018348623853	False
U_ENSG00000277311.1	ENSG00000277311.1	misc_RNA	chr17	85920822	85921040	+	32	0.070655	218	218	True	True	True	281.0	0.6474654377880185	0.8066037735849056	0.7293577981651376	0.9410272048978082	0.8190122894704964	0.0446804013859566	217	218	0.9954128440366973	0.6221198156682027	0.6192660550458715	0.002853760622331225	False
U_ENSG00000200305.1	ENSG00000200305.1	misc_RNA	chr2	118205533	118205637	-	38	0.40841	104	104	True	True	True	50.0	0.2403846153846154	0.5625	0.5142857142857142	0.7234376204681386	0.3762184646534145	0.13170472718000817	105	104	0.9904761904761905	0.41904761904761906	0.40384615384615385	0.015201465201465203	False
U_ENSG00000308492.1	ENSG00000308492.1	lncRNA	chr15	8138499	8138736	+	31	0.2008	185	237	True	True	False	132.0	0.27848101265822783	0.5934959349593496	0.5495867768595042	0.8545152547674922	0.7492477850853124	0.11300997551379827	242	237	0.9793388429752066	0.5661157024793388	0.6160337552742616	0.049918052794922785	False
U_ENSG00000264201.1	ENSG00000264201.1	miRNA	chr15	98492475	98492538	-	42	0.131358	0	63	False	False	False	85.0	0.6746031746031746	0.7903225806451613	0.7619047619047619	0.7320243621578203	0.5051814855409226	0.13103287749412837	63	63	1.0	0.5873015873015873	0.6349206349206349	0.04761904761904756	False
U_ENSG00000200293.1	ENSG00000200293.1	rRNA_pseudogene	chr2	119876135	119876252	-	38	0.397642	13	117	True	False	False	41.0	0.1752136752136752	0.625	0.4273504273504274	0.7799077456560825	0.5132910888915605	0.1055814544303094	117	117	1.0	0.5299145299145299	0.6153846153846154	0.0854700854700855	False
U_ENSG00000201077.1	ENSG00000201077.1	snRNA	chr2	120349192	120349294	-	38	0.4751	0	102	False	False	False	29.0	0.14215686274509803	0.5108695652173914	0.4672897196261683	0.6248153190595572	0.3696873008734404	0.16948835854181363	107	102	0.9532710280373832	0.38317757009345793	0.43137254901960786	0.048194978926149934	False
U_ENSG00000221792.1	ENSG00000221792.1	miRNA	chr2	121281155	121281256	-	38	0.0	101	101	True	True	True	192.0	0.9504950495049505	1.0	0.900990099009901	0.981294886290466	0.9636540617614491	0.03464101615137755	101	101	1.0	0.5445544554455446	0.5346534653465347	0.00990099009900991	False
U_ENSG00000200391.1	ENSG00000200391.1	misc_RNA	chr2	121368843	121368956	-	38	0.520553	0	113	False	False	False	27.0	0.11946902654867257	0.5176470588235295	0.4601769911504425	0.5851169591578467	0.3086167796752986	0.16656034023372882	113	113	1.0	0.36283185840707965	0.3805309734513274	0.01769911504424776	False
U_ENSG00000252288.1	ENSG00000252288.1	snRNA	chr2	122028550	122028651	+	38	0.05957	0	101	False	False	False	31.0	0.15346534653465346	0.5096153846153846	0.46153846153846156	0.6779207203613073	0.35511637418283043	0.11504006359308723	104	101	0.9711538461538461	0.41346153846153844	0.37623762376237624	0.0372239146991622	False
U_ENSG00000283876.1	ENSG00000283876.1	miRNA	chr1	193016921	193016984	+	40	0.201735	20	63	True	False	False	52.0	0.4126984126984127	0.7142857142857143	0.417910447761194	0.7270591510681383	0.5353366845767796	0.1324598801668699	67	63	0.9402985074626866	0.582089552238806	0.5396825396825397	0.04240701255626633	False
U_ENSG00000275770.1	ENSG00000275770.1	miRNA	chr15	98018601	98018673	+	42	0.0893	2	72	True	False	False	64.0	0.4507042253521127	0.6986301369863014	0.625	0.8167312401022585	0.5153471216826172	0.09927084995378627	71	72	0.9861111111111112	0.5070422535211268	0.5277777777777778	0.02073552425665104	False
U_tRNA-Pro-TGG-2-1	tRNA-Pro-TGG-2-1	tRNA	chr7	98464618	98464690	+	39	0.0	69	72	True	True	False	138.0	0.9583333333333334	1.0	0.9166666666666666	0.982472940072843	0.9690721649484537	0.03449985553215743	72	72	1.0	0.6111111111111112	0.5972222222222222	0.01388888888888895	False
U_ENSG00000309873.1	ENSG00000309873.1	lncRNA	chr17	87271905	87272088	-	32	0.096112	0	183	False	False	False	200.0	0.5586592178770949	0.7333333333333333	0.6721311475409837	0.8444905655273275	0.6130628297075127	0.07038436607428768	179	183	0.9781420765027322	0.4972067039106145	0.4644808743169399	0.032725829593674594	False
U_ENSG00000284519.1	ENSG00000284519.1	miRNA	chr1	180733666	180733725	+	40	0.0	59	59	True	True	True	51.0	0.4322033898305085	0.6909090909090909	0.6349206349206349	0.6818516412682248	0.3659489276036614	0.12905862566691864	63	59	0.9365079365079365	0.6507936507936508	0.576271186440678	0.07452246435297283	False
U_ENSG00000283803.1	ENSG00000283803.1	miRNA	chr15	103100430	103100510	-	42	0.227245	80	80	True	True	True	47.0	0.29375	0.6440677966101694	0.5	0.6862745098039215	0.4035242971706656	0.1303244321643924	80	80	1.0	0.55	0.5125	0.03750000000000009	False
U_ENSG00000200120.1	ENSG00000200120.1	misc_RNA	chr2	125684963	125685060	-	38	0.359539	0	97	False	False	False	34.0	0.17525773195876287	0.5	0.5098039215686274	0.47545421947939404	0.17976047893581623	0.17826920297783697	102	97	0.9509803921568627	0.4215686274509804	0.5051546391752577	0.08358601172427732	False
U_ENSG00000199090.1	ENSG00000199090.1	miRNA	chr7	99201476	99201571	+	39	0.0	94	95	True	True	False	170.0	0.8947368421052632	0.9361702127659575	0.9157894736842105	0.9179168378260253	0.84066800169605	0.0425531914893617	95	95	1.0	0.6421052631578947	0.6	0.04210526315789476	False
U_ENSG00000275589.1	ENSG00000275589.1	misc_RNA	chr15	102853793	102853862	+	42	0.0	69	69	True	True	True	114.0	0.8260869565217391	0.8840579710144928	0.8840579710144928	0.8152386606484546	0.6299450970944985	0.10398629135096288	69	69	1.0	0.4492753623188406	0.463768115942029	0.014492753623188415	False
U_ENSG00000199886.1	ENSG00000199886.1	snRNA	chr15	93362695	93362797	+	42	0.603853	0	102	False	False	False	19.0	0.09313725490196079	0.4659090909090909	0.37254901960784315	0.4211604127817104	0.19051606326754628	0.2496934695627424	102	102	1.0	0.43137254901960786	0.30392156862745096	0.1274509803921569	False
U_ENSG00000271819.1	ENSG00000271819.1	snRNA	chr2	126512874	126512977	-	38	0.248622	0	103	False	False	False	34.0	0.1650485436893204	0.5116279069767442	0.485981308411215	0.6175123825629096	0.3236377285026342	0.17800118186139896	107	103	0.9626168224299065	0.37383177570093457	0.4174757281553398	0.04364395245440522	False
U_ENSG00000211997.1	ENSG00000211997.1	miRNA	chr7	95898642	95898730	+	39	0.0	88	88	True	True	True	160.0	0.9090909090909091	0.9759036144578314	0.875	0.9615333868855813	0.9054751132668938	0.04597701149425287	88	88	1.0	0.48863636363636365	0.5113636363636364	0.022727272727272707	False
U_ENSG00000202070.1	ENSG00000202070.1	snRNA	chr7	144235530	144235637	-	39	0.513037	0	107	False	False	False	38.0	0.17757009345794392	0.5625	0.44859813084112155	0.6307251442984285	0.3481865296036271	0.1497595081734674	107	107	1.0	0.4205607476635514	0.514018691588785	0.0934579439252336	False
U_ENSG00000264402.1	ENSG00000264402.1	miRNA	chr7	99876056	99876153	-	39	0.475353	0	97	False	False	False	32.0	0.16494845360824742	0.5384615384615384	0.4020618556701031	0.5035832070468579	0.2672612419124244	0.19819059990042134	97	97	1.0	0.32989690721649484	0.422680412371134	0.09278350515463918	False
U_ENSG00000238363.1	ENSG00000238363.1	snoRNA	chr18	33928215	33928348	+	37	0.06864	133	133	True	True	True	198.0	0.7443609022556391	0.8473282442748091	0.8270676691729324	0.8736412422923552	0.7114555037960442	0.08298826628866152	133	133	1.0	0.40601503759398494	0.47368421052631576	0.06766917293233082	False
U_ENSG00000284214.1	ENSG00000284214.1	miRNA	chr1	194719852	194719940	+	40	0.0	88	88	True	True	True	172.0	0.9772727272727273	1.0	0.9545454545454546	0.9896907216494846	0.9797979797979798	0.022988505747126436	88	88	1.0	0.4431818181818182	0.45454545454545453	0.011363636363636354	False
U_ENSG00000283672.1	ENSG00000283672.1	miRNA	chr19	32462221	32462295	+	19	0.232336	0	74	False	False	False	65.0	0.4391891891891892	0.7678571428571429	0.6351351351351351	0.7421390086252367	0.45244768823728515	0.11784007215126886	74	74	1.0	0.32432432432432434	0.3783783783783784	0.05405405405405406	False
U_ENSG00000294182.1	ENSG00000294182.1	lncRNA	chr18	55124031	55124163	-	37	0.0	132	132	True	True	True	204.0	0.7727272727272727	0.873015873015873	0.7954545454545454	0.9301613012018234	0.8445189640485627	0.05063549298252519	132	132	1.0	0.4621212121212121	0.4621212121212121	0.0	False
U_ENSG00000284203.1	ENSG00000284203.1	miRNA	chr1	194719344	194719425	+	40	0.0	81	81	True	True	True	156.0	0.9629629629629629	1.0	0.9259259259259259	0.9870722685213706	0.97182531580755	0.03061862178478973	81	81	1.0	0.3950617283950617	0.38271604938271603	0.012345679012345678	False
U_ENSG00000277994.1	ENSG00000277994.1	misc_RNA	chr15	102855934	102856030	+	42	0.132071	96	96	True	True	True	131.0	0.6822916666666666	0.8505747126436781	0.7525773195876289	0.7866549529242889	0.5890343474285629	0.12705878053236785	97	96	0.9896907216494846	0.5360824742268041	0.4375	0.0985824742268041	False
U_ENSG00000302938.1	ENSG00000302938.1	lncRNA	chr1	192427882	192428020	+	40	0.024988	112	138	True	True	False	168.0	0.6086956521739131	0.8074074074074075	0.7338129496402878	0.8681293671630059	0.6925471827358286	0.062014817053793005	139	138	0.9928057553956835	0.35251798561151076	0.36231884057971014	0.00980085496819938	False
U_ENSG00000207590.1	ENSG00000207590.1	miRNA	chr1	185045784	185045892	+	40	0.105054	108	108	True	True	True	150.0	0.6944444444444444	0.8269230769230769	0.7818181818181819	0.8682382848609278	0.7030819546579556	0.08111927254227515	110	108	0.9818181818181818	0.34545454545454546	0.42592592592592593	0.08047138047138047	False
U_ENSG00000207624.1	ENSG00000207624.1	miRNA	chr1	185045506	185045591	+	40	0.054831	67	85	True	True	False	124.0	0.7294117647058823	0.8352941176470589	0.8235294117647058	0.8185813925092926	0.6644523213743329	0.12598815766974242	85	85	1.0	0.4117647058823529	0.5294117647058824	0.11764705882352944	False
U_ENSG00000216192.1	ENSG00000216192.1	miRNA	chr6	144379310	144379385	+	41	0.118747	0	75	False	False	False	29.0	0.19333333333333333	0.5961538461538461	0.45333333333333337	0.7081446015124235	0.4361783721449793	0.12086853932431296	75	75	1.0	0.5066666666666667	0.5866666666666667	0.07999999999999996	False
U_ENSG00000265014.1	ENSG00000265014.1	miRNA	chr2	91694802	91694887	+	27	0.305953	0	85	False	False	False	49.0	0.28823529411764703	0.6075949367088608	0.45882352941176474	0.7151460433415749	0.3773251759756397	0.13256581816261956	85	85	1.0	0.6	0.47058823529411764	0.12941176470588234	False
U_ENSG00000283497.1	ENSG00000283497.1	miRNA	chr2	91694803	91694884	-	27	0.295112	0	81	False	False	False	47.0	0.29012345679012347	0.6025641025641025	0.4814814814814815	0.6698879183384724	0.36366085340732024	0.1414213562373095	81	81	1.0	0.5925925925925926	0.4691358024691358	0.12345679012345678	False
U_ENSG00000281696.1	ENSG00000281696.1	miRNA	chr1	184975161	184975246	+	40	0.089253	74	85	True	True	False	126.0	0.7682926829268293	0.8987341772151899	0.8470588235294118	0.8650107506315097	0.7295184665690239	0.08063360134459349	82	85	0.9647058823529412	0.3170731707317073	0.3764705882352941	0.05939741750358679	False
U_ENSG00000264525.1	ENSG00000264525.1	miRNA	chr11	19047332	19047412	+	44	0.460709	0	80	False	False	False	28.0	0.175	0.5263157894736842	0.475	0.6506959068700293	0.3195447708044531	0.1290891016099439	80	80	1.0	0.4125	0.4	0.012499999999999956	False
U_ENSG00000264399.1	ENSG00000264399.1	miRNA	chr11	87642623	87642665	+	45	0.0	42	42	True	True	True	57.0	0.6785714285714286	0.7954545454545454	0.7234042553191489	0.801644948804042	0.6521546507260246	0.13262352452214554	47	42	0.8936170212765957	0.6170212765957447	0.5238095238095238	0.09321175278622085	False
U_ENSG00000265452.1	ENSG00000265452.1	miRNA	chr11	30845782	30845866	+	44	0.152428	0	84	False	False	False	60.0	0.35714285714285715	0.5903614457831325	0.5357142857142857	0.8229068033230621	0.6158424768016333	0.1252084921134128	84	84	1.0	0.2976190476190476	0.23809523809523808	0.059523809523809534	False
U_ENSG00000284450.1	ENSG00000284450.1	miRNA	chrX	74145082	74145141	+	22	0.335404	50	59	True	True	False	25.0	0.211864406779661	0.5625	0.4918032786885246	0.5130434782608696	0.21741413836966816	0.1736488332648004	61	59	0.9672131147540983	0.4262295081967213	0.5423728813559322	0.11614337315921092	False
U_ENSG00000276670.1	ENSG00000276670.1	misc_RNA	chr17	85926650	85926850	+	32	0.05251	193	200	True	True	False	350.0	0.875	0.9203980099502488	0.8905472636815921	0.9206329113176562	0.8443938279189367	0.05805178374276953	201	200	0.9950248756218906	0.4228855721393035	0.44	0.0171144278606965	False
U_ENSG00000264906.1	ENSG00000264906.1	miRNA	chr15	97360375	97360457	-	42	0.391276	0	82	False	False	False	25.0	0.1524390243902439	0.58	0.44047619047619047	0.552088341202454	0.2930317743033026	0.2210107555021734	84	82	0.9761904761904762	0.4166666666666667	0.21951219512195122	0.19715447154471546	False
U_ENSG00000201818.1	ENSG00000201818.1	misc_RNA	chr8	61946741	61946840	-	23	0.34843	0	99	False	False	False	32.0	0.16666666666666666	0.5102040816326531	0.48484848484848486	0.6207025776190681	0.39994715210119136	0.1560463057788372	96	99	0.9696969696969697	0.4270833333333333	0.494949494949495	0.06786616161616166	False
U_ENSG00000308021.1	ENSG00000308021.1	lncRNA	chr17	84453572	84453787	+	32	0.180865	215	215	True	True	True	116.0	0.26976744186046514	0.5882352941176471	0.4976744186046511	0.7462360771715815	0.5250431107130565	0.15722059664729646	215	215	1.0	0.44651162790697674	0.5116279069767442	0.06511627906976747	False
U_ENSG00000206816.1	ENSG00000206816.1	misc_RNA	chr7	97319576	97319680	-	39	0.442763	104	104	True	True	True	23.0	0.11274509803921569	0.5208333333333334	0.40384615384615385	0.3132224586541349	0.1373533653236311	0.3085616328456786	102	104	0.9807692307692307	0.4215686274509804	0.22115384615384615	0.20041478129713425	False
U_ENSG00000236824.2	ENSG00000236824.2	lncRNA	chr17	87909472	87909668	+	32	0.289988	0	196	False	False	False	54.0	0.1377551020408163	0.52	0.38	0.7634457335861016	0.5171692505305145	0.12071532604358733	200	196	0.98	0.53	0.5357142857142857	0.005714285714285672	False
U_ENSG00000202146.1	ENSG00000202146.1	misc_RNA	chr15	102986042	102986149	-	42	0.587803	0	107	False	False	False	28.0	0.1308411214953271	0.5555555555555556	0.4375	0.6264869044313282	0.30297089103262037	0.17820210940827	112	107	0.9553571428571429	0.45535714285714285	0.4205607476635514	0.034796395193591456	False
U_ENSG00000263744.1	ENSG00000263744.1	miRNA	chr7	143699091	143699190	+	39	0.430247	0	99	False	False	False	39.0	0.19696969696969696	0.5625	0.4444444444444444	0.642994453929766	0.34075008929392686	0.16767017066484677	99	99	1.0	0.45454545454545453	0.5555555555555556	0.10101010101010105	False
U_ENSG00000265878.2	ENSG00000265878.2	miRNA	chr5	131211177	131211276	+	43	0.377103	0	99	False	False	False	65.0	0.3282828282828283	0.6153846153846154	0.5454545454545454	0.6738585801667399	0.4321208107251124	0.16890760568619234	99	99	1.0	0.36363636363636365	0.30303030303030304	0.06060606060606061	False
U_ENSG00000201909.1	ENSG00000201909.1	snRNA	chr6	135598615	135598721	-	41	0.568661	0	106	False	False	False	30.0	0.14150943396226415	0.6078431372549019	0.44859813084112155	0.5258313633254373	0.29532457711868815	0.21204988781878853	107	106	0.9906542056074766	0.3925233644859813	0.20754716981132076	0.18497619467466053	False
U_ENSG00000263857.1	ENSG00000263857.1	miRNA	chr11	86853714	86853784	-	45	0.399461	0	70	False	False	False	41.0	0.29285714285714287	0.5833333333333334	0.5	0.5013070522980508	0.18662217428242425	0.21389763944152587	72	70	0.9722222222222222	0.4305555555555556	0.32857142857142857	0.10198412698412701	False
U_ENSG00000278672.1	ENSG00000278672.1	miRNA	chr11	94172112	94172193	-	45	0.134497	0	81	False	False	False	40.0	0.24691358024691357	0.6	0.5308641975308642	0.8005264890336253	0.5281347196040818	0.10155048005794952	81	81	1.0	0.4691358024691358	0.5555555555555556	0.0864197530864198	False
U_ENSG00000202313.1	ENSG00000202313.1	snRNA	chr13	41731386	41731546	-	36	0.112083	160	160	True	True	True	129.0	0.403125	0.6392405063291139	0.6257668711656441	0.8016328590343534	0.5667838859899657	0.0982211443853157	163	160	0.9815950920245399	0.4539877300613497	0.425	0.028987730061349692	False
U_ENSG00000283665.1	ENSG00000283665.1	miRNA	chr6	139256890	139256981	+	41	0.123943	0	91	False	False	False	84.0	0.46153846153846156	0.6941176470588235	0.5729166666666667	0.7385674426626523	0.43339208602072377	0.13289915972542163	96	91	0.9479166666666666	0.3854166666666667	0.3956043956043956	0.010187728937728902	False
U_ENSG00000277542.1	ENSG00000277542.1	misc_RNA	chr11	96090574	96090655	-	45	0.052982	79	81	True	True	False	86.0	0.5308641975308642	0.725	0.6790123456790124	0.7333333333333333	0.4705882352941177	0.09354143466934854	81	81	1.0	0.5555555555555556	0.5679012345679012	0.012345679012345623	False
U_ENSG00000212414.1	ENSG00000212414.1	snoRNA	chr15	36051040	36051103	+	13	0.355	0	63	False	False	False	31.0	0.24603174603174602	0.578125	0.5522388059701493	0.33201287919015793	0.07072236873262547	0.3314633523781202	67	63	0.9402985074626866	0.3283582089552239	0.12698412698412698	0.2013740819710969	False
U_ENSG00000252414.1	ENSG00000252414.1	snRNA	chr11	20649633	20649738	-	44	0.08983	0	105	False	False	False	45.0	0.21428571428571427	0.5436893203883495	0.5	0.5870595793203383	0.2526993478596345	0.16673583679167323	106	105	0.9905660377358491	0.4056603773584906	0.3333333333333333	0.07232704402515727	False
U_ENSG00000281842.2	ENSG00000281842.2	miRNA	chr15	98417659	98417747	-	42	0.0	88	88	True	True	True	122.0	0.7011494252873564	0.8160919540229885	0.7840909090909091	0.8247569786382835	0.612904702146299	0.08279933718551241	87	88	0.9886363636363636	0.5172413793103449	0.4772727272727273	0.03996865203761757	False
U_ENSG00000212358.1	ENSG00000212358.1	snRNA	chr6	138772750	138772859	-	41	0.097598	0	109	False	False	False	93.0	0.4305555555555556	0.6422018348623854	0.6330275229357798	0.7870876487239828	0.4430178954484865	0.07505814231206331	108	109	0.9908256880733946	0.3611111111111111	0.3761467889908257	0.015035677879714604	False
U_ENSG00000252436.1	ENSG00000252436.1	misc_RNA	chr11	22219237	22219343	+	44	0.395539	0	106	False	False	False	28.0	0.13333333333333333	0.504950495049505	0.4811320754716981	0.6343887545580718	0.35172160409194353	0.16699093962306366	105	106	0.9905660377358491	0.3904761904761905	0.4528301886792453	0.06235399820305482	False
U_ENSG00000284485.1	ENSG00000284485.1	miRNA	chr1	193189758	193189868	-	40	0.0	110	110	True	True	True	176.0	0.8	0.9065420560747663	0.8545454545454545	0.9282730797862657	0.8251450577800277	0.05189774540818698	110	110	1.0	0.4818181818181818	0.5272727272727272	0.045454545454545414	False
U_ENSG00000200972.1	ENSG00000200972.1	snRNA	chr1	192427876	192427990	+	40	0.0	112	114	True	True	False	152.0	0.6666666666666666	0.8640776699029126	0.7719298245614035	0.8347210667398177	0.6610071010226723	0.08013615166493289	114	114	1.0	0.39473684210526316	0.37719298245614036	0.017543859649122806	False
U_ENSG00000199395.1	ENSG00000199395.1	rRNA_pseudogene	chr11	28485579	28485693	+	44	0.46211	0	114	False	False	False	35.0	0.15350877192982457	0.4827586206896552	0.4385964912280702	0.6144113904120132	0.2781265413558133	0.18855996241294262	114	114	1.0	0.5087719298245614	0.2894736842105263	0.2192982456140351	False
U_ENSG00000276642.1	ENSG00000276642.1	snRNA	chr1	184505048	184505166	-	40	0.297755	0	118	False	False	False	62.0	0.2627118644067797	0.5423728813559322	0.48305084745762716	0.718888894222205	0.48025449559036226	0.12385792090760203	118	118	1.0	0.423728813559322	0.5338983050847458	0.11016949152542377	False
U_ENSG00000206913.1	ENSG00000206913.1	snoRNA	chr7	99977858	99977997	+	39	0.349826	0	139	False	False	False	53.0	0.1906474820143885	0.5289855072463768	0.525179856115108	0.7279899203258894	0.404888165089458	0.10649955403405123	139	139	1.0	0.5611510791366906	0.5107913669064749	0.050359712230215736	False
U_ENSG00000212264.1	ENSG00000212264.1	snoRNA	chr6	49127403	49127474	+	48	0.375699	0	71	False	False	False	21.0	0.14788732394366197	0.5490196078431373	0.4225352112676056	0.5279910506092682	0.25289026942943654	0.1749635530559413	71	71	1.0	0.3380281690140845	0.5211267605633803	0.18309859154929575	False
U_ENSG00000201476.1	ENSG00000201476.1	rRNA_pseudogene	chr6	135571728	135571846	-	41	0.469721	0	118	False	False	False	26.0	0.11016949152542373	0.5068493150684932	0.4491525423728814	0.5863231036886674	0.2132396606826054	0.1318568258165941	118	118	1.0	0.4830508474576271	0.3813559322033898	0.1016949152542373	False
U_ENSG00000266097.1	ENSG00000266097.1	miRNA	chr11	22800903	22800990	-	44	0.25666	0	87	False	False	False	57.0	0.3275862068965517	0.5697674418604651	0.5760869565217391	0.7695022021627115	0.4757501439972267	0.08942699966935679	92	87	0.9456521739130435	0.5543478260869565	0.5172413793103449	0.03710644677661168	False
U_ENSG00000307337.1	ENSG00000307337.1	lncRNA	chr16	93165273	93165473	+	35	0.06455	200	200	True	True	True	148.0	0.37948717948717947	0.6739130434782609	0.63	0.8606598055785176	0.6638637098649055	0.09205247133343503	195	200	0.975	0.48205128205128206	0.525	0.04294871794871796	False
U_ENSG00000212550.1	ENSG00000212550.1	snRNA	chr2	122058241	122058406	-	38	0.483585	0	165	False	False	False	39.0	0.11818181818181818	0.5100671140939598	0.4545454545454546	0.72874840674436	0.3728555706915812	0.11143699318595772	165	165	1.0	0.49696969696969695	0.45454545454545453	0.04242424242424242	False
U_ENSG00000283298.1	ENSG00000283298.1	miRNA	chr6	95303631	95303696	+	47	0.150977	0	65	False	False	False	47.0	0.3671875	0.6166666666666667	0.5692307692307692	0.6719751408758368	0.39317432889595233	0.12113842715779975	64	65	0.9846153846153847	0.296875	0.36923076923076925	0.07235576923076925	False
U_ENSG00000210741.1	ENSG00000210741.1	miRNA	chr11	96156006	96156076	+	45	0.0	70	70	True	True	True	123.0	0.8785714285714286	0.927536231884058	0.9142857142857143	0.8916724110671281	0.7423231393832184	0.061487546190134565	70	70	1.0	0.42857142857142855	0.44285714285714284	0.01428571428571429	False
U_ENSG00000263602.1	ENSG00000263602.1	miRNA	chr11	96089825	96089891	+	45	0.285535	0	66	False	False	False	53.0	0.4015151515151515	0.7068965517241379	0.5147058823529411	0.6521975648933402	0.319859031980172	0.11969627496296932	68	66	0.9705882352941176	0.6323529411764706	0.5909090909090909	0.04144385026737962	False
U_ENSG00000276055.1	ENSG00000276055.1	misc_RNA	chr3	58909035	58909115	+	46	0.065212	75	80	True	True	False	73.0	0.4620253164556962	0.7236842105263158	0.65	0.8076225503222	0.5044848679396361	0.09117122953653586	79	80	0.9875	0.3924050632911392	0.4375	0.04509493670886078	False
U_ENSG00000265355.1	ENSG00000265355.1	miRNA	chr6	97154281	97154354	-	47	0.329223	0	73	False	False	False	37.0	0.2534246575342466	0.5961538461538461	0.5256410256410257	0.634134806232796	0.34894284959207994	0.16577430974746152	78	73	0.9358974358974359	0.38461538461538464	0.4246575342465753	0.04004214963119068	False
U_ENSG00000201778.1	ENSG00000201778.1	misc_RNA	chr3	65859280	65859372	+	46	0.587996	9	92	True	False	False	31.0	0.16847826086956522	0.5512820512820513	0.4301075268817204	0.6188646853860438	0.33261322274385896	0.17452363895905706	93	92	0.989247311827957	0.40860215053763443	0.29347826086956524	0.11512388966806919	False
U_ENSG00000211520.2	ENSG00000211520.2	miRNA	chr11	28696190	28696272	+	44	0.0	82	82	True	True	True	143.0	0.8719512195121951	0.9367088607594937	0.8658536585365854	0.9192388155425117	0.7990008587901057	0.04938271604938271	82	82	1.0	0.45121951219512196	0.45121951219512196	0.0	False
U_ENSG00000266078.1	ENSG00000266078.1	miRNA	chr11	24172791	24172870	+	44	0.332481	0	79	False	False	False	30.0	0.189873417721519	0.5471698113207547	0.48809523809523814	0.6844585452643507	0.35849242610111787	0.13100369421223895	84	79	0.9404761904761905	0.5119047619047619	0.5063291139240507	0.005575647980711196	False
U_ENSG00000207571.1	ENSG00000207571.1	miRNA	chr15	102923337	102923433	+	42	0.0	92	96	True	True	False	183.0	0.953125	0.989247311827957	0.9270833333333334	0.9792145124635363	0.9510045598369786	0.0393858672291994	96	96	1.0	0.7083333333333334	0.6979166666666666	0.01041666666666674	False
U_ENSG00000199122.3	ENSG00000199122.3	miRNA	chr15	103193548	103193647	+	42	0.0	96	99	True	True	False	177.0	0.8939393939393939	0.9489795918367347	0.9090909090909091	0.9604743083003953	0.9140624999999998	0.03534797566467096	99	99	1.0	0.43434343434343436	0.4444444444444444	0.010101010101010055	False
U_ENSG00000251759.1	ENSG00000251759.1	misc_RNA	chr3	74325890	74325984	-	46	0.437384	0	94	False	False	False	54.0	0.2872340425531915	0.550561797752809	0.5319148936170213	0.7944068678066201	0.4169659059194596	0.06269840747145485	94	94	1.0	0.3617021276595745	0.39361702127659576	0.03191489361702127	False
U_ENSG00000283278.1	ENSG00000283278.1	miRNA	chr5	131211186	131211276	-	43	0.351521	0	90	False	False	False	53.0	0.29444444444444445	0.5975609756097561	0.4842105263157894	0.6637964209587442	0.4244394931844701	0.16241432663694086	95	90	0.9473684210526315	0.3684210526315789	0.3	0.06842105263157894	False
U_ENSG00000289567.3	ENSG00000289567.3	lncRNA	chr12	3841727	3841950	-	33	0.135266	0	223	False	False	False	153.0	0.3430493273542601	0.5991189427312775	0.5575221238938053	0.8657503157605001	0.656954305097561	0.084636111556992	226	223	0.9867256637168141	0.5088495575221239	0.4304932735426009	0.07835628397952299	False
U_ENSG00000206941.1	ENSG00000206941.1	snoRNA	chr7	99131994	99132142	-	39	0.062114	145	148	True	True	False	203.0	0.6858108108108109	0.815068493150685	0.777027027027027	0.9125162784512568	0.7481125926998031	0.07134754069184704	148	148	1.0	0.47297297297297297	0.47297297297297297	0.0	False
U_ENSG00000207445.1	ENSG00000207445.1	snoRNA	chr7	99128773	99128919	-	39	0.0	146	146	True	True	True	235.0	0.8047945205479452	0.8943661971830986	0.8356164383561644	0.9262560188422218	0.802814191937817	0.06320794062008055	146	146	1.0	0.4794520547945205	0.5136986301369864	0.034246575342465835	False
U_tRNA-Gln-TTG-1-1	tRNA-Gln-TTG-1-1	tRNA	chr11	95750001	95750073	-	45	0.0	72	72	True	True	True	136.0	0.9444444444444444	1.0	0.8888888888888888	0.9706932034699823	0.9506172839506173	0.04453912197420253	72	72	1.0	0.5138888888888888	0.5138888888888888	0.0	False
U_ENSG00000222370.1	ENSG00000222370.1	snoRNA	chr1	184975104	184975235	+	40	0.100905	131	131	True	True	True	211.0	0.8053435114503816	0.8846153846153846	0.8702290076335878	0.8910653584141038	0.715143042914305	0.08837788686981583	131	131	1.0	0.35877862595419846	0.45038167938931295	0.09160305343511449	False
U_ENSG00000212479.2	ENSG00000212479.2	snoRNA	chr16	87398480	87398695	-	35	0.569429	123	215	True	True	False	55.0	0.12790697674418605	0.4896907216494845	0.413953488372093	0.5775306821325041	0.3097897485700634	0.177447079869603	215	215	1.0	0.5209302325581395	0.3627906976744186	0.1581395348837209	False
U_ENSG00000252423.1	ENSG00000252423.1	snRNA	chr5	132708293	132708393	+	43	0.215818	0	100	False	False	False	46.0	0.23	0.5402298850574713	0.5	0.5876323356719365	0.30429153260697267	0.15091121433207105	102	100	0.9803921568627451	0.39215686274509803	0.43	0.03784313725490196	False
U_ENSG00000207947.3	ENSG00000207947.3	miRNA	chr11	96741208	96741295	+	45	0.0	73	87	True	True	False	149.0	0.8563218390804598	0.9620253164556962	0.8620689655172413	0.8953266363753353	0.8108437164260031	0.06976744186046512	87	87	1.0	0.632183908045977	0.6206896551724138	0.011494252873563204	False
U_ENSG00000221739.1	ENSG00000221739.1	miRNA	chr11	96626894	96626975	+	45	0.053879	0	81	False	False	False	113.0	0.6975308641975309	0.8375	0.7058823529411764	0.876958373124158	0.6977007381068023	0.08515858222741926	85	81	0.9529411764705882	0.6235294117647059	0.6172839506172839	0.006245461147421971	False
U_ENSG00000284190.1	ENSG00000284190.1	miRNA	chr11	86474903	86474975	-	45	0.0	72	72	True	True	True	136.0	0.9444444444444444	0.971830985915493	0.9444444444444444	0.9563860422832393	0.9032258064516129	0.044539121974202525	72	72	1.0	0.4861111111111111	0.4722222222222222	0.013888888888888895	False
U_ENSG00000200086.1	ENSG00000200086.1	snRNA	chr11	29665347	29665452	+	44	0.461443	0	105	False	False	False	33.0	0.15865384615384615	0.546875	0.4285714285714286	0.6295833096926079	0.3239464538180731	0.18518239958210117	104	105	0.9904761904761905	0.36538461538461536	0.2857142857142857	0.07967032967032966	False
U_ENSG00000251775.1	ENSG00000251775.1	snoRNA	chr11	21283030	21283173	+	44	0.14896	0	143	False	False	False	78.0	0.2727272727272727	0.6033057851239669	0.4475524475524476	0.7618719905921667	0.5488530490226756	0.12074949436255103	143	143	1.0	0.3916083916083916	0.4125874125874126	0.02097902097902099	False
U_ENSG00000252726.1	ENSG00000252726.1	rRNA_pseudogene	chr11	24893137	24893241	-	44	0.593248	0	104	False	False	False	39.0	0.1875	0.6440677966101694	0.42592592592592593	0.5939887041393643	0.3606907404805202	0.20908619460686284	108	104	0.9629629629629629	0.4537037037037037	0.21153846153846154	0.24216524216524218	False
U_ENSG00000207924.3	ENSG00000207924.3	miRNA	chr15	102881770	102881880	+	42	0.0	85	110	True	True	False	207.0	0.9409090909090909	0.9904761904761905	0.9	0.9776806914856605	0.9396819714698791	0.031780748762731695	110	110	1.0	0.4818181818181818	0.4818181818181818	0.0	False
U_ENSG00000200807.1	ENSG00000200807.1	snRNA	chr11	24175910	24176069	-	44	0.492916	0	159	False	False	False	43.0	0.13522012578616352	0.49557522123893805	0.44654088050314467	0.7862640207479039	0.4070400951821509	0.10815194614325989	159	159	1.0	0.4779874213836478	0.4025157232704403	0.07547169811320753	False
U_ENSG00000252718.1	ENSG00000252718.1	snRNA	chr11	23861155	23861252	-	44	0.438678	0	97	False	False	False	44.0	0.2268041237113402	0.5416666666666666	0.4901960784313726	0.7493510059232368	0.40146482310766923	0.1046987521484115	102	97	0.9509803921568627	0.35294117647058826	0.35051546391752575	0.002425712553062509	False
U_ENSG00000206612.1	ENSG00000206612.1	snoRNA	chr15	98419663	98419800	-	42	0.394801	0	137	False	False	False	88.0	0.32592592592592595	0.6190476190476191	0.5109489051094891	0.8323839344845901	0.49778975135704073	0.07676013455920769	135	137	0.9854014598540146	0.43703703703703706	0.45985401459854014	0.022816977561503082	False
U_ENSG00000238427.1	ENSG00000238427.1	snRNA	chr3	68962027	68962096	-	46	0.455215	0	69	False	False	False	25.0	0.18115942028985507	0.5952380952380952	0.4492753623188406	0.6266805930568073	0.31472037278110593	0.10604562574894086	69	69	1.0	0.37681159420289856	0.37681159420289856	0.0	False
U_ENSG00000200397.1	ENSG00000200397.1	misc_RNA	chr5	9151987	9152093	+	43	0.489116	0	106	False	False	False	35.0	0.1715686274509804	0.5512820512820513	0.4339622641509434	0.6994701655859261	0.2507161108136085	0.10380820432008592	102	106	0.9622641509433962	0.4803921568627451	0.49056603773584906	0.010173880873103947	False
U_ENSG00000278520.1	ENSG00000278520.1	miRNA	chr15	93294672	93294832	-	42	0.119822	0	160	False	False	False	64.0	0.2	0.5588235294117647	0.51875	0.7995832905658975	0.4465379000636443	0.08894424920585503	160	160	1.0	0.59375	0.49375	0.09999999999999998	False
U_ENSG00000207548.3	ENSG00000207548.3	miRNA	chr11	28713722	28713832	+	44	0.0	105	110	True	True	False	172.0	0.7818181818181819	0.9029126213592233	0.8181818181818181	0.9262338698388903	0.82717625331758	0.05349497151234221	110	110	1.0	0.36363636363636365	0.37272727272727274	0.009090909090909094	False
U_ENSG00000284542.1	ENSG00000284542.1	miRNA	chr11	88907882	88907968	+	45	0.155062	86	86	True	True	True	82.0	0.47674418604651164	0.717948717948718	0.686046511627907	0.7958104172373507	0.5648457825594065	0.10390306901562173	86	86	1.0	0.5	0.4418604651162791	0.05813953488372092	False
U_ENSG00000251854.1	ENSG00000251854.1	snRNA	chr3	57578968	57579064	-	46	0.343893	0	96	False	False	False	42.0	0.21875	0.5625	0.51	0.6665149781641941	0.31194308553458344	0.14727671858555982	100	96	0.96	0.35	0.3229166666666667	0.027083333333333293	False
U_ENSG00000274864.1	ENSG00000274864.1	misc_RNA	chr6	52138907	52138966	+	48	0.0	56	59	True	True	False	108.0	0.9152542372881356	0.9649122807017544	0.8983050847457628	0.912793454521686	0.8529411764705882	0.05972588991616819	59	59	1.0	0.4406779661016949	0.423728813559322	0.01694915254237289	False
U_ENSG00000278234.1	ENSG00000278234.1	snRNA	chr3	58085588	58085671	+	46	0.320671	0	83	False	False	False	41.0	0.2469879518072289	0.5875	0.5476190476190477	0.5680890156091937	0.24654784389823708	0.13411069070927203	84	83	0.9880952380952381	0.35714285714285715	0.43373493975903615	0.076592082616179	False
U_ENSG00000207798.1	ENSG00000207798.1	miRNA	chr11	28706996	28707106	+	44	0.0	72	110	True	True	False	183.0	0.8318181818181818	0.9142857142857143	0.8545454545454545	0.9309351846928283	0.7907030007796111	0.048545895615864046	110	110	1.0	0.4727272727272727	0.45454545454545453	0.018181818181818188	False
U_ENSG00000221491.2	ENSG00000221491.2	snoRNA	chr15	98417596	98417733	-	42	0.077368	137	137	True	True	True	208.0	0.7591240875912408	0.855072463768116	0.8467153284671532	0.8034921969809482	0.6636300549524925	0.11579423344135016	137	137	1.0	0.5036496350364964	0.41605839416058393	0.08759124087591247	False
U_ENSG00000207313.1	ENSG00000207313.1	snoRNA	chr15	98424229	98424366	-	42	0.0	134	137	True	True	False	244.0	0.8905109489051095	0.9402985074626866	0.8978102189781022	0.9490056763652129	0.8739870522118336	0.046504083237770284	137	137	1.0	0.40145985401459855	0.3795620437956204	0.02189781021897813	False
U_ENSG00000284353.1	ENSG00000284353.1	miRNA	chr11	87647674	87647761	+	45	0.0	87	87	True	True	True	165.0	0.9482758620689655	0.9880952380952381	0.9195402298850575	0.9676029621929336	0.9454279157259659	0.046511627906976744	87	87	1.0	0.4482758620689655	0.4482758620689655	0.0	False
U_ENSG00000207996.1	ENSG00000207996.1	miRNA	chr11	87003828	87003914	+	45	0.0	85	86	True	True	False	150.0	0.872093023255814	0.9285714285714286	0.8953488372093024	0.924302365238411	0.820632725938057	0.06655122646461624	86	86	1.0	0.4069767441860465	0.47674418604651164	0.06976744186046513	False
U_ENSG00000238862.1	ENSG00000238862.1	snoRNA	chr14	30737105	30737184	-	49	0.149255	79	79	True	True	True	94.0	0.5949367088607594	0.8108108108108109	0.7380952380952381	0.8894216130274017	0.763994968365834	0.10363280398933562	84	79	0.9404761904761905	0.30952380952380953	0.3037974683544304	0.0057263411693791455	False
U_ENSG00000199085.3	ENSG00000199085.3	miRNA	chr6	51246807	51246875	-	48	0.0	68	68	True	True	True	129.0	0.9485294117647058	0.9848484848484849	0.9264705882352942	0.9661167851311131	0.930220816045865	0.04221533022009239	68	68	1.0	0.45588235294117646	0.4264705882352941	0.02941176470588236	False
U_ENSG00000266315.1	ENSG00000266315.1	miRNA	chr4	59219392	59219461	+	20	0.366965	0	69	False	False	False	47.0	0.34057971014492755	0.7380952380952381	0.4	0.6114280325400675	0.42255563802419693	0.2175141320927302	70	69	0.9857142857142858	0.3	0.43478260869565216	0.13478260869565217	False
U_ENSG00000273500.1	ENSG00000273500.1	miRNA	chr11	95664353	95664465	+	45	0.0	0	112	False	False	False	138.0	0.6330275229357798	0.7678571428571429	0.75	0.782416469402354	0.5472607052910243	0.09578473393916347	109	112	0.9732142857142857	0.3944954128440367	0.41964285714285715	0.02514744429882043	False
U_ENSG00000274075.1	ENSG00000274075.1	misc_RNA	chr6	147022465	147022641	-	41	0.031789	0	176	False	False	False	239.0	0.6789772727272727	0.8197674418604651	0.7784090909090909	0.9174350339750451	0.786091001071174	0.04426266681379905	176	176	1.0	0.5227272727272727	0.5568181818181818	0.03409090909090906	False
U_ENSG00000198987.1	ENSG00000198987.1	miRNA	chr3	68917237	68917318	+	46	0.0	81	81	True	True	True	148.0	0.9135802469135802	0.974025974025974	0.8765432098765432	0.9541934121687162	0.8891084489487742	0.05000000000000001	81	81	1.0	0.37037037037037035	0.35802469135802467	0.012345679012345678	False
U_ENSG00000199492.1	ENSG00000199492.1	snRNA	chr11	95039757	95039854	+	45	0.362147	0	97	False	False	False	33.0	0.17010309278350516	0.5375	0.4411764705882353	0.5782500871973403	0.3165431766611587	0.19382684598782468	102	97	0.9509803921568627	0.39215686274509803	0.5876288659793815	0.19547200323428343	False
U_ENSG00000276609.1	ENSG00000276609.1	misc_RNA	chr6	52238137	52238193	+	48	0.124743	55	56	True	True	False	64.0	0.5714285714285714	0.7454545454545455	0.7017543859649122	0.8571790013945818	0.6154574548966636	0.0778693003083439	57	56	0.9824561403508771	0.6842105263157895	0.6964285714285714	0.012218045112781906	False
U_ENSG00000283888.1	ENSG00000283888.1	miRNA	chr7	70008813	70008860	-	52	0.010907	47	47	True	True	True	73.0	0.776595744680851	0.8913043478260869	0.851063829787234	0.8940913820183033	0.7994146166708305	0.1267598238009848	47	47	1.0	0.851063829787234	0.7872340425531915	0.06382978723404253	False
U_ENSG00000284038.1	ENSG00000284038.1	miRNA	chr11	96207985	96208095	+	45	0.0	105	110	True	True	False	207.0	0.9409090909090909	0.9904761904761905	0.9	0.966885014040249	0.94841683818839	0.043031337246086515	110	110	1.0	0.39090909090909093	0.38181818181818183	0.009090909090909094	False
U_ENSG00000207779.1	ENSG00000207779.1	miRNA	chr3	68917084	68917182	+	46	0.0	64	98	True	True	False	176.0	0.8979591836734694	0.9574468085106383	0.8877551020408163	0.9467213114754099	0.8902054318620231	0.041237113402061855	98	98	1.0	0.3673469387755102	0.3469387755102041	0.020408163265306145	False
U_ENSG00000222251.1	ENSG00000222251.1	rRNA_pseudogene	chr11	23629582	23629714	-	44	0.201419	0	132	False	False	False	33.0	0.125	0.48854961832061067	0.45255474452554745	0.5070785024745097	0.2911450718632345	0.21685381754754648	137	132	0.9635036496350365	0.45255474452554745	0.3787878787878788	0.07376686573766866	False
U_ENSG00000212493.1	ENSG00000212493.1	snoRNA	chr14	30738164	30738232	-	49	0.0	68	68	True	True	True	88.0	0.6470588235294118	0.8867924528301887	0.75	0.8547733694797468	0.7226237914621592	0.08702913275888509	68	68	1.0	0.45588235294117646	0.4117647058823529	0.04411764705882354	False
U_ENSG00000200847.1	ENSG00000200847.1	misc_RNA	chr6	49205987	49206089	-	48	0.520979	0	102	False	False	False	25.0	0.12254901960784313	0.47191011235955055	0.4117647058823529	0.6506496351610378	0.30883187813723395	0.09074407316744237	102	102	1.0	0.46078431372549017	0.4411764705882353	0.019607843137254888	False
U_ENSG00000273750.1	ENSG00000273750.1	misc_RNA	chr11	96091010	96091137	-	45	0.077865	127	127	True	True	True	112.0	0.4409448818897638	0.6875	0.6141732283464567	0.8545915798086995	0.5700243011267786	0.06447649527488857	127	127	1.0	0.5118110236220472	0.5275590551181102	0.015748031496062964	False
U_ENSG00000277129.1	ENSG00000277129.1	misc_RNA	chr15	102858206	102858357	+	42	0.0	151	151	True	True	True	258.0	0.8543046357615894	0.9315068493150684	0.847682119205298	0.9586003506762838	0.8823619742275013	0.04320493798938573	151	151	1.0	0.4768211920529801	0.48344370860927155	0.0066225165562914245	False
U_ENSG00000265902.1	ENSG00000265902.1	miRNA	chr7	99664513	99664579	+	39	0.298806	0	66	False	False	False	24.0	0.18181818181818182	0.5789473684210527	0.4571428571428572	0.6349206349206349	0.24050632911392406	0.13408660348709914	70	66	0.9428571428571428	0.44285714285714284	0.5	0.05714285714285716	False
U_ENSG00000222706.1	ENSG00000222706.1	misc_RNA	chr18	45596113	45596352	+	37	0.502095	0	239	False	False	False	50.0	0.10460251046025104	0.527027027027027	0.44628099173553715	0.5765870743833519	0.3363765319856875	0.20237517645297462	242	239	0.987603305785124	0.5371900826446281	0.3263598326359833	0.2108302500086448	False
U_ENSG00000264013.1	ENSG00000264013.1	miRNA	chr14	27894623	27894726	+	49	0.3996	0	103	False	False	False	40.0	0.1941747572815534	0.5172413793103449	0.4271844660194175	0.6800969170118414	0.3617864329641496	0.13513773286362962	103	103	1.0	0.3592233009708738	0.46601941747572817	0.10679611650485438	False
U_ENSG00000274396.1	ENSG00000274396.1	misc_RNA	chr6	52138987	52139089	+	48	0.084016	102	102	True	True	True	144.0	0.7058823529411765	0.8181818181818182	0.7843137254901961	0.8727106113719068	0.6778807978388732	0.05940594059405941	102	102	1.0	0.35294117647058826	0.3431372549019608	0.009803921568627472	False
U_ENSG00000284239.1	ENSG00000284239.1	miRNA	chr18	75138771	75138821	-	53	0.283169	0	50	False	False	False	30.0	0.3	0.6086956521739131	0.54	0.6871842709362769	0.3671258611692898	0.07069595132934194	50	50	1.0	0.7	0.7	0.0	False
U_ENSG00000276528.1	ENSG00000276528.1	misc_RNA	chr6	52135415	52135538	+	48	0.12797	123	123	True	True	True	168.0	0.6829268292682927	0.8	0.76	0.8814278316287111	0.6933401811714085	0.04355272950344927	125	123	0.984	0.656	0.6991869918699187	0.0431869918699187	False
U_ENSG00000283745.1	ENSG00000283745.1	miRNA	chr6	52207063	52207147	-	48	0.0	84	84	True	True	True	162.0	0.9642857142857143	1.0	0.9285714285714286	0.9838800852984785	0.9715581473308016	0.029511924611845507	84	84	1.0	0.47619047619047616	0.47619047619047616	0.0	False
U_ENSG00000222345.1	ENSG00000222345.1	snoRNA	chr14	30736673	30736749	-	49	0.289509	76	76	True	True	True	27.0	0.17763157894736842	0.6486486486486487	0.4078947368421053	0.6715822565201728	0.3369788098733936	0.14966629547095764	76	76	1.0	0.35526315789473684	0.47368421052631576	0.11842105263157893	False
U_ENSG00000283237.1	ENSG00000283237.1	miRNA	chr6	54798041	54798140	-	48	0.301781	0	99	False	False	False	35.0	0.18041237113402062	0.573170731707317	0.505050505050505	0.7844569426492463	0.4777665429529546	0.10731523292256465	97	99	0.9797979797979798	0.5051546391752577	0.5555555555555556	0.05040091638029787	False
U_ENSG00000252763.1	ENSG00000252763.1	snRNA	chr3	68454882	68455037	-	46	0.176562	155	155	True	True	True	95.0	0.3064516129032258	0.6013513513513513	0.5419354838709678	0.7545740901335647	0.4894851725302659	0.12043660383760653	155	155	1.0	0.3935483870967742	0.45806451612903226	0.06451612903225806	False
U_ENSG00000253072.1	ENSG00000253072.1	snoRNA	chr7	114664441	114664527	-	50	0.303871	0	86	False	False	False	28.0	0.16279069767441862	0.4939759036144578	0.4767441860465116	0.45914744469395913	0.1350919527615362	0.20172268469979113	86	86	1.0	0.3488372093023256	0.43023255813953487	0.08139534883720928	False
U_ENSG00000266276.3	ENSG00000266276.3	miRNA	chr18	75738760	75738827	-	53	0.061968	14	67	True	False	False	49.0	0.3656716417910448	0.7317073170731707	0.4057971014492754	0.6501564807003467	0.3569117567703406	0.13917876403892962	69	67	0.9710144927536232	0.5362318840579711	0.47761194029850745	0.05861994375946361	False
U_ENSG00000252787.2	ENSG00000252787.2	snoRNA	chr14	30738472	30738544	-	49	0.305716	72	72	True	True	True	57.0	0.3958333333333333	0.6779661016949152	0.5342465753424658	0.686170439241126	0.3913624368306511	0.11075132131387184	73	72	0.9863013698630136	0.4383561643835616	0.375	0.06335616438356162	False
U_ENSG00000283788.1	ENSG00000283788.1	miRNA	chr19	47649557	47649653	-	19	0.219459	14	96	True	False	False	69.0	0.359375	0.6236559139784946	0.5918367346938775	0.7852613185085999	0.5333921125624018	0.10317271368103595	98	96	0.9795918367346939	0.5408163265306123	0.6041666666666666	0.06335034013605434	False
U_ENSG00000207363.1	ENSG00000207363.1	misc_RNA	chrX	139634123	139634225	-	11	0.469616	0	102	False	False	False	33.0	0.16176470588235295	0.5333333333333333	0.5	0.6391700159595005	0.35108538518037596	0.13719214317377246	102	102	1.0	0.4411764705882353	0.4019607843137255	0.039215686274509776	False
U_ENSG00000212452.1	ENSG00000212452.1	snoRNA	chr14	30736247	30736324	-	49	0.0	77	77	True	True	True	107.0	0.6948051948051948	0.8311688311688312	0.7662337662337663	0.8999504206518434	0.7550430153458073	0.07672305124796447	77	77	1.0	0.4155844155844156	0.42857142857142855	0.012987012987012936	False
U_ENSG00000274817.1	ENSG00000274817.1	misc_RNA	chr15	102857859	102858036	+	42	0.0	168	177	True	True	False	284.0	0.8022598870056498	0.9058823529411765	0.8248587570621468	0.9623118601552649	0.8590195419925889	0.044011174388720646	177	177	1.0	0.4406779661016949	0.4463276836158192	0.005649717514124297	False
U_ENSG00000273961.1	ENSG00000273961.1	misc_RNA	chr6	52222986	52223081	+	48	0.0	95	95	True	True	True	174.0	0.9157894736842105	0.9578947368421052	0.9081632653061225	0.9540456025157944	0.9254311688511522	0.040570773917943795	98	95	0.9693877551020408	0.6836734693877551	0.6421052631578947	0.04156820622986035	False
U_ENSG00000274006.1	ENSG00000274006.1	misc_RNA	chr7	90775560	90775776	-	39	0.071504	203	216	True	True	False	174.0	0.4084507042253521	0.6542056074766355	0.5925925925925926	0.9082069073832093	0.695447119548645	0.08548704939182412	213	216	0.9861111111111112	0.3380281690140845	0.32407407407407407	0.01395409494001043	False
U_ENSG00000280904.1	ENSG00000280904.1	snoRNA	chr14	30738477	30738554	-	49	0.231877	77	77	True	True	True	53.0	0.34415584415584416	0.6349206349206349	0.525	0.6326738983927124	0.3479911522267119	0.12863767462372905	80	77	0.9625	0.4375	0.37662337662337664	0.06087662337662336	False
U_ENSG00000276496.1	ENSG00000276496.1	misc_RNA	chr6	52223691	52223789	+	48	0.124774	97	98	True	True	False	147.0	0.75	0.8469387755102041	0.7755102040816326	0.8965200577350226	0.8049549140388694	0.05256721148033799	98	98	1.0	0.5714285714285714	0.5714285714285714	0.0	False
U_ENSG00000276179.1	ENSG00000276179.1	misc_RNA	chr7	90772218	90772431	-	39	0.155876	201	213	True	True	False	193.0	0.45305164319248825	0.6666666666666666	0.5963302752293578	0.8373727307366148	0.6179221399754913	0.0976274079060306	218	213	0.9770642201834863	0.5229357798165137	0.431924882629108	0.09101089718740574	False
U_ENSG00000201218.1	ENSG00000201218.1	misc_RNA	chr6	7787348	7787457	-	48	0.447767	0	109	False	False	False	32.0	0.14678899082568808	0.48148148148148145	0.45871559633027525	0.6157302363284406	0.2989806459567887	0.1576795033882074	109	109	1.0	0.43119266055045874	0.5137614678899083	0.08256880733944955	False
U_tRNA-Tyr-GTA-12-1	tRNA-Tyr-GTA-12-1	tRNA	chr7	74340044	74340118	+	52	0.429914	0	74	False	False	False	58.0	0.3972602739726027	0.6176470588235294	0.5675675675675675	0.7550086004176729	0.3777247238744092	0.10186077601006491	73	74	0.9864864864864865	0.5068493150684932	0.5	0.006849315068493178	False
U_ENSG00000273658.1	ENSG00000273658.1	misc_RNA	chr15	102394333	102394515	+	42	0.0	173	182	True	True	False	346.0	0.9505494505494505	1.0	0.9010989010989011	0.9913828016574314	0.974611269346766	0.022099447513812154	182	182	1.0	0.5659340659340659	0.5714285714285714	0.005494505494505475	False
U_ENSG00000278236.1	ENSG00000278236.1	misc_RNA	chr5	9178820	9178988	-	43	0.237558	0	168	False	False	False	125.0	0.37202380952380953	0.6540880503144654	0.5988372093023255	0.84195441025125	0.5849821550755523	0.09251791381736828	172	168	0.9767441860465116	0.5232558139534884	0.5714285714285714	0.04817275747508298	False
U_ENSG00000264984.1	ENSG00000264984.1	miRNA	chr7	109463940	109464008	-	50	0.173427	0	68	False	False	False	50.0	0.36764705882352944	0.7096774193548387	0.5	0.7836530125736798	0.531680224685263	0.08443066044018478	68	68	1.0	0.5441176470588235	0.5147058823529411	0.02941176470588236	False
U_ENSG00000275567.1	ENSG00000275567.1	lncRNA	chr6	142559538	142559740	-	41	0.122549	0	202	False	False	False	152.0	0.37623762376237624	0.6310679611650486	0.624390243902439	0.8638146713684163	0.583678115876268	0.08204395904971079	205	202	0.9853658536585366	0.375609756097561	0.42574257425742573	0.050132818159864756	False
U_ENSG00000207771.1	ENSG00000207771.1	miRNA	chr6	54798040	54798133	+	48	0.135552	0	93	False	False	False	35.0	0.1881720430107527	0.5542168674698795	0.5154639175257731	0.7797455365226217	0.44973403502592757	0.10710069239892589	97	93	0.9587628865979382	0.5051546391752577	0.5483870967741935	0.04323245759893579	False
U_ENSG00000252828.1	ENSG00000252828.1	rRNA_pseudogene	chr6	96995383	96995509	+	47	0.321982	0	126	False	False	False	39.0	0.156	0.5287356321839081	0.45238095238095233	0.621950747588207	0.2884185572313498	0.13913414424091752	125	126	0.9920634920634921	0.456	0.4603174603174603	0.0043174603174602755	False
U_ENSG00000221264.1	ENSG00000221264.1	miRNA	chr6	99461542	99461662	-	47	0.124716	111	120	True	True	False	172.0	0.7166666666666667	0.8571428571428571	0.8	0.9211205755785169	0.8268904869055707	0.08403361344537816	120	120	1.0	0.3	0.35	0.04999999999999999	False
U_ENSG00000266582.1	ENSG00000266582.1	miRNA	chr18	76819864	76819932	-	53	0.381687	0	68	False	False	False	39.0	0.2867647058823529	0.6666666666666666	0.4285714285714286	0.655285751291144	0.31448545101657555	0.12899136739180916	70	68	0.9714285714285714	0.4857142857142857	0.5	0.01428571428571429	False
U_ENSG00000251991.1	ENSG00000251991.1	snRNA	chr7	113835396	113835458	+	50	0.525598	0	62	False	False	False	26.0	0.20967741935483872	0.5897435897435898	0.4354838709677419	0.6905207349883973	0.42939155135738794	0.18254965124032857	62	62	1.0	0.3870967741935484	0.3387096774193548	0.04838709677419356	False
U_ENSG00000251987.1	ENSG00000251987.1	snoRNA	chr14	30040520	30040600	+	49	0.256694	0	80	False	False	False	46.0	0.2875	0.582089552238806	0.44999999999999996	0.6498215456855162	0.3303308406108203	0.14543196573513997	80	80	1.0	0.425	0.5375	0.11249999999999999	False
U_ENSG00000264571.1	ENSG00000264571.1	miRNA	chr18	69580103	69580180	-	53	0.437458	0	77	False	False	False	39.0	0.2532467532467532	0.6346153846153846	0.47435897435897434	0.6805013360995252	0.3283622727692964	0.11756490524712279	78	77	0.9871794871794872	0.5128205128205128	0.5324675324675324	0.019647019647019648	False
U_ENSG00000289247.1	ENSG00000289247.1	lncRNA	chr11	22957816	22957988	+	44	0.212315	0	172	False	False	False	87.0	0.25290697674418605	0.5588235294117647	0.48587570621468923	0.8691852402010272	0.5557726635687211	0.0855895063743329	177	172	0.9717514124293786	0.5423728813559322	0.5	0.0423728813559322	False
U_ENSG00000276185.1	ENSG00000276185.1	misc_RNA	chr5	9047290	9047468	-	43	0.093878	137	178	True	True	False	123.0	0.3455056179775281	0.6057142857142858	0.6043956043956045	0.8539356250211596	0.5927127375302884	0.09161111573032392	182	178	0.978021978021978	0.6703296703296703	0.6460674157303371	0.024262254599333177	False
U_ENSG00000278351.1	ENSG00000278351.1	lncRNA	chr15	95716373	95716622	+	42	0.154184	0	249	False	False	False	305.0	0.6124497991967871	0.7625	0.6968503937007874	0.8612182526722835	0.6731438123305471	0.0747701359440592	254	249	0.9803149606299213	0.2992125984251969	0.3293172690763052	0.030104670651108334	False
U_ENSG00000206623.1	ENSG00000206623.1	snRNA	chr6	52987819	52987921	-	48	0.505419	0	102	False	False	False	46.0	0.22549019607843138	0.5662650602409639	0.42056074766355145	0.515849956298832	0.27034936974565943	0.18701478718105502	107	102	0.9532710280373832	0.37383177570093457	0.46078431372549017	0.0869525380245556	False
U_ENSG00000275789.1	ENSG00000275789.1	miRNA	chr14	30591205	30591292	+	49	0.139718	0	87	False	False	False	73.0	0.41954022988505746	0.6746987951807228	0.6	0.6391348450815258	0.37581284453521147	0.15079721567188006	90	87	0.9666666666666667	0.5888888888888889	0.4827586206896552	0.10613026819923371	False
U_ENSG00000201223.1	ENSG00000201223.1	snRNA	chr15	9137446	9137545	-	31	0.084971	0	99	False	False	False	32.0	0.16161616161616163	0.5384615384615384	0.46153846153846156	0.6235580158311578	0.3137431524367548	0.10993373513475838	104	99	0.9519230769230769	0.46153846153846156	0.5151515151515151	0.053613053613053574	False
U_ENSG00000202190.1	ENSG00000202190.1	misc_RNA	chr10	69816893	69817007	-	51	0.424282	0	114	False	False	False	40.0	0.17543859649122806	0.5466666666666666	0.4473684210526315	0.3774982529316784	0.17859170165009702	0.2716107832428815	114	114	1.0	0.45614035087719296	0.23684210526315788	0.21929824561403508	False
U_ENSG00000273623.1	ENSG00000273623.1	misc_RNA	chr5	9047527	9047679	-	43	0.158476	0	152	False	False	False	82.0	0.26973684210526316	0.5555555555555556	0.48684210526315785	0.735450879270288	0.4075422658378193	0.11277739315183047	152	152	1.0	0.5131578947368421	0.4407894736842105	0.07236842105263164	False
U_ENSG00000308764.1	ENSG00000308764.1	lncRNA	chr11	86436050	86436204	+	45	0.05633	112	154	True	True	False	149.0	0.4837662337662338	0.7074829931972789	0.6558441558441559	0.8590909059964644	0.5376281785819111	0.07219190207311935	154	154	1.0	0.4675324675324675	0.42207792207792205	0.04545454545454547	False
U_ENSG00000283301.1	ENSG00000283301.1	miRNA	chr11	70243061	70243110	-	54	0.55297	0	49	False	False	False	40.0	0.40816326530612246	0.75	0.537037037037037	0.6466849518213859	0.4045743286581601	0.21038946200528888	54	49	0.9074074074074074	0.4444444444444444	0.42857142857142855	0.015873015873015872	False
U_ENSG00000284525.1	ENSG00000284525.1	miRNA	chr7	101917411	101917486	+	50	0.261216	75	75	True	True	True	79.0	0.5266666666666666	0.7205882352941176	0.625	0.7834811938289397	0.5433565146519239	0.11083314263326514	80	75	0.9375	0.65	0.5733333333333334	0.07666666666666666	False
U_ENSG00000206944.1	ENSG00000206944.1	snRNA	chr18	76161058	76161162	+	53	0.505576	0	104	False	False	False	31.0	0.14903846153846154	0.5544554455445545	0.485981308411215	0.658779365320492	0.2654848023776522	0.12835024195205236	107	104	0.9719626168224299	0.4205607476635514	0.4230769230769231	0.0025161754133716796	False
U_ENSG00000283551.1	ENSG00000283551.1	snoRNA	chr10	62601356	62601423	-	51	0.0	63	67	True	True	False	117.0	0.8731343283582089	0.9538461538461539	0.8656716417910448	0.9562774981526986	0.9168656608439085	0.05248638810814779	67	67	1.0	0.3880597014925373	0.373134328358209	0.014925373134328346	False
U_ENSG00000278642.1	ENSG00000278642.1	lncRNA	chr11	87989276	87989457	-	45	0.254951	0	181	False	False	False	101.0	0.28212290502793297	0.5901639344262295	0.5138121546961326	0.7731355282023913	0.5209524236156059	0.11381636376184137	179	181	0.988950276243094	0.5083798882681564	0.4198895027624309	0.08849038550572547	False
U_ENSG00000284094.1	ENSG00000284094.1	miRNA	chr7	115073006	115073094	-	50	0.233987	88	88	True	True	True	43.0	0.24431818181818182	0.5915492957746479	0.4606741573033708	0.6641373655540581	0.3815030202441988	0.14467333700255391	89	88	0.9887640449438202	0.48314606741573035	0.4772727272727273	0.0058733401430030585	False
U_ENSG00000297023.1	ENSG00000297023.1	lncRNA	chr11	18969068	18969250	+	44	0.038942	182	182	True	True	True	207.0	0.5686813186813187	0.73224043715847	0.6208791208791209	0.9158812601391618	0.7789309111387339	0.05846964223347161	182	182	1.0	0.554945054945055	0.5604395604395604	0.005494505494505475	False
U_ENSG00000252301.1	ENSG00000252301.1	rRNA_pseudogene	chr14	8916859	8916957	-	49	0.398859	0	98	False	False	False	30.0	0.15625	0.4888888888888889	0.40816326530612246	0.6161757066061854	0.30579626202160065	0.1820256525362528	96	98	0.9795918367346939	0.4895833333333333	0.30612244897959184	0.18346088435374147	False
U_ENSG00000252905.1	ENSG00000252905.1	rRNA_pseudogene	chr7	109245548	109245644	+	50	0.525199	0	96	False	False	False	26.0	0.13541666666666666	0.5068493150684932	0.46875	0.48918423327575705	0.22064768100909898	0.20787808061191052	96	96	1.0	0.46875	0.2708333333333333	0.19791666666666669	False
U_ENSG00000212306.1	ENSG00000212306.1	misc_RNA	chr7	66303582	66303676	-	52	0.5174	0	94	False	False	False	23.0	0.12234042553191489	0.6060606060606061	0.43157894736842106	0.5812969440691353	0.28167840351133566	0.19326917342583425	95	94	0.9894736842105263	0.4842105263157895	0.4787234042553192	0.005487122060470306	False
U_ENSG00000274967.1	ENSG00000274967.1	misc_RNA	chr14	30243729	30243836	-	49	0.419574	0	107	False	False	False	32.0	0.14953271028037382	0.47126436781609193	0.4464285714285714	0.5673405449078713	0.28224401448677583	0.21405141387967902	112	107	0.9553571428571429	0.44642857142857145	0.5514018691588785	0.104973297730307	False
U_ENSG00000275373.1	ENSG00000275373.1	miRNA	chr7	111872272	111872352	+	50	0.208061	0	80	False	False	False	67.0	0.41875	0.6891891891891891	0.611764705882353	0.7661917140703886	0.532916503778969	0.13515860183773148	85	80	0.9411764705882353	0.611764705882353	0.5625	0.04926470588235299	False
U_ENSG00000221703.1	ENSG00000221703.1	miRNA	chr7	106950437	106950510	+	50	0.213404	0	73	False	False	False	49.0	0.3402777777777778	0.5972222222222222	0.5753424657534247	0.5531261517533357	0.28581431942871155	0.1672721667301337	72	73	0.9863013698630136	0.4027777777777778	0.5205479452054794	0.11777016742770163	False
U_ENSG00000200238.1	ENSG00000200238.1	rRNA_pseudogene	chr14	27586114	27586231	-	49	0.0	0	117	False	False	False	108.0	0.46153846153846156	0.6727272727272727	0.6638655462184874	0.8338112374425305	0.6119614198526601	0.07782317607425658	119	117	0.9831932773109243	0.4957983193277311	0.5470085470085471	0.051210227680815956	False
U_ENSG00000221594.1	ENSG00000221594.1	miRNA	chr10	73821265	73821344	+	51	0.4961	0	79	False	False	False	31.0	0.1962025316455696	0.5074626865671642	0.47619047619047616	0.5686770726238656	0.2662233302558887	0.19705636713179528	84	79	0.9404761904761905	0.30952380952380953	0.4177215189873418	0.10819770946353224	False
U_ENSG00000307627.1	ENSG00000307627.1	lncRNA	chr6	136918996	136919236	+	41	0.116443	0	240	False	False	False	174.0	0.3625	0.6213991769547325	0.616326530612245	0.8571489695816151	0.5971902605475194	0.07472300153320681	245	240	0.9795918367346939	0.40816326530612246	0.35	0.05816326530612248	False
U_ENSG00000202093.1	ENSG00000202093.1	snoRNA	chr18	75135954	75136023	+	53	0.319641	0	69	False	False	False	59.0	0.4609375	0.6935483870967742	0.6376811594202898	0.515468096211688	0.19940748776064995	0.19146796049495557	64	69	0.927536231884058	0.359375	0.4927536231884058	0.13337862318840582	False
U_ENSG00000284324.1	ENSG00000284324.1	miRNA	chr7	73187564	73187637	-	52	0.155444	2	73	True	False	False	68.0	0.4657534246575342	0.7241379310344828	0.6103896103896104	0.7538858070024512	0.44662299149385504	0.12401935707864618	77	73	0.948051948051948	0.7142857142857143	0.684931506849315	0.02935420743639927	False
U_ENSG00000277694.1	ENSG00000277694.1	misc_RNA	chr6	52139102	52139252	+	48	0.12098	150	150	True	True	True	173.0	0.596551724137931	0.7430555555555556	0.7133333333333334	0.8255793830788193	0.5744705097845418	0.07659348384736923	145	150	0.9666666666666667	0.4206896551724138	0.4533333333333333	0.03264367816091951	False
U_ENSG00000206602.1	ENSG00000206602.1	snoRNA	chr18	75134523	75134588	+	53	0.0	63	65	True	True	False	108.0	0.8307692307692308	0.9047619047619048	0.8461538461538461	0.842029357099251	0.7011456636143746	0.0855816496101822	65	65	1.0	0.38461538461538464	0.4307692307692308	0.046153846153846156	False
U_ENSG00000271982.1	ENSG00000271982.1	snoRNA	chr18	75134126	75134192	+	53	0.0	64	66	True	True	False	110.0	0.8333333333333334	0.90625	0.8484848484848485	0.8378823208695425	0.676056338028169	0.08140773264814126	66	66	1.0	0.4090909090909091	0.3939393939393939	0.015151515151515194	False
U_ENSG00000206948.1	ENSG00000206948.1	snoRNA	chrX	74145016	74145152	+	22	0.18279	116	136	True	True	False	123.0	0.4659090909090909	0.6854838709677419	0.6544117647058824	0.838868715852341	0.5614899250748772	0.09110641398872944	132	136	0.9705882352941176	0.4015151515151515	0.4485294117647059	0.04701426024955441	False
U_tRNA-Ser-TGA-1-1	tRNA-Ser-TGA-1-1	tRNA	chr10	63265258	63265340	-	51	0.0	78	82	True	True	False	156.0	0.9512195121951219	1.0	0.9024390243902439	0.9756060828611426	0.9535528383634794	0.030240614108434295	82	82	1.0	0.6219512195121951	0.6097560975609756	0.012195121951219523	False
U_ENSG00000283343.1	ENSG00000283343.1	miRNA	chr18	74638671	74638733	+	53	0.087112	0	62	False	False	False	45.0	0.3629032258064516	0.6415094339622641	0.6	0.665527833138658	0.2861617460312277	0.08861742461717506	65	62	0.9538461538461539	0.46153846153846156	0.5161290322580645	0.05459057071960294	False
U_ENSG00000264534.3	ENSG00000264534.3	miRNA	chr6	113726886	113726939	+	56	0.292288	0	53	False	False	False	59.0	0.5566037735849056	0.7708333333333334	0.7017543859649122	0.6780692332495788	0.3941203906840411	0.11935540657268384	57	53	0.9298245614035088	0.5087719298245614	0.5660377358490566	0.05726580602449516	False
U_ENSG00000221518.1	ENSG00000221518.1	snRNA	chr14	30830206	30830341	-	49	0.242001	0	135	False	False	False	56.0	0.2074074074074074	0.56	0.4492753623188406	0.69813117120932	0.4059278264936156	0.10275321674554241	138	135	0.9782608695652174	0.45652173913043476	0.4	0.056521739130434734	False
U_ENSG00000212608.1	ENSG00000212608.1	snoRNA	chr14	30169833	30169957	+	49	0.129998	0	124	False	False	False	61.0	0.24596774193548387	0.5528455284552846	0.5403225806451613	0.7180175425257124	0.422686027856781	0.09957275377167389	124	124	1.0	0.3629032258064516	0.41935483870967744	0.05645161290322581	False
U_ENSG00000273606.1	ENSG00000273606.1	miRNA	chr11	74557712	74557770	+	54	0.129843	3	58	True	False	False	28.0	0.2413793103448276	0.559322033898305	0.5084745762711864	0.6667200833300806	0.31383769450800275	0.16137885950380684	59	58	0.9830508474576272	0.711864406779661	0.5862068965517241	0.12565751022793692	False
U_ENSG00000201403.1	ENSG00000201403.1	snoRNA	chr7	115932406	115932496	-	50	0.0	90	90	True	True	True	141.0	0.7833333333333333	0.8764044943820225	0.8333333333333334	0.9240588586495357	0.8065318088218585	0.05945508564190091	90	90	1.0	0.43333333333333335	0.4777777777777778	0.04444444444444445	False
U_ENSG00000305764.1	ENSG00000305764.1	lncRNA	chr9	44390827	44391029	-	18	0.181354	202	202	True	True	True	133.0	0.33585858585858586	0.7063492063492064	0.5297029702970297	0.9045100290356962	0.6680193813526765	0.047582337821303916	198	202	0.9801980198019802	0.6111111111111112	0.6089108910891089	0.002200220022002264	False
U_ENSG00000265957.1	ENSG00000265957.1	miRNA	chr18	78883720	78883809	+	53	0.239584	0	89	False	False	False	34.0	0.2	0.7241379310344828	0.4606741573033708	0.38758765749311336	0.1637433900334292	0.22702651062112275	85	89	0.9550561797752809	0.5294117647058824	0.4157303370786517	0.11368142762723066	False
U_ENSG00000200872.1	ENSG00000200872.1	rRNA_pseudogene	chr18	75874211	75874325	+	53	0.408501	0	114	False	False	False	37.0	0.16228070175438597	0.5964912280701754	0.4385964912280702	0.6106377688697805	0.3280355402245517	0.1702246377139057	114	114	1.0	0.47368421052631576	0.5	0.026315789473684237	False
U_ENSG00000207233.1	ENSG00000207233.1	snoRNA	chr18	70703714	70703838	+	53	0.233135	0	124	False	False	False	45.0	0.1814516129032258	0.5476190476190477	0.48062015503875966	0.8149131125004588	0.48199628247340875	0.10442471105655181	129	124	0.9612403100775194	0.5426356589147286	0.49193548387096775	0.0507001750437609	False
U_ENSG00000278592.1	ENSG00000278592.1	misc_RNA	chr6	52225321	52225523	+	48	0.040232	194	202	True	True	False	264.0	0.6534653465346535	0.8051282051282052	0.729064039408867	0.9140456637551649	0.778078436551133	0.04278697814277366	203	202	0.9950738916256158	0.5911330049261084	0.5792079207920792	0.011925084134029262	False
U_ENSG00000263849.1	ENSG00000263849.1	miRNA	chr18	75414722	75414799	+	53	0.366373	0	77	False	False	False	31.0	0.2012987012987013	0.5892857142857143	0.5	0.5943708776830263	0.2880357647409632	0.1437762242457626	82	77	0.9390243902439024	0.36585365853658536	0.5324675324675324	0.16661387393094707	False
U_ENSG00000208003.1	ENSG00000208003.1	miRNA	chr7	83681314	83681413	+	52	0.282773	0	99	False	False	False	44.0	0.22916666666666666	0.5897435897435898	0.5252525252525253	0.6891102619565483	0.4031846603857473	0.1364070467561074	96	99	0.9696969696969697	0.3958333333333333	0.41414141414141414	0.01830808080808083	False
U_ENSG00000207965.1	ENSG00000207965.1	miRNA	chr9	61297390	61297487	+	28	0.379262	0	97	False	False	False	29.0	0.14948453608247422	0.546875	0.4226804123711341	0.6879488279507101	0.45937557822471947	0.1717960677340692	97	97	1.0	0.5979381443298969	0.5567010309278351	0.04123711340206182	False
U_ENSG00000252139.1	ENSG00000252139.1	scaRNA	chr18	74911463	74911546	-	53	0.0	83	83	True	True	True	126.0	0.7590361445783133	0.8987341772151899	0.7951807228915663	0.8944119981274553	0.7745966692414834	0.08271134125762522	83	83	1.0	0.5421686746987951	0.5421686746987951	0.0	False
U_ENSG00000212520.1	ENSG00000212520.1	snRNA	chr10	63239357	63239468	-	51	0.5335	0	111	False	False	False	37.0	0.17289719626168223	0.5142857142857142	0.46846846846846846	0.8088133502265935	0.5311623939802043	0.10661808950488096	107	111	0.963963963963964	0.42990654205607476	0.36036036036036034	0.06954618169571442	False
U_ENSG00000201724.1	ENSG00000201724.1	misc_RNA	chr7	66910375	66910467	+	52	0.335267	0	92	False	False	False	25.0	0.1358695652173913	0.5285714285714286	0.4782608695652174	0.4477362595348277	0.21778671437462846	0.22032898522816943	92	92	1.0	0.45652173913043476	0.40217391304347827	0.054347826086956486	False
U_ENSG00000252034.1	ENSG00000252034.1	misc_RNA	chr18	77875795	77875890	+	53	0.390919	0	95	False	False	False	29.0	0.15263157894736842	0.5052631578947369	0.47916666666666663	0.4223183915510937	0.13706757258568483	0.24485870212481708	96	95	0.9895833333333334	0.40625	0.43157894736842106	0.025328947368421062	False
U_ENSG00000212365.1	ENSG00000212365.1	rRNA_pseudogene	chr7	113526562	113526672	+	50	0.386603	0	110	False	False	False	32.0	0.14545454545454545	0.6410256410256411	0.4521739130434783	0.7071203839717397	0.4543151916443199	0.14372552465940733	115	110	0.9565217391304348	0.4956521739130435	0.38181818181818183	0.11383399209486167	False
U_ENSG00000264468.1	ENSG00000264468.1	miRNA	chr11	70243048	70243118	+	54	0.476506	0	70	False	False	False	46.0	0.32857142857142857	0.75	0.5142857142857142	0.710853536673655	0.4487941707625715	0.16138447428492816	70	70	1.0	0.45714285714285713	0.4142857142857143	0.042857142857142816	False
U_ENSG00000283824.1	ENSG00000283824.1	miRNA	chr11	75354543	75354628	+	54	0.0	85	85	True	True	True	166.0	0.9764705882352941	1.0	0.9529411764705882	0.9904874205559594	0.982299486257503	0.023809523809523808	85	85	1.0	0.5411764705882353	0.5294117647058824	0.0117647058823529	False
U_ENSG00000298256.1	ENSG00000298256.1	lncRNA	chr10	67838742	67838857	+	51	0.196562	0	115	False	False	False	47.0	0.20434782608695654	0.5684210526315789	0.4051724137931034	0.6255255954515121	0.32133627976545104	0.15061871503933447	116	115	0.9913793103448276	0.3706896551724138	0.3826086956521739	0.011919040479760112	False
U_ENSG00000265470.1	ENSG00000265470.1	miRNA	chr16	21941943	21942001	-	59	0.526582	0	58	False	False	False	23.0	0.19827586206896552	0.6046511627906976	0.4137931034482759	0.5720053941530368	0.24809590313546126	0.22329687826943606	58	58	1.0	0.3448275862068966	0.3448275862068966	0.0	False
U_tRNA-Sup-CTA-2-1	tRNA-Sup-CTA-2-1	tRNA	chr6	91325962	91326030	+	47	0.099758	0	68	False	False	False	44.0	0.3235294117647059	0.7142857142857143	0.47058823529411764	0.6818964572540426	0.39050533349458116	0.12125430454680536	68	68	1.0	0.5441176470588235	0.4852941176470588	0.05882352941176466	False
U_ENSG00000277553.1	ENSG00000277553.1	misc_RNA	chr6	52243558	52243726	+	48	0.087861	168	168	True	True	True	172.0	0.5212121212121212	0.7358490566037735	0.6428571428571428	0.839426251366713	0.6334918392350122	0.053957112061101146	165	168	0.9821428571428571	0.4727272727272727	0.4642857142857143	0.008441558441558417	False
U_ENSG00000251751.1	ENSG00000251751.1	misc_RNA	chr3	66664969	66665204	-	46	0.122928	0	235	False	False	False	174.0	0.3717948717948718	0.6190476190476191	0.5872340425531914	0.9002223465545404	0.6560122364840203	0.0566997036918416	234	235	0.9957446808510638	0.5256410256410257	0.49361702127659574	0.032024004364429925	False
U_ENSG00000251939.1	ENSG00000251939.1	snRNA	chr18	77849157	77849260	+	53	0.494585	103	103	True	True	True	41.0	0.19902912621359223	0.5543478260869565	0.485981308411215	0.6938002982757141	0.3479939421173681	0.09302655953175999	107	103	0.9626168224299065	0.3925233644859813	0.30097087378640774	0.09155249069957355	False
U_ENSG00000272034.1	ENSG00000272034.1	snoRNA	chr7	115930989	115931078	-	50	0.268587	89	89	True	True	True	60.0	0.33707865168539325	0.6086956521739131	0.5714285714285714	0.7515901702828918	0.46723640606755973	0.1125860552409167	91	89	0.978021978021978	0.42857142857142855	0.4157303370786517	0.012841091492776846	False
U_ENSG00000252778.1	ENSG00000252778.1	scaRNA	chr7	109004142	109004273	+	50	0.18522	0	131	False	False	False	51.0	0.1946564885496183	0.5289256198347108	0.48091603053435117	0.6821863604819759	0.3938825719040383	0.13931361750980642	131	131	1.0	0.5190839694656488	0.5267175572519084	0.007633587786259555	False
U_ENSG00000278020.1	ENSG00000278020.1	misc_RNA	chr6	52226272	52226455	+	48	0.10256	183	183	True	True	True	287.0	0.8016759776536313	0.88268156424581	0.8579234972677596	0.9308441207749278	0.8223040773613333	0.05076712985742774	179	183	0.9781420765027322	0.5363128491620112	0.5300546448087432	0.00625820435326796	False
U_ENSG00000200983.1	ENSG00000200983.1	snoRNA	chr7	109119326	109119456	+	50	0.0	130	130	True	True	True	204.0	0.7846153846153846	0.875	0.8538461538461538	0.895016175100522	0.7729295273183332	0.05801019204300685	130	130	1.0	0.5230769230769231	0.4846153846153846	0.03846153846153849	False
U_tRNA-Lys-TTT-3-5	tRNA-Lys-TTT-3-5	tRNA	chr11	69016005	69016078	-	54	0.0	69	73	True	True	False	138.0	0.9452054794520548	1.0	0.8904109589041096	0.9712440198795695	0.9530071308033986	0.04811252243246882	73	73	1.0	0.5616438356164384	0.5205479452054794	0.04109589041095896	False
U_ENSG00000201340.1	ENSG00000201340.1	misc_RNA	chr11	94229612	94229733	-	45	0.140255	0	121	False	False	False	27.0	0.11538461538461539	0.47115384615384615	0.42148760330578516	0.546938292908253	0.2527479392162723	0.19236568837969698	117	121	0.9669421487603306	0.4358974358974359	0.49586776859504134	0.05997033269760543	False
U_tRNA-Gln-CTG-1-5	tRNA-Gln-CTG-1-5	tRNA	chr11	69015436	69015508	-	54	0.0	68	72	True	True	False	136.0	0.9444444444444444	1.0	0.8888888888888888	0.954029957691665	0.9468620919467723	0.05269939981371748	72	72	1.0	0.5	0.5138888888888888	0.01388888888888884	False
U_ENSG00000284112.1	ENSG00000284112.1	miRNA	chr11	70125870	70125957	+	54	0.0	87	87	True	True	True	150.0	0.8620689655172413	0.9285714285714286	0.8620689655172413	0.9382827545219783	0.8597949242859934	0.046511627906976744	87	87	1.0	0.5632183908045977	0.5517241379310345	0.011494252873563204	False
U_ENSG00000273767.1	ENSG00000273767.1	misc_RNA	chr7	130128980	130129055	-	55	0.05465	75	75	True	True	True	120.0	0.8	0.8666666666666667	0.8552631578947368	0.8635076581573609	0.6532745799184878	0.06962186409970272	76	75	0.9868421052631579	0.4342105263157895	0.44	0.005789473684210511	False
U_tRNA-Gly-GCC-2-6	tRNA-Gly-GCC-2-6	tRNA	chr11	69009623	69009694	-	54	0.0	67	71	True	True	False	134.0	0.9436619718309859	1.0	0.8873239436619719	0.9795918367346939	0.9677978856435155	0.03499271061118826	71	71	1.0	0.6197183098591549	0.6197183098591549	0.0	False
U_ENSG00000199053.3	ENSG00000199053.3	miRNA	chr11	69902867	69902950	+	54	0.0	83	83	True	True	True	157.0	0.9457831325301205	0.9875	0.9156626506024097	0.9668938519456169	0.9369749612033813	0.03856436170937048	83	83	1.0	0.6144578313253012	0.5903614457831325	0.02409638554216864	False
U_ENSG00000221031.1	ENSG00000221031.1	ribozyme	chr7	103460371	103460563	-	50	0.045152	0	192	False	False	False	113.0	0.2942708333333333	0.5904255319148937	0.5677083333333333	0.7993353912144796	0.5378663413072291	0.08666463537825575	192	192	1.0	0.3645833333333333	0.3333333333333333	0.03125	False
U_ENSG00000283717.1	ENSG00000283717.1	miRNA	chr18	36811518	36811599	-	57	0.125132	5	81	True	False	False	58.0	0.35802469135802467	0.6266666666666667	0.5679012345679013	0.7675747134486862	0.4918080720694408	0.10307764064044152	81	81	1.0	0.5185185185185185	0.49382716049382713	0.024691358024691357	False
U_tRNA-Thr-AGT-5-1	tRNA-Thr-AGT-5-1	tRNA	chr11	69001287	69001361	+	54	0.0	71	74	True	True	False	142.0	0.9594594594594594	1.0	0.9189189189189189	0.9784425872172221	0.9662921348314608	0.03355465401072847	74	74	1.0	0.581081081081081	0.5675675675675675	0.013513513513513487	False
U_ENSG00000284117.1	ENSG00000284117.1	miRNA	chr11	68996144	68996218	+	54	0.054021	3	74	True	False	False	52.0	0.35135135135135137	0.6438356164383562	0.5769230769230769	0.8294583446294167	0.6296001877353568	0.08872948471473048	78	74	0.9487179487179487	0.5256410256410257	0.5135135135135135	0.012127512127512174	False
U_ENSG00000284325.1	ENSG00000284325.1	miRNA	chr18	36877763	36877845	+	57	0.090969	78	82	True	True	False	72.0	0.43902439024390244	0.65	0.6024096385542168	0.7611618916906604	0.5223193087733407	0.08519055483124176	83	82	0.9879518072289156	0.5060240963855421	0.5487804878048781	0.04275639141933596	False
U_ENSG00000278334.1	ENSG00000278334.1	misc_RNA	chr6	52223378	52223563	+	48	0.023135	185	185	True	True	True	319.0	0.8621621621621621	0.9081081081081082	0.8983957219251337	0.9433947315250175	0.8279091241247415	0.0484810858653226	187	185	0.9893048128342246	0.5828877005347594	0.5891891891891892	0.00630148865442981	False
U_tRNA-Trp-CCA-3-3	tRNA-Trp-CCA-3-3	tRNA	chr11	68954323	68954395	-	54	0.0	69	72	True	True	False	135.0	0.9375	0.9855072463768116	0.9027777777777778	0.9575337670456742	0.9382716049382716	0.0487901635934895	72	72	1.0	0.5833333333333334	0.625	0.04166666666666663	False
U_ENSG00000283160.1	ENSG00000283160.1	miRNA	chr11	68953799	68953860	-	54	0.147401	0	61	False	False	False	45.0	0.375	0.6904761904761905	0.5737704918032787	0.7171371656006363	0.29076334969684897	0.12407016350021222	60	61	0.9836065573770492	0.4166666666666667	0.32786885245901637	0.08879781420765032	False
U_ENSG00000307441.1	ENSG00000307441.1	lncRNA	chr11	94968158	94968389	-	45	0.129757	231	231	True	True	True	94.0	0.20346320346320346	0.5497835497835498	0.5063829787234042	0.8285029271759293	0.5675906014982022	0.0982113060976799	235	231	0.9829787234042553	0.502127659574468	0.46320346320346323	0.038924196371004804	False
U_tRNA-Thr-AGT-1-1	tRNA-Thr-AGT-1-1	tRNA	chr11	68953573	68953647	-	54	0.0	70	74	True	True	False	140.0	0.9459459459459459	1.0	0.8918918918918919	0.9701492537313433	0.9546070918072982	0.03874557705131767	74	74	1.0	0.5675675675675675	0.5540540540540541	0.013513513513513487	False
U_ENSG00000267200.1	ENSG00000267200.1	miRNA	chr11	75064485	75064586	+	54	0.0	101	101	True	True	True	189.0	0.9356435643564357	0.9895833333333334	0.8910891089108911	0.96493828932032	0.9398416951135123	0.04	101	101	1.0	0.6534653465346535	0.6435643564356436	0.00990099009900991	False
U_ENSG00000267195.1	ENSG00000267195.1	miRNA	chr11	75064200	75064310	+	54	0.0	110	110	True	True	True	200.0	0.9090909090909091	0.9805825242718447	0.9090909090909091	0.9814909015481024	0.9468599033816425	0.038923309056140235	110	110	1.0	0.7363636363636363	0.7090909090909091	0.027272727272727226	False
U_tRNA-Ile-AAT-5-5	tRNA-Ile-AAT-5-5	tRNA	chr11	68953149	68953223	-	54	0.0	70	74	True	True	False	140.0	0.9459459459459459	1.0	0.8918918918918919	0.9730618248952598	0.9540690396942173	0.04331887205710108	74	74	1.0	0.6081081081081081	0.5945945945945946	0.013513513513513487	False
U_tRNA-Trp-CCA-1-1	tRNA-Trp-CCA-1-1	tRNA	chr11	68932648	68932720	+	54	0.0	69	72	True	True	False	138.0	0.9583333333333334	1.0	0.9166666666666666	0.9791868147508004	0.9629629629629629	0.034499855532157446	72	72	1.0	0.5972222222222222	0.6111111111111112	0.01388888888888895	False
U_tRNA-Leu-TAG-1-1	tRNA-Leu-TAG-1-1	tRNA	chr11	69015062	69015144	+	54	0.0	78	82	True	True	False	156.0	0.9512195121951219	1.0	0.9024390243902439	0.983192080250175	0.9615829144388593	0.024691358024691357	82	82	1.0	0.6341463414634146	0.6341463414634146	0.0	False
U_tRNA-Arg-TCT-2-1	tRNA-Arg-TCT-2-1	tRNA	chr11	69014311	69014399	-	54	0.0	88	88	True	True	True	152.0	0.8636363636363636	0.9523809523809523	0.8522727272727273	0.9400170312903326	0.8545807685299953	0.03251065660627805	88	88	1.0	0.5113636363636364	0.5113636363636364	0.0	False
U_tRNA-Gly-TCC-3-1	tRNA-Gly-TCC-3-1	tRNA	chr11	68932106	68932178	-	54	0.0	69	72	True	True	False	135.0	0.9375	0.9855072463768116	0.9027777777777778	0.9574708888619583	0.9255842921277437	0.044539121974202525	72	72	1.0	0.5694444444444444	0.5694444444444444	0.0	False
U_tRNA-Ser-CGA-1-1	tRNA-Ser-CGA-1-1	tRNA	chr11	69001740	69001822	+	54	0.0	78	82	True	True	False	156.0	0.9512195121951219	1.0	0.9024390243902439	0.9819805060619657	0.9565782494391203	0.024691358024691357	82	82	1.0	0.5975609756097561	0.6097560975609756	0.012195121951219523	False
U_tRNA-Asp-GTC-2-11	tRNA-Asp-GTC-2-11	tRNA	chr11	68931806	68931878	+	54	0.0	69	72	True	True	False	138.0	0.9583333333333334	1.0	0.9166666666666666	0.9812645247676937	0.9672041516493516	0.03449985553215744	72	72	1.0	0.625	0.6111111111111112	0.01388888888888884	False
U_tRNA-Pro-CGG-1-3	tRNA-Pro-CGG-1-3	tRNA	chr11	68931207	68931279	+	54	0.0	69	72	True	True	False	138.0	0.9583333333333334	1.0	0.9166666666666666	0.9814954576223638	0.9667263429742006	0.03983700175698859	72	72	1.0	0.625	0.6111111111111112	0.01388888888888884	False
U_ENSG00000201668.1	ENSG00000201668.1	misc_RNA	chr18	74854321	74854428	+	53	0.41967	0	107	False	False	False	38.0	0.17757009345794392	0.514018691588785	0.4553571428571429	0.6173768986988872	0.3283638468325163	0.16101514165944553	112	107	0.9553571428571429	0.42857142857142855	0.4766355140186916	0.04806408544726304	False
U_ENSG00000252329.1	ENSG00000252329.1	scaRNA	chr7	112478957	112479128	-	50	0.201177	0	171	False	False	False	52.0	0.15204678362573099	0.5161290322580645	0.4534883720930233	0.7464590169136444	0.4687468707874839	0.11460692562947905	172	171	0.9941860465116279	0.4476744186046512	0.3333333333333333	0.11434108527131787	False
U_tRNA-Thr-AGT-1-2	tRNA-Thr-AGT-1-2	tRNA	chr11	68928675	68928749	+	54	0.0	71	74	True	True	False	142.0	0.9594594594594594	1.0	0.9189189189189189	0.9778046040608336	0.9667263429742006	0.0273972602739726	74	74	1.0	0.5675675675675675	0.5540540540540541	0.013513513513513487	False
U_ENSG00000265986.1	ENSG00000265986.1	miRNA	chr1	140196310	140196379	+	8	0.286834	69	69	True	True	True	22.0	0.15942028985507245	0.6363636363636364	0.4057971014492754	0.5939441718716428	0.32097036938318474	0.12478354962115544	69	69	1.0	0.37681159420289856	0.3333333333333333	0.043478260869565244	False
U_ENSG00000284059.1	ENSG00000284059.1	miRNA	chr7	83911749	83911886	-	52	0.155347	2	137	True	False	False	39.0	0.14233576642335766	0.5566037735849056	0.45985401459854014	0.6902454227606598	0.3404051834448255	0.10906174245728915	137	137	1.0	0.5912408759124088	0.5620437956204379	0.02919708029197088	False
U_ENSG00000275982.1	ENSG00000275982.1	misc_RNA	chr11	61157281	61157375	+	54	0.553235	0	94	False	False	False	22.0	0.11702127659574468	0.5357142857142857	0.37234042553191493	0.42516539697028793	0.17471794374842334	0.2389904383966975	94	94	1.0	0.3617021276595745	0.3404255319148936	0.021276595744680882	False
U_ENSG00000221200.1	ENSG00000221200.1	miRNA	chr11	74511546	74511656	+	54	0.251704	0	110	False	False	False	65.0	0.30952380952380953	0.6493506493506493	0.49090909090909096	0.7208976716363059	0.45532084640474313	0.12652990959772725	105	110	0.9545454545454546	0.45714285714285713	0.41818181818181815	0.038961038961038974	False
U_ENSG00000272920.1	ENSG00000272920.1	lncRNA	chr11	74511556	74511661	-	54	0.295864	0	105	False	False	False	65.0	0.30952380952380953	0.6493506493506493	0.5428571428571429	0.699092183159924	0.44017970186577265	0.13461538461538464	105	105	1.0	0.45714285714285713	0.4380952380952381	0.019047619047619035	False
U_tRNA-Ser-GCT-4-3	tRNA-Ser-GCT-4-3	tRNA	chr11	68953871	68953953	-	54	0.0	78	82	True	True	False	156.0	0.9512195121951219	1.0	0.9024390243902439	0.9730563874079626	0.964765504067569	0.03904046494035036	82	82	1.0	0.5853658536585366	0.573170731707317	0.012195121951219523	False
U_ENSG00000206989.1	ENSG00000206989.1	snoRNA	chr18	35075698	35075766	-	57	0.0	68	68	True	True	True	96.0	0.7058823529411765	0.8235294117647058	0.8088235294117647	0.8606888267023433	0.6996080879987373	0.08955223880597014	68	68	1.0	0.35294117647058826	0.3382352941176471	0.01470588235294118	False
U_ENSG00000264005.1	ENSG00000264005.1	miRNA	chr11	69047465	69047555	-	54	0.16887	0	90	False	False	False	37.0	0.20555555555555555	0.5185185185185185	0.4347826086956522	0.7021978076057268	0.4012018580146848	0.12771079573516697	92	90	0.9782608695652174	0.5978260869565217	0.5111111111111111	0.08671497584541066	False
U_ENSG00000265719.1	ENSG00000265719.1	miRNA	chr7	127911411	127911483	+	55	0.12673	0	72	False	False	False	63.0	0.4375	0.7413793103448276	0.625	0.6670636561001587	0.3847888561951054	0.12439099811729362	72	72	1.0	0.5972222222222222	0.5555555555555556	0.04166666666666663	False
U_tRNA-Ile-AAT-4-1	tRNA-Ile-AAT-4-1	tRNA	chr11	68927825	68927899	+	54	0.0	71	74	True	True	False	139.0	0.9391891891891891	0.9859154929577465	0.9054054054054054	0.9602859588721568	0.9197833015863386	0.03874557705131767	74	74	1.0	0.6081081081081081	0.6081081081081081	0.0	False
U_ENSG00000206682.1	ENSG00000206682.1	misc_RNA	chr15	12850562	12850666	-	31	0.438709	0	104	False	False	False	53.0	0.2548076923076923	0.5729166666666666	0.5047619047619047	0.5686763497668029	0.313918976635363	0.15793256399537875	105	104	0.9904761904761905	0.41904761904761906	0.34615384615384615	0.07289377289377291	False
U_ENSG00000276771.1	ENSG00000276771.1	misc_RNA	chr6	52138014	52138229	+	48	0.0	208	215	True	True	False	405.0	0.9418604651162791	0.9856459330143541	0.9302325581395349	0.984932581997921	0.9578136481153237	0.022892427502646518	215	215	1.0	0.413953488372093	0.4	0.013953488372092981	False
U_tRNA-Ser-AGA-2-6	tRNA-Ser-AGA-2-6	tRNA	chr11	68928298	68928380	+	54	0.0	78	82	True	True	False	156.0	0.9512195121951219	1.0	0.9024390243902439	0.9751740901874082	0.9572106188732697	0.030240614108434295	82	82	1.0	0.5853658536585366	0.573170731707317	0.012195121951219523	False
U_ENSG00000265110.1	ENSG00000265110.1	miRNA	chr11	63031894	63031959	+	54	0.276452	0	65	False	False	False	34.0	0.26153846153846155	0.5789473684210527	0.4714285714285714	0.4952327477586218	0.2546858159868053	0.21283967270839788	70	65	0.9285714285714286	0.6428571428571429	0.5076923076923077	0.13516483516483524	False
U_tRNA-Trp-CCA-2-1	tRNA-Trp-CCA-2-1	tRNA	chr11	61298745	61298817	-	54	0.0	68	72	True	True	False	136.0	0.9444444444444444	1.0	0.8888888888888888	0.9725975251592748	0.9506172839506173	0.03983700175698859	72	72	1.0	0.5833333333333334	0.5833333333333334	0.0	False
U_ENSG00000252456.1	ENSG00000252456.1	rRNA_pseudogene	chr11	72773635	72773753	+	54	0.381893	0	118	False	False	False	30.0	0.1271186440677966	0.5	0.4545454545454546	0.6729528193536479	0.3778925003392404	0.12299120056043421	121	118	0.9752066115702479	0.5371900826446281	0.4915254237288136	0.045664658915814504	False
U_ENSG00000216058.1	ENSG00000216058.1	miRNA	chr16	25658643	25658729	+	59	0.304942	0	86	False	False	False	34.0	0.19767441860465115	0.5641025641025641	0.5	0.6905138345412428	0.27219175398366674	0.13616671116752743	88	86	0.9772727272727273	0.32954545454545453	0.4069767441860465	0.07743128964059198	False
U_ENSG00000212607.1	ENSG00000212607.1	snoRNA	chr7	109120486	109120613	+	50	0.0	127	127	True	True	True	192.0	0.7559055118110236	0.84375	0.8244274809160306	0.8801347809582916	0.7219948723811553	0.06543313531572603	131	127	0.9694656488549618	0.5267175572519084	0.5275590551181102	0.0008414978662018013	False
U_ENSG00000239197.1	ENSG00000239197.1	snoRNA	chr7	73639844	73639986	-	52	0.100511	0	142	False	False	False	173.0	0.6091549295774648	0.7552447552447552	0.7412587412587412	0.815501336245214	0.6097013950210626	0.0943368986171129	143	142	0.993006993006993	0.4195804195804196	0.49295774647887325	0.07337732689845367	False
U_ENSG00000202233.2	ENSG00000202233.2	snoRNA	chr6	50661544	50661771	+	48	0.431044	0	227	False	False	False	57.0	0.12555066079295155	0.5283018867924528	0.46696035242290745	0.8062874753649495	0.5271681251877821	0.09089663090342538	227	227	1.0	0.47577092511013214	0.44052863436123346	0.035242290748898675	False
U_ENSG00000284027.1	ENSG00000284027.1	miRNA	chr11	70125526	70125638	+	54	0.0	112	112	True	True	True	200.0	0.8928571428571429	0.9622641509433962	0.8571428571428572	0.9565498952641659	0.8911917098445598	0.04593711273507012	112	112	1.0	0.6696428571428571	0.6428571428571429	0.02678571428571419	False
U_ENSG00000200051.1	ENSG00000200051.1	snoRNA	chr18	36779146	36779223	-	57	0.323085	0	77	False	False	False	26.0	0.16883116883116883	0.5409836065573771	0.49350649350649356	0.5573819023312869	0.2528781691270574	0.1906760098182821	77	77	1.0	0.3246753246753247	0.4805194805194805	0.15584415584415584	False
U_ENSG00000266676.1	ENSG00000266676.1	miRNA	chr7	136803014	136803085	-	55	0.125568	71	71	True	True	True	46.0	0.323943661971831	0.6176470588235294	0.618421052631579	0.65647874263214	0.40754450025124794	0.1571457431192422	76	71	0.9342105263157895	0.6842105263157895	0.5915492957746479	0.09266123054114161	False
U_ENSG00000275652.1	ENSG00000275652.1	miRNA	chr7	27239090	27239152	-	60	0.0	4	62	True	False	False	57.0	0.4596774193548387	0.75	0.6129032258064516	0.7872967562083449	0.5125400437551887	0.10105596726178649	62	62	1.0	0.6451612903225806	0.6451612903225806	0.0	False
U_ENSG00000265180.1	ENSG00000265180.1	miRNA	chr6	108870725	108870801	-	56	0.486092	0	76	False	False	False	26.0	0.17105263157894737	0.56	0.45569620253164556	0.5857001793551044	0.2665095619993825	0.1791806907038382	79	76	0.9620253164556962	0.35443037974683544	0.39473684210526316	0.04030646235842772	False
U_ENSG00000252758.1	ENSG00000252758.1	snRNA	chr19	18750289	18750396	-	58	0.446077	0	107	False	False	False	31.0	0.14485981308411214	0.49523809523809526	0.4018691588785047	0.6228910262676706	0.350325577693434	0.1666369974778839	107	107	1.0	0.3925233644859813	0.48598130841121495	0.09345794392523366	False
U_ENSG00000284065.1	ENSG00000284065.1	miRNA	chr7	30770792	30770855	-	60	0.078738	63	63	True	True	True	49.0	0.3888888888888889	0.6101694915254238	0.6	0.712437027108345	0.38847732771210913	0.13040903280205848	65	63	0.9692307692307692	0.6	0.5396825396825397	0.060317460317460325	False
U_ENSG00000222937.1	ENSG00000222937.1	snoRNA	chr18	35074286	35074356	-	57	0.0	67	70	True	True	False	93.0	0.6642857142857143	0.8088235294117647	0.7428571428571429	0.8366269196735069	0.6293724155767774	0.11037352327338996	70	70	1.0	0.42857142857142855	0.35714285714285715	0.0714285714285714	False
U_ENSG00000221120.1	ENSG00000221120.1	miRNA	chr16	20423203	20423287	+	59	0.143703	83	84	True	True	False	109.0	0.6488095238095238	0.7976190476190477	0.7647058823529411	0.8126650413382092	0.6553244538356305	0.13397087877189295	85	84	0.9882352941176471	0.7058823529411765	0.6071428571428571	0.09873949579831942	False
U_ENSG00000251992.1	ENSG00000251992.1	scaRNA	chr18	74911629	74911773	-	53	0.081655	144	144	True	True	True	186.0	0.6458333333333334	0.8014184397163121	0.7708333333333334	0.8926312637637736	0.6924657902440456	0.0656002204171109	144	144	1.0	0.6111111111111112	0.5902777777777778	0.02083333333333337	False
U_ENSG00000252707.1	ENSG00000252707.1	snRNA	chr11	65662944	65663086	+	54	0.355965	0	142	False	False	False	33.0	0.11619718309859155	0.5232558139534884	0.4014084507042254	0.6677134574143956	0.4341405461511239	0.18602662480289361	142	142	1.0	0.4295774647887324	0.29577464788732394	0.13380281690140844	False
U_ENSG00000207000.1	ENSG00000207000.1	snRNA	chr19	24326982	24327089	+	58	0.397427	0	107	False	False	False	32.0	0.14953271028037382	0.5510204081632653	0.47663551401869164	0.6841881168178338	0.41195323745022605	0.12727110908709474	107	107	1.0	0.411214953271028	0.32710280373831774	0.08411214953271029	False
U_ENSG00000266297.1	ENSG00000266297.1	miRNA	chr11	65625561	65625659	-	54	0.0	97	98	True	True	False	182.0	0.9285714285714286	0.9787234042553191	0.9081632653061225	0.9627574244347832	0.9077295853131231	0.035712387784925304	98	98	1.0	0.5408163265306123	0.5612244897959183	0.020408163265306034	False
U_ENSG00000274824.1	ENSG00000274824.1	miRNA	chr10	60161197	60161253	-	51	0.267287	0	56	False	False	False	34.0	0.3148148148148148	0.6444444444444445	0.5	0.5932203389830508	0.30912451077777214	0.15371462030505256	54	56	0.9642857142857143	0.5925925925925926	0.5178571428571429	0.07473544973544965	False
U_ENSG00000283673.1	ENSG00000283673.1	miRNA	chr7	19648889	19648938	+	60	0.305105	0	49	False	False	False	39.0	0.4148936170212766	0.6590909090909091	0.5714285714285714	0.5872008496442931	0.34828689817571407	0.20701377947839572	47	49	0.9591836734693877	0.574468085106383	0.5510204081632653	0.02344767694311778	False
U_ENSG00000238723.1	ENSG00000238723.1	misc_RNA	chr11	104353840	104353942	-	21	0.267695	0	102	False	False	False	47.0	0.23039215686274508	0.6111111111111112	0.5392156862745099	0.5529308131009096	0.27021092239056504	0.16744093589393824	102	102	1.0	0.4019607843137255	0.4117647058823529	0.009803921568627416	False
U_ENSG00000212158.1	ENSG00000212158.1	snoRNA	chr16	20502987	20503063	+	59	0.0	75	76	True	True	False	124.0	0.8157894736842105	0.8947368421052632	0.881578947368421	0.9390667864022151	0.791783454415249	0.046188021535170064	76	76	1.0	0.5131578947368421	0.5394736842105263	0.02631578947368418	False
U_ENSG00000266478.1	ENSG00000266478.1	miRNA	chr18	39874378	39874486	+	57	0.213896	0	108	False	False	False	82.0	0.37962962962962965	0.6330275229357798	0.5625	0.7866860658229775	0.507017555786809	0.10817379277871161	112	108	0.9642857142857143	0.39285714285714285	0.4166666666666667	0.023809523809523836	False
U_ENSG00000201998.1	ENSG00000201998.1	snoRNA	chr7	109645569	109645753	+	50	0.101297	183	184	True	True	True	285.0	0.782967032967033	0.8729281767955801	0.8532608695652174	0.9191018956127426	0.8212738401668085	0.058493394606087414	182	184	0.9891304347826086	0.46153846153846156	0.44021739130434784	0.021321070234113726	False
U_ENSG00000265442.1	ENSG00000265442.1	miRNA	chr7	130502882	130502983	+	55	0.254891	0	101	False	False	False	63.0	0.3118811881188119	0.5714285714285714	0.5922330097087378	0.6812087281901227	0.45902693134926814	0.152262698183034	103	101	0.9805825242718447	0.4077669902912621	0.3564356435643564	0.0513313467269057	False
U_ENSG00000238942.1	ENSG00000238942.1	snoRNA	chr16	22927700	22927769	+	59	0.0	69	69	True	True	True	122.0	0.8840579710144928	0.9705882352941176	0.9130434782608696	0.9698971168877264	0.9257414772001393	0.04159451654038515	69	69	1.0	0.391304347826087	0.391304347826087	0.0	False
U_ENSG00000209582.1	ENSG00000209582.1	snoRNA	chr11	69561288	69561428	-	54	0.477653	140	140	True	True	True	86.0	0.31851851851851853	0.5968992248062015	0.5214285714285714	0.7458393206876096	0.49984007675906295	0.14857948124275103	135	140	0.9642857142857143	0.5333333333333333	0.45	0.08333333333333331	False
U_ENSG00000238917.1	ENSG00000238917.1	snoRNA	chr11	69559675	69559817	-	54	0.120185	140	142	True	True	False	183.0	0.6443661971830986	0.7972027972027972	0.7605633802816901	0.861116418751517	0.6991350057743139	0.09515182882977828	142	142	1.0	0.5985915492957746	0.5070422535211268	0.09154929577464788	False
U_ENSG00000200922.1	ENSG00000200922.1	misc_RNA	chr19	21638527	21638626	+	58	0.514474	0	99	False	False	False	34.0	0.17708333333333334	0.5588235294117647	0.4747474747474747	0.6231930790095417	0.3843635425745686	0.1650823193664727	96	99	0.9696969696969697	0.4270833333333333	0.35353535353535354	0.07354797979797978	False
U_ENSG00000266559.1	ENSG00000266559.1	miRNA	chr7	28075959	28076013	+	60	0.112705	0	54	False	False	False	49.0	0.4537037037037037	0.7058823529411765	0.6785714285714286	0.7877359070383531	0.5695004190655191	0.1512113635755541	56	54	0.9642857142857143	0.7678571428571429	0.7037037037037037	0.06415343915343918	False
U_ENSG00000283550.1	ENSG00000283550.1	miRNA	chr3	39090443	39090492	+	61	0.152065	0	49	False	False	False	78.0	0.7959183673469388	0.875	0.8367346938775511	0.8353072654181594	0.669438681395203	0.13176156917368248	49	49	1.0	0.16326530612244897	0.24489795918367346	0.0816326530612245	False
U_ENSG00000252200.1	ENSG00000252200.1	snoRNA	chr7	19576604	19576678	+	60	0.36845	0	74	False	False	False	39.0	0.2635135135135135	0.578125	0.52	0.5308824910808599	0.2746132917125923	0.21729285435198373	75	74	0.9866666666666667	0.6133333333333333	0.5945945945945946	0.01873873873873866	False
U_ENSG00000252835.1	ENSG00000252835.1	scaRNA	chr11	69241343	69241485	-	54	0.025971	142	142	True	True	True	190.0	0.6834532374100719	0.8041958041958042	0.8098591549295775	0.8964293553390111	0.7025299382947948	0.061645461750692895	139	142	0.9788732394366197	0.6402877697841727	0.6056338028169014	0.0346539669672713	False
U_ENSG00000277966.1	ENSG00000277966.1	misc_RNA	chr6	52224400	52224637	+	48	0.018406	233	237	True	True	False	418.0	0.8969957081545065	0.9313304721030042	0.9156118143459916	0.9808556216291283	0.9236446087035863	0.028410694570979857	233	237	0.9831223628691983	0.2918454935622318	0.31645569620253167	0.024610202640299894	False
U_ENSG00000212211.2	ENSG00000212211.2	snoRNA	chr14	11689746	11689964	+	49	0.386145	218	218	True	True	True	58.0	0.1336405529953917	0.4895833333333333	0.45871559633027525	0.828077908388089	0.5341052174503605	0.09781205771849881	217	218	0.9954128440366973	0.42857142857142855	0.41284403669724773	0.01572739187418082	False
U_ENSG00000199466.1	ENSG00000199466.1	misc_RNA	chr7	132433680	132433782	+	55	0.579002	0	102	False	False	False	33.0	0.16176470588235295	0.5340909090909091	0.4509803921568627	0.6912918096488869	0.41892848185864195	0.14416059186694097	102	102	1.0	0.4019607843137255	0.3431372549019608	0.05882352941176472	False
U_ENSG00000284219.1	ENSG00000284219.1	miRNA	chr7	139537582	139537693	-	55	0.065649	111	111	True	True	True	152.0	0.6909090909090909	0.8113207547169812	0.8018018018018018	0.7546425159710188	0.5925959516468342	0.10466055662646306	110	111	0.990990990990991	0.5818181818181818	0.4954954954954955	0.0863226863226863	False
U_ENSG00000253049.1	ENSG00000253049.1	snoRNA	chr6	106719799	106719897	+	56	0.267429	0	98	False	False	False	27.0	0.1377551020408163	0.5125	0.46601941747572817	0.5983708632736917	0.2724171826255822	0.1563970082335073	103	98	0.9514563106796117	0.5728155339805825	0.3979591836734694	0.1748563503071131	False
U_ENSG00000200463.2	ENSG00000200463.2	snoRNA	chr11	68964252	68964389	+	54	0.0	135	137	True	True	False	178.0	0.6496350364963503	0.8142857142857143	0.8029197080291971	0.8863472173006179	0.76232069112792	0.055998331660764025	137	137	1.0	0.4744525547445255	0.45985401459854014	0.014598540145985384	False
U_ENSG00000277968.1	ENSG00000277968.1	misc_RNA	chr18	38727197	38727283	+	57	0.123128	71	86	True	True	False	81.0	0.47093023255813954	0.7323943661971831	0.5164835164835164	0.766720563816832	0.539291857441195	0.14902820752620083	91	86	0.945054945054945	0.6153846153846154	0.5697674418604651	0.04561717352415029	False
U_ENSG00000277759.1	ENSG00000277759.1	miRNA	chr7	27882669	27882755	+	60	0.032613	0	86	False	False	False	43.0	0.25	0.6153846153846154	0.49425287356321834	0.8432474905375108	0.6148774728722263	0.05895477357578705	87	86	0.9885057471264368	0.5057471264367817	0.5232558139534884	0.017508687516706756	False
U_ENSG00000201860.1	ENSG00000201860.1	misc_RNA	chr16	27526323	27526426	+	59	0.516967	103	103	True	True	True	42.0	0.20388349514563106	0.5180722891566265	0.4854368932038835	0.5940586617363512	0.33050954272863087	0.2161314478926334	103	103	1.0	0.4077669902912621	0.2524271844660194	0.1553398058252427	False
U_ENSG00000266436.1	ENSG00000266436.1	miRNA	chr6	77825693	77825759	+	64	0.363116	0	66	False	False	False	18.0	0.13636363636363635	0.5833333333333334	0.40909090909090906	0.48186815607256894	0.15827141133620817	0.21757131728816848	66	66	1.0	0.42424242424242425	0.45454545454545453	0.030303030303030276	False
U_ENSG00000253081.1	ENSG00000253081.1	snRNA	chr6	112128151	112128271	-	56	0.346637	0	120	False	False	False	27.0	0.1125	0.5046728971962616	0.41666666666666663	0.4205721387458999	0.1776490506758909	0.2584631344408353	120	120	1.0	0.45	0.43333333333333335	0.016666666666666663	False
U_ENSG00000276643.1	ENSG00000276643.1	snoRNA	chr17	8686218	8686290	-	63	0.301269	0	72	False	False	False	23.0	0.1597222222222222	0.7083333333333334	0.4305555555555556	0.5504471538795811	0.20861647969430297	0.1931170309972125	72	72	1.0	0.3888888888888889	0.5138888888888888	0.12499999999999994	False
U_tRNA-Thr-AGT-1-3	tRNA-Thr-AGT-1-3	tRNA	chr7	34934197	34934271	-	60	0.0	71	74	True	True	False	142.0	0.9594594594594594	1.0	0.9189189189189189	0.9780469398599064	0.9667263429742006	0.0273972602739726	74	74	1.0	0.5675675675675675	0.581081081081081	0.013513513513513487	False
U_ENSG00000266494.1	ENSG00000266494.1	miRNA	chr17	48179726	48179787	-	63	0.144785	2	61	True	False	False	30.0	0.2459016393442623	0.6071428571428571	0.5	0.6742892102316694	0.3287471275374851	0.1392310053357775	66	61	0.9242424242424242	0.6666666666666666	0.639344262295082	0.02732240437158462	False
U_ENSG00000207651.1	ENSG00000207651.1	miRNA	chr16	24646600	24646686	+	59	0.0	82	86	True	True	False	143.0	0.8313953488372093	0.9146341463414634	0.8255813953488372	0.9320521502533216	0.7927703970679445	0.047058823529411764	86	86	1.0	0.5232558139534884	0.5232558139534884	0.0	False
U_ENSG00000201816.1	ENSG00000201816.1	snoRNA	chr18	69081641	69081842	+	53	0.186256	0	201	False	False	False	52.0	0.12935323383084577	0.514792899408284	0.4577114427860697	0.7459657326802506	0.45292180992161907	0.12884098726725127	201	201	1.0	0.5074626865671642	0.4228855721393035	0.0845771144278607	False
U_ENSG00000284427.1	ENSG00000284427.1	miRNA	chr17	45878447	45878527	+	63	0.209914	80	80	True	True	True	46.0	0.2875	0.6153846153846154	0.5375	0.6663804254952957	0.40760874540210784	0.12402479710294573	80	80	1.0	0.625	0.6375	0.012499999999999956	False
U_ENSG00000284258.1	ENSG00000284258.1	miRNA	chr7	19543188	19543253	-	60	0.26472	0	65	False	False	False	34.0	0.26153846153846155	0.5555555555555556	0.5076923076923077	0.48239137679056787	0.1851768354038771	0.2049199538844375	65	65	1.0	0.5846153846153846	0.47692307692307695	0.1076923076923077	False
U_tRNA-Und-NNN-10-1	tRNA-Und-NNN-10-1	tRNA	chr7	30356100	30356169	+	60	0.347723	0	69	False	False	False	21.0	0.15217391304347827	0.5147058823529411	0.46478873239436624	0.627665521059329	0.291691675598474	0.18278421679761378	71	69	0.971830985915493	0.5070422535211268	0.4057971014492754	0.10124515207185136	False
U_ENSG00000252053.1	ENSG00000252053.1	snRNA	chr16	30258186	30258270	-	59	0.482849	0	84	False	False	False	27.0	0.16666666666666666	0.5178571428571429	0.38095238095238093	0.5534833147233194	0.3071835468551427	0.17668121163368236	81	84	0.9642857142857143	0.38271604938271603	0.27380952380952384	0.10890652557319219	False
U_ENSG00000263734.1	ENSG00000263734.1	miRNA	chr4	30935463	30935542	-	62	0.335025	0	79	False	False	False	47.0	0.30128205128205127	0.6557377049180327	0.5189873417721519	0.7593638142369141	0.48903984326503563	0.08660537810364627	78	79	0.9873417721518988	0.38461538461538464	0.3670886075949367	0.017526777020447915	False
U_ENSG00000265226.1	ENSG00000265226.1	miRNA	chr4	22127136	22127225	-	62	0.597777	0	89	False	False	False	34.0	0.19318181818181818	0.5227272727272727	0.5056179775280899	0.5330350276795606	0.25796080865480964	0.1847265666650147	88	89	0.9887640449438202	0.2840909090909091	0.38202247191011235	0.09793156281920323	False
U_ENSG00000277985.1	ENSG00000277985.1	snoRNA	chr11	69558661	69558798	-	54	0.0	137	137	True	True	True	157.0	0.572992700729927	0.7445255474452555	0.7226277372262774	0.8507228618684232	0.6627806118157163	0.09416359172695365	137	137	1.0	0.5255474452554745	0.5182481751824818	0.007299270072992692	False
U_ENSG00000284146.1	ENSG00000284146.1	miRNA	chr16	32643892	32643969	-	59	0.218555	77	77	True	True	True	53.0	0.34415584415584416	0.5866666666666667	0.5432098765432098	0.7434962592385475	0.4865062298556018	0.10735987453084964	81	77	0.9506172839506173	0.5679012345679012	0.5194805194805194	0.04842071508738177	False
U_ENSG00000201711.1	ENSG00000201711.1	snRNA	chr19	16430959	16431066	+	58	0.499814	0	107	False	False	False	32.0	0.14953271028037382	0.5102040816326531	0.44859813084112155	0.6156907376961647	0.33742966300647553	0.1555888915327419	107	107	1.0	0.40186915887850466	0.4672897196261682	0.06542056074766356	False
U_ENSG00000223245.1	ENSG00000223245.1	snRNA	chr17	83353372	83353487	+	32	0.103163	0	115	False	False	False	108.0	0.46956521739130436	0.6785714285714286	0.652542372881356	0.8014506573553977	0.5395132877740428	0.1163567139106126	118	115	0.9745762711864406	0.5677966101694916	0.5043478260869565	0.06344878408253507	False
U_ENSG00000303993.1	ENSG00000303993.1	lncRNA	chr7	109716290	109716513	+	50	0.087626	0	223	False	False	False	200.0	0.4484304932735426	0.6713615023474179	0.57847533632287	0.8419697553728955	0.6564153278508122	0.09555497043061452	223	223	1.0	0.336322869955157	0.4080717488789238	0.0717488789237668	False
U_ENSG00000283958.1	ENSG00000283958.1	miRNA	chr16	22929500	22929606	+	59	0.0	106	106	True	True	True	178.0	0.839622641509434	0.9038461538461539	0.8773584905660378	0.9273627196594924	0.8238109963903694	0.06317380553057905	106	106	1.0	0.37735849056603776	0.33962264150943394	0.03773584905660382	False
U_ENSG00000207935.3	ENSG00000207935.3	miRNA	chr19	22727938	22728048	+	58	0.0	68	110	True	True	False	211.0	0.9590909090909091	0.9906542056074766	0.9363636363636364	0.9866660700433731	0.9613703567430169	0.022472382961313563	110	110	1.0	0.4818181818181818	0.4727272727272727	0.009090909090909094	False
U_ENSG00000252428.1	ENSG00000252428.1	rRNA_pseudogene	chr19	21327103	21327227	+	58	0.365117	0	124	False	False	False	51.0	0.21428571428571427	0.5546218487394958	0.5080645161290323	0.7972039878495518	0.46041944215874514	0.0818165618616372	119	124	0.9596774193548387	0.4789915966386555	0.5161290322580645	0.03713743561940902	False
U_ENSG00000274552.1	ENSG00000274552.1	miRNA	chr15	81593806	81593865	-	65	0.074745	1	59	True	False	False	68.0	0.576271186440678	0.7857142857142857	0.7457627118644068	0.7256301609186202	0.48484848484848475	0.12191496227354268	59	59	1.0	0.6271186440677966	0.5423728813559322	0.0847457627118644	False
U_ENSG00000278420.1	ENSG00000278420.1	miRNA	chr15	77650025	77650087	-	65	0.158229	3	62	True	False	False	40.0	0.32786885245901637	0.6271186440677966	0.5	0.7189162235703599	0.3772968873135194	0.12704007253328906	61	62	0.9838709677419355	0.7049180327868853	0.6451612903225806	0.059756742464304624	False
U_ENSG00000207496.1	ENSG00000207496.1	snoRNA	chr6	115784938	115785073	-	56	0.038787	135	135	True	True	True	218.0	0.8074074074074075	0.8814814814814815	0.8489208633093526	0.8891829636831823	0.7217664189059886	0.06261877883273785	139	135	0.9712230215827338	0.5755395683453237	0.5259259259259259	0.04961364241939781	False
U_ENSG00000307401.1	ENSG00000307401.1	lncRNA	chr7	108741737	108741970	-	50	0.066162	0	233	False	False	False	226.0	0.48497854077253216	0.6967213114754098	0.6866952789699571	0.8913384872176456	0.6610812207307197	0.06950222196809093	233	233	1.0	0.5364806866952789	0.5236051502145923	0.012875536480686622	False
U_ENSG00000271916.1	ENSG00000271916.1	lncRNA	chr14	29776663	29776919	+	49	0.111939	0	256	False	False	False	236.0	0.4609375	0.6758893280632411	0.6171875	0.8690370016857661	0.6684248086973626	0.101809843025468	256	256	1.0	0.35546875	0.37109375	0.015625	False
U_ENSG00000274721.1	ENSG00000274721.1	misc_RNA	chr18	38727417	38727534	+	57	0.102074	117	117	True	True	True	125.0	0.5341880341880342	0.7058823529411765	0.7107438016528926	0.8265387022460917	0.659553683900638	0.07785500478697037	121	117	0.9669421487603306	0.48760330578512395	0.5470085470085471	0.05940524122342311	False
U_ENSG00000207317.1	ENSG00000207317.1	misc_RNA	chr18	36306368	36306469	+	57	0.517101	0	101	False	False	False	28.0	0.13861386138613863	0.5757575757575758	0.36633663366336633	0.6038423782729132	0.31053504702226836	0.15556349186104046	101	101	1.0	0.4752475247524752	0.44554455445544555	0.029702970297029674	False
U_ENSG00000265420.1	ENSG00000265420.1	miRNA	chr6	71810762	71810842	+	64	0.448546	0	80	False	False	False	48.0	0.3	0.6470588235294118	0.5060240963855422	0.7477832277283987	0.438598944907871	0.1701519102507207	83	80	0.963855421686747	0.3614457831325301	0.2875	0.07394578313253014	False
U_ENSG00000252620.1	ENSG00000252620.1	snRNA	chr16	31078591	31078725	-	59	0.142539	0	134	False	False	False	102.0	0.3805970149253731	0.6461538461538462	0.6148148148148148	0.7734765379388875	0.4060622812978911	0.09508705841206495	135	134	0.9925925925925926	0.5111111111111111	0.41044776119402987	0.1006633499170812	False
U_ENSG00000212163.6	ENSG00000212163.6	snoRNA	chr11	74796223	74796418	+	54	0.14778	93	195	True	False	False	169.0	0.4424083769633508	0.7346938775510204	0.5384615384615384	0.8540413489265742	0.6337242505244779	0.07078315969302827	191	195	0.9794871794871794	0.4397905759162304	0.38974358974358975	0.05004698617264064	False
U_ENSG00000265134.1	ENSG00000265134.1	miRNA	chr7	16047333	16047408	-	60	0.385868	0	75	False	False	False	53.0	0.35333333333333333	0.6851851851851852	0.42500000000000004	0.5904019837539981	0.3519766191852443	0.16448991246196995	80	75	0.9375	0.6625	0.48	0.1825	False
U_ENSG00000284411.1	ENSG00000284411.1	miRNA	chr7	16047328	16047402	+	60	0.319327	0	74	False	False	False	49.0	0.3310810810810811	0.6730769230769231	0.5	0.5391283155792698	0.3047982982349868	0.18123710463527734	76	74	0.9736842105263158	0.6578947368421053	0.47297297297297297	0.18492176386913234	False
U_ENSG00000266649.1	ENSG00000266649.1	miRNA	chr6	87231948	87232022	-	64	0.284244	74	74	True	True	True	86.0	0.581081081081081	0.7746478873239436	0.7162162162162162	0.7584812152355406	0.5795404998039934	0.1423603403481269	74	74	1.0	0.40540540540540543	0.527027027027027	0.12162162162162155	False
U_ENSG00000276770.1	ENSG00000276770.1	miRNA	chr17	46634499	46634578	-	63	0.160053	79	79	True	True	True	48.0	0.3037974683544304	0.6129032258064516	0.5696202531645569	0.6862243490470888	0.4091585441924857	0.1202670707647033	79	79	1.0	0.5949367088607594	0.6075949367088608	0.012658227848101333	False
U_tRNA-Ile-TAT-1-1	tRNA-Ile-TAT-1-1	tRNA	chr7	28072420	28072513	+	60	0.0	93	93	True	True	True	155.0	0.8333333333333334	0.9222222222222223	0.8494623655913979	0.9329084026362888	0.8333758492555738	0.04861017342390848	93	93	1.0	0.5806451612903226	0.5698924731182796	0.010752688172043001	False
U_ENSG00000252213.1	ENSG00000252213.1	snoRNA	chr18	35687540	35687681	+	57	0.0	141	141	True	True	True	239.0	0.8475177304964538	0.9191176470588235	0.8652482269503546	0.9672697902232643	0.8838834764831843	0.03194382824999699	141	141	1.0	0.5319148936170213	0.5177304964539007	0.014184397163120588	False
U_ENSG00000252030.1	ENSG00000252030.1	snRNA	chr3	84120321	84120413	+	24	0.13251	0	92	False	False	False	33.0	0.1793478260869565	0.5232558139534884	0.46808510638297873	0.6070362279338293	0.32914175898041936	0.11472030641556683	94	92	0.9787234042553191	0.3617021276595745	0.32608695652173914	0.035615171137835355	False
U_ENSG00000207631.1	ENSG00000207631.1	miRNA	chr7	27293632	27293726	+	60	0.275336	0	94	False	False	False	44.0	0.23404255319148937	0.5384615384615384	0.5252525252525253	0.6772303176687962	0.38331535684520185	0.1412360872213633	99	94	0.9494949494949495	0.47474747474747475	0.5212765957446809	0.04652912099720613	False
U_ENSG00000200418.1	ENSG00000200418.1	snoRNA	chr16	22929134	22929257	+	59	0.0	123	123	True	True	True	177.0	0.7195121951219512	0.8306451612903226	0.8130081300813008	0.8388396750861076	0.6151726291023379	0.07239148251088398	123	123	1.0	0.43089430894308944	0.4065040650406504	0.024390243902439046	False
U_ENSG00000252031.1	ENSG00000252031.1	snRNA	chr6	77840042	77840144	+	64	0.065585	0	102	False	False	False	123.0	0.6029411764705882	0.7835051546391752	0.6862745098039216	0.7768377058253886	0.5184688572366651	0.10384246021486647	102	102	1.0	0.3431372549019608	0.43137254901960786	0.08823529411764708	False
U_ENSG00000252457.1	ENSG00000252457.1	snRNA	chr17	41399187	41399252	+	63	0.593831	0	65	False	False	False	19.0	0.1532258064516129	0.5344827586206896	0.4307692307692308	0.6282579031133609	0.314511015406175	0.1688290186459438	62	65	0.9538461538461539	0.4032258064516129	0.2923076923076923	0.11091811414392055	False
U_ENSG00000276917.1	ENSG00000276917.1	miRNA	chr6	77623302	77623391	+	64	0.149419	0	89	False	False	False	40.0	0.2247191011235955	0.5	0.4943820224719101	0.7393742779551592	0.4086412526209334	0.10290210384247064	89	89	1.0	0.4943820224719101	0.4943820224719101	0.0	False
U_ENSG00000289388.1	ENSG00000289388.1	lncRNA	chr11	74788626	74788862	-	54	0.092357	0	236	False	False	False	171.0	0.3622881355932203	0.6217391304347826	0.5889830508474576	0.8353771978717245	0.6376640515592377	0.06425391008741065	236	236	1.0	0.5847457627118644	0.5635593220338984	0.021186440677966045	False
U_ENSG00000251850.1	ENSG00000251850.1	rRNA_pseudogene	chr6	87165640	87165745	+	64	0.371934	28	105	True	False	False	29.0	0.1380952380952381	0.49504950495049505	0.44859813084112155	0.5731860750569248	0.30003061693124267	0.16521929432915258	107	105	0.9813084112149533	0.5420560747663551	0.5047619047619047	0.037294170004450344	False
U_ENSG00000221803.1	ENSG00000221803.1	snoRNA	chr7	15672681	15672792	-	60	0.106695	106	111	True	True	False	162.0	0.7363636363636363	0.8703703703703703	0.8018018018018018	0.9074517604641124	0.8123871762821749	0.08311476522628085	110	111	0.990990990990991	0.7	0.6576576576576577	0.04234234234234224	False
U_ENSG00000274758.1	ENSG00000274758.1	lncRNA	chr11	74754890	74755092	+	54	0.054894	0	202	False	False	False	132.0	0.32673267326732675	0.6526946107784432	0.5467980295566502	0.7907081036899752	0.5795878563308453	0.07053111286403888	203	202	0.9950738916256158	0.541871921182266	0.504950495049505	0.03692142613276106	False
U_ENSG00000266760.1	ENSG00000266760.1	miRNA	chr4	32224506	32224598	-	62	0.271818	0	92	False	False	False	42.0	0.22826086956521738	0.6065573770491803	0.46739130434782605	0.6936822850833165	0.38806083277664283	0.10766987880365618	92	92	1.0	0.358695652173913	0.391304347826087	0.03260869565217395	False
U_ENSG00000284034.1	ENSG00000284034.1	miRNA	chr7	30566977	30567092	-	60	0.104088	28	115	True	False	False	87.0	0.3782608695652174	0.6228070175438597	0.6086956521739131	0.8572067427163769	0.5841870503562377	0.0936585811581694	115	115	1.0	0.6173913043478261	0.5826086956521739	0.034782608695652195	False
U_tRNA-SeC-TCA-1-1	tRNA-SeC-TCA-1-1	tRNA	chr7	19035164	19035261	+	60	0.0	87	97	True	True	False	180.0	0.9278350515463918	0.978494623655914	0.8969072164948454	0.944535549875076	0.8966850106508414	0.0570544330734548	97	97	1.0	0.5463917525773195	0.5463917525773195	0.0	False
U_ENSG00000284544.1	ENSG00000284544.1	miRNA	chr7	18915390	18915484	+	60	0.0	94	94	True	True	True	164.0	0.8723404255319149	0.9340659340659341	0.8723404255319149	0.9380561677395794	0.8370446386745412	0.05482816681282564	94	94	1.0	0.6063829787234043	0.574468085106383	0.03191489361702127	False
U_ENSG00000200320.1	ENSG00000200320.1	snoRNA	chr16	22930047	22930179	+	59	0.0	132	132	True	True	True	220.0	0.8333333333333334	0.9090909090909091	0.8939393939393939	0.9450193466716524	0.8246445497630333	0.03053435114503817	132	132	1.0	0.4318181818181818	0.44696969696969696	0.015151515151515138	False
U_ENSG00000263776.1	ENSG00000263776.1	snoRNA	chr16	22930369	22930507	+	59	0.0	136	138	True	True	False	199.0	0.7210144927536232	0.8467153284671532	0.8115942028985508	0.8554529235210315	0.7075433905756869	0.07724821346173988	138	138	1.0	0.427536231884058	0.38405797101449274	0.043478260869565244	False
U_ENSG00000206848.1	ENSG00000206848.1	snRNA	chr17	47264212	47264314	-	63	0.107048	0	102	False	False	False	26.0	0.12745098039215685	0.5416666666666666	0.4579439252336449	0.6553380025002397	0.41557221898425456	0.14316212471235604	107	102	0.9532710280373832	0.3644859813084112	0.4803921568627451	0.11590617555433391	False
U_tRNA-Gly-CCC-2-1	tRNA-Gly-CCC-2-1	tRNA	chr6	86380871	86380942	+	64	0.0	68	71	True	True	False	136.0	0.9577464788732394	1.0	0.9154929577464789	0.9801498338000525	0.9669054382317919	0.028571428571428564	71	71	1.0	0.6197183098591549	0.6056338028169014	0.014084507042253502	False
U_ENSG00000251821.1	ENSG00000251821.1	snRNA	chr3	40765382	40765469	+	61	0.517511	0	87	False	False	False	29.0	0.16666666666666666	0.5185185185185185	0.46739130434782605	0.6564499778555662	0.37712734136570175	0.16151361333536313	92	87	0.9456521739130435	0.40217391304347827	0.2413793103448276	0.16079460269865067	False
U_ENSG00000207932.1	ENSG00000207932.1	miRNA	chr15	82082322	82082391	+	65	0.0	69	69	True	True	True	120.0	0.8695652173913043	0.9130434782608695	0.9130434782608696	0.9442110971902465	0.8872121839090166	0.04159451654038515	69	69	1.0	0.4782608695652174	0.4782608695652174	0.0	False
U_ENSG00000209482.1	ENSG00000209482.1	snoRNA	chr15	79964437	79964532	-	65	0.25554	95	95	True	True	True	57.0	0.3	0.618421052631579	0.4421052631578948	0.6969027724483977	0.4414267343433627	0.1042336060758799	95	95	1.0	0.5473684210526316	0.5789473684210527	0.03157894736842104	False
U_ENSG00000200890.1	ENSG00000200890.1	rRNA_pseudogene	chr6	76017215	76017329	+	64	0.529603	0	114	False	False	False	33.0	0.14473684210526316	0.47619047619047616	0.4649122807017544	0.693452380952381	0.3617046207135657	0.14487350038712302	114	114	1.0	0.5087719298245614	0.32456140350877194	0.1842105263157895	False
U_ENSG00000277568.1	ENSG00000277568.1	misc_RNA	chr18	42707266	42707422	+	57	0.0	149	156	True	True	False	289.0	0.9262820512820513	0.9798657718120806	0.8974358974358975	0.983227993974741	0.935060391683334	0.018247916933846395	156	156	1.0	0.5705128205128205	0.5769230769230769	0.0064102564102563875	False
U_ENSG00000278146.1	ENSG00000278146.1	lncRNA	chr7	70108308	70108556	-	52	0.083688	0	248	False	False	False	106.0	0.21370967741935484	0.5470085470085471	0.4698795180722891	0.8925600102464328	0.6779663732137629	0.06906581702156014	249	248	0.9959839357429718	0.357429718875502	0.3346774193548387	0.02275229952066332	False
U_ENSG00000276753.1	ENSG00000276753.1	miRNA	chr15	88748702	88748772	+	65	0.132587	0	70	False	False	False	40.0	0.2857142857142857	0.6	0.5675675675675675	0.696896686068984	0.3281445532632351	0.13461652151337444	74	70	0.9459459459459459	0.7567567567567568	0.6428571428571429	0.1138996138996139	False
U_ENSG00000275084.4	ENSG00000275084.4	snoRNA	chr11	74796898	74797120	+	54	0.060254	91	222	True	False	False	244.0	0.5495495495495496	0.7464788732394366	0.6891891891891893	0.9059577167571761	0.72326555045492	0.05651581899003075	222	222	1.0	0.4099099099099099	0.4009009009009009	0.009009009009008973	False
U_ENSG00000263764.1	ENSG00000263764.1	snoRNA	chr15	79967058	79967122	-	65	0.0	64	64	True	True	True	108.0	0.84375	0.9047619047619048	0.875	0.837314434163679	0.7109141100565654	0.08979133729352984	64	64	1.0	0.453125	0.4375	0.015625	False
U_ENSG00000206925.1	ENSG00000206925.1	misc_RNA	chr7	27258253	27258362	-	60	0.440401	0	109	False	False	False	24.0	0.11009174311926606	0.47368421052631576	0.4513274336283186	0.4736130828614259	0.22613350843332272	0.20344586169026857	113	109	0.9646017699115044	0.40707964601769914	0.3944954128440367	0.012584233173662418	False
U_ENSG00000238367.1	ENSG00000238367.1	miRNA	chr4	23626657	23626748	-	62	0.0	88	91	True	True	False	161.0	0.8846153846153846	0.9431818181818182	0.9010989010989011	0.9222640261209754	0.8047270004486238	0.06285393610547088	91	91	1.0	0.4065934065934066	0.4065934065934066	0.0	False
U_ENSG00000238622.1	ENSG00000238622.1	snoRNA	chr7	110675289	110675431	-	50	0.147237	142	142	True	True	True	120.0	0.4225352112676056	0.6438356164383562	0.6056338028169015	0.8849562828476873	0.7843910818378536	0.11567025837092264	142	142	1.0	0.38028169014084506	0.39436619718309857	0.014084507042253502	False
U_ENSG00000284015.1	ENSG00000284015.1	miRNA	chr15	81470331	81470385	+	65	0.0	54	54	True	True	True	99.0	0.9166666666666666	0.9803921568627451	0.9074074074074074	0.9580653840553867	0.9286372356958917	0.05966561622959207	54	54	1.0	0.6666666666666666	0.7037037037037037	0.03703703703703709	False
U_ENSG00000284289.1	ENSG00000284289.1	miRNA	chr15	79035730	79035791	+	65	0.095276	61	61	True	True	True	62.0	0.5081967213114754	0.7377049180327869	0.7096774193548387	0.7792865001991967	0.489809990578335	0.08557889983161655	62	61	0.9838709677419355	0.6129032258064516	0.6557377049180327	0.042834479111581114	False
U_ENSG00000201876.1	ENSG00000201876.1	rRNA_pseudogene	chr6	83453768	83453847	+	64	0.48748	0	79	False	False	False	26.0	0.16455696202531644	0.5909090909090909	0.48809523809523814	0.5760184328847832	0.2469180775988102	0.1525879271331744	84	79	0.9404761904761905	0.47619047619047616	0.5443037974683544	0.06811332127787828	False
U_ENSG00000207769.1	ENSG00000207769.1	miRNA	chr17	45181294	45181390	+	63	0.38047	0	96	False	False	False	35.0	0.18229166666666666	0.5394736842105263	0.44329896907216493	0.49141434106821563	0.2101996861224512	0.20452162832511062	97	96	0.9896907216494846	0.32989690721649484	0.4583333333333333	0.12843642611683848	False
U_ENSG00000301104.1	ENSG00000301104.1	lncRNA	chr7	73466276	73466527	+	52	0.137695	234	251	True	True	False	95.0	0.1892430278884462	0.5098039215686274	0.5	0.8361677869182279	0.5899112532199702	0.08646204217250338	256	251	0.98046875	0.55859375	0.4940239043824701	0.06456984561752988	False
U_ENSG00000264160.1	ENSG00000264160.1	miRNA	chr15	85297088	85297159	+	65	0.390217	0	71	False	False	False	21.0	0.14788732394366197	0.48214285714285715	0.45333333333333337	0.44358927792354097	0.18257418583505536	0.1970928074611315	75	71	0.9466666666666667	0.44	0.49295774647887325	0.05295774647887325	False
U_ENSG00000251711.1	ENSG00000251711.1	snRNA	chr2	22040256	22040320	-	69	0.273235	0	64	False	False	False	26.0	0.203125	0.5555555555555556	0.484375	0.4225556380241969	0.1831712785674624	0.19440394783993475	64	64	1.0	0.46875	0.4375	0.03125	False
U_ENSG00000211580.1	ENSG00000211580.1	miRNA	chr7	18624473	18624587	-	60	0.085149	0	114	False	False	False	128.0	0.5614035087719298	0.7407407407407407	0.6779661016949152	0.8958278682979076	0.6809528566669762	0.08342393678352576	118	114	0.9661016949152542	0.6186440677966102	0.543859649122807	0.07478441867380314	False
U_ENSG00000206841.1	ENSG00000206841.1	snRNA	chr15	89401214	89401318	-	65	0.501387	0	104	False	False	False	32.0	0.15384615384615385	0.543859649122807	0.45192307692307687	0.7180336973794408	0.4095300778893008	0.12732890338450487	104	104	1.0	0.36538461538461536	0.49038461538461536	0.125	False
U_ENSG00000295771.1	ENSG00000295771.1	lncRNA	chr6	70703810	70703937	-	64	0.072244	127	127	True	True	True	132.0	0.5196850393700787	0.728	0.6614173228346456	0.8902117998089011	0.6847841136339589	0.06447649527488857	127	127	1.0	0.4566929133858268	0.4881889763779528	0.031496062992125984	False
U_ENSG00000200366.1	ENSG00000200366.1	snRNA	chr16	62669104	62669211	-	12	0.415229	0	107	False	False	False	31.0	0.14485981308411214	0.5425531914893617	0.485981308411215	0.549683571827611	0.2607480097276949	0.15501581816183946	107	107	1.0	0.411214953271028	0.411214953271028	0.0	False
U_ENSG00000284266.1	ENSG00000284266.1	miRNA	chr15	79052170	79052230	+	65	0.151163	0	60	False	False	False	48.0	0.4	0.6470588235294118	0.5166666666666666	0.6504254790954506	0.43092978905128776	0.13769556618027054	60	60	1.0	0.55	0.5166666666666667	0.033333333333333326	False
U_ENSG00000212468.1	ENSG00000212468.1	snRNA	chr17	44495362	44495469	-	63	0.049068	0	107	False	False	False	95.0	0.4439252336448598	0.6605504587155964	0.6635514018691588	0.7077959383844434	0.44940309414337704	0.11858306688657108	107	107	1.0	0.40186915887850466	0.4205607476635514	0.01869158878504673	False
U_ENSG00000221598.3	ENSG00000221598.3	miRNA	chr15	84835744	84835810	-	65	0.0	66	66	True	True	True	117.0	0.8863636363636364	0.9523809523809523	0.8636363636363636	0.9377343943742936	0.8803418803418802	0.057563959796522186	66	66	1.0	0.6515151515151515	0.6515151515151515	0.0	False
U_ENSG00000264200.1	ENSG00000264200.1	miRNA	chr9	6477435	6477511	-	67	0.266798	0	76	False	False	False	24.0	0.16	0.5384615384615384	0.4342105263157895	0.6014649135928862	0.29742286594617084	0.15196785635291313	75	76	0.9868421052631579	0.29333333333333333	0.4473684210526316	0.15403508771929825	False
U_ENSG00000283990.1	ENSG00000283990.1	miRNA	chr15	85590813	85590887	+	65	0.0	74	74	True	True	True	130.0	0.8783783783783784	0.918918918918919	0.9189189189189189	0.9108465020029283	0.8256372137049639	0.061262136369857244	74	74	1.0	0.4594594594594595	0.5	0.040540540540540515	False
U_ENSG00000239078.1	ENSG00000239078.1	snRNA	chr8	35910073	35910130	+	66	0.379865	57	57	True	True	True	23.0	0.20175438596491227	0.5681818181818182	0.467741935483871	0.47318871819307995	0.23083249819731383	0.2004236986190232	62	57	0.9193548387096774	0.43548387096774194	0.5263157894736842	0.09083191850594224	False
U_ENSG00000274705.2	ENSG00000274705.2	miRNA	chr8	23632598	23632666	+	66	0.0	68	68	True	True	True	111.0	0.8161764705882353	0.9206349206349206	0.8676470588235294	0.8789987222126161	0.7749106434102411	0.10340601836232104	68	68	1.0	0.6323529411764706	0.6323529411764706	0.0	False
U_ENSG00000283450.1	ENSG00000283450.1	miRNA	chr8	23632601	23632665	-	66	0.0	64	64	True	True	True	109.0	0.8515625	0.9193548387096774	0.890625	0.8961791481824746	0.8048103888880463	0.08694008849288351	64	64	1.0	0.640625	0.609375	0.03125	False
U_ENSG00000263909.1	ENSG00000263909.1	miRNA	chr6	82503407	82503510	-	64	0.32005	0	103	False	False	False	54.0	0.2621359223300971	0.632183908045977	0.44660194174757284	0.6096451926857134	0.30952380952380953	0.15501361079256762	103	103	1.0	0.46601941747572817	0.36893203883495146	0.09708737864077671	False
U_ENSG00000283829.1	ENSG00000283829.1	miRNA	chr15	82105084	82105160	-	65	0.302795	0	76	False	False	False	54.0	0.35526315789473684	0.65625	0.4736842105263158	0.7543323366181728	0.5180423704850432	0.12507775359529147	76	76	1.0	0.5789473684210527	0.5394736842105263	0.03947368421052633	False
U_ENSG00000200959.1	ENSG00000200959.1	snoRNA	chr18	35690084	35690282	+	57	0.0	198	198	True	True	True	296.0	0.7474747474747475	0.86	0.8484848484848485	0.9356373947217529	0.8040399151033921	0.037301874255581395	198	198	1.0	0.48484848484848486	0.51010101010101	0.025252525252525193	False
U_ENSG00000264720.3	ENSG00000264720.3	miRNA	chr4	102712041	102712119	+	70	0.463196	43	78	True	True	False	31.0	0.1987179487179487	0.75	0.39743589743589747	0.5363068658626942	0.2789366198071935	0.18730136495916824	78	78	1.0	0.46153846153846156	0.6538461538461539	0.1923076923076923	False
U_ENSG00000296958.1	ENSG00000296958.1	lncRNA	chr11	66858576	66858789	+	54	0.078713	0	213	False	False	False	115.0	0.2699530516431925	0.5842105263157895	0.460093896713615	0.8590536351779493	0.6165463482869081	0.06501909788721803	213	213	1.0	0.39436619718309857	0.4272300469483568	0.032863849765258246	False
U_ENSG00000207199.1	ENSG00000207199.1	snoRNA	chr8	25485330	25485400	+	66	0.417152	0	70	False	False	False	29.0	0.21014492753623187	0.5370370370370371	0.48571428571428577	0.5966705783702613	0.29061909685954823	0.19330764039469658	69	70	0.9857142857142858	0.36231884057971014	0.3	0.062318840579710155	False
U_ENSG00000221420.2	ENSG00000221420.2	snoRNA	chr16	22929505	22929683	+	59	0.0	178	178	True	True	True	305.0	0.8567415730337079	0.9142857142857143	0.9044943820224719	0.9550886418225718	0.8592776679448301	0.029895495040277855	178	178	1.0	0.38764044943820225	0.38764044943820225	0.0	False
U_ENSG00000275836.1	ENSG00000275836.1	miRNA	chr4	99548625	99548685	-	70	0.0	0	60	False	False	False	79.0	0.6583333333333333	0.7796610169491526	0.7666666666666666	0.8001186620856443	0.5613514168984605	0.10984306268487899	60	60	1.0	0.7166666666666667	0.65	0.06666666666666665	False
U_ENSG00000265996.1	ENSG00000265996.1	miRNA	chr4	101203604	101203692	-	70	0.155968	88	88	True	True	True	67.0	0.3806818181818182	0.6555555555555556	0.5681818181818181	0.8166305750969689	0.6042978219198489	0.10151449271641204	88	88	1.0	0.2727272727272727	0.29545454545454547	0.022727272727272763	False
U_ENSG00000222468.1	ENSG00000222468.1	rRNA_pseudogene	chr8	33418492	33418593	+	66	0.05554	0	101	False	False	False	64.0	0.31683168316831684	0.5619047619047619	0.5471698113207547	0.6516608345964673	0.3643149499065098	0.11651009902408964	106	101	0.9528301886792453	0.42452830188679247	0.44554455445544555	0.021016252568653082	False
U_ENSG00000209480.1	ENSG00000209480.1	snoRNA	chr15	79962699	79962792	-	65	0.0	93	93	True	True	True	158.0	0.8494623655913979	0.9139784946236559	0.9032258064516129	0.8998122191183502	0.797040545920216	0.0633799119004924	93	93	1.0	0.5913978494623656	0.5483870967741935	0.043010752688172116	False
U_ENSG00000284520.1	ENSG00000284520.1	miRNA	chr15	85591516	85591599	+	65	0.0	83	83	True	True	True	152.0	0.9156626506024096	0.9746835443037974	0.891566265060241	0.9444590195417769	0.8981462390204986	0.03856436170937048	83	83	1.0	0.5301204819277109	0.5180722891566265	0.012048192771084376	False
U_ENSG00000276641.1	ENSG00000276641.1	miRNA	chr16	4738107	4738180	+	72	0.19815	4	73	True	False	False	45.0	0.3082191780821918	0.6212121212121212	0.5342465753424658	0.5072413334793737	0.20687898163776391	0.1789458156489601	73	73	1.0	0.6438356164383562	0.4931506849315068	0.15068493150684936	False
U_ENSG00000278359.1	ENSG00000278359.1	miRNA	chr19	6833418	6833474	+	74	0.339537	0	56	False	False	False	27.0	0.24107142857142858	0.6764705882352942	0.4642857142857143	0.5303948353054367	0.2794419828171161	0.19582417480489103	56	56	1.0	0.5714285714285714	0.5535714285714286	0.017857142857142794	False
U_ENSG00000277892.1	ENSG00000277892.1	miRNA	chr19	10031918	10031979	+	74	0.269929	10	61	True	False	False	76.0	0.6229508196721312	0.9090909090909091	0.5396825396825398	0.8141664133217694	0.6479782221629949	0.08378476408096601	63	61	0.9682539682539683	0.6825396825396826	0.5901639344262295	0.09237574811345306	False
U_ENSG00000212133.1	ENSG00000212133.1	snRNA	chr6	70970588	70970692	+	64	0.222627	0	104	False	False	False	26.0	0.125	0.4936708860759494	0.45192307692307687	0.6475533592687713	0.3653916867931779	0.13866851317558931	104	104	1.0	0.38461538461538464	0.46153846153846156	0.07692307692307693	False
U_ENSG00000306936.1	ENSG00000306936.1	lncRNA	chr11	69649123	69649374	+	54	0.059973	251	251	True	True	True	319.0	0.638	0.7888446215139442	0.7410358565737052	0.9497992099294337	0.8621694750845815	0.06609606490046047	250	251	0.9960159362549801	0.524	0.5617529880478087	0.03775298804780869	False
U_ENSG00000275072.1	ENSG00000275072.1	snoRNA	chr9	88403849	88403920	-	68	0.048324	71	71	True	True	True	89.0	0.6357142857142857	0.7887323943661971	0.7605633802816901	0.8632258720256917	0.64873395163555	0.11080763910149795	70	71	0.9859154929577465	0.38571428571428573	0.4084507042253521	0.022736418511066392	False
U_ENSG00000252305.1	ENSG00000252305.1	snoRNA	chr11	63880516	63880696	-	54	0.367415	180	180	True	True	True	41.0	0.11388888888888889	0.5857142857142857	0.4222222222222223	0.6558543166615732	0.3635245374646562	0.14525139664804468	180	180	1.0	0.5388888888888889	0.42777777777777776	0.1111111111111111	False
U_ENSG00000284197.1	ENSG00000284197.1	miRNA	chr15	78947030	78947132	-	65	0.065238	63	102	True	True	False	122.0	0.61	0.7575757575757576	0.7058823529411764	0.8816041636687562	0.6567337619129796	0.06327116727301	100	102	0.9803921568627451	0.71	0.6862745098039216	0.02372549019607839	False
U_ENSG00000273885.1	ENSG00000273885.1	snoRNA	chr9	15237561	15237631	-	67	0.0	68	70	True	True	False	109.0	0.7785714285714286	0.8676470588235294	0.8142857142857143	0.8462871955617743	0.6559139784946236	0.07938008079785017	70	70	1.0	0.38571428571428573	0.4142857142857143	0.02857142857142858	False
U_ENSG00000284108.1	ENSG00000284108.1	miRNA	chr19	10181629	10181696	+	74	0.069901	0	67	False	False	False	39.0	0.291044776119403	0.6666666666666666	0.5074626865671642	0.6662994005413893	0.3117146000796786	0.12494259471568668	67	67	1.0	0.5970149253731343	0.582089552238806	0.01492537313432829	False
U_ENSG00000200340.1	ENSG00000200340.1	snRNA	chr17	42876825	42876982	-	63	0.516224	0	157	False	False	False	43.0	0.13694267515923567	0.5228758169934641	0.4285714285714286	0.7377944580350151	0.40352478702224065	0.12174551969070577	161	157	0.9751552795031055	0.45962732919254656	0.40764331210191085	0.051984017090635715	False
U_ENSG00000207207.1	ENSG00000207207.1	misc_RNA	chr6	72493285	72493398	-	64	0.505074	25	113	True	False	False	40.0	0.17699115044247787	0.52	0.4336283185840708	0.654276489774191	0.2885549784461757	0.13243211584099399	113	113	1.0	0.4424778761061947	0.5575221238938053	0.11504424778761058	False
U_ENSG00000284175.1	ENSG00000284175.1	miRNA	chr15	85591409	85591499	+	65	0.110271	90	90	True	True	True	58.0	0.32222222222222224	0.6341463414634146	0.5869565217391304	0.7855592746654588	0.4513746271395764	0.11729063341223511	92	90	0.9782608695652174	0.7717391304347826	0.7222222222222222	0.049516908212560384	False
U_ENSG00000273816.1	ENSG00000273816.1	lncRNA	chr11	68099361	68099593	+	54	0.0	0	232	False	False	False	152.0	0.3275862068965517	0.6173913043478261	0.5474137931034483	0.8838288425462082	0.6351818646876799	0.07191882132396603	232	232	1.0	0.5043103448275862	0.5172413793103449	0.012931034482758674	False
U_ENSG00000202314.1	ENSG00000202314.1	snoRNA	chr9	15226816	15226889	+	67	0.0	73	73	True	True	True	120.0	0.821917808219178	0.9154929577464789	0.863013698630137	0.9465134626434091	0.8642489395470477	0.06514466333088095	73	73	1.0	0.4520547945205479	0.3972602739726027	0.0547945205479452	False
U_ENSG00000207392.1	ENSG00000207392.1	snoRNA	chr17	13141675	13141805	+	63	0.0	128	130	True	True	False	176.0	0.676923076923077	0.8015267175572519	0.7954545454545454	0.8685799202277292	0.6494931647555415	0.06536210478250297	132	130	0.9848484848484849	0.4015151515151515	0.4076923076923077	0.006177156177156196	False
U_ENSG00000239195.1	ENSG00000239195.1	snoRNA	chr9	15225367	15225440	+	67	0.0	73	73	True	True	True	106.0	0.726027397260274	0.8611111111111112	0.821917808219178	0.9215684241032528	0.8242374145680178	0.0809854429839625	73	73	1.0	0.3561643835616438	0.3698630136986301	0.0136986301369863	False
U_ENSG00000296784.1	ENSG00000296784.1	lncRNA	chr6	113053034	113053256	+	56	0.031591	222	222	True	True	True	292.0	0.6576576576576577	0.7981651376146789	0.7657657657657657	0.9321349947880032	0.8366710642443519	0.05899730683441311	222	222	1.0	0.6531531531531531	0.6081081081081081	0.04504504504504503	False
U_ENSG00000275146.1	ENSG00000275146.1	snoRNA	chr9	15237754	15237838	-	67	0.0	76	84	True	True	False	111.0	0.69375	0.8125	0.7261904761904762	0.871119714805103	0.7058823529411765	0.08883344532170871	80	84	0.9523809523809523	0.4125	0.42857142857142855	0.01607142857142857	False
U_ENSG00000264559.1	ENSG00000264559.1	miRNA	chr19	11960749	11960830	+	74	0.142338	0	81	False	False	False	48.0	0.2962962962962963	0.5802469135802469	0.5121951219512195	0.7127330062459714	0.39289481835073775	0.12605483900114398	82	81	0.9878048780487805	0.4878048780487805	0.48148148148148145	0.006323396567299022	False
U_ENSG00000266006.1	ENSG00000266006.1	miRNA	chr19	10435011	10435069	-	74	0.312458	0	58	False	False	False	50.0	0.43103448275862066	0.6538461538461539	0.5806451612903225	0.5503942769608062	0.3488373014227886	0.235142116442654	62	58	0.9354838709677419	0.8225806451612904	0.6379310344827587	0.1846496106785317	False
U_ENSG00000251803.1	ENSG00000251803.1	misc_RNA	chr2	13739887	13739995	+	69	0.543228	0	108	False	False	False	37.0	0.1712962962962963	0.5057471264367817	0.4601769911504425	0.6339750910825558	0.35339659257066375	0.16425486808478876	113	108	0.9557522123893806	0.40707964601769914	0.26851851851851855	0.1385611274991806	False
U_ENSG00000251985.1	ENSG00000251985.1	snRNA	chr15	85182145	85182246	-	65	0.040229	0	101	False	False	False	125.0	0.6188118811881188	0.79	0.7254901960784313	0.8300052977859782	0.6340229583087122	0.0913871576699991	102	101	0.9901960784313726	0.4411764705882353	0.5148514851485149	0.07367501456027958	False
U_ENSG00000222071.1	ENSG00000222071.1	miRNA	chr2	18032966	18033043	-	69	0.071674	77	77	True	True	True	42.0	0.2727272727272727	0.5733333333333334	0.525	0.7165030046204109	0.3558584964454444	0.14045568202005332	80	77	0.9625	0.7875	0.7012987012987013	0.08620129870129867	False
U_ENSG00000200028.1	ENSG00000200028.1	rRNA_pseudogene	chr6	80766823	80766956	-	64	0.224933	0	133	False	False	False	36.0	0.13533834586466165	0.472	0.4744525547445255	0.6027161102220312	0.273633616584944	0.1398644646326986	137	133	0.9708029197080292	0.44525547445255476	0.3609022556390977	0.08435321881345703	False
U_ENSG00000284489.1	ENSG00000284489.1	miRNA	chr19	6101364	6101427	+	74	0.077118	58	63	True	True	False	48.0	0.38095238095238093	0.6842105263157895	0.5396825396825398	0.7837057626909332	0.5298129428260174	0.07565186709392628	63	63	1.0	0.6190476190476191	0.6190476190476191	0.0	False
U_ENSG00000252081.1	ENSG00000252081.1	snRNA	chr9	4423841	4423945	+	67	0.406436	0	104	False	False	False	83.0	0.39903846153846156	0.6634615384615384	0.5754716981132075	0.7130796921075558	0.47753562585838083	0.1307812124102354	106	104	0.9811320754716981	0.36792452830188677	0.2980769230769231	0.0698476052249637	False
U_ENSG00000201464.1	ENSG00000201464.1	misc_RNA	chr9	83089464	83089568	-	68	0.521178	0	104	False	False	False	32.0	0.15384615384615385	0.504950495049505	0.4326923076923077	0.47943379816960535	0.1970182366107521	0.19754359174151265	104	104	1.0	0.38461538461538464	0.4423076923076923	0.057692307692307654	False
U_ENSG00000200468.1	ENSG00000200468.1	rRNA_pseudogene	chr16	9184182	9184288	-	72	0.423713	0	106	False	False	False	27.0	0.12735849056603774	0.5441176470588235	0.39814814814814814	0.6691634383830813	0.3416149068322981	0.09585532161998642	108	106	0.9814814814814815	0.5277777777777778	0.5283018867924528	0.0005241090146750338	False
U_ENSG00000284535.1	ENSG00000284535.1	miRNA	chr19	8750196	8750265	-	74	0.0	2	69	True	False	False	60.0	0.43478260869565216	0.6716417910447762	0.647887323943662	0.7191168723809567	0.44342202660886987	0.11719752049171568	71	69	0.971830985915493	0.5492957746478874	0.5217391304347826	0.027556644213104775	False
U_ENSG00000263372.1	ENSG00000263372.1	miRNA	chr8	23929100	23929195	+	66	0.388265	0	95	False	False	False	38.0	0.2	0.5227272727272727	0.45833333333333337	0.6069570946437468	0.35128941817132625	0.14692458956951543	96	95	0.9895833333333334	0.375	0.3684210526315789	0.006578947368421073	False
U_ENSG00000206910.1	ENSG00000206910.1	snoRNA	chr17	13138467	13138602	+	63	0.028676	135	135	True	True	True	195.0	0.7222222222222222	0.8421052631578947	0.7785714285714286	0.9271750597603836	0.7976512163710876	0.06568028263095829	140	135	0.9642857142857143	0.36428571428571427	0.4148148148148148	0.050529100529100535	False
U_ENSG00000275948.1	ENSG00000275948.1	sRNA	chr19	5874679	5874735	-	74	0.129537	56	56	True	True	True	75.0	0.6696428571428571	0.8363636363636363	0.7931034482758621	0.8362420100070909	0.6230024647745913	0.09564166576697913	58	56	0.9655172413793104	0.7241379310344828	0.7321428571428571	0.008004926108374333	False
U_ENSG00000284184.1	ENSG00000284184.1	miRNA	chr16	13946430	13946496	-	72	0.0	66	66	True	True	True	112.0	0.8484848484848485	0.9076923076923077	0.8787878787878788	0.8746606974613126	0.7242486824147758	0.07844645405527362	66	66	1.0	0.42424242424242425	0.42424242424242425	0.0	False
U_ENSG00000284293.1	ENSG00000284293.1	miRNA	chr19	3961237	3961296	-	74	0.437018	19	59	True	False	False	36.0	0.3050847457627119	0.6410256410256411	0.4067796610169492	0.6628330993290419	0.3958165567962347	0.1542115846551579	59	59	1.0	0.6610169491525424	0.4915254237288136	0.1694915254237288	False
U_ENSG00000252261.1	ENSG00000252261.1	rRNA_pseudogene	chr8	32806903	32807029	+	66	0.287593	0	126	False	False	False	48.0	0.19047619047619047	0.5126050420168067	0.5	0.6915044237902186	0.34929696277070144	0.09666436778875657	126	126	1.0	0.48412698412698413	0.4444444444444444	0.03968253968253971	False
U_tRNA-Gly-TTG-chr8-10	tRNA-Gly-TTG-chr8-10	tRNA	chr4	18036175	18036249	+	73	0.433016	0	74	False	False	False	35.0	0.23648648648648649	0.547945205479452	0.527027027027027	0.5246956992163792	0.2767668735525316	0.17649450310582362	74	74	1.0	0.40540540540540543	0.3918918918918919	0.013513513513513542	False
U_ENSG00000239039.1	ENSG00000239039.1	snoRNA	chr8	31639894	31639998	-	66	0.0	104	104	True	True	True	154.0	0.7403846153846154	0.8627450980392157	0.8076923076923077	0.8622507395784492	0.7119868908426504	0.07644667838846417	104	104	1.0	0.49038461538461536	0.5192307692307693	0.02884615384615391	False
U_ENSG00000266192.3	ENSG00000266192.3	miRNA	chr9	13298778	13298865	-	67	0.035604	87	87	True	True	True	117.0	0.6724137931034483	0.7865168539325843	0.7415730337078652	0.9004203116723432	0.8119895091837774	0.0629807383178986	89	87	0.9775280898876404	0.5617977528089888	0.5632183908045977	0.0014206379956088755	False
U_ENSG00000207938.1	ENSG00000207938.1	miRNA	chr2	14265808	14265895	+	69	0.0	79	87	True	True	False	137.0	0.7873563218390804	0.8705882352941177	0.8505747126436781	0.7998516675624893	0.6289709020331511	0.10783277320343841	87	87	1.0	0.39080459770114945	0.3793103448275862	0.01149425287356326	False
U_ENSG00000208772.1	ENSG00000208772.1	snoRNA	chr6	71859541	71859678	-	64	0.0	136	137	True	True	True	242.0	0.8832116788321168	0.9264705882352942	0.9124087591240876	0.9712163690816576	0.8931932140623656	0.03288335261029101	137	137	1.0	0.5401459854014599	0.5255474452554745	0.014598540145985384	False
U_tRNA-Asn-GTT-2-3	tRNA-Asn-GTT-2-3	tRNA	chr2	18591858	18591932	-	69	0.0	70	74	True	True	False	140.0	0.9459459459459459	1.0	0.8918918918918919	0.9743760708858721	0.9583853304757897	0.04331887205710108	74	74	1.0	0.6081081081081081	0.581081081081081	0.027027027027027084	False
U_ENSG00000266150.1	ENSG00000266150.1	miRNA	chr4	95786606	95786674	-	70	0.367836	0	68	False	False	False	23.0	0.16911764705882354	0.5853658536585366	0.4285714285714286	0.5204581982360457	0.23572039901268038	0.22435378397387787	70	68	0.9714285714285714	0.4714285714285714	0.4117647058823529	0.0596638655462185	False
U_ENSG00000283326.1	ENSG00000283326.1	miRNA	chr19	4501114	4501175	-	74	0.227639	0	61	False	False	False	54.0	0.4426229508196721	0.7446808510638298	0.5454545454545454	0.6624701697196045	0.40281175187192286	0.1901848645627308	66	61	0.9242424242424242	0.5757575757575758	0.5737704918032787	0.001987083954297142	False
U_ENSG00000260574.1	ENSG00000260574.1	lncRNA	chr9	85400774	85400856	-	68	0.202873	0	82	False	False	False	63.0	0.38414634146341464	0.6835443037974683	0.6206896551724138	0.703713609579186	0.4303096214735858	0.16355112715421938	87	82	0.9425287356321839	0.4367816091954023	0.32926829268292684	0.10751331651247548	False
U_ENSG00000265882.2	ENSG00000265882.2	misc_RNA	chr16	31104051	31104303	+	59	0.513624	252	252	True	True	True	55.0	0.10912698412698413	0.47950819672131145	0.4563492063492064	0.7158536585365853	0.45132315950255564	0.14907001540932038	252	252	1.0	0.5595238095238095	0.5079365079365079	0.051587301587301626	False
U_ENSG00000269387.1	ENSG00000269387.1	lncRNA	chr17	48019845	48020014	+	63	0.174351	0	169	False	False	False	125.0	0.3698224852071006	0.61875	0.5739644970414202	0.7619378924002284	0.5093931056312413	0.1151135690822245	169	169	1.0	0.514792899408284	0.5325443786982249	0.01775147928994092	False
U_ENSG00000199135.1	ENSG00000199135.1	miRNA	chr4	101204147	101204222	-	70	0.0	75	75	True	True	True	143.0	0.9533333333333334	0.9863013698630136	0.9333333333333333	0.9699820384481239	0.9411764705882354	0.019110994086122907	75	75	1.0	0.4533333333333333	0.48	0.026666666666666672	False
U_ENSG00000264678.1	ENSG00000264678.1	miRNA	chr3	84763292	84763383	+	24	0.268452	0	91	False	False	False	45.0	0.25	0.5967741935483871	0.4285714285714286	0.5393172694005653	0.2685350089254074	0.17371396818418552	90	91	0.989010989010989	0.36666666666666664	0.32967032967032966	0.036996336996336976	False
U_ENSG00000274072.1	ENSG00000274072.1	sRNA	chr19	5845952	5846009	-	74	0.0	57	57	True	True	True	102.0	0.8947368421052632	0.9298245614035088	0.9298245614035088	0.9135962935560565	0.791972270486838	0.0564692439315782	57	57	1.0	0.6140350877192983	0.6491228070175439	0.03508771929824561	False
U_ENSG00000266041.1	ENSG00000266041.1	miRNA	chr19	5715675	5715732	-	74	0.0	57	57	True	True	True	76.0	0.6666666666666666	0.7931034482758621	0.7666666666666666	0.7764706274865671	0.44849685092245223	0.07487479949668875	60	57	0.95	0.7	0.6666666666666666	0.033333333333333326	False
U_ENSG00000265874.1	ENSG00000265874.1	miRNA	chr19	5702908	5702971	-	74	0.034606	0	63	False	False	False	49.0	0.3951612903225806	0.6885245901639344	0.5873015873015873	0.8059118349241565	0.47928161596060265	0.09173629872624602	62	63	0.9841269841269841	0.6612903225806451	0.6666666666666666	0.005376344086021501	False
U_ENSG00000206799.1	ENSG00000206799.1	snoRNA	chr9	15227777	15227899	+	67	0.153949	122	122	True	True	True	146.0	0.6033057851239669	0.7876106194690266	0.7131147540983607	0.7903562948292879	0.6198507567007852	0.1097425804507185	121	122	0.9918032786885246	0.38016528925619836	0.4262295081967213	0.04606421894052293	False
U_ENSG00000199094.3	ENSG00000199094.3	miRNA	chr1	23330787	23330859	+	71	0.0	72	72	True	True	True	133.0	0.9236111111111112	0.9577464788732394	0.9305555555555556	0.9448030564181316	0.8789672598631884	0.039837001756988594	72	72	1.0	0.4166666666666667	0.4166666666666667	0.0	False
U_ENSG00000207827.1	ENSG00000207827.1	miRNA	chr1	23311347	23311418	+	71	0.0	69	71	True	True	False	135.0	0.9507042253521126	0.9855072463768116	0.9295774647887324	0.961201538152413	0.9288347410476047	0.034992710611188256	71	71	1.0	0.5352112676056338	0.5070422535211268	0.028169014084507005	False
U_ENSG00000272239.1	ENSG00000272239.1	lncRNA	chr18	43467153	43467389	+	57	0.081533	0	236	False	False	False	161.0	0.3411016949152542	0.5991561181434599	0.5611814345991561	0.8681484822233979	0.6330667432993738	0.059213112078052924	237	236	0.9957805907172996	0.35864978902953587	0.3516949152542373	0.006954873775298576	False
U_ENSG00000273776.1	ENSG00000273776.1	miRNA	chr16	3721249	3721336	-	72	0.258124	7	87	True	False	False	66.0	0.3793103448275862	0.6666666666666666	0.6067415730337078	0.6697851361534748	0.40553835615613143	0.17419342886815262	89	87	0.9775280898876404	0.651685393258427	0.5057471264367817	0.14593826682164535	False
U_ENSG00000277563.1	ENSG00000277563.1	misc_RNA	chr2	20564616	20564703	+	69	0.088272	87	87	True	True	True	100.0	0.5747126436781609	0.7560975609756098	0.7159090909090908	0.8143017693168065	0.5208936107144095	0.08891705235996383	88	87	0.9886363636363636	0.4318181818181818	0.42528735632183906	0.0065308254963427625	False
U_ENSG00000207736.1	ENSG00000207736.1	miRNA	chr11	119905010	119905105	-	21	0.060965	0	95	False	False	False	29.0	0.15263157894736842	0.5370370370370371	0.4387755102040817	0.736254309194587	0.45373201739418023	0.12521209082616938	98	95	0.9693877551020408	0.6224489795918368	0.6	0.022448979591836782	False
U_tRNA-Thr-CGT-2-1	tRNA-Thr-CGT-2-1	tRNA	chr16	13255183	13255255	+	72	0.0	72	72	True	True	True	138.0	0.9583333333333334	1.0	0.9166666666666666	0.9812499999999998	0.9651815315142536	0.02816901408450704	72	72	1.0	0.6388888888888888	0.6388888888888888	0.0	False
U_ENSG00000274066.1	ENSG00000274066.1	miRNA	chr19	8747554	8747624	+	74	0.270505	70	70	True	True	True	36.0	0.2571428571428571	0.589041095890411	0.5571428571428572	0.5663178166863173	0.2474752899558984	0.1763119573999484	70	70	1.0	0.4857142857142857	0.37142857142857144	0.11428571428571427	False
U_ENSG00000283736.1	ENSG00000283736.1	miRNA	chr16	13977484	13977563	+	72	0.0	79	79	True	True	True	109.0	0.689873417721519	0.8289473684210527	0.759493670886076	0.8790953229099079	0.7132862256552015	0.09245003270420483	79	79	1.0	0.5949367088607594	0.5443037974683544	0.050632911392405	False
U_ENSG00000300552.1	ENSG00000300552.1	lncRNA	chr8	31639887	31640011	-	66	0.0	124	124	True	True	True	168.0	0.6774193548387096	0.8434782608695652	0.75	0.8435873934328927	0.6733161927722421	0.08048369867163956	124	124	1.0	0.4596774193548387	0.5	0.04032258064516131	False
U_ENSG00000223152.1	ENSG00000223152.1	snRNA	chr4	102212265	102212346	-	70	0.497913	0	81	False	False	False	23.0	0.1419753086419753	0.5614035087719298	0.4534883720930233	0.5884682162883276	0.22421750104192978	0.17636025962917665	86	81	0.9418604651162791	0.37209302325581395	0.4691358024691358	0.09704277921332183	False
U_tRNA-Val-TAC-1-1	tRNA-Val-TAC-1-1	tRNA	chr19	11989626	11989699	+	74	0.0	70	73	True	True	False	137.0	0.9383561643835616	0.9857142857142858	0.904109589041096	0.9700344948091243	0.9430895977678841	0.039283710065919304	73	73	1.0	0.5342465753424658	0.547945205479452	0.013698630136986245	False
U_tRNA-Val-TAC-2-1	tRNA-Val-TAC-2-1	tRNA	chr19	11989291	11989364	+	74	0.0	70	73	True	True	False	140.0	0.958904109589041	1.0	0.9178082191780822	0.9762212218630305	0.9639253854237597	0.02777777777777778	73	73	1.0	0.547945205479452	0.5616438356164384	0.013698630136986356	False
U_ENSG00000278851.1	ENSG00000278851.1	miRNA	chr19	6187669	6187735	-	74	0.0	1	66	True	False	False	50.0	0.3787878787878788	0.71875	0.6363636363636364	0.863496185734695	0.5083159383372726	0.08140773264814125	66	66	1.0	0.696969696969697	0.6666666666666666	0.030303030303030387	False
U_ENSG00000222663.1	ENSG00000222663.1	snRNA	chr9	4579302	4579436	-	67	0.254741	0	134	False	False	False	69.0	0.2574626865671642	0.6060606060606061	0.4890510948905109	0.7641388500111078	0.42892205426879165	0.1012960464301754	137	134	0.9781021897810219	0.40145985401459855	0.3208955223880597	0.08056433162653887	False
U_ENSG00000276102.1	ENSG00000276102.1	miRNA	chr19	8950207	8950268	+	74	0.118736	1	61	True	False	False	44.0	0.36065573770491804	0.6428571428571429	0.540983606557377	0.6650050150360689	0.3707336495572355	0.12692955176439846	61	61	1.0	0.5245901639344263	0.4426229508196721	0.08196721311475413	False
U_tRNA-Lys-TTT-5-1	tRNA-Lys-TTT-5-1	tRNA	chr19	11987063	11987136	-	74	0.0	69	73	True	True	False	135.0	0.9246575342465754	0.9855072463768116	0.8767123287671232	0.9366429442213181	0.8953488372093024	0.07081971546656647	73	73	1.0	0.5753424657534246	0.5205479452054794	0.0547945205479452	False
U_ENSG00000207639.1	ENSG00000207639.1	miRNA	chr16	13267382	13267465	+	72	0.0	79	83	True	True	False	152.0	0.9156626506024096	0.9512195121951219	0.927710843373494	0.9349319663493161	0.8471563103495376	0.06679543384209344	83	83	1.0	0.4939759036144578	0.5421686746987951	0.04819277108433734	False
U_ENSG00000199130.3	ENSG00000199130.3	miRNA	chr16	13271702	13271789	+	72	0.0	86	87	True	True	False	169.0	0.9712643678160919	0.9883720930232558	0.9655172413793104	0.980210031075835	0.9537037037037037	0.03288868749704872	87	87	1.0	0.4482758620689655	0.45977011494252873	0.011494252873563204	False
U_ENSG00000212257.1	ENSG00000212257.1	snRNA	chr4	101164510	101164617	-	70	0.317337	0	107	False	False	False	32.0	0.14953271028037382	0.5145631067961165	0.4579439252336449	0.5686923561767496	0.28352382628847983	0.17949337349472122	107	107	1.0	0.2803738317757009	0.3925233644859813	0.11214953271028039	False
U_tRNA-Phe-GAA-1-3	tRNA-Phe-GAA-1-3	tRNA	chr19	11985905	11985978	+	74	0.0	70	73	True	True	False	135.0	0.9246575342465754	0.9855072463768116	0.904109589041096	0.9469968724305656	0.9114654303752998	0.05892556509887897	73	73	1.0	0.5342465753424658	0.4931506849315068	0.04109589041095896	False
U_tRNA-Lys-TTT-3-4	tRNA-Lys-TTT-3-4	tRNA	chr19	11983399	11983472	+	74	0.0	70	73	True	True	False	140.0	0.958904109589041	1.0	0.9178082191780822	0.9784921095801633	0.9653773682884135	0.034020690871988585	73	73	1.0	0.5616438356164384	0.5342465753424658	0.0273972602739726	False
U_ENSG00000272114.1	ENSG00000272114.1	lncRNA	chr17	46342900	46343088	+	63	0.0	188	188	True	True	True	246.0	0.6542553191489362	0.7956989247311828	0.7340425531914894	0.9041948665601275	0.7885393298620472	0.06764230289130223	188	188	1.0	0.5531914893617021	0.526595744680851	0.02659574468085113	False
U_tRNA-Phe-GAA-2-1	tRNA-Phe-GAA-2-1	tRNA	chr19	11979596	11979669	+	74	0.0	70	73	True	True	False	137.0	0.9383561643835616	0.9857142857142858	0.904109589041096	0.9547920752586629	0.9082092681998322	0.03928371006591931	73	73	1.0	0.5205479452054794	0.5205479452054794	0.0	False
U_ENSG00000278217.1	ENSG00000278217.1	misc_RNA	chr19	5849024	5849114	-	74	0.072057	90	90	True	True	True	122.0	0.6777777777777778	0.8085106382978723	0.7789473684210526	0.9155017036274256	0.7968365468004737	0.054045395940824754	95	90	0.9473684210526315	0.29473684210526313	0.3111111111111111	0.016374269005847986	False
U_ENSG00000251904.1	ENSG00000251904.1	rRNA_pseudogene	chr4	17750741	17750852	+	73	0.458033	0	111	False	False	False	52.0	0.23423423423423423	0.5357142857142857	0.5135135135135135	0.7271324829030187	0.4088102710021397	0.11991732689339017	111	111	1.0	0.4144144144144144	0.34234234234234234	0.07207207207207206	False
U_tRNA-Ser-AGA-2-5	tRNA-Ser-AGA-2-5	tRNA	chr4	10874059	10874141	+	73	0.0	78	82	True	True	False	156.0	0.9512195121951219	1.0	0.9024390243902439	0.9753829766914698	0.9572106188732697	0.030240614108434295	82	82	1.0	0.5853658536585366	0.5853658536585366	0.0	False
U_ENSG00000221638.2	ENSG00000221638.2	snoRNA	chr6	81953013	81953231	-	64	0.381161	0	218	False	False	False	90.0	0.20642201834862386	0.5697674418604651	0.4474885844748858	0.8136742992751802	0.5407418340929235	0.10991509833077102	219	218	0.9954337899543378	0.4703196347031963	0.45871559633027525	0.011604038372921066	False
U_ENSG00000252832.1	ENSG00000252832.1	snRNA	chr2	16339924	16340031	-	69	0.47641	0	107	False	False	False	65.0	0.3125	0.6285714285714286	0.6074766355140186	0.7022468831767835	0.4518668852366788	0.11630118687136509	104	107	0.9719626168224299	0.36538461538461536	0.38317757009345793	0.017792954708842568	False
U_tRNA-Arg-TCT-3-2	tRNA-Arg-TCT-3-2	tRNA	chr19	11988955	11989041	-	74	0.0	69	86	True	True	False	146.0	0.8488372093023255	0.926829268292683	0.8372093023255813	0.9022272125391703	0.8350029582106847	0.07440653318043246	86	86	1.0	0.5	0.5232558139534884	0.023255813953488413	False
U_tRNA-Leu-TAA-3-1	tRNA-Leu-TAA-3-1	tRNA	chr19	11988453	11988536	-	74	0.0	79	83	True	True	False	155.0	0.9337349397590361	0.9873417721518988	0.891566265060241	0.9714087615384115	0.930738690398074	0.029871826131502174	83	83	1.0	0.5060240963855421	0.4939759036144578	0.01204819277108432	False
U_ENSG00000275043.1	ENSG00000275043.1	snoRNA	chr19	8701356	8701425	+	74	0.0	69	69	True	True	True	108.0	0.782608695652174	0.9076923076923077	0.8260869565217391	0.8790462223436123	0.8040761540665545	0.06576670522058205	69	69	1.0	0.4492753623188406	0.43478260869565216	0.014492753623188415	False
U_ENSG00000212360.1	ENSG00000212360.1	snRNA	chr4	98376576	98376675	+	70	0.321891	0	99	False	False	False	35.0	0.17676767676767677	0.5	0.5	0.7378202732188818	0.4128614119223852	0.13054435193089683	104	99	0.9519230769230769	0.40384615384615385	0.5252525252525253	0.12140637140637145	False
U_ENSG00000277846.1	ENSG00000277846.1	snoRNA	chr19	8702701	8702771	+	74	0.0	70	70	True	True	True	109.0	0.7785714285714286	0.8955223880597015	0.8428571428571429	0.9005803996981061	0.7962666305401942	0.08933933337636198	70	70	1.0	0.4142857142857143	0.35714285714285715	0.05714285714285716	False
U_ENSG00000266305.1	ENSG00000266305.1	miRNA	chr7	126916241	126916323	+	75	0.167264	0	82	False	False	False	52.0	0.3170731707317073	0.6338028169014085	0.5180722891566265	0.6371365369295896	0.48248864784085366	0.16905459688224198	83	82	0.9879518072289156	0.5542168674698795	0.45121951219512196	0.10299735527475756	False
U_ENSG00000274544.1	ENSG00000274544.1	snoRNA	chr19	8702229	8702304	+	74	0.0	75	75	True	True	True	86.0	0.5733333333333334	0.7866666666666666	0.72	0.8518011049849238	0.6546536707079771	0.08108108108108109	75	75	1.0	0.36	0.38666666666666666	0.026666666666666672	False
U_ENSG00000210825.1	ENSG00000210825.1	snoRNA	chr9	15223846	15223969	+	67	0.0	123	123	True	True	True	153.0	0.6219512195121951	0.7874015748031497	0.7857142857142857	0.8929212254036081	0.7272017942186458	0.06287023530656903	126	123	0.9761904761904762	0.3253968253968254	0.37398373983739835	0.04858691444057295	False
U_ENSG00000207112.1	ENSG00000207112.1	snoRNA	chr9	15227970	15228104	+	67	0.045626	134	134	True	True	True	164.0	0.6119402985074627	0.7611940298507462	0.7611940298507462	0.8654805738208999	0.6850596939663701	0.07741075293975187	134	134	1.0	0.43283582089552236	0.3880597014925373	0.04477611940298504	False
U_ENSG00000273836.1	ENSG00000273836.1	miRNA	chr14	66413190	66413253	-	76	0.127407	0	63	False	False	False	75.0	0.5952380952380952	0.765625	0.7384615384615385	0.7870390624118628	0.5334918564789443	0.14816490969747448	65	63	0.9692307692307692	0.6615384615384615	0.5714285714285714	0.09010989010989012	False
U_ENSG00000276027.1	ENSG00000276027.1	snRNA	chr15	83033840	83033992	+	65	0.062657	148	152	True	True	False	253.0	0.8433333333333334	0.9121621621621622	0.868421052631579	0.9635420193953639	0.8526380525186401	0.035298964962707534	150	152	0.9868421052631579	0.52	0.5131578947368421	0.006842105263157872	False
U_ENSG00000275996.1	ENSG00000275996.1	snoRNA	chr19	8701894	8701966	+	74	0.0	72	72	True	True	True	98.0	0.6805555555555556	0.8356164383561644	0.8055555555555556	0.8648312021822333	0.7164393527228393	0.08907824394840505	72	72	1.0	0.375	0.3472222222222222	0.02777777777777779	False
U_ENSG00000294688.1	ENSG00000294688.1	lncRNA	chr1	23311434	23311544	+	71	0.12403	0	110	False	False	False	132.0	0.6111111111111112	0.803921568627451	0.7090909090909091	0.8453365933021147	0.635262681000944	0.09735583810355813	108	110	0.9818181818181818	0.25	0.3181818181818182	0.06818181818181818	False
U_ENSG00000284416.1	ENSG00000284416.1	miRNA	chr19	10161659	10161739	+	74	0.252353	0	80	False	False	False	82.0	0.5125	0.7352941176470589	0.575	0.5180336631122506	0.3330932228513678	0.2421661578444176	80	80	1.0	0.8	0.6	0.20000000000000007	False
U_ENSG00000276788.1	ENSG00000276788.1	snoRNA	chr19	8701612	8701687	+	74	0.0	75	75	True	True	True	116.0	0.7733333333333333	0.8918918918918919	0.84	0.9163286589353306	0.8417937871268423	0.07401656182502245	75	75	1.0	0.4	0.37333333333333335	0.026666666666666672	False
U_ENSG00000252049.1	ENSG00000252049.1	snoRNA	chr2	19431578	19431696	+	69	0.375082	0	118	False	False	False	36.0	0.15384615384615385	0.5045871559633027	0.44067796610169496	0.6366763022983024	0.283270455341689	0.15006495835427394	117	118	0.9915254237288136	0.3418803418803419	0.4745762711864407	0.1326959293060988	False
U_ENSG00000206834.1	ENSG00000206834.1	snoRNA	chr9	15226486	15226616	+	67	0.0	130	130	True	True	True	183.0	0.7038461538461539	0.8257575757575758	0.8	0.8526922758117264	0.6420108923908361	0.05023829998765783	130	130	1.0	0.4	0.4230769230769231	0.02307692307692305	False
U_ENSG00000207304.1	ENSG00000207304.1	snoRNA	chr9	15226137	15226276	+	67	0.0	139	139	True	True	True	229.0	0.8237410071942446	0.9057971014492754	0.8776978417266187	0.9516394427138288	0.8397297252068735	0.03834422189948682	139	139	1.0	0.4244604316546763	0.41007194244604317	0.014388489208633115	False
U_ENSG00000239081.1	ENSG00000239081.1	snRNA	chr7	122398931	122398993	-	75	0.504878	0	62	False	False	False	27.0	0.21774193548387097	0.6285714285714286	0.3709677419354839	0.5538767504801883	0.26704673693496567	0.20211193452357298	62	62	1.0	0.4032258064516129	0.41935483870967744	0.016129032258064557	False
U_ENSG00000274988.1	ENSG00000274988.1	miRNA	chr14	68040558	68040629	-	76	0.182519	10	71	True	False	False	44.0	0.30985915492957744	0.6119402985074627	0.5205479452054795	0.7467797983441368	0.45134884042132434	0.111118197052964	73	71	0.9726027397260274	0.5342465753424658	0.4788732394366197	0.05537333590584609	False
U_ENSG00000207145.1	ENSG00000207145.1	snoRNA	chr9	15225096	15225228	+	67	0.045902	132	132	True	True	True	204.0	0.7727272727272727	0.8787878787878788	0.8712121212121212	0.8873373706793245	0.7189609339337942	0.06010693033596802	132	132	1.0	0.44696969696969696	0.49242424242424243	0.04545454545454547	False
U_ENSG00000252438.1	ENSG00000252438.1	snoRNA	chr2	5652873	5652946	-	77	0.331222	0	73	False	False	False	20.0	0.136986301369863	0.48148148148148145	0.4383561643835616	0.5395525088867689	0.2083785592827065	0.1643355495305449	73	73	1.0	0.3972602739726027	0.4383561643835616	0.0410958904109589	False
U_ENSG00000289331.2	ENSG00000289331.2	lncRNA	chr16	23807072	23807324	-	59	0.0	203	252	True	True	False	455.0	0.9027777777777778	0.9477911646586346	0.9166666666666666	0.9824239684675351	0.9628004647325636	0.02323088404320837	252	252	1.0	0.4603174603174603	0.4801587301587302	0.019841269841269882	False
U_ENSG00000266321.1	ENSG00000266321.1	miRNA	chr2	3927862	3927940	+	77	0.185018	0	78	False	False	False	108.0	0.6923076923076923	0.855072463768116	0.7564102564102564	0.8116871979145891	0.6260214325469194	0.09718590614997251	78	78	1.0	0.48717948717948717	0.47435897435897434	0.01282051282051283	False
U_ENSG00000274986.1	ENSG00000274986.1	miRNA	chr19	6307736	6307807	+	74	0.065779	1	71	True	False	False	49.0	0.34507042253521125	0.5972222222222222	0.5733333333333333	0.765303284826764	0.5091448689720742	0.11028422091435658	75	71	0.9466666666666667	0.6533333333333333	0.5915492957746479	0.061784037558685445	False
U_ENSG00000221273.1	ENSG00000221273.1	miRNA	chr19	6809221	6809323	-	74	0.140398	13	102	True	False	False	65.0	0.31862745098039214	0.5979381443298969	0.5196078431372548	0.7250002800743336	0.5115906866413107	0.15015594938715943	102	102	1.0	0.7745098039215687	0.6764705882352942	0.0980392156862745	False
U_ENSG00000212289.1	ENSG00000212289.1	rRNA_pseudogene	chr2	109708009	109708126	+	27	0.328538	0	117	False	False	False	34.0	0.1452991452991453	0.5434782608695652	0.4918032786885246	0.6694951083967875	0.3183337925030355	0.11405050715934764	122	117	0.9590163934426229	0.4426229508196721	0.41025641025641024	0.03236654056326188	False
U_ENSG00000275429.1	ENSG00000275429.1	miRNA	chr7	126156997	126157069	-	75	0.035105	0	72	False	False	False	78.0	0.5571428571428572	0.7352941176470589	0.7222222222222222	0.7074316637128488	0.40700426027709485	0.0950942914454347	70	72	0.9722222222222222	0.5714285714285714	0.5	0.0714285714285714	False
U_ENSG00000284155.1	ENSG00000284155.1	miRNA	chr19	6314671	6314756	+	74	0.0	84	85	True	True	False	146.0	0.8588235294117647	0.926829268292683	0.8705882352941177	0.9243468979503966	0.7936323949718941	0.06299407883487121	85	85	1.0	0.6235294117647059	0.611764705882353	0.0117647058823529	False
U_ENSG00000295105.1	ENSG00000295105.1	lncRNA	chr19	3626258	3626351	+	74	0.171233	73	93	True	True	False	128.0	0.6881720430107527	0.8181818181818182	0.7634408602150538	0.7193589741133785	0.4773612771790219	0.10196555999616151	93	93	1.0	0.4946236559139785	0.5053763440860215	0.010752688172043001	False
U_ENSG00000266698.1	ENSG00000266698.1	miRNA	chr8	46887469	46887562	+	23	0.420693	0	93	False	False	False	31.0	0.16666666666666666	0.5194805194805194	0.5204081632653061	0.48385041822310687	0.22606462930422794	0.17288967506532527	98	93	0.9489795918367347	0.4489795918367347	0.5376344086021505	0.08865481676541581	False
U_ENSG00000199474.1	ENSG00000199474.1	snoRNA	chr16	11758808	11758929	-	72	0.385573	0	121	False	False	False	42.0	0.17355371900826447	0.5454545454545454	0.45967741935483875	0.6865290791113179	0.4010904352096765	0.16499834252868512	124	121	0.9758064516129032	0.3870967741935484	0.24793388429752067	0.1391628898960277	False
U_ENSG00000276769.1	ENSG00000276769.1	miRNA	chr19	4165224	4165294	-	74	0.170662	0	70	False	False	False	66.0	0.4714285714285714	0.7101449275362319	0.6338028169014085	0.6836534021336593	0.40747902599582475	0.1375511146608843	71	70	0.9859154929577465	0.6901408450704225	0.6285714285714286	0.061569416498993945	False
U_ENSG00000283793.1	ENSG00000283793.1	miRNA	chr5	121502891	121502955	+	82	0.079775	26	64	True	False	False	66.0	0.515625	0.8571428571428571	0.484375	0.8022462426315408	0.5775909822579077	0.10038976698947234	64	64	1.0	0.6875	0.65625	0.03125	False
U_ENSG00000265005.1	ENSG00000265005.1	miRNA	chr7	123907374	123907448	+	75	0.457529	0	74	False	False	False	32.0	0.21621621621621623	0.6	0.4054054054054054	0.5016342753685947	0.2199928503485436	0.20225785014018358	74	74	1.0	0.40540540540540543	0.44594594594594594	0.040540540540540515	False
U_tRNA-Thr-GGA-chr2-22	tRNA-Thr-GGA-chr2-22	tRNA	chr1	119184741	119184797	+	79	0.0	0	56	False	False	False	101.0	0.9017857142857143	0.9454545454545454	0.9285714285714286	0.9209109202723808	0.8583017461049576	0.08528028654224418	56	56	1.0	0.6785714285714286	0.625	0.0535714285714286	False
U_ENSG00000266704.1	ENSG00000266704.1	miRNA	chr5	115735060	115735126	+	82	0.104614	2	66	True	False	False	46.0	0.3484848484848485	0.6491228070175439	0.5303030303030303	0.7584748452711474	0.5216845271224329	0.11094003924504584	66	66	1.0	0.6060606060606061	0.6060606060606061	0.0	False
U_ENSG00000252927.1	ENSG00000252927.1	rRNA_pseudogene	chr16	9215982	9216114	+	72	0.299013	0	132	False	False	False	49.0	0.1856060606060606	0.5354330708661418	0.48484848484848486	0.7532043945724016	0.3876035130818949	0.12021386067193605	132	132	1.0	0.5	0.4015151515151515	0.09848484848484851	False
U_tRNA-Ser-GCT-3-1	tRNA-Ser-GCT-3-1	tRNA	chr19	5088335	5088417	-	74	0.0	78	82	True	True	False	156.0	0.9512195121951219	1.0	0.9024390243902439	0.9727627961990606	0.9633364552620897	0.03904046494035036	82	82	1.0	0.573170731707317	0.573170731707317	0.0	False
U_ENSG00000277052.1	ENSG00000277052.1	miRNA	chr5	110519008	110519069	-	82	0.304193	12	61	True	False	False	32.0	0.26229508196721313	0.6774193548387096	0.4	0.6784188651581864	0.4136701519960153	0.14468296279183054	65	61	0.9384615384615385	0.676923076923077	0.6065573770491803	0.07036569987389663	False
U_ENSG00000274697.1	ENSG00000274697.1	miRNA	chr5	121708818	121708890	-	82	0.286002	72	72	True	True	True	58.0	0.4027777777777778	0.6619718309859155	0.5833333333333333	0.6449216582932458	0.3877743313305239	0.15809819944115244	72	72	1.0	0.6111111111111112	0.5277777777777778	0.08333333333333337	False
U_ENSG00000309925.1	ENSG00000309925.1	lncRNA	chr15	80595000	80595195	+	65	0.055492	0	195	False	False	False	261.0	0.6726804123711341	0.8092783505154639	0.7846153846153846	0.8882844341725283	0.7017543859649122	0.05507281587877624	194	195	0.9948717948717949	0.5257731958762887	0.5128205128205128	0.012952683055775904	False
U_ENSG00000277510.1	ENSG00000277510.1	misc_RNA	chr7	27162885	27163143	-	60	0.240845	0	258	False	False	False	95.0	0.185546875	0.5082644628099173	0.48062015503875966	0.8138555510195739	0.5098071613192714	0.07648097601131477	256	258	0.9922480620155039	0.5703125	0.4806201550387597	0.08969234496124029	False
U_ENSG00000202335.1	ENSG00000202335.1	snoRNA	chr5	122497844	122497914	+	82	0.411869	70	70	True	True	True	30.0	0.21428571428571427	0.5	0.48571428571428577	0.5070577593605632	0.2560996769510125	0.24077170617153842	70	70	1.0	0.37142857142857144	0.2	0.17142857142857143	False
U_ENSG00000297614.1	ENSG00000297614.1	lncRNA	chr7	30073408	30073610	+	60	0.174962	0	202	False	False	False	85.0	0.2103960396039604	0.542713567839196	0.5099009900990099	0.7940962536383627	0.5244493210161169	0.11710052035761015	202	202	1.0	0.5742574257425742	0.42574257425742573	0.14851485148514848	False
U_ENSG00000278050.1	ENSG00000278050.1	misc_RNA	chr19	5894672	5894774	-	74	0.202553	102	102	True	True	True	87.0	0.4264705882352941	0.6796116504854369	0.638095238095238	0.8348681024984373	0.582189138563955	0.11131955880476718	105	102	0.9714285714285714	0.42857142857142855	0.5196078431372549	0.0910364145658264	False
U_tRNA-Leu-TAG-3-1	tRNA-Leu-TAG-3-1	tRNA	chr7	120434705	120434787	-	75	0.0	78	82	True	True	False	156.0	0.9512195121951219	1.0	0.9024390243902439	0.9776688879329034	0.9615829144388593	0.03904046494035036	82	82	1.0	0.5975609756097561	0.5975609756097561	0.0	False
U_tRNA-Leu-AAG-2-4	tRNA-Leu-AAG-2-4	tRNA	chr7	120516735	120516817	+	75	0.0	78	82	True	True	False	153.0	0.9329268292682927	0.9871794871794872	0.8902439024390244	0.9679211460802165	0.9333333333333335	0.03491885339192827	82	82	1.0	0.6463414634146342	0.6341463414634146	0.012195121951219523	False
U_ENSG00000283791.1	ENSG00000283791.1	miRNA	chr19	5875502	5875597	-	74	0.233424	95	95	True	True	True	69.0	0.3631578947368421	0.6547619047619048	0.43999999999999995	0.7039429765866795	0.3596730642139585	0.17010113359542042	100	95	0.95	0.65	0.5157894736842106	0.13421052631578945	False
U_ENSG00000277194.1	ENSG00000277194.1	snoRNA	chr19	8703229	8703355	+	74	0.0	126	126	True	True	True	210.0	0.8333333333333334	0.8888888888888888	0.8888888888888888	0.9277656393025011	0.8100874517405426	0.04525483399593905	126	126	1.0	0.49206349206349204	0.5158730158730159	0.02380952380952389	False
U_ENSG00000212382.1	ENSG00000212382.1	snRNA	chr7	125538979	125539085	+	75	0.521535	0	106	False	False	False	31.0	0.14622641509433962	0.5303030303030303	0.41509433962264153	0.6050686247434724	0.3521086227931008	0.17561037061510262	106	106	1.0	0.3584905660377358	0.3584905660377358	0.0	False
U_ENSG00000283188.1	ENSG00000283188.1	miRNA	chr1	17521114	17521169	+	84	0.0	0	55	False	False	False	94.0	0.8545454545454545	0.9245283018867925	0.8545454545454545	0.8818799929935021	0.7	0.07856742013183861	55	55	1.0	0.32727272727272727	0.36363636363636365	0.036363636363636376	False
U_ENSG00000283926.1	ENSG00000283926.1	miRNA	chr19	6314863	6314973	+	74	0.0	89	110	True	True	False	193.0	0.8772727272727273	0.9181818181818182	0.9181818181818182	0.9229488694953916	0.8286345017570711	0.060855500740466056	110	110	1.0	0.5727272727272728	0.5181818181818182	0.054545454545454564	False
U_ENSG00000211591.1	ENSG00000211591.1	miRNA	chr7	127307654	127307737	+	75	0.0	83	83	True	True	True	145.0	0.8734939759036144	0.9375	0.8674698795180723	0.969082764013875	0.9051764737634277	0.05720019219296866	83	83	1.0	0.8554216867469879	0.8072289156626506	0.04819277108433728	False
U_ENSG00000208037.1	ENSG00000208037.1	miRNA	chr14	70680945	70681027	+	76	0.0	82	82	True	True	True	147.0	0.8963414634146342	0.9615384615384616	0.8658536585365854	0.9437994571169436	0.895190400785518	0.042766686606638946	82	82	1.0	0.5975609756097561	0.6341463414634146	0.03658536585365857	False
U_ENSG00000199592.1	ENSG00000199592.1	rRNA_pseudogene	chr14	24009157	24009265	+	78	0.467682	0	108	False	False	False	38.0	0.17592592592592593	0.5180722891566265	0.4414414414414415	0.7368884414733705	0.4022132459667482	0.09665804187306291	111	108	0.972972972972973	0.4954954954954955	0.4351851851851852	0.06031031031031031	False
U_ENSG00000276319.1	ENSG00000276319.1	miRNA	chr14	76974709	76974782	+	81	0.234754	0	73	False	False	False	49.0	0.3402777777777778	0.6101694915254238	0.452054794520548	0.6051689087979628	0.3543377840716392	0.1714043721966963	72	73	0.9863013698630136	0.6111111111111112	0.4794520547945205	0.13165905631659064	False
U_ENSG00000266719.1	ENSG00000266719.1	miRNA	chr10	59430347	59430414	-	51	0.25745	0	67	False	False	False	35.0	0.26119402985074625	0.5303030303030303	0.5416666666666667	0.6498479422745332	0.35028807639681575	0.12073817943666035	72	67	0.9305555555555556	0.4444444444444444	0.4925373134328358	0.04809286898839138	False
U_ENSG00000221345.2	ENSG00000221345.2	snoRNA	chr1	23594249	23594462	+	71	0.510287	0	213	False	False	False	57.0	0.13380281690140844	0.49099099099099097	0.4882629107981221	0.7216680132620299	0.4395964078271317	0.1219136602200008	213	213	1.0	0.4507042253521127	0.39436619718309857	0.05633802816901412	False
U_ENSG00000278144.1	ENSG00000278144.1	misc_RNA	chr19	5894950	5895070	-	74	0.0	120	120	True	True	True	174.0	0.725	0.8608695652173913	0.775	0.9178136091091644	0.7513513513513512	0.054460005868973614	120	120	1.0	0.5916666666666667	0.5666666666666667	0.025000000000000022	False
U_ENSG00000206597.1	ENSG00000206597.1	snoRNA	chr19	8865902	8866050	-	74	0.015617	148	148	True	True	True	245.0	0.8277027027027027	0.8979591836734694	0.8791946308724832	0.9293373924546147	0.7821179467805508	0.05017705272975081	149	148	0.9932885906040269	0.6375838926174496	0.6216216216216216	0.015962270995828032	False
U_ENSG00000283523.1	ENSG00000283523.1	miRNA	chr8	36687959	36688022	+	83	0.496233	0	63	False	False	False	29.0	0.23015873015873015	0.5964912280701754	0.38095238095238093	0.7325435168354287	0.4721784379339523	0.1706936329719091	63	63	1.0	0.5396825396825397	0.42857142857142855	0.1111111111111111	False
U_ENSG00000275001.1	ENSG00000275001.1	misc_RNA	chr2	13231629	13231811	+	69	0.0	173	182	True	True	False	299.0	0.8214285714285714	0.9127906976744186	0.8186813186813187	0.9533606909243388	0.8624220126151949	0.04688000759247829	182	182	1.0	0.3956043956043956	0.4065934065934066	0.010989010989011005	False
U_ENSG00000206756.1	ENSG00000206756.1	misc_RNA	chr14	21387760	21387862	+	78	0.303394	0	102	False	False	False	24.0	0.11764705882352941	0.5172413793103449	0.42156862745098034	0.6083798112157898	0.22627786434233257	0.13430356402228252	102	102	1.0	0.4117647058823529	0.4215686274509804	0.009803921568627472	False
U_ENSG00000276765.1	ENSG00000276765.1	miRNA	chr8	11390364	11390436	+	87	0.196507	0	72	False	False	False	45.0	0.3125	0.6323529411764706	0.5972222222222222	0.7442735014138957	0.48713164466174	0.13509384572711886	72	72	1.0	0.5277777777777778	0.5833333333333334	0.05555555555555558	False
U_ENSG00000266712.3	ENSG00000266712.3	miRNA	chr3	5603302	5603385	-	86	0.489515	0	83	False	False	False	40.0	0.24096385542168675	0.6119402985074627	0.5180722891566265	0.44144860379242223	0.24826816321842415	0.2844366777973317	83	83	1.0	0.3253012048192771	0.3132530120481928	0.01204819277108432	False
U_ENSG00000201393.1	ENSG00000201393.1	snoRNA	chr14	24833675	24833792	+	78	0.222824	0	117	False	False	False	38.0	0.1623931623931624	0.5476190476190477	0.41025641025641024	0.7391169616719917	0.3820465887291705	0.06787937822423976	117	117	1.0	0.47863247863247865	0.49572649572649574	0.01709401709401709	False
U_ENSG00000265932.1	ENSG00000265932.1	miRNA	chr12	33483212	33483286	+	80	0.36611	0	74	False	False	False	32.0	0.21621621621621623	0.6326530612244898	0.5063291139240507	0.5760964547890037	0.22003278732814988	0.17375028442159166	79	74	0.9367088607594937	0.379746835443038	0.4594594594594595	0.07971262401642148	False
U_ENSG00000265847.1	ENSG00000265847.1	miRNA	chr14	65994846	65994924	+	76	0.132154	0	78	False	False	False	57.0	0.36538461538461536	0.7058823529411765	0.5641025641025641	0.7564349551355553	0.4746317904675332	0.10550699226799948	78	78	1.0	0.5	0.48717948717948717	0.01282051282051283	False
U_tRNA-Glu-TTC-1-2	tRNA-Glu-TTC-1-2	tRNA	chr14	79719104	79719176	+	81	0.0	69	72	True	True	False	135.0	0.9375	0.9855072463768116	0.9027777777777778	0.9636540617614491	0.9249450923943955	0.04453912197420252	72	72	1.0	0.5694444444444444	0.5833333333333334	0.01388888888888895	False
U_ENSG00000305482.1	ENSG00000305482.1	lncRNA	chr16	13490391	13490598	-	72	0.148203	207	207	True	True	True	91.0	0.21980676328502416	0.5769230769230769	0.4444444444444444	0.7584595004145939	0.43524959737699803	0.10962708534598267	207	207	1.0	0.5893719806763285	0.5072463768115942	0.08212560386473422	False
U_ENSG00000223280.1	ENSG00000223280.1	snRNA	chr14	79598821	79598924	+	81	0.468778	0	103	False	False	False	39.0	0.18932038834951456	0.7272727272727273	0.4368932038834952	0.6432247970966327	0.4145920264681156	0.19161588515384378	103	103	1.0	0.42718446601941745	0.2621359223300971	0.16504854368932037	False
U_ENSG00000199929.1	ENSG00000199929.1	rRNA_pseudogene	chr7	123909744	123909858	+	75	0.345294	0	114	False	False	False	41.0	0.17982456140350878	0.5866666666666667	0.4649122807017544	0.647678202394878	0.36618737658521955	0.14965959756891828	114	114	1.0	0.4649122807017544	0.5	0.03508771929824561	False
U_ENSG00000276908.1	ENSG00000276908.1	miRNA	chr5	120765063	120765125	+	82	0.07736	62	62	True	True	True	39.0	0.31451612903225806	0.6875	0.5384615384615384	0.7430247438548105	0.45205591854601856	0.12151818603023587	65	62	0.9538461538461539	0.6	0.6290322580645161	0.029032258064516148	False
U_tRNA-Glu-TTC-2-1	tRNA-Glu-TTC-2-1	tRNA	chr14	76390211	76390283	+	81	0.0	70	72	True	True	False	140.0	0.9722222222222222	1.0	0.9444444444444444	0.987596690062407	0.977838140019881	0.02816901408450704	72	72	1.0	0.6111111111111112	0.625	0.01388888888888884	False
U_ENSG00000221616.1	ENSG00000221616.1	miRNA	chr14	66733037	66733152	+	76	0.390259	0	115	False	False	False	28.0	0.12612612612612611	0.5	0.4434782608695652	0.5248302283271351	0.288056489073468	0.19352856153995118	111	115	0.9652173913043478	0.3333333333333333	0.43478260869565216	0.10144927536231885	False
U_ENSG00000274314.1	ENSG00000274314.1	miRNA	chr19	6305363	6305432	+	74	0.108725	0	69	False	False	False	44.0	0.3188405797101449	0.6	0.5217391304347826	0.7438616498976965	0.5750080677718349	0.13316742850202085	69	69	1.0	0.6956521739130435	0.6521739130434783	0.04347826086956519	False
U_ENSG00000284412.1	ENSG00000284412.1	miRNA	chr11	5818414	5818478	+	92	0.229606	4	64	True	False	False	51.0	0.3984375	0.6290322580645161	0.578125	0.7350367527564798	0.5200030254809497	0.1229518522605529	64	64	1.0	0.6875	0.65625	0.03125	False
U_ENSG00000252067.1	ENSG00000252067.1	snRNA	chr14	69468417	69468535	+	76	0.14063	0	118	False	False	False	50.0	0.22123893805309736	0.5728155339805825	0.5338983050847458	0.7599844148422702	0.4328057333301404	0.1165677538269997	113	118	0.9576271186440678	0.36283185840707965	0.3559322033898305	0.006899655017249151	False
U_ENSG00000252264.1	ENSG00000252264.1	snRNA	chr8	38185032	38185089	+	83	0.501717	0	57	False	False	False	17.0	0.14912280701754385	0.631578947368421	0.4032258064516129	0.40261206221517587	0.16136846966433166	0.23235889696579481	62	57	0.9193548387096774	0.4032258064516129	0.42105263157894735	0.017826825127334467	False
U_ENSG00000277599.1	ENSG00000277599.1	misc_RNA	chr19	5894304	5894466	-	74	0.078529	162	162	True	True	True	209.0	0.6572327044025157	0.831081081081081	0.7654320987654322	0.873365689688761	0.7333395429444002	0.08492694894539186	159	162	0.9814814814814815	0.559748427672956	0.5987654320987654	0.039017004425809465	False
U_ENSG00000212499.1	ENSG00000212499.1	rRNA_pseudogene	chr2	5202225	5202327	+	77	0.381869	0	102	False	False	False	31.0	0.15196078431372548	0.5060240963855421	0.5046728971962617	0.6159061708940212	0.23643258552267607	0.10864123520937294	107	102	0.9532710280373832	0.5420560747663551	0.5490196078431373	0.0069635330767822134	False
U_ENSG00000222624.1	ENSG00000222624.1	snRNA	chr4	101500746	101500937	+	70	0.388572	0	191	False	False	False	59.0	0.1544502617801047	0.5059523809523809	0.481675392670157	0.7982043025910247	0.5067918170464615	0.08453883370636323	191	191	1.0	0.387434554973822	0.4083769633507853	0.020942408376963317	False
U_ENSG00000252035.1	ENSG00000252035.1	snRNA	chr8	38368441	38368545	-	83	0.513111	0	104	False	False	False	30.0	0.14423076923076922	0.56	0.47115384615384615	0.5754085462309853	0.2468403870144814	0.1072365147299734	104	104	1.0	0.4423076923076923	0.3942307692307692	0.04807692307692307	False
U_ENSG00000252260.1	ENSG00000252260.1	rRNA_pseudogene	chr18	81869633	81869737	+	85	0.532256	0	104	False	False	False	28.0	0.1346153846153846	0.5238095238095238	0.42307692307692313	0.5707115558851473	0.3169623262772246	0.24484505267802897	104	104	1.0	0.5192307692307693	0.25	0.2692307692307693	False
U_ENSG00000206755.1	ENSG00000206755.1	snoRNA	chr7	127127044	127127173	+	75	0.0	128	129	True	True	True	192.0	0.7441860465116279	0.84375	0.8217054263565892	0.8763691835158568	0.703739757474489	0.05063078670631141	129	129	1.0	0.5193798449612403	0.4806201550387597	0.038759689922480633	False
U_ENSG00000283969.1	ENSG00000283969.1	miRNA	chr11	5779112	5779168	-	92	0.178312	3	56	True	False	False	31.0	0.2767857142857143	0.5892857142857143	0.5178571428571428	0.6339430814002619	0.23087854826980503	0.14770978917519925	56	56	1.0	0.5714285714285714	0.625	0.0535714285714286	False
U_ENSG00000266206.1	ENSG00000266206.1	miRNA	chr8	36687962	36688030	-	83	0.500635	0	68	False	False	False	34.0	0.25	0.5789473684210527	0.4657534246575342	0.7960634358558163	0.535940382682693	0.12923857177245748	73	68	0.9315068493150684	0.4794520547945205	0.4117647058823529	0.0676873489121676	False
U_ENSG00000200688.1	ENSG00000200688.1	misc_RNA	chr5	121559141	121559250	-	82	0.27177	0	109	False	False	False	22.0	0.10377358490566038	0.4722222222222222	0.35779816513761464	0.3725338411709169	0.21508785462805016	0.2575583987568474	106	109	0.9724770642201835	0.4339622641509434	0.3944954128440367	0.03946685130690669	False
U_ENSG00000202427.1	ENSG00000202427.1	snRNA	chr1	125554330	125554432	-	79	0.537569	0	102	False	False	False	33.0	0.16176470588235295	0.5660377358490566	0.42056074766355145	0.639390489157032	0.35501368884295365	0.19248605330051993	107	102	0.9532710280373832	0.3925233644859813	0.28431372549019607	0.10820963899578523	False
U_ENSG00000200719.1	ENSG00000200719.1	rRNA_pseudogene	chr14	65063431	65063538	+	76	0.418158	0	107	False	False	False	39.0	0.1822429906542056	0.5425531914893617	0.46846846846846846	0.7222271757863686	0.40821289372469177	0.1161649165670533	111	107	0.963963963963964	0.46846846846846846	0.48598130841121495	0.017512839942746494	False
U_ENSG00000201822.1	ENSG00000201822.1	rRNA_pseudogene	chr3	33330098	33330190	-	88	0.567485	0	92	False	False	False	26.0	0.14130434782608695	0.5769230769230769	0.3913043478260869	0.5182725525988771	0.21930668324492694	0.17513601593966183	92	92	1.0	0.5869565217391305	0.3695652173913043	0.21739130434782616	False
U_ENSG00000284584.1	ENSG00000284584.1	miRNA	chr14	79438449	79438554	+	81	0.100565	17	105	True	False	False	115.0	0.5476190476190477	0.75	0.7	0.7829897493299043	0.5455062962621039	0.12518491454153696	110	105	0.9545454545454546	0.5363636363636364	0.5619047619047619	0.02554112554112553	False
U_ENSG00000289266.1	ENSG00000289266.1	lncRNA	chr2	5068983	5069092	+	77	0.198669	0	109	False	False	False	45.0	0.20642201834862386	0.5697674418604651	0.4473684210526315	0.6282849959050606	0.3003124875651863	0.13730175578129233	114	109	0.956140350877193	0.543859649122807	0.44954128440366975	0.0943183647191373	False
U_ENSG00000252130.1	ENSG00000252130.1	snRNA	chr1	51832212	51832315	-	79	0.169681	0	103	False	False	False	32.0	0.1553398058252427	0.5045871559633027	0.4392523364485982	0.6262631701156425	0.3158101459191266	0.17409209390634933	107	103	0.9626168224299065	0.3177570093457944	0.47572815533980584	0.15797114599401146	False
U_ENSG00000199127.1	ENSG00000199127.1	miRNA	chr8	38719289	38719362	-	83	0.0	67	73	True	True	False	137.0	0.9383561643835616	0.9857142857142858	0.904109589041096	0.9580838323353293	0.9301860558186066	0.05196746370519363	73	73	1.0	0.4931506849315068	0.5068493150684932	0.013698630136986356	False
U_ENSG00000274822.1	ENSG00000274822.1	miRNA	chr5	120677343	120677428	-	82	0.246801	0	85	False	False	False	54.0	0.3176470588235294	0.6222222222222222	0.5813953488372092	0.7142100262635313	0.4531466433086317	0.13954458440655876	86	85	0.9883720930232558	0.6744186046511628	0.6235294117647059	0.05088919288645688	False
U_ENSG00000221325.1	ENSG00000221325.1	miRNA	chr13	20727314	20727390	+	91	0.0	0	76	False	False	False	49.0	0.3223684210526316	0.6212121212121212	0.5657894736842105	0.6900702793368779	0.3700185013876156	0.10327955589886445	76	76	1.0	0.4868421052631579	0.4342105263157895	0.05263157894736842	False
U_ENSG00000201813.1	ENSG00000201813.1	snRNA	chr1	46881452	46881550	+	79	0.170858	0	98	False	False	False	56.0	0.2857142857142857	0.6344086021505376	0.5339805825242718	0.611545302578121	0.35145384334451846	0.1631580352239423	103	98	0.9514563106796117	0.3786407766990291	0.5102040816326531	0.13156330493362395	False
U_ENSG00000284261.1	ENSG00000284261.1	miRNA	chr11	6422224	6422277	-	92	0.0	53	53	True	True	True	106.0	1.0	1.0	1.0	1.0000000000000002	1.0	0.0	53	53	1.0	0.39622641509433965	0.39622641509433965	0.0	False
U_ENSG00000222601.1	ENSG00000222601.1	misc_RNA	chr5	115433176	115433265	+	82	0.129483	0	89	False	False	False	35.0	0.19662921348314608	0.5714285714285714	0.4044943820224719	0.7238028192174714	0.35138211074996695	0.09775369621639349	89	89	1.0	0.43820224719101125	0.48314606741573035	0.0449438202247191	False
U_ENSG00000222682.1	ENSG00000222682.1	rRNA_pseudogene	chr8	8353477	8353596	-	87	0.330449	0	119	False	False	False	36.0	0.15126050420168066	0.5111111111111111	0.4117647058823529	0.6055502949409266	0.34735785464648844	0.1976593862659424	119	119	1.0	0.4957983193277311	0.31092436974789917	0.18487394957983194	False
U_ENSG00000206932.1	ENSG00000206932.1	snRNA	chr3	34301179	34301286	+	88	0.349478	0	107	False	False	False	30.0	0.14018691588785046	0.4791666666666667	0.4018691588785047	0.6156295147559784	0.38726926689819846	0.1759882840205437	107	107	1.0	0.45794392523364486	0.3925233644859813	0.06542056074766356	False
U_ENSG00000300409.1	ENSG00000300409.1	lncRNA	chr4	20778969	20779171	-	73	0.273776	0	202	False	False	False	100.0	0.24752475247524752	0.5294117647058824	0.5024630541871922	0.6851067537341885	0.44761396457656905	0.18206304569802353	203	202	0.9950738916256158	0.6995073891625616	0.5198019801980198	0.1797054089645418	False
U_ENSG00000283768.1	ENSG00000283768.1	miRNA	chr5	116123394	116123482	+	82	0.141349	19	88	True	False	False	74.0	0.42045454545454547	0.6781609195402298	0.5934065934065934	0.7507553479264578	0.4431067606145036	0.10492769300865251	91	88	0.967032967032967	0.5714285714285714	0.5795454545454546	0.008116883116883189	False
U_ENSG00000294911.1	ENSG00000294911.1	lncRNA	chr1	22032492	22032731	-	71	0.038455	0	239	False	False	False	266.0	0.5564853556485355	0.7344398340248963	0.6903765690376569	0.8904951300767371	0.7104694630132907	0.06454744325940007	239	239	1.0	0.6192468619246861	0.602510460251046	0.0167364016736401	False
U_ENSG00000254341.2	ENSG00000254341.2	snoRNA	chr1	10012687	10012776	-	84	0.0	89	89	True	True	True	133.0	0.7471910112359551	0.8555555555555555	0.8314606741573034	0.9214954707619399	0.7754035086653923	0.06626081698687841	89	89	1.0	0.38202247191011235	0.4157303370786517	0.03370786516853935	False
U_ENSG00000265526.1	ENSG00000265526.1	miRNA	chr5	124279386	124279448	-	94	0.0	0	62	False	False	False	30.0	0.24193548387096775	0.5409836065573771	0.5161290322580645	0.6320965356695174	0.36815194985072136	0.144782965021768	62	62	1.0	0.5967741935483871	0.5483870967741935	0.048387096774193616	False
U_ENSG00000228165.1	ENSG00000228165.1	lncRNA	chr19	29112692	29112767	-	89	0.0	75	75	True	True	True	135.0	0.9	0.9333333333333333	0.9333333333333333	0.9000121035254887	0.8333333333333335	0.08108108108108109	75	75	1.0	0.4	0.4666666666666667	0.06666666666666665	False
U_ENSG00000199536.1	ENSG00000199536.1	snRNA	chr3	31005407	31005509	+	88	0.368754	0	102	False	False	False	41.0	0.20098039215686275	0.5882352941176471	0.4672897196261683	0.7319043700302765	0.420883424647321	0.12540371363812397	107	102	0.9532710280373832	0.3925233644859813	0.3235294117647059	0.0689939527212754	False
U_ENSG00000252509.1	ENSG00000252509.1	rRNA_pseudogene	chr1	15118682	15118765	+	84	0.507226	0	83	False	False	False	26.0	0.1566265060240964	0.56	0.3977272727272727	0.5686078911816229	0.19356688595237104	0.1830722622096306	88	83	0.9431818181818182	0.48863636363636365	0.2891566265060241	0.19947973713033956	False
U_ENSG00000221436.1	ENSG00000221436.1	miRNA	chr17	65681067	65681156	-	90	0.30088	0	89	False	False	False	33.0	0.1896551724137931	0.532258064516129	0.449438202247191	0.48227050902700985	0.21779187211867929	0.2218205101680926	87	89	0.9775280898876404	0.2988505747126437	0.3146067415730337	0.015756166860389997	False
U_ENSG00000275022.1	ENSG00000275022.1	miRNA	chr19	3951996	3952165	-	74	0.082093	169	169	True	True	True	72.0	0.21951219512195122	0.5873015873015873	0.5088757396449703	0.8798917766673038	0.6325600284604409	0.08298509571643242	164	169	0.9704142011834319	0.6646341463414634	0.6272189349112426	0.03741521143022086	False
U_ENSG00000278026.1	ENSG00000278026.1	misc_RNA	chr3	34707330	34707437	+	88	0.104052	104	107	True	True	False	173.0	0.8084112149532711	0.8952380952380953	0.8348623853211009	0.8854097085466055	0.735287002530314	0.06489129055545242	109	107	0.981651376146789	0.46788990825688076	0.48598130841121495	0.018091400154334192	False
U_tRNA-Val-AAC-1-1	tRNA-Val-AAC-1-1	tRNA	chr3	30655415	30655488	+	88	0.0	70	73	True	True	False	140.0	0.958904109589041	1.0	0.9178082191780822	0.9802184344044848	0.968962790249909	0.01964185503295966	73	73	1.0	0.547945205479452	0.547945205479452	0.0	False
U_ENSG00000272366.1	ENSG00000272366.1	lncRNA	chr2	18698785	18699020	-	69	0.076633	178	235	True	True	False	132.0	0.28085106382978725	0.5617529880478087	0.5690376569037656	0.8285762215894887	0.583916083916084	0.0905796278636251	239	235	0.9832635983263598	0.6401673640167364	0.6595744680851063	0.019407104068369985	False
U_ENSG00000273700.1	ENSG00000273700.1	miRNA	chr5	122017995	122018061	-	82	0.408515	0	66	False	False	False	36.0	0.2727272727272727	0.5625	0.5588235294117647	0.5781027134932747	0.3565677208696603	0.22267330282251496	68	66	0.9705882352941176	0.6323529411764706	0.5454545454545454	0.08689839572192515	False
U_ENSG00000284280.1	ENSG00000284280.1	miRNA	chr14	66209026	66209178	+	76	0.185593	0	152	False	False	False	90.0	0.2980132450331126	0.5704697986577181	0.5	0.8007367173473124	0.5846859905195962	0.10923076368717792	151	152	0.993421052631579	0.6225165562913907	0.5657894736842105	0.05672708260718018	False
U_ENSG00000199065.3	ENSG00000199065.3	miRNA	chr19	29112690	29112769	+	89	0.0	79	79	True	True	True	143.0	0.9050632911392406	0.9367088607594937	0.9367088607594937	0.9086963681908752	0.8153742483272113	0.07692307692307691	79	79	1.0	0.4050632911392405	0.46835443037974683	0.06329113924050633	False
U_ENSG00000263575.1	ENSG00000263575.1	miRNA	chr19	29783313	29783392	+	89	0.159865	76	79	True	True	False	110.0	0.6962025316455697	0.7974683544303798	0.7974683544303798	0.8516424950367657	0.6111919138499425	0.0725237724293895	79	79	1.0	0.7721518987341772	0.810126582278481	0.03797468354430378	False
U_ENSG00000264229.2	ENSG00000264229.2	snRNA	chr1	118386871	118387001	-	79	0.0	130	130	True	True	True	213.0	0.8192307692307692	0.9133858267716536	0.8538461538461538	0.929518702211465	0.8073900717171498	0.05023829998765784	130	130	1.0	0.4461538461538462	0.49230769230769234	0.046153846153846156	False
U_ENSG00000206593.1	ENSG00000206593.1	snRNA	chr17	64322256	64322363	-	90	0.532763	0	107	False	False	False	40.0	0.18691588785046728	0.5652173913043478	0.4392523364485982	0.5444283031586161	0.310159040069746	0.1509433962264151	107	107	1.0	0.42990654205607476	0.38317757009345793	0.04672897196261683	False
U_ENSG00000274845.1	ENSG00000274845.1	misc_RNA	chr1	51513150	51513327	-	79	0.267101	0	177	False	False	False	130.0	0.3672316384180791	0.6201117318435754	0.5769230769230769	0.8444895152558637	0.5241448106075235	0.06211493700668758	182	177	0.9725274725274725	0.5054945054945055	0.4576271186440678	0.047867386850437676	False
U_ENSG00000222300.1	ENSG00000222300.1	snRNA	chr2	59416208	59416391	-	6	0.295869	0	183	False	False	False	122.0	0.3333333333333333	0.64	0.5904255319148937	0.8322864609446319	0.5719374037244465	0.05834636856647621	188	183	0.973404255319149	0.39893617021276595	0.4207650273224044	0.021828857109638444	False
U_ENSG00000273153.1	ENSG00000273153.1	lncRNA	chr2	13503919	13504171	-	69	0.197585	0	252	False	False	False	148.0	0.296	0.5887850467289719	0.46031746031746035	0.8564159280025632	0.5969685706675679	0.05898763843753086	250	252	0.9920634920634921	0.428	0.4166666666666667	0.011333333333333306	False
U_ENSG00000278406.1	ENSG00000278406.1	misc_RNA	chr1	50261560	50261686	-	79	0.094032	119	126	True	True	False	171.0	0.6785714285714286	0.8235294117647058	0.6870229007633588	0.8560859240863502	0.6652602734201909	0.05714799638766228	131	126	0.9618320610687023	0.35877862595419846	0.373015873015873	0.014237247061674563	False
U_ENSG00000284067.1	ENSG00000284067.1	miRNA	chr11	5743580	5743639	+	92	0.175606	0	59	False	False	False	29.0	0.2457627118644068	0.5423728813559322	0.53125	0.6850192237436813	0.39180321023515347	0.1847969629315664	64	59	0.921875	0.640625	0.6949152542372882	0.05429025423728817	False
U_ENSG00000201365.1	ENSG00000201365.1	misc_RNA	chr1	9808623	9808728	+	84	0.469485	0	105	False	False	False	26.0	0.12380952380952381	0.5409836065573771	0.39814814814814814	0.43894396519539425	0.21371347726588721	0.24561900168119188	108	105	0.9722222222222222	0.4351851851851852	0.4095238095238095	0.025661375661375663	False
U_ENSG00000266431.1	ENSG00000266431.1	miRNA	chr14	46619658	46619716	-	95	0.252855	0	58	False	False	False	21.0	0.1810344827586207	0.5365853658536586	0.4482758620689655	0.42311396068767754	0.24081521519930157	0.22329687826943603	58	58	1.0	0.43103448275862066	0.3275862068965517	0.10344827586206895	False
U_ENSG00000239184.1	ENSG00000239184.1	rRNA_pseudogene	chr1	11859258	11859397	+	84	0.307564	0	139	False	False	False	53.0	0.19343065693430658	0.5679012345679012	0.460431654676259	0.6818418500701734	0.4119078526758688	0.1449761872355597	137	139	0.9856115107913669	0.39416058394160586	0.2805755395683453	0.11358504437326056	False
U_ENSG00000275967.1	ENSG00000275967.1	miRNA	chr5	125104283	125104343	-	94	0.01709	0	60	False	False	False	44.0	0.36666666666666664	0.6428571428571429	0.5967741935483871	0.7894480668444122	0.4654548354348893	0.11608419757832025	62	60	0.967741935483871	0.6612903225806451	0.5833333333333334	0.07795698924731176	False
U_ENSG00000212348.1	ENSG00000212348.1	snRNA	chr1	16816288	16816398	+	84	0.481744	0	110	False	False	False	35.0	0.16203703703703703	0.5694444444444444	0.44545454545454544	0.6019304636942733	0.3216315423104195	0.14367084066827926	108	110	0.9818181818181818	0.4537037037037037	0.41818181818181815	0.035521885521885566	False
U_ENSG00000199477.1	ENSG00000199477.1	snoRNA	chr14	76085345	76085474	+	81	0.0	129	129	True	True	True	201.0	0.7790697674418605	0.8527131782945736	0.8461538461538461	0.861127451172361	0.6685189760849773	0.05845831483415386	130	129	0.9923076923076923	0.4307692307692308	0.4728682170542636	0.04209898628503278	False
U_ENSG00000207717.1	ENSG00000207717.1	miRNA	chr3	29470965	29471061	+	88	0.0	90	96	True	True	False	167.0	0.8697916666666666	0.925531914893617	0.8854166666666666	0.9198237488782486	0.8241054922549451	0.053673889616766154	96	96	1.0	0.53125	0.5208333333333334	0.01041666666666663	False
U_ENSG00000274467.1	ENSG00000274467.1	rRNA_pseudogene	chr8	69624160	69624278	+	83	0.400017	0	118	False	False	False	31.0	0.1336206896551724	0.49586776859504134	0.4915254237288136	0.6271289375661818	0.32211979803872676	0.14141771396819575	116	118	0.9830508474576272	0.5344827586206896	0.4067796610169492	0.12770309760374043	False
U_ENSG00000208892.1	ENSG00000208892.1	snoRNA	chr5	110839912	110840046	-	82	0.086484	132	134	True	True	False	210.0	0.7835820895522388	0.8656716417910447	0.8382352941176471	0.8716038771881773	0.683925153242488	0.07958097921000372	136	134	0.9852941176470589	0.4852941176470588	0.5522388059701493	0.06694468832309047	False
U_ENSG00000199990.1	ENSG00000199990.1	vault_RNA	chr18	36934960	36935061	+	57	0.136594	101	101	True	True	True	69.0	0.3484848484848485	0.631578947368421	0.594059405940594	0.761420037138375	0.5124528324611946	0.11874079021258113	99	101	0.9801980198019802	0.5252525252525253	0.5346534653465347	0.00940094009400938	False
U_ENSG00000206777.1	ENSG00000206777.1	snRNA	chr3	30606227	30606331	-	88	0.407047	0	104	False	False	False	37.0	0.1778846153846154	0.5168539325842697	0.485981308411215	0.6249736635735834	0.38979223247279315	0.19265090181535655	107	104	0.9719626168224299	0.42990654205607476	0.4326923076923077	0.002785765636232951	False
U_ENSG00000265432.1	ENSG00000265432.1	miRNA	chr14	47410117	47410199	-	95	0.179023	0	82	False	False	False	37.0	0.22839506172839505	0.5846153846153846	0.4878048780487805	0.625057478786028	0.3829346506114936	0.19273721421888396	81	82	0.9878048780487805	0.4074074074074074	0.47560975609756095	0.06820234869015357	False
U_ENSG00000251935.1	ENSG00000251935.1	misc_RNA	chr1	52646508	52646724	+	79	0.370891	0	216	False	False	False	119.0	0.27546296296296297	0.5674418604651162	0.543778801843318	0.8399475503302645	0.6196697439220178	0.07335550630449297	217	216	0.9953917050691244	0.46543778801843316	0.46296296296296297	0.002474825055470198	False
U_ENSG00000207286.1	ENSG00000207286.1	misc_RNA	chr13	24457613	24457714	+	96	0.311721	0	101	False	False	False	29.0	0.14356435643564355	0.5070422535211268	0.4509803921568627	0.5036039920144514	0.1845623481120475	0.189687053632691	102	101	0.9901960784313726	0.4117647058823529	0.42574257425742573	0.01397786837507281	False
U_tRNA-Ala-TGC-3-2	tRNA-Ala-TGC-3-2	tRNA	chr5	125481317	125481389	-	94	0.0	68	72	True	True	False	136.0	0.9444444444444444	1.0	0.8888888888888888	0.9736795920896915	0.9562749403324302	0.03449985553215743	72	72	1.0	0.5972222222222222	0.6111111111111112	0.01388888888888895	False
U_ENSG00000283507.1	ENSG00000283507.1	miRNA	chr5	121203233	121203380	+	82	0.509851	0	147	False	False	False	31.0	0.10839160839160839	0.4642857142857143	0.435374149659864	0.5207904990086121	0.29089722077240354	0.2265609303918435	143	147	0.9727891156462585	0.2867132867132867	0.48299319727891155	0.19627991056562483	False
U_tRNA-Asp-GTC-2-9	tRNA-Asp-GTC-2-9	tRNA	chr5	125482674	125482746	-	94	0.0	68	72	True	True	False	136.0	0.9444444444444444	1.0	0.8888888888888888	0.9683342567918952	0.9560222249632359	0.0487901635934895	72	72	1.0	0.625	0.6111111111111112	0.01388888888888884	False
U_tRNA-Phe-GAA-1-4	tRNA-Phe-GAA-1-4	tRNA	chr5	125483122	125483195	-	94	0.0	69	73	True	True	False	138.0	0.9452054794520548	1.0	0.8904109589041096	0.9703924768025235	0.9487179487179486	0.027777777777777773	73	73	1.0	0.5342465753424658	0.5342465753424658	0.0	False
U_tRNA-Asp-GTC-2-10	tRNA-Asp-GTC-2-10	tRNA	chr5	125486083	125486155	-	94	0.0	68	72	True	True	False	136.0	0.9444444444444444	1.0	0.8888888888888888	0.9684475334265662	0.9560222249632359	0.04453912197420253	72	72	1.0	0.625	0.6111111111111112	0.01388888888888884	False
U_tRNA-Ala-TGC-4-1	tRNA-Ala-TGC-4-1	tRNA	chr5	125486532	125486604	+	94	0.0	69	72	True	True	False	135.0	0.9375	0.9855072463768116	0.9027777777777778	0.9592700375676936	0.9199418174856334	0.03449985553215743	72	72	1.0	0.5972222222222222	0.5694444444444444	0.02777777777777779	False
U_ENSG00000207963.1	ENSG00000207963.1	miRNA	chr3	28679763	28679855	+	93	0.103302	0	92	False	False	False	140.0	0.7608695652173914	0.8636363636363636	0.8229166666666666	0.8528291961229464	0.7093357782215759	0.07863521591659249	96	92	0.9583333333333334	0.3229166666666667	0.358695652173913	0.03577898550724634	False
U_ENSG00000303010.1	ENSG00000303010.1	lncRNA	chr8	41312518	41312658	-	83	0.363217	0	140	False	False	False	43.0	0.15808823529411764	0.49193548387096775	0.44999999999999996	0.5329893286953843	0.2551102402737728	0.17441384490594122	136	140	0.9714285714285714	0.45588235294117646	0.35714285714285715	0.09873949579831931	False
U_ENSG00000238610.1	ENSG00000238610.1	snRNA	chr13	21896905	21896968	+	96	0.57163	0	63	False	False	False	19.0	0.15079365079365079	0.5833333333333334	0.4444444444444444	0.3411262720718323	0.22537446792760446	0.24567010018915833	63	63	1.0	0.4444444444444444	0.38095238095238093	0.06349206349206349	False
U_ENSG00000264974.1	ENSG00000264974.1	miRNA	chr3	24362494	24362572	-	93	0.414318	0	78	False	False	False	41.0	0.26282051282051283	0.5633802816901409	0.524390243902439	0.7475694779905333	0.5296408977028497	0.1556758137259191	82	78	0.9512195121951219	0.3780487804878049	0.2692307692307692	0.10881801125703566	False
U_tRNA-Ile-AAT-11-1	tRNA-Ile-AAT-11-1	tRNA	chr5	127966793	127966863	+	94	0.306125	0	70	False	False	False	40.0	0.2857142857142857	0.5675675675675675	0.5066666666666666	0.5889312476390163	0.31005847789813235	0.15810382743781384	75	70	0.9333333333333333	0.5733333333333334	0.4857142857142857	0.08761904761904765	False
U_ENSG00000202538.2	ENSG00000202538.2	snRNA	chr5	115628305	115628450	+	82	0.0	145	145	True	True	True	276.0	0.9517241379310345	1.0	0.903448275862069	0.9869588538752835	0.9678899082568807	0.02946278254943949	145	145	1.0	0.45517241379310347	0.46206896551724136	0.006896551724137889	False
U_ENSG00000200795.2	ENSG00000200795.2	snRNA	chr5	115627510	115627655	+	82	0.0	138	145	True	True	False	270.0	0.9310344827586207	0.9855072463768116	0.8896551724137931	0.9637403948553254	0.9231619831763956	0.05288731323516603	145	145	1.0	0.4827586206896552	0.46206896551724136	0.020689655172413834	False
U_ENSG00000284402.1	ENSG00000284402.1	miRNA	chr5	123020292	123020367	-	94	0.127843	4	75	True	False	False	93.0	0.62	0.8	0.7	0.7485514697094778	0.4975185951049946	0.11149697611926469	80	75	0.9375	0.525	0.44	0.08500000000000002	False
U_ENSG00000252991.1	ENSG00000252991.1	snRNA	chr19	25607449	25607556	-	89	0.47704	44	107	True	False	False	28.0	0.1320754716981132	0.5172413793103449	0.4018691588785047	0.6874336997925071	0.3349900475935268	0.127480565703207	106	107	0.9906542056074766	0.44339622641509435	0.4205607476635514	0.02283547875154296	False
U_ENSG00000302318.1	ENSG00000302318.1	lncRNA	chr14	69373704	69373900	+	76	0.097521	0	196	False	False	False	85.0	0.21794871794871795	0.5547945205479452	0.44897959183673475	0.8503871916143859	0.6531926915404378	0.09368508960337853	195	196	0.9948979591836735	0.5435897435897435	0.5459183673469388	0.002328623757195225	False
U_ENSG00000284425.1	ENSG00000284425.1	miRNA	chr5	124563576	124563656	-	94	0.0	80	80	True	True	True	134.0	0.8375	0.9210526315789473	0.825	0.9404008408634048	0.8694019106489533	0.05660931588607063	80	80	1.0	0.7625	0.7375	0.02499999999999991	False
U_ENSG00000200742.1	ENSG00000200742.1	misc_RNA	chr14	47942936	47943038	+	95	0.474589	0	102	False	False	False	39.0	0.19306930693069307	0.5360824742268041	0.5098039215686274	0.7400499416759414	0.4029547337418699	0.11479103906124347	101	102	0.9901960784313726	0.42574257425742573	0.5	0.07425742574257427	False
U_tRNA-iMet-CAT-1-2	tRNA-iMet-CAT-1-2	tRNA	chr13	23714521	23714593	-	96	0.0	68	72	True	True	False	136.0	0.9444444444444444	1.0	0.8888888888888888	0.9703969934240091	0.9535528383634794	0.034499855532157446	72	72	1.0	0.5972222222222222	0.5833333333333334	0.01388888888888884	False
U_ENSG00000252714.1	ENSG00000252714.1	rRNA_pseudogene	chr2	118584530	118584647	-	38	0.270639	9	117	True	False	False	23.0	0.10267857142857142	0.5283018867924528	0.4358974358974359	0.3646646615917654	0.1134884357230664	0.25309882168829756	112	117	0.9572649572649573	0.5446428571428571	0.3333333333333333	0.21130952380952378	False
U_tRNA-Arg-TCG-4-1	tRNA-Arg-TCG-4-1	tRNA	chr13	23710629	23710702	-	96	0.0	73	73	True	True	True	135.0	0.9246575342465754	0.9855072463768116	0.8767123287671232	0.9403246919632545	0.9069767441860465	0.03928371006591931	73	73	1.0	0.5068493150684932	0.5342465753424658	0.0273972602739726	False
U_ENSG00000223177.1	ENSG00000223177.1	rRNA_pseudogene	chr8	10080136	10080256	-	87	0.345963	0	120	False	False	False	45.0	0.1875	0.49166666666666664	0.4916666666666667	0.750233529126033	0.4136223671321387	0.12520726408194405	120	120	1.0	0.45	0.4083333333333333	0.041666666666666685	False
U_tRNA-Gln-TTG-3-1	tRNA-Gln-TTG-3-1	tRNA	chr13	23703779	23703851	+	96	0.0	69	72	True	True	False	138.0	0.9583333333333334	1.0	0.9166666666666666	0.9770084209183943	0.9634862821317264	0.02816901408450704	72	72	1.0	0.5277777777777778	0.5277777777777778	0.0	False
U_tRNA-Gln-TTG-3-2	tRNA-Gln-TTG-3-2	tRNA	chr13	23703216	23703288	+	96	0.0	69	72	True	True	False	138.0	0.9583333333333334	1.0	0.9166666666666666	0.9761904761904762	0.9625752041255983	0.03449985553215744	72	72	1.0	0.5277777777777778	0.5	0.02777777777777779	False
U_ENSG00000296587.1	ENSG00000296587.1	lncRNA	chr5	118563092	118563281	-	82	0.150435	0	189	False	False	False	129.0	0.34308510638297873	0.6264367816091954	0.5185185185185186	0.7665559986596187	0.6082997300286062	0.16797188886549103	188	189	0.9947089947089947	0.35106382978723405	0.328042328042328	0.023021501744906026	False
U_tRNA-iMet-CAT-1-3	tRNA-iMet-CAT-1-3	tRNA	chr13	23701858	23701930	+	96	0.0	69	72	True	True	False	138.0	0.9583333333333334	1.0	0.9166666666666666	0.9783636226635065	0.9655172413793102	0.034499855532157446	72	72	1.0	0.5972222222222222	0.6111111111111112	0.01388888888888895	False
U_ENSG00000264069.3	ENSG00000264069.3	miRNA	chr13	14667759	14667860	-	91	0.229524	0	101	False	False	False	72.0	0.36	0.627906976744186	0.5742574257425743	0.6644475487576545	0.31866054592971493	0.16571088047735658	100	101	0.9900990099009901	0.64	0.49504950495049505	0.14495049504950497	False
U_tRNA-Trp-CCA-3-1	tRNA-Trp-CCA-3-1	tRNA	chr13	23690685	23690757	+	96	0.0	69	72	True	True	False	138.0	0.9583333333333334	1.0	0.9166666666666666	0.978945010372561	0.9634862821317264	0.03449985553215744	72	72	1.0	0.5833333333333334	0.5833333333333334	0.0	False
U_tRNA-Arg-TCG-2-1	tRNA-Arg-TCG-2-1	tRNA	chr13	23688153	23688226	-	96	0.0	69	73	True	True	False	135.0	0.9246575342465754	0.9855072463768116	0.8767123287671232	0.9483040522636019	0.9027075674773932	0.03402069087198859	73	73	1.0	0.5205479452054794	0.5205479452054794	0.0	False
U_tRNA-Arg-ACG-1-1	tRNA-Arg-ACG-1-1	tRNA	chr13	23684695	23684768	-	96	0.0	69	73	True	True	False	138.0	0.9452054794520548	1.0	0.8904109589041096	0.9714533537179854	0.9530071308033986	0.0392837100659193	73	73	1.0	0.589041095890411	0.5753424657534246	0.013698630136986356	False
U_ENSG00000295118.1	ENSG00000295118.1	lncRNA	chr14	70443701	70443902	-	76	0.091328	0	201	False	False	False	189.0	0.4725	0.6731707317073171	0.6666666666666667	0.9485005115565959	0.8550879430013613	0.06204967052354512	200	201	0.9950248756218906	0.695	0.6517412935323383	0.04325870646766161	False
U_tRNA-iMet-CAT-1-4	tRNA-iMet-CAT-1-4	tRNA	chr13	23684246	23684318	+	96	0.0	69	72	True	True	False	138.0	0.9583333333333334	1.0	0.9166666666666666	0.9786452262557865	0.9651815315142536	0.034499855532157446	72	72	1.0	0.5972222222222222	0.6111111111111112	0.01388888888888895	False
U_ENSG00000284317.1	ENSG00000284317.1	miRNA	chr2	24951224	24951285	+	98	0.125537	12	61	True	False	False	24.0	0.19672131147540983	0.6	0.4918032786885246	0.6676870990920946	0.36363636363636365	0.1649915822768611	61	61	1.0	0.6885245901639344	0.5901639344262295	0.09836065573770492	False
U_tRNA-Trp-CCA-3-2	tRNA-Trp-CCA-3-2	tRNA	chr13	23682272	23682344	+	96	0.0	69	72	True	True	False	138.0	0.9583333333333334	1.0	0.9166666666666666	0.9860132971832692	0.9634862821317264	0.028169014084507043	72	72	1.0	0.5833333333333334	0.5972222222222222	0.01388888888888884	False
U_tRNA-Thr-AGT-2-1	tRNA-Thr-AGT-2-1	tRNA	chr13	23634788	23634862	+	96	0.0	71	74	True	True	False	142.0	0.9594594594594594	1.0	0.9189189189189189	0.9785714285714285	0.9655172413793102	0.03355465401072847	74	74	1.0	0.581081081081081	0.5675675675675675	0.013513513513513487	False
U_tRNA-Arg-ACG-1-2	tRNA-Arg-ACG-1-2	tRNA	chr13	23630965	23631038	-	96	0.0	69	73	True	True	False	138.0	0.9452054794520548	1.0	0.8904109589041096	0.971039987731973	0.9526510164590818	0.039283710065919304	73	73	1.0	0.589041095890411	0.5616438356164384	0.0273972602739726	False
U_tRNA-Gln-CTG-2-1	tRNA-Gln-CTG-2-1	tRNA	chr13	22104369	22104441	+	96	0.0	72	72	True	True	True	135.0	0.9375	0.9583333333333334	0.9583333333333334	0.9452941770058044	0.8587463830192102	0.03449985553215744	72	72	1.0	0.5138888888888888	0.5277777777777778	0.01388888888888895	False
U_tRNA-Val-CAC-1-6	tRNA-Val-CAC-1-6	tRNA	chr13	23630314	23630387	-	96	0.0	70	73	True	True	False	140.0	0.958904109589041	1.0	0.9178082191780822	0.9806451612903225	0.9689042833036098	0.034020690871988585	73	73	1.0	0.5616438356164384	0.5753424657534246	0.013698630136986245	False
U_tRNA-Ala-CGC-1-1	tRNA-Ala-CGC-1-1	tRNA	chr13	23622870	23622942	-	96	0.0	68	72	True	True	False	133.0	0.9236111111111112	0.9852941176470589	0.875	0.9413574486632833	0.9139784946236559	0.04879016359348949	72	72	1.0	0.5972222222222222	0.625	0.02777777777777779	False
U_tRNA-Ser-TGA-3-1	tRNA-Ser-TGA-3-1	tRNA	chr13	23702311	23702393	+	96	0.0	82	82	True	True	True	153.0	0.9329268292682927	0.9871794871794872	0.8902439024390244	0.9632566387742927	0.9159924862058098	0.04619330107128323	82	82	1.0	0.5853658536585366	0.5609756097560976	0.024390243902438935	False
U_tRNA-Ile-AAT-5-1	tRNA-Ile-AAT-5-1	tRNA	chr13	23622282	23622356	-	96	0.0	70	74	True	True	False	140.0	0.9459459459459459	1.0	0.8918918918918919	0.9730618248952598	0.9540690396942173	0.03874557705131767	74	74	1.0	0.6081081081081081	0.5945945945945946	0.013513513513513487	False
U_tRNA-Pro-AGG-2-2	tRNA-Pro-AGG-2-2	tRNA	chr13	23621166	23621238	-	96	0.0	69	72	True	True	False	138.0	0.9583333333333334	1.0	0.9166666666666666	0.9793336348461353	0.967032967032967	0.039837001756988594	72	72	1.0	0.6111111111111112	0.5833333333333334	0.02777777777777779	False
U_ENSG00000199858.1	ENSG00000199858.1	snRNA	chr3	21170413	21170521	+	93	0.19784	0	108	False	False	False	70.0	0.32407407407407407	0.6039603960396039	0.5555555555555556	0.7483507206010004	0.5004345937369795	0.1239859734712299	108	108	1.0	0.3425925925925926	0.3888888888888889	0.04629629629629628	False
U_tRNA-Ser-AGA-2-1	tRNA-Ser-AGA-2-1	tRNA	chr13	23685130	23685212	-	96	0.0	78	82	True	True	False	156.0	0.9512195121951219	1.0	0.9024390243902439	0.9812499999999998	0.9572106188732697	0.024691358024691357	82	82	1.0	0.5853658536585366	0.573170731707317	0.012195121951219523	False
U_tRNA-Ala-AGC-11-1	tRNA-Ala-AGC-11-1	tRNA	chr13	23615578	23615651	+	96	0.0	73	73	True	True	True	140.0	0.958904109589041	1.0	0.9178082191780822	0.9815950920245401	0.9687500000000001	0.034020690871988585	73	73	1.0	0.5616438356164384	0.547945205479452	0.013698630136986356	False
U_ENSG00000266507.1	ENSG00000266507.1	miRNA	chr2	25436647	25436718	-	98	0.21469	0	71	False	False	False	59.0	0.4154929577464789	0.703125	0.619718309859155	0.8648464248014689	0.5956395072341866	0.06998542122237653	71	71	1.0	0.704225352112676	0.6901408450704225	0.014084507042253502	False
U_tRNA-Leu-CAG-1-7	tRNA-Leu-CAG-1-7	tRNA	chr13	23637605	23637688	-	96	0.0	79	83	True	True	False	158.0	0.9518072289156626	1.0	0.9036144578313253	0.9782753172634269	0.9612103512585141	0.03449301371641695	83	83	1.0	0.6385542168674698	0.6265060240963856	0.012048192771084265	False
U_ENSG00000305854.1	ENSG00000305854.1	lncRNA	chr19	5892429	5892668	+	74	0.206572	239	239	True	True	True	90.0	0.18828451882845187	0.5376884422110553	0.45867768595041325	0.7607481373231914	0.5291516937861389	0.13481188004481315	242	239	0.987603305785124	0.3512396694214876	0.4100418410041841	0.058802171582696516	False
U_tRNA-Thr-AGT-6-1	tRNA-Thr-AGT-6-1	tRNA	chr13	22214273	22214347	-	96	0.0	70	74	True	True	False	131.0	0.8851351351351351	0.9850746268656716	0.8513513513513513	0.9515279320153485	0.9063690002498171	0.0547945205479452	74	74	1.0	0.5945945945945946	0.5540540540540541	0.04054054054054057	False
U_ENSG00000303971.1	ENSG00000303971.1	lncRNA	chr2	9599133	9599341	+	77	0.134168	0	208	False	False	False	98.0	0.23902439024390243	0.5555555555555556	0.5240384615384616	0.6982343643821821	0.4111590331439629	0.124813476663094	205	208	0.9855769230769231	0.47317073170731705	0.46153846153846156	0.011632270168855485	False
U_ENSG00000252521.1	ENSG00000252521.1	snRNA	chr2	28934507	28934559	-	98	0.545705	0	52	False	False	False	15.0	0.15	0.5	0.32692307692307687	0.3052800713866131	0.08334490981923114	0.2501983000253962	50	52	0.9615384615384616	0.32	0.5769230769230769	0.25692307692307687	False
U_tRNA-Val-AAC-5-1	tRNA-Val-AAC-5-1	tRNA	chr13	22199963	22200036	-	96	0.0	70	73	True	True	False	131.0	0.8972602739726028	0.9571428571428572	0.8767123287671232	0.9238116128199989	0.8486285727840269	0.048112522432468816	73	73	1.0	0.5205479452054794	0.547945205479452	0.0273972602739726	False
U_tRNA-Gln-CTG-1-2	tRNA-Gln-CTG-1-2	tRNA	chr13	22118134	22118206	-	96	0.0	68	72	True	True	False	136.0	0.9444444444444444	1.0	0.8888888888888888	0.9686654516403721	0.9575009918562866	0.044539121974202525	72	72	1.0	0.5	0.5138888888888888	0.01388888888888884	False
U_tRNA-Thr-AGT-2-2	tRNA-Thr-AGT-2-2	tRNA	chr13	22040187	22040261	+	96	0.0	71	74	True	True	False	139.0	0.9391891891891891	0.9859154929577465	0.9054054054054054	0.9587032747998565	0.921581037094567	0.03874557705131767	74	74	1.0	0.581081081081081	0.5540540540540541	0.027027027027026973	False
U_tRNA-iMet-CAT-1-7	tRNA-iMet-CAT-1-7	tRNA	chr13	21895163	21895235	+	96	0.0	72	72	True	True	True	144.0	1.0	1.0	1.0	1.0	0.9999999999999999	0.0	72	72	1.0	0.5972222222222222	0.5972222222222222	0.0	False
U_tRNA-Gly-GCC-2-3	tRNA-Gly-GCC-2-3	tRNA	chr13	21894746	21894817	+	96	0.0	68	71	True	True	False	136.0	0.9577464788732394	1.0	0.9154929577464789	0.9795918367346939	0.9677978856435155	0.034992710611188256	71	71	1.0	0.6197183098591549	0.6197183098591549	0.0	False
U_tRNA-Leu-AAG-4-1	tRNA-Leu-AAG-4-1	tRNA	chr13	21512144	21512228	+	96	0.43986	0	84	False	False	False	76.0	0.4634146341463415	0.6867469879518072	0.6428571428571428	0.6562571011583682	0.3983587588415441	0.13113846780473348	82	84	0.9761904761904762	0.6097560975609756	0.47619047619047616	0.13356562137049943	False
U_ENSG00000238297.2	ENSG00000238297.2	snoRNA	chr12	31317871	31318068	+	80	0.443916	197	197	True	True	True	77.0	0.20052083333333334	0.5416666666666666	0.4467005076142132	0.7592773148364376	0.47404435394905176	0.09941679992841015	192	197	0.9746192893401016	0.4270833333333333	0.4619289340101523	0.034845600676818966	False
U_ENSG00000284160.1	ENSG00000284160.1	miRNA	chr7	75105298	75105366	+	99	0.217696	68	68	True	True	True	76.0	0.5671641791044776	0.7419354838709677	0.7058823529411764	0.7262661353023826	0.550782483869826	0.13752372689496373	67	68	0.9852941176470589	0.7164179104477612	0.6470588235294118	0.06935908691834936	False
U_tRNA-Thr-CGT-1-1	tRNA-Thr-CGT-1-1	tRNA	chr13	21506979	21507053	+	96	0.0	71	74	True	True	False	136.0	0.918918918918919	0.971830985915493	0.8918918918918919	0.937636267678527	0.8726241216715402	0.03355465401072847	74	74	1.0	0.5540540540540541	0.581081081081081	0.027027027027026973	False
U_tRNA-Tyr-GTA-3-1	tRNA-Tyr-GTA-3-1	tRNA	chr13	23611267	23611356	-	96	0.0	70	89	True	True	False	129.0	0.7247191011235955	0.8488372093023255	0.7865168539325843	0.8959642915844003	0.8334490981923114	0.07186994682200862	89	89	1.0	0.5393258426966292	0.4943820224719101	0.0449438202247191	False
U_ENSG00000252985.1	ENSG00000252985.1	snoRNA	chr2	33688619	33688692	-	98	0.359482	0	73	False	False	False	47.0	0.3219178082191781	0.6792452830188679	0.5	0.5626438014741459	0.26751128437927973	0.17826379699205502	78	73	0.9358974358974359	0.4358974358974359	0.5205479452054794	0.08465050930804352	False
U_tRNA-Tyr-GTA-6-1	tRNA-Tyr-GTA-6-1	tRNA	chr13	23609819	23609908	-	96	0.0	69	89	True	True	False	135.0	0.7584269662921348	0.8690476190476191	0.797752808988764	0.875078484330699	0.7662287042850597	0.08802234877744128	89	89	1.0	0.5617977528089888	0.4943820224719101	0.0674157303370787	False
U_ENSG00000251830.1	ENSG00000251830.1	snoRNA	chr13	25396800	25396897	-	96	0.0	0	97	False	False	False	31.0	0.15979381443298968	0.547945205479452	0.5098039215686274	0.7127012230440182	0.3932628703525102	0.09007592900154636	102	97	0.9509803921568627	0.5	0.5051546391752577	0.005154639175257714	False
U_ENSG00000212324.1	ENSG00000212324.1	snRNA	chr14	37259764	37259866	-	97	0.181816	0	102	False	False	False	69.0	0.3382352941176471	0.63	0.5794392523364487	0.8185835977841185	0.5051745661470688	0.09162072027845511	107	102	0.9532710280373832	0.3364485981308411	0.35294117647058826	0.016492578339747155	False
U_tRNA-Arg-TCG-5-1	tRNA-Arg-TCG-5-1	tRNA	chr13	21463862	21463935	+	96	0.0	70	73	True	True	False	140.0	0.958904109589041	1.0	0.9178082191780822	0.9776391638665582	0.964772650936774	0.02777777777777778	73	73	1.0	0.5205479452054794	0.5342465753424658	0.013698630136986356	False
U_tRNA-Ser-AGA-1-1	tRNA-Ser-AGA-1-1	tRNA	chr13	22112022	22112104	+	96	0.0	78	82	True	True	False	153.0	0.9329268292682927	0.9871794871794872	0.8902439024390244	0.9570732259820034	0.9171145859050596	0.042766686606638946	82	82	1.0	0.573170731707317	0.5853658536585366	0.012195121951219523	False
U_tRNA-Ser-TGA-2-1	tRNA-Ser-TGA-2-1	tRNA	chr13	22109108	22109190	-	96	0.0	78	82	True	True	False	156.0	0.9512195121951219	1.0	0.9024390243902439	0.9768136428522132	0.959233614045449	0.03904046494035036	82	82	1.0	0.573170731707317	0.5609756097560976	0.012195121951219412	False
U_tRNA-Ser-AGA-4-1	tRNA-Ser-AGA-4-1	tRNA	chr13	22103380	22103462	+	96	0.0	78	82	True	True	False	150.0	0.9146341463414634	0.9743589743589743	0.8780487804878049	0.936324725835178	0.8696165903992003	0.04619330107128323	82	82	1.0	0.5853658536585366	0.5853658536585366	0.0	False
U_tRNA-Gln-TTG-2-1	tRNA-Gln-TTG-2-1	tRNA	chr13	21452642	21452714	-	96	0.0	68	72	True	True	False	130.0	0.9027777777777778	0.9705882352941176	0.8611111111111112	0.9283551292771216	0.8667201695630764	0.0718171762477857	72	72	1.0	0.5138888888888888	0.4861111111111111	0.027777777777777735	False
U_tRNA-Thr-CGT-3-1	tRNA-Thr-CGT-3-1	tRNA	chr13	21448747	21448821	+	96	0.0	72	74	True	True	False	138.0	0.9324324324324325	0.9722222222222222	0.9189189189189189	0.9315885051121782	0.8834287508146572	0.04331887205710108	74	74	1.0	0.581081081081081	0.581081081081081	0.0	False
U_ENSG00000207177.1	ENSG00000207177.1	snoRNA	chr17	65825200	65825334	-	90	0.410823	0	134	False	False	False	51.0	0.19029850746268656	0.57	0.4552238805970149	0.6779856362837522	0.41817726357494023	0.12670901914550914	134	134	1.0	0.47761194029850745	0.3805970149253731	0.09701492537313433	False
U_tRNA-Thr-AGT-3-1	tRNA-Thr-AGT-3-1	tRNA	chr13	21433367	21433441	-	96	0.0	70	74	True	True	False	122.0	0.8243243243243243	0.9142857142857143	0.8108108108108107	0.8611722516772259	0.7442363616495449	0.0821917808219178	74	74	1.0	0.5675675675675675	0.5135135135135135	0.05405405405405406	False
U_tRNA-Ala-TGC-6-1	tRNA-Ala-TGC-6-1	tRNA	chr13	21425111	21425183	+	96	0.0	69	72	True	True	False	129.0	0.8958333333333334	0.9565217391304348	0.875	0.9233805168766388	0.8502491781862368	0.06298783035210674	72	72	1.0	0.625	0.6388888888888888	0.01388888888888884	False
U_tRNA-Arg-TCT-5-1	tRNA-Arg-TCT-5-1	tRNA	chr13	22101335	22101422	-	96	0.0	69	87	True	True	False	144.0	0.8275862068965517	0.927710843373494	0.8275862068965517	0.9038020176479358	0.8174588636198716	0.07713080907803256	87	87	1.0	0.5287356321839081	0.5402298850574713	0.011494252873563204	False
U_tRNA-Gln-CTG-1-3	tRNA-Gln-CTG-1-3	tRNA	chr13	21356518	21356590	+	96	0.0	70	72	True	True	False	140.0	0.9722222222222222	1.0	0.9444444444444444	0.9879104606133596	0.9796451258531318	0.028169014084507036	72	72	1.0	0.5	0.5	0.0	False
U_tRNA-Met-CAT-3-1	tRNA-Met-CAT-3-1	tRNA	chr13	21353860	21353933	-	96	0.0	69	73	True	True	False	138.0	0.9452054794520548	1.0	0.8904109589041096	0.9814426954725064	0.9446777270080725	0.027777777777777773	73	73	1.0	0.5753424657534246	0.5753424657534246	0.0	False
U_ENSG00000275968.1	ENSG00000275968.1	misc_RNA	chr8	7571642	7571844	+	87	0.07703	192	202	True	True	False	192.0	0.47761194029850745	0.6701030927835051	0.6188118811881188	0.8775367508663261	0.6243140454396436	0.05369776221675768	201	202	0.995049504950495	0.3880597014925373	0.3415841584158416	0.04647554307669571	False
U_tRNA-Lys-TTT-3-3	tRNA-Lys-TTT-3-3	tRNA	chr13	21352248	21352321	-	96	0.0	69	73	True	True	False	138.0	0.9452054794520548	1.0	0.8904109589041096	0.972048698252934	0.9537463156584326	0.04811252243246882	73	73	1.0	0.5616438356164384	0.5342465753424658	0.0273972602739726	False
U_tRNA-Tyr-GTA-1-1	tRNA-Tyr-GTA-1-1	tRNA	chr13	23617162	23617253	-	96	0.0	70	91	True	True	False	144.0	0.7912087912087912	0.9090909090909091	0.8131868131868132	0.9514112604607008	0.8311627737712982	0.04714045207910316	91	91	1.0	0.5384615384615384	0.5054945054945055	0.03296703296703296	False
U_tRNA-Met-CAT-3-2	tRNA-Met-CAT-3-2	tRNA	chr13	21351770	21351843	+	96	0.0	70	73	True	True	False	140.0	0.958904109589041	1.0	0.9178082191780822	0.9814426954725064	0.9669054382317919	0.03402069087198858	73	73	1.0	0.5753424657534246	0.5753424657534246	0.0	False
U_ENSG00000275101.1	ENSG00000275101.1	miRNA	chr7	79109032	79109105	-	99	0.033721	16	73	True	False	False	34.0	0.2361111111111111	0.582089552238806	0.4794520547945206	0.790900354075056	0.38688797724970914	0.08059847750746849	72	73	0.9863013698630136	0.5416666666666666	0.547945205479452	0.006278538812785395	False
U_tRNA-Phe-GAA-1-2	tRNA-Phe-GAA-1-2	tRNA	chr13	21345571	21345644	+	96	0.0	70	73	True	True	False	140.0	0.958904109589041	1.0	0.9178082191780822	0.9848767473277883	0.9615384615384613	0.027777777777777773	73	73	1.0	0.5342465753424658	0.5342465753424658	0.0	False
U_tRNA-Glu-CTC-1-6	tRNA-Glu-CTC-1-6	tRNA	chr13	21344958	21345030	-	96	0.0	68	72	True	True	False	136.0	0.9444444444444444	1.0	0.8888888888888888	0.977286468971779	0.959233614045449	0.04879016359348949	72	72	1.0	0.6527777777777778	0.6388888888888888	0.01388888888888895	False
U_ENSG00000222973.1	ENSG00000222973.1	snRNA	chr19	26730234	26730423	-	89	0.350323	0	189	False	False	False	53.0	0.1402116402116402	0.5098039215686274	0.4502617801047121	0.7987467326059026	0.43546631210072384	0.0829874125171491	191	189	0.9895287958115183	0.46596858638743455	0.5026455026455027	0.036676916258068126	False
U_tRNA-Tyr-GTA-8-1	tRNA-Tyr-GTA-8-1	tRNA	chr13	23612909	23612999	-	96	0.0	90	90	True	True	True	139.0	0.7722222222222223	0.875	0.8222222222222222	0.8926793182464738	0.7712141348743974	0.07784498011545515	90	90	1.0	0.5	0.5111111111111111	0.011111111111111072	False
U_ENSG00000252192.1	ENSG00000252192.1	snoRNA	chr5	123854036	123854165	-	94	0.132299	0	129	False	False	False	52.0	0.20155038759689922	0.5409836065573771	0.4883720930232558	0.7438473581303588	0.43606303503599375	0.10993161937086163	129	129	1.0	0.46511627906976744	0.5193798449612403	0.05426356589147291	False
U_ENSG00000277184.1	ENSG00000277184.1	snoRNA	chr11	6478033	6478166	-	92	0.0	133	133	True	True	True	234.0	0.8796992481203008	0.9242424242424242	0.9097744360902256	0.9414899627546371	0.8434694063668177	0.0303030303030303	133	133	1.0	0.49624060150375937	0.49624060150375937	0.0	False
U_ENSG00000252019.1	ENSG00000252019.1	snRNA	chr14	47403332	47403447	+	95	0.297567	0	115	False	False	False	37.0	0.1608695652173913	0.5679012345679012	0.4655172413793104	0.5738397181725681	0.31617137900351855	0.1854472370219393	116	115	0.9913793103448276	0.5172413793103449	0.4260869565217391	0.09115442278860575	False
U_ENSG00000206838.1	ENSG00000206838.1	snoRNA	chr11	6569808	6569942	-	92	0.0	132	134	True	True	False	190.0	0.7089552238805971	0.8195488721804511	0.8059701492537313	0.8962279290501374	0.6615711830315785	0.07366886444460685	134	134	1.0	0.5223880597014925	0.5074626865671642	0.01492537313432829	False
U_ENSG00000201772.1	ENSG00000201772.1	snoRNA	chr11	6570318	6570453	-	92	0.024338	135	135	True	True	True	196.0	0.725925925925926	0.8235294117647058	0.8175182481751825	0.9020019893396398	0.7251491888941518	0.070677906114885	137	135	0.9854014598540146	0.5912408759124088	0.5407407407407407	0.05050013517166807	False
U_ENSG00000276673.1	ENSG00000276673.1	misc_RNA	chr3	5337269	5337444	-	86	0.387528	0	175	False	False	False	69.0	0.19714285714285715	0.5477707006369427	0.4685714285714285	0.7571805457439824	0.4304374394697393	0.09987440917806188	175	175	1.0	0.5314285714285715	0.4857142857142857	0.04571428571428576	False
U_tRNA-Leu-AAG-2-2	tRNA-Leu-AAG-2-2	tRNA	chr13	21354201	21354283	+	96	0.0	78	82	True	True	False	156.0	0.9512195121951219	1.0	0.9024390243902439	0.9659242769171216	0.9563531327973546	0.04619330107128323	82	82	1.0	0.6463414634146342	0.6585365853658537	0.012195121951219523	False
U_ENSG00000278756.1	ENSG00000278756.1	miRNA	chr2	25567704	25567777	+	98	0.317704	0	73	False	False	False	29.0	0.19863013698630136	0.546875	0.47435897435897434	0.6085959256113129	0.36106837353937604	0.16426228047635158	78	73	0.9358974358974359	0.7564102564102564	0.589041095890411	0.1673691605198454	False
U_ENSG00000201648.1	ENSG00000201648.1	snRNA	chr3	24080596	24080731	-	93	0.212732	0	135	False	False	False	48.0	0.17777777777777778	0.5802469135802469	0.5111111111111111	0.4380423909469964	0.21524880100025254	0.3139654323576512	135	135	1.0	0.37777777777777777	0.18518518518518517	0.1925925925925926	False
U_ENSG00000273932.1	ENSG00000273932.1	miRNA	chr2	28462311	28462374	-	98	0.155793	1	63	True	False	False	65.0	0.5158730158730159	0.7258064516129032	0.671875	0.6989282248008476	0.40101110494827197	0.11995945438233079	64	63	0.984375	0.640625	0.5714285714285714	0.0691964285714286	False
U_ENSG00000221493.1	ENSG00000221493.1	miRNA	chr18	10681509	10681594	+	29	0.249011	0	85	False	False	False	35.0	0.20588235294117646	0.5441176470588235	0.5227272727272727	0.684954440823507	0.3853331525032321	0.1548974114181451	88	85	0.9659090909090909	0.42045454545454547	0.4470588235294118	0.026604278074866317	False
U_ENSG00000283484.1	ENSG00000283484.1	miRNA	chr7	78538033	78538111	-	99	0.0	78	78	True	True	True	113.0	0.7243589743589743	0.8289473684210527	0.8076923076923077	0.8709679470767939	0.7114914586232078	0.08416546361568648	78	78	1.0	0.47435897435897434	0.47435897435897434	0.0	False
U_ENSG00000298961.1	ENSG00000298961.1	lncRNA	chr3	156266665	156266904	-	4	0.170044	0	239	False	False	False	148.0	0.30962343096234307	0.5793991416309013	0.5606694560669456	0.7414032177410578	0.5137829229157667	0.13563035623167205	239	239	1.0	0.5481171548117155	0.5355648535564853	0.012552301255230214	False
U_ENSG00000264823.3	ENSG00000264823.3	miRNA	chr2	32208275	32208359	+	98	0.0	79	84	True	True	False	142.0	0.8452380952380952	0.9285714285714286	0.9047619047619048	0.9377502895868148	0.8619025658726461	0.04173616403780428	84	84	1.0	0.6785714285714286	0.6785714285714286	0.0	False
U_ENSG00000283514.1	ENSG00000283514.1	miRNA	chr18	24353904	24353969	+	29	0.029242	0	65	False	False	False	28.0	0.2153846153846154	0.5833333333333334	0.5	0.6033082951208034	0.2676898889270934	0.13573022746581032	70	65	0.9285714285714286	0.4	0.38461538461538464	0.015384615384615385	False
U_ENSG00000199104.2	ENSG00000199104.2	miRNA	chr14	34616557	34616652	+	97	0.0	87	95	True	True	False	176.0	0.9263157894736842	0.978021978021978	0.8947368421052632	0.9805456134930759	0.9586169590022184	0.04255319148936171	95	95	1.0	0.6736842105263158	0.6526315789473685	0.021052631578947323	False
U_ENSG00000269125.1	ENSG00000269125.1	lncRNA	chr8	13117680	13117861	-	87	0.075215	84	181	True	False	False	119.0	0.3287292817679558	0.6145251396648045	0.5219780219780219	0.7854514620767589	0.4698659474787416	0.07626968058872476	182	181	0.9945054945054945	0.521978021978022	0.48066298342541436	0.04131503855260765	False
U_tRNA-Leu-CAA-1-1	tRNA-Leu-CAA-1-1	tRNA	chr13	21384368	21384474	+	96	0.0	80	106	True	True	False	171.0	0.8066037735849056	0.912621359223301	0.839622641509434	0.9323902457744826	0.846236615776088	0.050395263067896955	106	106	1.0	0.5849056603773585	0.5754716981132075	0.009433962264150941	False
U_tRNA-Leu-CAA-1-2	tRNA-Leu-CAA-1-2	tRNA	chr13	21357012	21357117	-	96	0.0	77	105	True	True	False	175.0	0.8333333333333334	0.93	0.8285714285714285	0.9390008081811863	0.8421290672443172	0.0526656305293429	105	105	1.0	0.5619047619047619	0.6	0.03809523809523807	False
U_ENSG00000277217.1	ENSG00000277217.1	misc_RNA	chr5	127912763	127912910	-	94	0.098865	0	147	False	False	False	143.0	0.48639455782312924	0.6971830985915493	0.6734693877551021	0.812596100838002	0.5863808323052714	0.08717754836546475	147	147	1.0	0.4421768707482993	0.41496598639455784	0.02721088435374147	False
U_ENSG00000276292.1	ENSG00000276292.1	lncRNA	chr5	117512893	117513106	-	82	0.152814	0	213	False	False	False	132.0	0.30985915492957744	0.5887850467289719	0.5727699530516432	0.875251630983915	0.6269270913775863	0.09339146166614778	213	213	1.0	0.3568075117370892	0.4460093896713615	0.08920187793427231	False
U_ENSG00000284158.1	ENSG00000284158.1	miRNA	chr9	119796202	119796262	+	102	0.135068	1	60	True	False	False	61.0	0.5083333333333333	0.7166666666666667	0.6557377049180328	0.8103759425011197	0.4718067676668703	0.08359195719984137	61	60	0.9836065573770492	0.6229508196721312	0.6333333333333333	0.01038251366120213	False
U_ENSG00000263979.1	ENSG00000263979.1	miRNA	chr2	32522418	32522499	+	98	0.350148	0	81	False	False	False	31.0	0.19135802469135801	0.5797101449275363	0.4444444444444444	0.6029730637849824	0.30645161290322587	0.17230060940112776	81	81	1.0	0.5925925925925926	0.5679012345679012	0.024691358024691357	False
U_ENSG00000207275.1	ENSG00000207275.1	snRNA	chr14	38745090	38745196	-	97	0.483063	0	106	False	False	False	31.0	0.14622641509433962	0.5396825396825397	0.4339622641509434	0.7134144641186645	0.4238667019530743	0.10432810619146021	106	106	1.0	0.4056603773584906	0.3867924528301887	0.018867924528301883	False
U_ENSG00000283863.1	ENSG00000283863.1	miRNA	chr2	32602897	32602990	-	98	0.029937	93	93	True	True	True	129.0	0.7087912087912088	0.8488372093023255	0.7741935483870968	0.950973971127312	0.913164960048561	0.0858001479199742	91	93	0.978494623655914	0.8791208791208791	0.8279569892473119	0.051163889873567236	False
U_ENSG00000199488.1	ENSG00000199488.1	snRNA	chr3	28784746	28784914	+	93	0.598677	168	168	True	True	True	46.0	0.1402439024390244	0.4935064935064935	0.42261904761904767	0.5655349618923089	0.31008049634789914	0.2158879343286226	164	168	0.9761904761904762	0.5121951219512195	0.27976190476190477	0.23243321718931476	False
U_ENSG00000284288.1	ENSG00000284288.1	miRNA	chr4	11967191	11967289	+	73	0.092878	98	98	True	True	True	67.0	0.34183673469387754	0.6666666666666666	0.4897959183673469	0.7884446221022509	0.4296767846763779	0.08501248712613733	98	98	1.0	0.41836734693877553	0.42857142857142855	0.010204081632653017	False
U_ENSG00000200687.1	ENSG00000200687.1	rRNA_pseudogene	chr7	48663603	48663713	-	100	0.409456	0	110	False	False	False	33.0	0.15	0.4803921568627451	0.4181818181818182	0.6492646606746943	0.2717684946318119	0.12376823452506461	110	110	1.0	0.5272727272727272	0.43636363636363634	0.09090909090909088	False
U_ENSG00000284547.1	ENSG00000284547.1	miRNA	chr2	32602817	32602907	-	98	0.0	90	90	True	True	True	152.0	0.8444444444444444	0.9294117647058824	0.8222222222222222	0.935814824497553	0.860215990608095	0.07620595486657604	90	90	1.0	0.7666666666666667	0.7444444444444445	0.022222222222222254	False
U_ENSG00000275502.1	ENSG00000275502.1	misc_RNA	chr8	7575244	7575451	+	87	0.080508	196	207	True	True	False	209.0	0.5122549019607843	0.7035175879396985	0.6618357487922706	0.8735808986655317	0.6830536116689713	0.07652789297051618	204	207	0.9855072463768116	0.47058823529411764	0.5120772946859904	0.04148905939187275	False
U_ENSG00000222455.1	ENSG00000222455.1	rRNA_pseudogene	chr2	32549377	32549491	+	98	0.232888	0	114	False	False	False	56.0	0.25225225225225223	0.620253164556962	0.4385964912280702	0.6843474005920313	0.37752446765283454	0.14106851805329362	111	114	0.9736842105263158	0.5225225225225225	0.5964912280701754	0.07396870554765289	False
U_tRNA-Arg-TCG-1-1	tRNA-Arg-TCG-1-1	tRNA	chr7	79116163	79116236	+	99	0.0	73	73	True	True	True	140.0	0.958904109589041	1.0	0.9178082191780822	0.9790917677394558	0.9653773682884135	0.02777777777777777	73	73	1.0	0.6027397260273972	0.6164383561643836	0.013698630136986356	False
U_ENSG00000263697.1	ENSG00000263697.1	miRNA	chr2	25180665	25180749	+	98	0.167389	8	84	True	False	False	66.0	0.39285714285714285	0.6235294117647059	0.5647058823529412	0.8175305980094479	0.5303345398065894	0.11196191743270754	85	84	0.9882352941176471	0.7294117647058823	0.6071428571428571	0.12226890756302522	False
U_ENSG00000283327.1	ENSG00000283327.1	miRNA	chr14	68323860	68323931	+	76	0.0	0	71	False	False	False	37.0	0.2605633802816901	0.5970149253731343	0.5555555555555556	0.5748109896834883	0.2683617046098889	0.14374592455384727	72	71	0.9861111111111112	0.4583333333333333	0.4507042253521127	0.007629107981220629	False
U_tRNA-Gly-GCC-3-1	tRNA-Gly-GCC-3-1	tRNA	chr8	111365275	111365341	+	109	0.079775	66	66	True	True	True	90.0	0.6818181818181818	0.7878787878787878	0.7323943661971831	0.7453940198968323	0.4584113032058441	0.11717604626431934	71	66	0.9295774647887324	0.6197183098591549	0.5303030303030303	0.0894152795561246	False
U_ENSG00000283874.1	ENSG00000283874.1	miRNA	chr2	32679620	32679728	+	98	0.063263	29	108	True	False	False	107.0	0.49537037037037035	0.7474747474747475	0.6238532110091743	0.8172804653996263	0.5353153461699467	0.07636302628863308	109	108	0.9908256880733946	0.5504587155963303	0.5833333333333334	0.032874617737003065	False
U_ENSG00000221630.3	ENSG00000221630.3	miRNA	chr7	78535262	78535354	+	99	0.076711	0	92	False	False	False	132.0	0.7252747252747253	0.8222222222222222	0.8152173913043479	0.8821938960988821	0.7235680511449363	0.08072618892892593	91	92	0.9891304347826086	0.4175824175824176	0.42391304347826086	0.006330625895843267	False
U_ENSG00000298468.1	ENSG00000298468.1	lncRNA	chr8	11607805	11608013	-	87	0.123713	192	208	True	True	False	220.0	0.5288461538461539	0.7307692307692307	0.6442307692307692	0.8611829039564779	0.6674024525436866	0.08054749758711627	208	208	1.0	0.5240384615384616	0.5769230769230769	0.05288461538461531	False
U_ENSG00000265871.1	ENSG00000265871.1	miRNA	chr7	79682253	79682338	+	99	0.305827	0	85	False	False	False	55.0	0.3235294117647059	0.6027397260273972	0.5172413793103448	0.504137638075429	0.2169099647913735	0.20850135606940848	87	85	0.9770114942528736	0.45977011494252873	0.6	0.14022988505747125	False
U_ENSG00000265201.1	ENSG00000265201.1	miRNA	chr1	176707399	176707479	+	101	0.121104	80	80	True	True	True	133.0	0.83125	0.8875	0.8875	0.8457654219322106	0.7105310471274557	0.0876987750667786	80	80	1.0	0.4625	0.475	0.012499999999999956	False
U_ENSG00000264233.1	ENSG00000264233.1	miRNA	chr13	74261631	74261673	+	116	0.075522	0	42	False	False	False	39.0	0.4642857142857143	0.7666666666666667	0.6511627906976745	0.735093215330579	0.4830458915396479	0.1492145560091207	43	42	0.9767441860465116	0.4883720930232558	0.4523809523809524	0.03599114064230341	False
U_ENSG00000199075.1	ENSG00000199075.1	miRNA	chr9	118860866	118860943	+	102	0.0	77	77	True	True	True	145.0	0.9415584415584416	0.9864864864864865	0.9090909090909091	0.9577271946177286	0.91885315776849	0.032230128194515505	77	77	1.0	0.5584415584415584	0.5714285714285714	0.012987012987012991	False
U_ENSG00000207407.1	ENSG00000207407.1	snoRNA	chr7	48803604	48803740	-	100	0.216675	0	136	False	False	False	112.0	0.4117647058823529	0.6363636363636364	0.5808823529411764	0.8052577023271515	0.5366875409653081	0.07978021936495562	136	136	1.0	0.4338235294117647	0.4852941176470588	0.0514705882352941	False
U_ENSG00000263510.1	ENSG00000263510.1	miRNA	chr5	114796400	114796489	+	94	0.251121	80	89	True	True	False	54.0	0.30337078651685395	0.6341463414634146	0.6067415730337078	0.8493062630283904	0.670572446321027	0.11699579705667046	89	89	1.0	0.8314606741573034	0.797752808988764	0.03370786516853941	False
U_ENSG00000284329.1	ENSG00000284329.1	miRNA	chr7	79155009	79155099	+	99	0.0	90	90	True	True	True	173.0	0.9611111111111111	0.9886363636363636	0.9444444444444444	0.9787787916753152	0.9464662980373771	0.031780080053327976	90	90	1.0	0.4444444444444444	0.45555555555555555	0.011111111111111127	False
U_ENSG00000207581.1	ENSG00000207581.1	miRNA	chr2	32208466	32208576	+	98	0.0	105	110	True	True	False	204.0	0.9272727272727272	0.9809523809523809	0.8909090909090909	0.9635260578192734	0.9208857946460962	0.031780748762731695	110	110	1.0	0.5272727272727272	0.509090909090909	0.018181818181818188	False
U_ENSG00000200336.1	ENSG00000200336.1	rRNA_pseudogene	chr7	46392263	46392382	-	100	0.375055	103	119	True	True	False	26.0	0.11016949152542373	0.5	0.4201680672268907	0.7213841020236837	0.4217830051630598	0.12218069001756694	118	119	0.9915966386554622	0.5084745762711864	0.5462184873949579	0.03774391112377151	False
U_ENSG00000207713.3	ENSG00000207713.3	miRNA	chr6	124695286	124695354	-	105	0.0	67	68	True	True	False	127.0	0.9338235294117647	0.9850746268656716	0.9411764705882353	0.9682789044925257	0.9342914068428717	0.036559548399748926	68	68	1.0	0.5588235294117647	0.5441176470588235	0.014705882352941235	False
U_ENSG00000275868.1	ENSG00000275868.1	miRNA	chr7	53747363	53747449	-	100	0.169227	0	86	False	False	False	35.0	0.20348837209302326	0.5591397849462365	0.5581395348837209	0.7242695235533254	0.45007942184759897	0.1478800598820769	86	86	1.0	0.4186046511627907	0.4069767441860465	0.011627906976744207	False
U_ENSG00000301564.1	ENSG00000301564.1	lncRNA	chr5	127709855	127710067	-	94	0.10048	64	212	True	False	False	79.0	0.18632075471698112	0.521978021978022	0.5023041474654377	0.7940110029940239	0.5012789733817138	0.08400700886191277	217	212	0.9769585253456221	0.5944700460829493	0.5613207547169812	0.033149291365968114	False
U_ENSG00000309103.1	ENSG00000309103.1	lncRNA	chr14	34396458	34396583	-	97	0.076358	0	125	False	False	False	118.0	0.472	0.7165354330708661	0.6384615384615384	0.8213814714315725	0.5885630444733767	0.07811272170585479	130	125	0.9615384615384616	0.46923076923076923	0.488	0.01876923076923076	False
U_tRNA-Arg-ACG-2-1	tRNA-Arg-ACG-2-1	tRNA	chr9	123358493	123358566	-	102	0.0	73	73	True	True	True	138.0	0.9452054794520548	1.0	0.8904109589041096	0.9699484522385713	0.9512699563817464	0.034020690871988585	73	73	1.0	0.5753424657534246	0.5753424657534246	0.0	False
U_ENSG00000252964.1	ENSG00000252964.1	rRNA_pseudogene	chr7	75965290	75965397	-	99	0.255511	0	107	False	False	False	43.0	0.20093457943925233	0.6166666666666667	0.4144144144144144	0.7600582270617452	0.44341069680924955	0.07821311420289058	111	107	0.963963963963964	0.4774774774774775	0.4672897196261682	0.010187757851309265	False
U_ENSG00000264408.1	ENSG00000264408.1	miRNA	chr4	9669279	9669351	+	108	0.160665	71	72	True	True	False	101.0	0.7013888888888888	0.8142857142857143	0.7916666666666666	0.7947440517357922	0.6214763945679564	0.10539879962743497	72	72	1.0	0.5694444444444444	0.5972222222222222	0.02777777777777779	False
U_ENSG00000276404.1	ENSG00000276404.1	miRNA	chr17	27778436	27778500	+	115	0.201262	0	64	False	False	False	38.0	0.296875	0.6065573770491803	0.53125	0.6084869844593311	0.32876712328767127	0.14720029357929687	64	64	1.0	0.46875	0.5625	0.09375	False
U_ENSG00000238923.1	ENSG00000238923.1	snRNA	chr6	124718190	124718253	-	105	0.0	63	63	True	True	True	87.0	0.6904761904761905	0.847457627118644	0.746031746031746	0.8255443945030209	0.5869678440936947	0.09404761120718226	63	63	1.0	0.42857142857142855	0.4444444444444444	0.015873015873015872	False
U_ENSG00000201695.1	ENSG00000201695.1	rRNA_pseudogene	chr7	46401278	46401397	+	100	0.363168	103	119	True	True	False	29.0	0.1228813559322034	0.48484848484848486	0.4117647058823529	0.7288114831903149	0.4266592712657745	0.11855484260977198	118	119	0.9915966386554622	0.5084745762711864	0.5546218487394958	0.04614727246830941	False
U_ENSG00000201302.1	ENSG00000201302.1	snoRNA	chr2	32853296	32853426	+	98	0.0	130	130	True	True	True	204.0	0.7846153846153846	0.9047619047619048	0.8153846153846154	0.9233006789574096	0.8212561682840399	0.046511627906976744	130	130	1.0	0.5461538461538461	0.5692307692307692	0.023076923076923106	False
U_ENSG00000238650.1	ENSG00000238650.1	snoRNA	chr4	3835082	3835149	-	108	0.0	67	67	True	True	True	92.0	0.6865671641791045	0.8412698412698413	0.7462686567164178	0.8408508820399244	0.6432019047938814	0.0772578714180725	67	67	1.0	0.43283582089552236	0.43283582089552236	0.0	False
U_ENSG00000207703.1	ENSG00000207703.1	miRNA	chr7	78538010	78538116	+	99	0.0	92	106	True	True	False	124.0	0.5849056603773585	0.782608695652174	0.7	0.8434252672353221	0.6209259620977113	0.08038368757594853	110	106	0.9636363636363636	0.509090909090909	0.5377358490566038	0.028644939965694727	False
U_ENSG00000252257.1	ENSG00000252257.1	misc_RNA	chr3	34891026	34891244	+	88	0.083823	47	218	True	False	False	301.0	0.6903669724770642	0.8356807511737089	0.8071748878923767	0.9093883642214599	0.7804405157573531	0.0583601449554192	223	218	0.9775784753363229	0.3811659192825112	0.44036697247706424	0.059201053194553044	False
U_tRNA-Glu-CTC-5-1	tRNA-Glu-CTC-5-1	tRNA	chr4	6411526	6411597	+	108	0.713429	0	71	False	False	False	33.0	0.2323943661971831	0.5689655172413793	0.4084507042253521	0.4645692644219121	0.2865633642153136	0.24660966430902956	71	71	1.0	0.49295774647887325	0.38028169014084506	0.11267605633802819	False
U_ENSG00000283474.1	ENSG00000283474.1	miRNA	chr3	31207979	31208039	+	88	0.176303	0	60	False	False	False	33.0	0.275	0.5573770491803278	0.5666666666666667	0.6641453974175318	0.3642021447059581	0.15899714440079424	60	60	1.0	0.5333333333333333	0.6166666666666667	0.08333333333333337	False
U_ENSG00000275518.1	ENSG00000275518.1	miRNA	chr17	70818283	70818359	-	103	0.329055	0	76	False	False	False	51.0	0.3355263157894737	0.6481481481481481	0.42500000000000004	0.6015742556589849	0.3125169555899314	0.13388403072166696	80	76	0.95	0.4375	0.40789473684210525	0.029605263157894746	False
U_ENSG00000310149.1	ENSG00000310149.1	lncRNA	chr8	111572797	111572914	+	109	0.168201	117	117	True	True	True	89.0	0.3803418803418803	0.6548672566371682	0.5811965811965811	0.6551204839857225	0.45727457118891424	0.1542115846551579	117	117	1.0	0.4188034188034188	0.37606837606837606	0.04273504273504275	False
U_tRNA-Gly-GCC-2-4	tRNA-Gly-GCC-2-4	tRNA	chr8	111364497	111364568	+	109	0.554132	0	71	False	False	False	60.0	0.4225352112676056	0.76	0.5070422535211268	0.6218934168169233	0.3976213862437721	0.17261494247992246	71	71	1.0	0.6197183098591549	0.5492957746478874	0.07042253521126751	False
U_ENSG00000271899.1	ENSG00000271899.1	miRNA	chr17	5046915	5046969	-	112	0.151631	0	54	False	False	False	30.0	0.2777777777777778	0.56	0.5	0.6690735871491089	0.33642961231621876	0.15094339622641512	54	54	1.0	0.8518518518518519	0.8148148148148148	0.03703703703703709	False
U_ENSG00000276074.1	ENSG00000276074.1	misc_RNA	chr3	34614470	34614702	+	88	0.268659	232	232	True	True	True	223.0	0.48060344827586204	0.703862660944206	0.6293103448275862	0.7905244150956837	0.6200051240304634	0.1344084389286582	232	232	1.0	0.4353448275862069	0.5732758620689655	0.13793103448275862	False
U_ENSG00000207954.1	ENSG00000207954.1	miRNA	chr9	122511940	122512042	+	102	0.0	102	102	True	True	True	174.0	0.8787878787878788	0.9191919191919192	0.9019607843137255	0.927342909173505	0.8249452437696695	0.06640433541142178	99	102	0.9705882352941176	0.5858585858585859	0.5490196078431373	0.036838978015448554	False
U_ENSG00000251868.1	ENSG00000251868.1	snRNA	chr8	109649834	109649894	+	109	0.472763	0	60	False	False	False	23.0	0.19166666666666668	0.5405405405405406	0.4666666666666667	0.6071428571428571	0.3400417846391035	0.1745022057794407	60	60	1.0	0.43333333333333335	0.5666666666666667	0.1333333333333333	False
U_ENSG00000283389.1	ENSG00000283389.1	misc_RNA	chr5	123374796	123375041	-	94	0.584242	0	245	False	False	False	56.0	0.11475409836065574	0.47639484978540775	0.4571428571428572	0.5553995560406667	0.32321279482067666	0.1890671565651855	244	245	0.9959183673469387	0.5778688524590164	0.3183673469387755	0.2595015055202409	False
U_ENSG00000274300.1	ENSG00000274300.1	miRNA	chr11	70561906	70561976	-	21	0.157209	70	70	True	True	True	41.0	0.29285714285714287	0.5633802816901409	0.5571428571428572	0.75040321749775	0.4049035305726646	0.13900960937138318	70	70	1.0	0.4714285714285714	0.5571428571428572	0.08571428571428574	False
U_tRNA-Gly-GCC-5-1	tRNA-Gly-GCC-5-1	tRNA	chr8	111357880	111357951	-	109	0.0	68	71	True	True	False	121.0	0.852112676056338	0.9264705882352942	0.8450704225352113	0.8721301467461168	0.7527316888338454	0.09035079029052512	71	71	1.0	0.6056338028169014	0.6197183098591549	0.014084507042253502	False
U_ENSG00000200345.2	ENSG00000200345.2	snRNA	chr6	124451319	124451424	-	105	0.379847	0	105	False	False	False	37.0	0.1761904761904762	0.5638297872340425	0.485981308411215	0.6631846442191269	0.38685996624639624	0.15672623203128558	107	105	0.9813084112149533	0.3925233644859813	0.5047619047619047	0.11223854027592345	False
U_ENSG00000252047.1	ENSG00000252047.1	misc_RNA	chr5	22062183	22062286	-	104	0.388033	0	103	False	False	False	27.0	0.13636363636363635	0.5576923076923077	0.41747572815533984	0.48092108955875573	0.24948506639458295	0.2208484807221947	99	103	0.9611650485436893	0.40404040404040403	0.2815533980582524	0.12248700598215162	False
U_ENSG00000252982.1	ENSG00000252982.1	misc_RNA	chr3	25712653	25712875	-	93	0.078184	0	222	False	False	False	111.0	0.25	0.5720720720720721	0.53125	0.8512758025179544	0.5847991260190087	0.06793725481280392	224	222	0.9910714285714286	0.4107142857142857	0.44594594594594594	0.035231660231660245	False
U_tRNA-Gly-GCC-2-5	tRNA-Gly-GCC-2-5	tRNA	chr8	111357188	111357259	-	109	0.0	67	71	True	True	False	134.0	0.9436619718309859	1.0	0.8873239436619719	0.9732420418795177	0.957044575803032	0.034992710611188256	71	71	1.0	0.6197183098591549	0.6197183098591549	0.0	False
U_ENSG00000253020.2	ENSG00000253020.2	misc_RNA	chr3	25038217	25038457	-	93	0.347692	0	240	False	False	False	205.0	0.4270833333333333	0.658008658008658	0.6239669421487604	0.8983647875079986	0.7105275710331962	0.0688508836802725	242	240	0.9917355371900827	0.3884297520661157	0.42916666666666664	0.040736914600550955	False
U_ENSG00000222427.1	ENSG00000222427.1	rRNA_pseudogene	chr7	51549633	51549713	+	100	0.510448	0	80	False	False	False	24.0	0.15	0.543859649122807	0.48235294117647054	0.5339656796881244	0.24230380573016566	0.1562723968617622	85	80	0.9411764705882353	0.6	0.425	0.175	False
U_ENSG00000207595.1	ENSG00000207595.1	miRNA	chr2	38742723	38742829	+	110	0.077411	76	106	True	True	False	163.0	0.7688679245283019	0.8584905660377359	0.7818181818181819	0.8563986342975501	0.7545984927154036	0.07752369590135862	110	106	0.9636363636363636	0.5	0.46226415094339623	0.037735849056603765	False
U_ENSG00000201635.1	ENSG00000201635.1	misc_RNA	chr9	123611047	123611162	+	102	0.546458	115	115	True	True	True	35.0	0.15625	0.5	0.408695652173913	0.564113292229977	0.26621566288278725	0.16834024477607465	112	115	0.9739130434782609	0.42857142857142855	0.3565217391304348	0.07204968944099377	False
U_ENSG00000278333.1	ENSG00000278333.1	misc_RNA	chr14	35291907	35292077	+	97	0.0	168	170	True	True	False	288.0	0.8470588235294118	0.9161676646706587	0.8647058823529412	0.9321371544986006	0.8549229396505678	0.04807123316352639	170	170	1.0	0.5529411764705883	0.5823529411764706	0.02941176470588236	False
U_ENSG00000221514.1	ENSG00000221514.1	snoRNA	chr8	111569015	111569095	-	109	0.0	80	80	True	True	True	121.0	0.75625	0.8607594936708861	0.7875	0.8978014414985651	0.8134554874920218	0.07380951765626963	80	80	1.0	0.375	0.4125	0.03749999999999998	False
U_ENSG00000251864.1	ENSG00000251864.1	misc_RNA	chr17	29305028	29305135	+	115	0.285187	0	107	False	False	False	50.0	0.2336448598130841	0.7333333333333333	0.4392523364485982	0.33245752022708974	0.18886236193720463	0.2953297328773307	107	107	1.0	0.411214953271028	0.40186915887850466	0.009345794392523366	False
U_ENSG00000207708.1	ENSG00000207708.1	miRNA	chr6	124694868	124694963	-	105	0.0	95	95	True	True	True	152.0	0.8	0.9090909090909091	0.8	0.9265306122448979	0.7882407813680822	0.052116803037939946	95	95	1.0	0.5578947368421052	0.5157894736842106	0.042105263157894646	False
U_ENSG00000263926.1	ENSG00000263926.1	miRNA	chr17	29982703	29982756	-	115	0.321752	0	53	False	False	False	21.0	0.19811320754716982	0.5	0.43103448275862066	0.4804699923447054	0.14602041508114227	0.1879262701849781	58	53	0.9137931034482759	0.5862068965517241	0.5094339622641509	0.07677293428757315	False
U_ENSG00000212145.2	ENSG00000212145.2	snoRNA	chr9	121082424	121082563	-	102	0.200248	0	139	False	False	False	55.0	0.19784172661870503	0.5106382978723404	0.5104895104895104	0.7097128235928002	0.331978365491191	0.10574955717465649	143	139	0.972027972027972	0.4125874125874126	0.4676258992805755	0.055038486693162914	False
U_ENSG00000223224.1	ENSG00000223224.1	snoRNA	chr8	110565925	110566011	+	109	0.0	85	86	True	True	False	130.0	0.7558139534883721	0.8588235294117647	0.8372093023255813	0.8836091227097848	0.726236663910275	0.05518136188027564	86	86	1.0	0.4883720930232558	0.5116279069767442	0.023255813953488413	False
U_ENSG00000207991.1	ENSG00000207991.1	miRNA	chr2	37706200	37706279	-	110	0.120737	0	79	False	False	False	50.0	0.31645569620253167	0.7333333333333333	0.44303797468354433	0.730625382512818	0.3838579669298401	0.08695294850160601	79	79	1.0	0.4936708860759494	0.43037974683544306	0.06329113924050633	False
U_ENSG00000207500.1	ENSG00000207500.1	snoRNA	chr5	146771642	146771714	+	113	0.0	72	72	True	True	True	113.0	0.7847222222222222	0.875	0.8611111111111112	0.8205624723194579	0.6563082874950965	0.09127803800574451	72	72	1.0	0.3611111111111111	0.3888888888888889	0.02777777777777779	False
U_ENSG00000284498.1	ENSG00000284498.1	miRNA	chr9	122850402	122850496	+	102	0.164232	94	94	True	True	True	82.0	0.43617021276595747	0.6404494382022472	0.6170212765957447	0.8961151904559198	0.6507397460113868	0.10313616179167139	94	94	1.0	0.7659574468085106	0.7872340425531915	0.021276595744680882	False
U_ENSG00000276824.1	ENSG00000276824.1	miRNA	chr17	27549634	27549700	+	115	0.240176	0	66	False	False	False	59.0	0.44696969696969696	0.6666666666666666	0.6363636363636364	0.6546812228921062	0.361313870694731	0.15229992210171794	66	66	1.0	0.5	0.6060606060606061	0.10606060606060608	False
U_ENSG00000266583.1	ENSG00000266583.1	miRNA	chr2	35896439	35896522	-	110	0.171005	0	83	False	False	False	52.0	0.3132530120481928	0.6097560975609756	0.5697674418604651	0.7054892300832386	0.4037060193941023	0.11118628213084497	86	83	0.9651162790697675	0.6511627906976745	0.5421686746987951	0.10899411599887932	False
U_ENSG00000200637.1	ENSG00000200637.1	snRNA	chr17	69017802	69017922	+	103	0.488711	0	120	False	False	False	38.0	0.1623931623931624	0.5402298850574713	0.44999999999999996	0.761946144163421	0.470457698915182	0.09025020213410623	117	120	0.975	0.42735042735042733	0.4583333333333333	0.030982905982905984	False
U_ENSG00000221066.1	ENSG00000221066.1	snoRNA	chr8	111565161	111565255	-	109	0.0	87	94	True	True	False	135.0	0.7180851063829787	0.8369565217391305	0.7446808510638299	0.8841358314280211	0.7867238667180845	0.07132526430871829	94	94	1.0	0.3723404255319149	0.3829787234042553	0.010638297872340441	False
U_ENSG00000252112.1	ENSG00000252112.1	snoRNA	chr11	76880444	76880508	+	125	0.209466	0	64	False	False	False	18.0	0.140625	0.48717948717948717	0.375	0.5833333333333334	0.35529391527827514	0.1679842102263232	64	64	1.0	0.4375	0.53125	0.09375	False
U_ENSG00000284191.1	ENSG00000284191.1	miRNA	chr5	24797096	24797214	+	104	0.0	118	118	True	True	True	217.0	0.9194915254237288	0.9734513274336283	0.8983050847457628	0.9651443858813357	0.9340836912178788	0.03197997766473454	118	118	1.0	0.635593220338983	0.635593220338983	0.0	False
U_ENSG00000222872.1	ENSG00000222872.1	snRNA	chr9	121300433	121300560	+	102	0.405248	0	127	False	False	False	35.0	0.1388888888888889	0.4864864864864865	0.44881889763779526	0.6211966799789539	0.3796515648589383	0.18243723833407743	126	127	0.9921259842519685	0.42063492063492064	0.5511811023622047	0.1305461817272841	False
U_ENSG00000207051.1	ENSG00000207051.1	snoRNA	chr5	146771943	146772068	+	113	0.127839	115	125	True	True	False	181.0	0.724	0.9026548672566371	0.7222222222222222	0.8815097738173605	0.7336037841063179	0.058620350335571524	126	125	0.9920634920634921	0.40476190476190477	0.432	0.027238095238095228	False
U_ENSG00000207737.1	ENSG00000207737.1	miRNA	chr2	38743838	38743927	+	110	0.0	89	89	True	True	True	155.0	0.8707865168539326	0.9411764705882353	0.8764044943820225	0.9577560657656269	0.8844295800981654	0.045454545454545456	89	89	1.0	0.4606741573033708	0.4606741573033708	0.0	False
U_ENSG00000206853.1	ENSG00000206853.1	snoRNA	chr4	7022792	7022925	-	108	0.568968	0	133	False	False	False	43.0	0.16412213740458015	0.5204081632653061	0.443609022556391	0.7810144968109481	0.4921737420883156	0.125098729762351	131	133	0.9849624060150376	0.4351145038167939	0.2932330827067669	0.141881421110027	False
U_ENSG00000276712.1	ENSG00000276712.1	miRNA	chr17	28549737	28549807	+	115	0.135158	4	70	True	False	False	28.0	0.2	0.5319148936170213	0.4027777777777778	0.5703563895164365	0.22477586270599192	0.1772302746987865	72	70	0.9722222222222222	0.5833333333333334	0.5142857142857142	0.06904761904761914	False
U_ENSG00000202517.1	ENSG00000202517.1	snoRNA	chr9	120285371	120285508	+	102	0.208076	0	137	False	False	False	43.0	0.16044776119402984	0.5491803278688525	0.4014598540145985	0.8424789075438843	0.4801877847556714	0.08736885305695921	134	137	0.9781021897810219	0.5298507462686567	0.46715328467153283	0.06269746159712386	False
U_ENSG00000212447.1	ENSG00000212447.1	snoRNA	chr2	37290058	37290169	-	110	0.0	111	111	True	True	True	181.0	0.8153153153153153	0.897196261682243	0.8738738738738738	0.9301206265819421	0.7899767765532985	0.056040127299717954	111	111	1.0	0.3333333333333333	0.2972972972972973	0.036036036036036	False
U_ENSG00000263746.1	ENSG00000263746.1	miRNA	chr13	73533460	73533539	+	116	0.225252	0	79	False	False	False	31.0	0.1962025316455696	0.5645161290322581	0.5	0.5802718785143071	0.3415152455964993	0.20142959739805513	84	79	0.9404761904761905	0.6428571428571429	0.5443037974683544	0.09855334538878846	False
U_ENSG00000284459.1	ENSG00000284459.1	miRNA	chr13	63449021	63449089	+	119	0.0	68	68	True	True	True	133.0	0.9779411764705882	0.9852941176470589	0.9852941176470589	0.9805358337713498	0.9562749403324302	0.029850746268656716	68	68	1.0	0.5	0.5147058823529411	0.014705882352941124	False
U_ENSG00000199157.2	ENSG00000199157.2	miRNA	chr14	55186522	55186593	-	117	0.0	71	71	True	True	True	133.0	0.9366197183098591	0.9577464788732394	0.9577464788732395	0.9479988042609268	0.8966109552498205	0.04948716593053935	71	71	1.0	0.5070422535211268	0.49295774647887325	0.014084507042253502	False
U_tRNA-Thr-TGT-5-1	tRNA-Thr-TGT-5-1	tRNA	chr14	51326103	51326176	+	117	0.0	70	73	True	True	False	140.0	0.958904109589041	1.0	0.9178082191780822	0.9793103448275862	0.9663531361973137	0.039283710065919304	73	73	1.0	0.5753424657534246	0.5616438356164384	0.013698630136986245	False
U_ENSG00000272380.1	ENSG00000272380.1	miRNA	chr17	69192113	69192250	-	103	0.133299	0	137	False	False	False	151.0	0.551094890510949	0.7591240875912408	0.7050359712230216	0.8648723412855193	0.6334906481633342	0.07413434026278433	139	137	0.9856115107913669	0.4028776978417266	0.4306569343065693	0.027779236464842705	False
U_tRNA-Pro-TGG-3-2	tRNA-Pro-TGG-3-2	tRNA	chr14	51328100	51328172	+	117	0.0	69	72	True	True	False	138.0	0.9583333333333334	1.0	0.9166666666666666	0.9790449180128039	0.9662921348314608	0.039837001756988594	72	72	1.0	0.6111111111111112	0.5833333333333334	0.02777777777777779	False
U_ENSG00000222579.1	ENSG00000222579.1	misc_RNA	chr10	83102294	83102389	+	124	0.452633	0	95	False	False	False	31.0	0.1631578947368421	0.5645161290322581	0.4631578947368421	0.502665012396976	0.21100644842046543	0.21008954955459042	95	95	1.0	0.37894736842105264	0.5052631578947369	0.12631578947368421	False
U_ENSG00000200310.1	ENSG00000200310.1	rRNA_pseudogene	chr10	55492506	55492623	+	106	0.22058	0	117	False	False	False	45.0	0.19230769230769232	0.5321100917431193	0.4590163934426229	0.7434513516620301	0.37334470178799667	0.12686085733088934	122	117	0.9590163934426229	0.4672131147540984	0.3333333333333333	0.13387978142076506	False
U_ENSG00000276622.1	ENSG00000276622.1	miRNA	chr11	55153691	55153753	-	134	0.007	7	62	True	False	False	31.0	0.25	0.5645161290322581	0.532258064516129	0.6334738277743239	0.3038948705590345	0.1502483834411751	62	62	1.0	0.5483870967741935	0.4838709677419355	0.06451612903225801	False
U_ENSG00000238649.1	ENSG00000238649.1	snoRNA	chr11	78072126	78072190	-	125	0.0	64	64	True	True	True	93.0	0.7265625	0.8548387096774194	0.828125	0.8645309671165332	0.7362637362637363	0.0839921051131616	64	64	1.0	0.375	0.390625	0.015625	False
U_ENSG00000283971.1	ENSG00000283971.1	miRNA	chr14	6104551	6104613	-	128	0.146773	33	62	True	True	False	77.0	0.6209677419354839	0.7692307692307693	0.7462686567164178	0.8352878817391427	0.6911947676179738	0.11959290820488169	67	62	0.9253731343283582	0.6268656716417911	0.6935483870967742	0.06668271545498317	False
U_tRNA-Arg-ACG-1-3	tRNA-Arg-ACG-1-3	tRNA	chr14	54755149	54755222	+	117	0.0	73	73	True	True	True	140.0	0.958904109589041	1.0	0.9178082191780822	0.9784172661870506	0.964772650936774	0.02777777777777777	73	73	1.0	0.589041095890411	0.589041095890411	0.0	False
U_ENSG00000264760.1	ENSG00000264760.1	miRNA	chr11	57814423	57814484	-	134	0.229732	61	61	True	True	True	20.0	0.16393442622950818	0.6	0.4426229508196722	0.6467267340531258	0.3287191293257129	0.17480147469502527	61	61	1.0	0.6885245901639344	0.5573770491803278	0.1311475409836066	False
U_ENSG00000283364.1	ENSG00000283364.1	miRNA	chr11	77963997	77964065	-	125	0.0	68	68	True	True	True	121.0	0.8897058823529411	0.9264705882352942	0.9264705882352942	0.9127304766889967	0.8335059892154806	0.06332299533013858	68	68	1.0	0.4117647058823529	0.47058823529411764	0.05882352941176472	False
U_ENSG00000284085.1	ENSG00000284085.1	miRNA	chr11	77963723	77963800	+	125	0.081482	77	77	True	True	True	48.0	0.3157894736842105	0.631578947368421	0.5844155844155844	0.7509016071638033	0.5172336649891442	0.12538570839413202	76	77	0.987012987012987	0.6447368421052632	0.6103896103896104	0.03434723171565279	False
U_ENSG00000284118.1	ENSG00000284118.1	miRNA	chr14	54791735	54791815	-	117	0.281313	80	80	True	True	True	33.0	0.20625	0.5	0.5	0.8068743841118807	0.5250312852211763	0.12272607233965388	80	80	1.0	0.7625	0.6875	0.07499999999999996	False
U_ENSG00000222346.1	ENSG00000222346.1	rRNA_pseudogene	chr12	40712775	40712888	+	114	0.33115	0	113	False	False	False	38.0	0.168141592920354	0.5714285714285714	0.47787610619469023	0.7434669925354411	0.3729349269914457	0.10714285714285715	113	113	1.0	0.45132743362831856	0.4778761061946903	0.026548672566371723	False
U_ENSG00000284162.1	ENSG00000284162.1	miRNA	chr11	77498310	77498374	-	125	0.065298	64	64	True	True	True	98.0	0.765625	0.8769230769230769	0.8115942028985508	0.9132660258954309	0.7963666317023489	0.08721104068748382	69	64	0.927536231884058	0.7681159420289855	0.8125	0.04438405797101452	False
U_tRNA-Tyr-GTA-5-5	tRNA-Tyr-GTA-5-5	tRNA	chr14	51326941	51327030	+	117	0.0	68	89	True	True	False	139.0	0.7808988764044944	0.8941176470588236	0.8089887640449438	0.8995808927941488	0.8084456252465421	0.07537783614444091	89	89	1.0	0.5280898876404494	0.550561797752809	0.022471910112359605	False
U_ENSG00000215991.1	ENSG00000215991.1	miRNA	chr14	55213157	55213234	-	117	0.0	77	77	True	True	True	141.0	0.9155844155844156	0.96	0.922077922077922	0.9440993788819876	0.8795989942670848	0.05263157894736842	77	77	1.0	0.42857142857142855	0.44155844155844154	0.012987012987012991	False
U_ENSG00000201231.1	ENSG00000201231.1	snRNA	chr4	6696586	6696730	-	108	0.450579	0	144	False	False	False	41.0	0.1453900709219858	0.4966442953020134	0.45833333333333337	0.6881587670466459	0.33203243765828716	0.14558317171214735	141	144	0.9791666666666666	0.41134751773049644	0.3680555555555556	0.04329196217494086	False
U_ENSG00000251898.1	ENSG00000251898.1	scaRNA	chr6	125098685	125098821	+	105	0.0	135	136	True	True	True	220.0	0.8088235294117647	0.8978102189781022	0.8823529411764706	0.92817025263729	0.818784479181915	0.0628539361054709	136	136	1.0	0.5147058823529411	0.5367647058823529	0.022058823529411797	False
U_ENSG00000202119.1	ENSG00000202119.1	snRNA	chr10	3981052	3981156	+	123	0.463162	0	104	False	False	False	38.0	0.18269230769230768	0.5402298850574713	0.485981308411215	0.6619562340795652	0.30471907886835525	0.09164433375430472	107	104	0.9719626168224299	0.45794392523364486	0.4326923076923077	0.025251617541337146	False
U_ENSG00000263813.1	ENSG00000263813.1	miRNA	chr1	127144307	127144374	+	118	0.096951	0	67	False	False	False	65.0	0.48507462686567165	0.7258064516129032	0.6323529411764706	0.7388497411531374	0.4643825309009521	0.11305970092712572	68	67	0.9852941176470589	0.5294117647058824	0.5074626865671642	0.02194907813871816	False
U_ENSG00000207422.1	ENSG00000207422.1	snRNA	chr10	4508788	4508895	-	123	0.059058	0	107	False	False	False	90.0	0.4205607476635514	0.66	0.6168224299065421	0.69191198779337	0.4085297439895141	0.11630969816922597	107	107	1.0	0.411214953271028	0.45794392523364486	0.04672897196261683	False
U_ENSG00000251994.1	ENSG00000251994.1	snRNA	chr17	66170876	66171018	+	103	0.420952	0	142	False	False	False	44.0	0.15492957746478872	0.5327102803738317	0.4577464788732394	0.6654239907502377	0.32717989300864464	0.11825058156406429	142	142	1.0	0.4788732394366197	0.4788732394366197	0.0	False
U_ENSG00000202363.1	ENSG00000202363.1	snoRNA	chr9	119959475	119959628	+	102	0.0	148	153	True	True	False	223.0	0.7287581699346405	0.8466666666666667	0.7973856209150327	0.8863176869133784	0.7287079862587357	0.05344762108313132	153	153	1.0	0.477124183006536	0.49019607843137253	0.013071895424836555	False
U_ENSG00000263583.1	ENSG00000263583.1	miRNA	chr11	79145588	79145671	+	125	0.292662	0	83	False	False	False	27.0	0.16265060240963855	0.4868421052631579	0.5057471264367817	0.5866685509350037	0.24080732065382351	0.15907725731863576	87	83	0.9540229885057471	0.7126436781609196	0.6024096385542169	0.11023403960670264	False
U_ENSG00000238423.1	ENSG00000238423.1	snoRNA	chr11	78073883	78073950	-	125	0.0	67	67	True	True	True	106.0	0.7910447761194029	0.8805970149253731	0.8656716417910448	0.8964825606753832	0.8119133972727356	0.09340021216619662	67	67	1.0	0.40298507462686567	0.43283582089552236	0.02985074626865669	False
U_ENSG00000284256.1	ENSG00000284256.1	miRNA	chr17	27176618	27176725	+	115	0.076293	19	107	True	False	False	130.0	0.6074766355140186	0.78	0.7570093457943925	0.8262446076717841	0.6195248907231766	0.08437992367923734	107	107	1.0	0.5327102803738317	0.5514018691588785	0.01869158878504673	False
U_ENSG00000266509.1	ENSG00000266509.1	miRNA	chr17	27342110	27342213	+	115	0.326838	0	103	False	False	False	46.0	0.22330097087378642	0.5531914893617021	0.44859813084112155	0.6760780779758278	0.39663944327577577	0.12227141020531171	107	103	0.9626168224299065	0.5420560747663551	0.5242718446601942	0.017784230106160925	False
U_ENSG00000283856.1	ENSG00000283856.1	miRNA	chr14	55825021	55825098	-	117	0.051415	1	77	True	False	False	63.0	0.4090909090909091	0.6575342465753424	0.6103896103896104	0.824736476148012	0.5352180241110471	0.08727959974619472	77	77	1.0	0.5974025974025974	0.5714285714285714	0.025974025974025983	False
U_ENSG00000284047.1	ENSG00000284047.1	miRNA	chr5	140330611	140330674	-	132	0.386755	0	63	False	False	False	34.0	0.2698412698412698	0.6065573770491803	0.5238095238095238	0.4798810371273463	0.22691267417693453	0.254000254000381	63	63	1.0	0.7777777777777778	0.6190476190476191	0.15873015873015872	False
U_ENSG00000238578.1	ENSG00000238578.1	snoRNA	chr11	78072511	78072583	-	125	0.021412	72	72	True	True	True	95.0	0.6597222222222222	0.7916666666666666	0.7916666666666666	0.8357448101873572	0.717531522059146	0.12439099811729361	72	72	1.0	0.4722222222222222	0.4027777777777778	0.06944444444444442	False
U_ENSG00000238597.1	ENSG00000238597.1	snoRNA	chr11	78071907	78071978	-	125	0.223202	71	71	True	True	True	33.0	0.2323943661971831	0.6111111111111112	0.48611111111111116	0.7148247377583178	0.4084273467402196	0.12784848213479985	72	71	0.9861111111111112	0.4166666666666667	0.4225352112676056	0.005868544600938941	False
U_ENSG00000284565.1	ENSG00000284565.1	miRNA	chr11	77963995	77964067	+	125	0.0	72	72	True	True	True	126.0	0.875	0.9166666666666666	0.9166666666666666	0.902893898143269	0.8220950084491032	0.059755502635482884	72	72	1.0	0.4166666666666667	0.4722222222222222	0.055555555555555525	False
U_ENSG00000207654.4	ENSG00000207654.4	miRNA	chr1	128130090	128130172	+	118	0.0	70	82	True	True	False	162.0	0.9878048780487805	1.0	0.975609756097561	0.9947229183096801	0.9896370260347829	0.017459426695964134	82	82	1.0	0.5	0.5	0.0	False
U_ENSG00000207714.3	ENSG00000207714.3	miRNA	chr18	62086779	62086876	+	133	0.171016	0	97	False	False	False	82.0	0.422680412371134	0.6739130434782609	0.5876288659793815	0.7789924597830666	0.552793231817157	0.08960755486502736	97	97	1.0	0.5360824742268041	0.5257731958762887	0.010309278350515427	False
U_ENSG00000199436.1	ENSG00000199436.1	snoRNA	chr14	52440228	52440337	-	117	0.443985	0	109	False	False	False	30.0	0.14423076923076922	0.5068493150684932	0.44036697247706424	0.6643734571606262	0.3511552695176641	0.19844797529497646	104	109	0.9541284403669725	0.47115384615384615	0.3486238532110092	0.12252999294283695	False
U_ENSG00000222679.1	ENSG00000222679.1	snRNA	chr11	76841726	76841834	+	125	0.425455	108	108	True	True	True	30.0	0.14018691588785046	0.49514563106796117	0.43518518518518523	0.7477326288998465	0.4225550216181105	0.11837534153813442	107	108	0.9907407407407407	0.411214953271028	0.49074074074074076	0.07952578746971273	False
U_ENSG00000207617.4	ENSG00000207617.4	miRNA	chr13	63449017	63449098	-	119	0.0	81	81	True	True	True	153.0	0.9444444444444444	0.9871794871794872	0.9135802469135803	0.9739919156057883	0.9358272622846402	0.03061862178478973	81	81	1.0	0.5432098765432098	0.5555555555555556	0.012345679012345734	False
U_ENSG00000270487.1	ENSG00000270487.1	lncRNA	chr17	5047493	5047622	-	112	0.038526	0	129	False	False	False	208.0	0.8062015503875969	0.888	0.8449612403100775	0.9050860838510439	0.7613302991812493	0.07245014449606019	129	129	1.0	0.4263565891472868	0.4573643410852713	0.031007751937984496	False
U_ENSG00000278069.1	ENSG00000278069.1	miRNA	chr13	7892792	7892868	+	122	0.21715	0	76	False	False	False	38.0	0.2676056338028169	0.5833333333333334	0.5263157894736843	0.6784566681776463	0.4037864265436241	0.15377339985641653	71	76	0.9342105263157895	0.6197183098591549	0.4868421052631579	0.13287620459599697	False
U_ENSG00000212293.1	ENSG00000212293.1	snoRNA	chr5	150509813	150509943	-	113	0.240828	0	130	False	False	False	49.0	0.19291338582677164	0.5545454545454546	0.4076923076923077	0.7020901985037287	0.36282018659781234	0.10759304261378033	127	130	0.9769230769230769	0.4251968503937008	0.4076923076923077	0.017504542701393122	False
U_ENSG00000222858.1	ENSG00000222858.1	snRNA	chr11	77335682	77335773	+	125	0.390191	0	91	False	False	False	31.0	0.17032967032967034	0.55	0.40217391304347827	0.5854628194722585	0.31180735848080326	0.18020472388473213	92	91	0.9891304347826086	0.41304347826086957	0.2857142857142857	0.12732919254658387	False
U_ENSG00000238963.2	ENSG00000238963.2	snoRNA	chr17	3306971	3307100	-	112	0.316636	0	129	False	False	False	40.0	0.15503875968992248	0.6	0.4732824427480916	0.6834206519709018	0.3715863098317826	0.1497482323739163	131	129	0.9847328244274809	0.3282442748091603	0.49612403100775193	0.16787975619859163	False
U_ENSG00000252292.1	ENSG00000252292.1	misc_RNA	chr14	35239107	35239351	+	97	0.118533	0	244	False	False	False	222.0	0.45491803278688525	0.6532258064516129	0.642570281124498	0.9004982001984095	0.6731269779697027	0.06306134999779438	249	244	0.9799196787148594	0.5060240963855421	0.45491803278688525	0.05110606359865688	False
U_ENSG00000252431.1	ENSG00000252431.1	snRNA	chr10	4243511	4243604	-	123	0.098433	0	93	False	False	False	71.0	0.3817204301075269	0.6666666666666666	0.5	0.6433659827294588	0.34770033417881513	0.12880886618538048	98	93	0.9489795918367347	0.42857142857142855	0.45161290322580644	0.02304147465437789	False
U_ENSG00000222394.2	ENSG00000222394.2	misc_RNA	chr1	130170417	130170527	+	118	0.513021	0	110	False	False	False	32.0	0.14678899082568808	0.5294117647058824	0.4727272727272728	0.5369478523599567	0.31713658707460596	0.22061667822127976	109	110	0.990909090909091	0.42201834862385323	0.22727272727272727	0.19474562135112597	False
U_ENSG00000252347.1	ENSG00000252347.1	snRNA	chr14	55076306	55076417	-	117	0.162979	0	111	False	False	False	26.0	0.12149532710280374	0.5142857142857142	0.42342342342342343	0.6668370783484742	0.33741466037966217	0.15533662091144637	107	111	0.963963963963964	0.35514018691588783	0.4594594594594595	0.10431927254357165	False
U_ENSG00000284532.1	ENSG00000284532.1	miRNA	chr11	78399263	78399344	-	125	0.0	81	81	True	True	True	67.0	0.41358024691358025	0.676923076923077	0.5308641975308642	0.7463467595043392	0.4637130167514838	0.09185586535436918	81	81	1.0	0.5308641975308642	0.5185185185185185	0.012345679012345734	False
U_ENSG00000274115.1	ENSG00000274115.1	miRNA	chr13	63435728	63435825	+	119	0.191005	0	97	False	False	False	62.0	0.31958762886597936	0.5955056179775281	0.5463917525773196	0.7584959223771769	0.48160408687394746	0.12499999999999999	97	97	1.0	0.6494845360824743	0.5360824742268041	0.11340206185567014	False
U_ENSG00000207563.1	ENSG00000207563.1	miRNA	chr13	63448281	63448378	+	119	0.0	74	97	True	True	False	174.0	0.8969072164948454	0.956989247311828	0.8762886597938144	0.944537118983588	0.8787878787878788	0.053114786599924836	97	97	1.0	0.5051546391752577	0.5051546391752577	0.0	False
U_ENSG00000284399.1	ENSG00000284399.1	miRNA	chr11	76968903	76968978	+	125	0.0	75	75	True	True	True	148.0	0.9866666666666667	1.0	0.9733333333333334	0.9939939396675457	0.9888888888888889	0.019110994086122907	75	75	1.0	0.5066666666666667	0.52	0.013333333333333308	False
U_tRNA-Gln-CTG-13-1	tRNA-Gln-CTG-13-1	tRNA	chr11	55437096	55437164	-	134	0.186423	0	68	False	False	False	67.0	0.49264705882352944	0.7413793103448276	0.6527777777777778	0.5723638070321425	0.34526256198949823	0.1601891286073389	72	68	0.9444444444444444	0.4722222222222222	0.4264705882352941	0.04575163398692811	False
U_ENSG00000200785.1	ENSG00000200785.1	snoRNA	chr14	52447247	52447357	-	117	0.0	104	110	True	True	False	178.0	0.8090909090909091	0.9038461538461539	0.8	0.8785476715191528	0.7280252083092641	0.048545895615864046	110	110	1.0	0.5	0.5	0.0	False
U_ENSG00000275856.1	ENSG00000275856.1	misc_RNA	chr17	37275245	37275321	-	140	0.065278	73	76	True	True	False	101.0	0.6644736842105263	0.7945205479452054	0.7236842105263157	0.6956544490668777	0.48632124466571214	0.1398411797560202	76	76	1.0	0.4605263157894737	0.4868421052631579	0.026315789473684237	False
U_ENSG00000207864.3	ENSG00000207864.3	miRNA	chr13	63448509	63448606	+	119	0.0	97	97	True	True	True	186.0	0.9587628865979382	1.0	0.9175257731958762	0.9845628083651553	0.9722426868137668	0.02946278254943948	97	97	1.0	0.4742268041237113	0.4639175257731959	0.010309278350515427	False
U_ENSG00000283819.1	ENSG00000283819.1	miRNA	chr11	77963818	77963904	+	125	0.0	86	86	True	True	True	147.0	0.8546511627906976	0.9382716049382716	0.8604651162790697	0.883495145631068	0.7964601769911503	0.08150827329735892	86	86	1.0	0.5	0.43023255813953487	0.06976744186046513	False
U_tRNA-Ala-AGC-8-1	tRNA-Ala-AGC-8-1	tRNA	chr5	31045854	31045927	+	127	0.0	69	73	True	True	False	138.0	0.9452054794520548	1.0	0.8904109589041096	0.9779139735171564	0.9604431166873743	0.034020690871988585	73	73	1.0	0.589041095890411	0.589041095890411	0.0	False
U_ENSG00000252562.1	ENSG00000252562.1	snRNA	chr14	3922177	3922276	-	128	0.425648	0	99	False	False	False	33.0	0.16666666666666666	0.5052631578947369	0.4747474747474747	0.5122414421295042	0.3520980043891696	0.2358004083324764	99	99	1.0	0.43434343434343436	0.5555555555555556	0.12121212121212122	False
U_ENSG00000265089.1	ENSG00000265089.1	miRNA	chr5	140010480	140010549	-	132	0.162884	0	69	False	False	False	38.0	0.2753623188405797	0.6363636363636364	0.472972972972973	0.6833816357629299	0.41419063812667173	0.17015373084272997	74	69	0.9324324324324325	0.6891891891891891	0.5362318840579711	0.15295730513121808	False
U_tRNA-Ser-GCT-6-1	tRNA-Ser-GCT-6-1	tRNA	chr13	23706032	23706110	+	96	0.0	71	78	True	True	False	130.0	0.8333333333333334	0.9714285714285714	0.7692307692307692	0.912571297417775	0.8542130119458126	0.07346563960379715	78	78	1.0	0.5897435897435898	0.5512820512820513	0.038461538461538436	False
U_ENSG00000199047.3	ENSG00000199047.3	miRNA	chr18	61530908	61530974	-	133	0.0	66	66	True	True	True	123.0	0.9318181818181818	0.9841269841269841	0.8939393939393939	0.9527854423774269	0.912571297417775	0.0435142634576337	66	66	1.0	0.5303030303030303	0.5606060606060606	0.030303030303030276	False
U_ENSG00000276003.1	ENSG00000276003.1	misc_RNA	chr6	58907086	58907194	+	120	0.048002	0	108	False	False	False	63.0	0.2916666666666667	0.5727272727272728	0.5648148148148149	0.8698725205669411	0.5241058954610696	0.06867728250793957	108	108	1.0	0.5462962962962963	0.5092592592592593	0.03703703703703698	False
U_ENSG00000251761.1	ENSG00000251761.1	snRNA	chr17	52747532	52747634	-	121	0.265589	0	102	False	False	False	64.0	0.3137254901960784	0.6708860759493671	0.5607476635514019	0.7854834756358904	0.5081516761362315	0.11492491297003472	107	102	0.9532710280373832	0.3177570093457944	0.38235294117647056	0.06459593183067619	False
U_tRNA-Tyr-GTA-2-1	tRNA-Tyr-GTA-2-1	tRNA	chr5	31045422	31045511	+	127	0.0	69	89	True	True	False	143.0	0.8033707865168539	0.8941176470588236	0.8089887640449438	0.9106073519227711	0.8245614035087719	0.04821182598999188	89	89	1.0	0.5617977528089888	0.5280898876404494	0.03370786516853941	False
U_ENSG00000216009.3	ENSG00000216009.3	miRNA	chr13	58170941	58171019	-	129	0.0	73	78	True	True	False	137.0	0.8782051282051282	0.96	0.858974358974359	0.9642166793381065	0.9218785555044704	0.055099229702847856	78	78	1.0	0.6923076923076923	0.6666666666666666	0.02564102564102566	False
U_ENSG00000274809.1	ENSG00000274809.1	miRNA	chr13	5685936	5686036	-	122	0.204004	0	100	False	False	False	31.0	0.155	0.5432098765432098	0.49	0.6729453200906477	0.3714380470098179	0.14776503877098782	100	100	1.0	0.49	0.37	0.12	False
U_ENSG00000207124.1	ENSG00000207124.1	snRNA	chr13	5018889	5018990	-	122	0.099111	0	101	False	False	False	85.0	0.4207920792079208	0.6896551724137931	0.5188679245283019	0.768587717079096	0.5047481649884143	0.105245636446029	106	101	0.9528301886792453	0.4339622641509434	0.4158415841584158	0.01812067999252759	False
U_ENSG00000222831.1	ENSG00000222831.1	miRNA	chr13	13780583	13780644	+	138	0.515204	0	61	False	False	False	23.0	0.1885245901639344	0.5806451612903226	0.42622950819672134	0.44951477746738555	0.1667139278803393	0.2041241452319315	61	61	1.0	0.4098360655737705	0.4262295081967213	0.016393442622950782	False
U_ENSG00000265321.1	ENSG00000265321.1	miRNA	chr5	31953197	31953275	+	127	0.0	0	78	False	False	False	56.0	0.358974358974359	0.6470588235294118	0.5783132530120482	0.7042264971936184	0.31063037209869776	0.11214429705851789	83	78	0.9397590361445783	0.4578313253012048	0.46153846153846156	0.0037071362372567696	False
U_ENSG00000212532.1	ENSG00000212532.1	snoRNA	chr1	19968477	19968548	+	131	0.379301	0	71	False	False	False	20.0	0.14084507042253522	0.4925373134328358	0.4736842105263158	0.44035703273071947	0.2347443711087378	0.20634822954591756	76	71	0.9342105263157895	0.5131578947368421	0.3380281690140845	0.17512972572275765	False
U_ENSG00000207604.3	ENSG00000207604.3	miRNA	chr1	20749226	20749312	+	131	0.0	73	86	True	True	False	134.0	0.7790697674418605	0.8588235294117647	0.8604651162790697	0.8936018111624481	0.7626241603581736	0.07252251768198796	86	86	1.0	0.45348837209302323	0.4418604651162791	0.011627906976744151	False
U_ENSG00000238406.1	ENSG00000238406.1	snRNA	chr2	29850189	29850251	+	146	0.521285	62	62	True	True	True	25.0	0.20161290322580644	0.6578947368421053	0.4516129032258065	0.6171389565645231	0.3000306169312426	0.176562780561787	62	62	1.0	0.3548387096774194	0.45161290322580644	0.09677419354838707	False
U_ENSG00000239185.1	ENSG00000239185.1	snRNA	chr1	122142906	122142966	+	79	0.239918	0	60	False	False	False	14.0	0.11666666666666667	0.5675675675675675	0.47540983606557374	0.4505964051786865	0.1632993161855452	0.21191223565587464	61	60	0.9836065573770492	0.4262295081967213	0.35	0.07622950819672131	False
U_ENSG00000263970.1	ENSG00000263970.1	lncRNA	chr17	66973846	66974041	+	103	0.028339	100	195	True	True	False	294.0	0.7616580310880829	0.8549222797927462	0.8358974358974359	0.9569234535086835	0.8432807927649401	0.03584019692892876	193	195	0.9897435897435898	0.30569948186528495	0.3128205128205128	0.0071210309552278694	False
U_ENSG00000264357.1	ENSG00000264357.1	miRNA	chr5	140600090	140600163	+	132	0.063644	2	73	True	False	False	72.0	0.5	0.7142857142857143	0.6575342465753424	0.7740494739450725	0.5426692136001526	0.09831753598024007	72	73	0.9863013698630136	0.6388888888888888	0.6164383561643836	0.022450532724505257	False
U_ENSG00000266919.3	ENSG00000266919.3	lncRNA	chr11	76968890	76968984	+	125	0.0	94	94	True	True	True	181.0	0.9627659574468085	0.9891304347826086	0.9468085106382979	0.9784893388997495	0.956666425523507	0.026338599384765363	94	94	1.0	0.5212765957446809	0.5319148936170213	0.010638297872340385	False
U_ENSG00000264474.1	ENSG00000264474.1	miRNA	chr5	142460410	142460485	-	132	0.398369	0	75	False	False	False	46.0	0.30666666666666664	0.6491228070175439	0.56	0.6244618698117985	0.45568090730873756	0.2379299575899866	75	75	1.0	0.7066666666666667	0.68	0.026666666666666616	False
U_ENSG00000283935.1	ENSG00000283935.1	miRNA	chr11	76968897	76968991	-	125	0.0	94	94	True	True	True	175.0	0.9308510638297872	0.9887640449438202	0.8936170212765957	0.9690977138240349	0.9392724905139888	0.037248404463846835	94	94	1.0	0.5212765957446809	0.5	0.021276595744680882	False
U_ENSG00000284179.1	ENSG00000284179.1	miRNA	chr13	58540597	58540707	-	119	0.0	103	110	True	True	False	197.0	0.8954545454545455	0.9714285714285714	0.8636363636363636	0.9644063447642457	0.9118491014595297	0.03669724770642202	110	110	1.0	0.41818181818181815	0.41818181818181815	0.0	False
U_ENSG00000283419.1	ENSG00000283419.1	miRNA	chr5	143054145	143054216	-	132	0.24182	5	71	True	False	False	32.0	0.22535211267605634	0.5652173913043478	0.47887323943661975	0.6372603231211404	0.21726204731337037	0.1178030178747903	71	71	1.0	0.4507042253521127	0.5352112676056338	0.08450704225352107	False
U_ENSG00000222489.1	ENSG00000222489.1	snoRNA	chr14	51035709	51035853	-	117	0.247089	0	144	False	False	False	108.0	0.375	0.6888888888888889	0.6013513513513513	0.7588235294117648	0.47281990259905826	0.11958167154944127	148	144	0.972972972972973	0.4594594594594595	0.4027777777777778	0.056681681681681695	False
U_ENSG00000277264.1	ENSG00000277264.1	miRNA	chr17	34820954	34821013	-	140	0.113999	59	59	True	True	True	32.0	0.2711864406779661	0.6170212765957447	0.4590163934426229	0.7294716422482261	0.4757686623831168	0.10712495682466444	61	59	0.9672131147540983	0.45901639344262296	0.5254237288135594	0.0664073353709364	False
U_ENSG00000263361.1	ENSG00000263361.1	miRNA	chr11	57959077	57959161	+	134	0.32663	0	84	False	False	False	69.0	0.41566265060240964	0.684931506849315	0.5833333333333333	0.6898663740947002	0.421732489945563	0.12511310868904985	83	84	0.9880952380952381	0.5180722891566265	0.5119047619047619	0.006167527251864646	False
U_ENSG00000206680.1	ENSG00000206680.1	snoRNA	chr5	108052415	108052510	+	126	0.0	95	95	True	True	True	146.0	0.7684210526315789	0.8709677419354839	0.8105263157894737	0.8735167750162721	0.7052806399830187	0.06203140313665214	95	95	1.0	0.45263157894736844	0.4421052631578947	0.010526315789473717	False
U_tRNA-Ala-AGC-8-2	tRNA-Ala-AGC-8-2	tRNA	chr3	19683154	19683227	+	135	0.0	69	73	True	True	False	138.0	0.9452054794520548	1.0	0.8904109589041096	0.9776508093242575	0.9604431166873743	0.03928371006591931	73	73	1.0	0.589041095890411	0.589041095890411	0.0	False
U_ENSG00000251698.1	ENSG00000251698.1	rRNA_pseudogene	chr11	107949860	107949975	-	136	0.111121	0	115	False	False	False	32.0	0.1391304347826087	0.5522388059701493	0.4608695652173913	0.7215038347699768	0.28225639886244414	0.1045296077878332	115	115	1.0	0.48695652173913045	0.5130434782608696	0.026086956521739146	False
U_ENSG00000222285.1	ENSG00000222285.1	rRNA_pseudogene	chr13	57568358	57568462	-	129	0.511955	0	104	False	False	False	39.0	0.1875	0.6346153846153846	0.4392523364485982	0.5130143219545081	0.21697809289007725	0.22705086153909076	107	104	0.9719626168224299	0.4485981308411215	0.2980769230769231	0.15052120776419842	False
U_tRNA-Arg-CCG-2-1	tRNA-Arg-CCG-2-1	tRNA	chr11	106903688	106903761	+	136	0.0	70	73	True	True	False	140.0	0.958904109589041	1.0	0.9178082191780822	0.9797520946694045	0.9666666666666667	0.027777777777777773	73	73	1.0	0.6027397260273972	0.589041095890411	0.013698630136986245	False
U_ENSG00000290063.1	ENSG00000290063.1	lncRNA	chr6	127126072	127126262	+	105	0.117195	190	190	True	True	True	220.0	0.5789473684210527	0.8011695906432749	0.7164948453608248	0.8753131767467838	0.7146871841693881	0.08175987909204982	194	190	0.979381443298969	0.520618556701031	0.46842105263157896	0.052197504069452005	False
U_ENSG00000200753.1	ENSG00000200753.1	snoRNA	chr12	119158277	119158343	-	137	0.245342	0	66	False	False	False	23.0	0.17424242424242425	0.5641025641025641	0.3943661971830986	0.32599799960794235	0.11627811165879987	0.3536310860981329	71	66	0.9295774647887324	0.4084507042253521	0.3333333333333333	0.07511737089201881	False
U_ENSG00000275818.1	ENSG00000275818.1	miRNA	chr11	4449095	4449160	-	139	0.233761	0	65	False	False	False	28.0	0.2153846153846154	0.6	0.4461538461538461	0.4044891504566674	0.20227834851568374	0.26052081250832915	65	65	1.0	0.4307692307692308	0.6	0.16923076923076918	False
U_ENSG00000303304.1	ENSG00000303304.1	lncRNA	chr7	46403419	46403649	-	100	0.046564	230	230	True	True	True	178.0	0.3869565217391304	0.6190476190476191	0.6051502145922747	0.8803695445668366	0.6399554631578758	0.06377760507539308	233	230	0.9871244635193133	0.5321888412017167	0.5347826086956522	0.0025937674939354727	False
U_ENSG00000200487.1	ENSG00000200487.1	rRNA_pseudogene	chr14	34829359	34829473	-	97	0.446327	0	114	False	False	False	39.0	0.17105263157894737	0.5113636363636364	0.45378151260504207	0.4909355682211441	0.2904002601987497	0.20411888005306933	119	114	0.957983193277311	0.5294117647058824	0.30701754385964913	0.22239422084623323	False
U_ENSG00000276365.1	ENSG00000276365.1	miRNA	chr18	61780889	61780977	-	133	0.0	70	88	True	True	False	167.0	0.9488636363636364	0.9882352941176471	0.9204545454545454	0.9769828109255744	0.9395005702016884	0.03634801908239516	88	88	1.0	0.4772727272727273	0.5	0.022727272727272707	False
U_ENSG00000283180.1	ENSG00000283180.1	miRNA	chr17	24453500	24453566	-	148	0.210027	66	66	True	True	True	41.0	0.3106060606060606	0.6229508196721312	0.43939393939393945	0.6076909908301541	0.311066540368842	0.1699286310336502	66	66	1.0	0.5757575757575758	0.5303030303030303	0.045454545454545525	False
U_ENSG00000266776.1	ENSG00000266776.1	miRNA	chr17	35310484	35310547	+	140	0.188961	1	63	True	False	False	57.0	0.4523809523809524	0.6984126984126984	0.6825396825396826	0.8169216656366384	0.5774705379690138	0.10698789646307741	63	63	1.0	0.5873015873015873	0.5873015873015873	0.0	False
U_ENSG00000206817.1	ENSG00000206817.1	misc_RNA	chr5	106988773	106988872	+	126	0.462882	0	99	False	False	False	30.0	0.15151515151515152	0.5666666666666667	0.45999999999999996	0.6672929300229592	0.327503768791425	0.12727844332390076	100	99	0.99	0.42	0.3838383838383838	0.03616161616161617	False
U_ENSG00000284469.1	ENSG00000284469.1	miRNA	chr17	34830703	34830789	+	140	0.27146	25	86	True	False	False	39.0	0.22674418604651161	0.6607142857142857	0.4482758620689655	0.6763430313357174	0.44743215927340196	0.199810525169595	87	86	0.9885057471264368	0.5402298850574713	0.5813953488372093	0.041165463779738065	False
U_ENSG00000278773.1	ENSG00000278773.1	misc_RNA	chr17	37269491	37269595	-	140	0.282575	103	104	True	True	True	51.0	0.24519230769230768	0.5566037735849056	0.4903846153846154	0.542700887387006	0.2432022060386492	0.12203694262113139	104	104	1.0	0.5	0.4807692307692308	0.019230769230769218	False
U_tRNA-Tyr-GTA-5-2	tRNA-Tyr-GTA-5-2	tRNA	chr3	19682943	19683032	+	135	0.0	71	89	True	True	False	156.0	0.8764044943820225	0.9310344827586207	0.8876404494382022	0.9106639685319481	0.8258130618455692	0.07707193162642349	89	89	1.0	0.6292134831460674	0.5730337078651685	0.0561797752808989	False
U_ENSG00000251764.1	ENSG00000251764.1	rRNA_pseudogene	chr11	107760544	107760629	-	136	0.472274	0	85	False	False	False	19.0	0.11585365853658537	0.6071428571428571	0.42352941176470593	0.4601367472756229	0.2600923012086385	0.19089113956774073	82	85	0.9647058823529412	0.5609756097560976	0.36470588235294116	0.19626972740315646	False
U_ENSG00000221783.1	ENSG00000221783.1	miRNA	chr12	118232276	118232362	-	137	0.141668	0	86	False	False	False	50.0	0.29069767441860467	0.5942028985507246	0.5730337078651686	0.7804151472949427	0.45851708454841683	0.13245647654591491	89	86	0.9662921348314607	0.48314606741573035	0.4418604651162791	0.041285602299451274	False
U_ENSG00000200003.1	ENSG00000200003.1	snRNA	chr5	31437060	31437162	-	127	0.537147	0	102	False	False	False	33.0	0.16176470588235295	0.4946236559139785	0.4411764705882353	0.5978520349575784	0.31165881223134295	0.1668544509539873	102	102	1.0	0.35294117647058826	0.4803921568627451	0.12745098039215685	False
U_ENSG00000222232.1	ENSG00000222232.1	rRNA_pseudogene	chr5	32555574	32555677	+	127	0.41386	0	103	False	False	False	38.0	0.18446601941747573	0.5434782608695652	0.5	0.7096189856545135	0.49975363388501814	0.12242591423565359	108	103	0.9537037037037037	0.42592592592592593	0.4563106796116505	0.030384753685724575	False
U_ENSG00000298906.1	ENSG00000298906.1	lncRNA	chr7	79707068	79707308	-	99	0.059591	0	240	False	False	False	94.0	0.19583333333333333	0.5508474576271186	0.49795918367346936	0.8750846709990217	0.658098367190446	0.08121806900267686	245	240	0.9795918367346939	0.5469387755102041	0.5375	0.009438775510204112	False
U_ENSG00000207973.1	ENSG00000207973.1	miRNA	chr5	142866154	142866249	-	132	0.174143	0	95	False	False	False	79.0	0.41578947368421054	0.6770833333333334	0.6363636363636364	0.8794395358869003	0.6704978382932212	0.06117365615408188	99	95	0.9595959595959596	0.6262626262626263	0.6105263157894737	0.015736310473152604	False
U_ENSG00000201823.1	ENSG00000201823.1	snoRNA	chr17	35170989	35171053	-	140	0.0	64	64	True	True	True	89.0	0.6953125	0.8253968253968254	0.78125	0.8588141440618029	0.6516853932584271	0.08694008849288351	64	64	1.0	0.5625	0.53125	0.03125	False
U_ENSG00000284082.1	ENSG00000284082.1	miRNA	chr11	3079321	3079381	+	139	0.127194	60	60	True	True	True	30.0	0.25	0.56	0.4769230769230769	0.7766931488613129	0.41670274014118697	0.1232836507231269	65	60	0.9230769230769231	0.6461538461538462	0.5666666666666667	0.07948717948717954	False
U_ENSG00000274805.1	ENSG00000274805.1	miRNA	chr17	24435413	24435485	-	148	0.166297	1	72	True	False	False	46.0	0.3194444444444444	0.5833333333333334	0.5833333333333333	0.4183715122020406	0.1551678012635246	0.20507351800790194	72	72	1.0	0.625	0.4861111111111111	0.1388888888888889	False
U_ENSG00000264661.3	ENSG00000264661.3	miRNA	chr11	3781739	3781825	-	139	0.188706	0	86	False	False	False	81.0	0.4764705882352941	0.6823529411764706	0.6744186046511628	0.6596264888393438	0.36114207455049163	0.10180367740287186	85	86	0.9883720930232558	0.5647058823529412	0.5930232558139535	0.028317373461012374	False
U_tRNA-Tyr-GTA-5-1	tRNA-Tyr-GTA-5-1	tRNA	chr3	19682514	19682607	+	135	0.0	93	93	True	True	True	154.0	0.8279569892473119	0.9101123595505618	0.8279569892473118	0.9061332203934909	0.7931367688273782	0.0633799119004924	93	93	1.0	0.5591397849462365	0.5591397849462365	0.0	False
U_ENSG00000201713.1	ENSG00000201713.1	rRNA_pseudogene	chr14	5486121	5486245	+	128	0.415959	0	124	False	False	False	38.0	0.15833333333333333	0.575	0.4354838709677419	0.6336438866740719	0.36092225188565097	0.1752354342704511	120	124	0.967741935483871	0.44166666666666665	0.2903225806451613	0.15134408602150534	False
U_ENSG00000252657.1	ENSG00000252657.1	snoRNA	chr11	77223471	77223597	-	125	0.391631	0	126	False	False	False	54.0	0.21428571428571427	0.5576923076923077	0.47619047619047616	0.6789978572342886	0.37615828025905107	0.11199999999999999	126	126	1.0	0.5	0.48412698412698413	0.015873015873015872	False
U_ENSG00000284370.1	ENSG00000284370.1	miRNA	chr17	36002485	36002576	-	140	0.260472	1	91	True	False	False	86.0	0.4777777777777778	0.6853932584269663	0.6263736263736264	0.5947474346543092	0.3498521318517583	0.1563443010020783	90	91	0.989010989010989	0.6444444444444445	0.5274725274725275	0.116971916971917	False
U_ENSG00000284182.1	ENSG00000284182.1	miRNA	chr18	61782245	61782351	-	133	0.0	63	106	True	True	False	191.0	0.9009433962264151	0.9523809523809523	0.9245283018867925	0.9605288162967398	0.8735098257684492	0.04467062628403267	106	106	1.0	0.5754716981132075	0.5849056603773585	0.009433962264150941	False
U_ENSG00000201754.1	ENSG00000201754.1	snoRNA	chr17	35169929	35169996	-	140	0.0	67	67	True	True	True	87.0	0.6492537313432836	0.8	0.7313432835820896	0.800444815158084	0.5977406368332137	0.08298826628866153	67	67	1.0	0.43283582089552236	0.417910447761194	0.014925373134328346	False
U_ENSG00000277713.1	ENSG00000277713.1	miRNA	chr2	31498032	31498099	+	146	0.230702	3	67	True	False	False	40.0	0.29850746268656714	0.6129032258064516	0.5373134328358209	0.647260743486208	0.3006688971514775	0.14050937114387432	67	67	1.0	0.5671641791044776	0.5373134328358209	0.02985074626865669	False
U_ENSG00000239127.1	ENSG00000239127.1	snoRNA	chr11	4988202	4988293	+	139	0.068439	90	91	True	True	False	124.0	0.6813186813186813	0.8571428571428571	0.65625	0.8876670479142437	0.7519553348556156	0.061899970163271305	96	91	0.9479166666666666	0.5520833333333334	0.5164835164835165	0.035599816849816834	False
U_ENSG00000222338.1	ENSG00000222338.1	snRNA	chr6	127561443	127561546	+	105	0.088365	0	103	False	False	False	28.0	0.13592233009708737	0.5849056603773585	0.46226415094339623	0.7126106853998644	0.38932626984654395	0.1025653881381518	106	103	0.9716981132075472	0.4528301886792453	0.5145631067961165	0.061732918116871205	False
U_ENSG00000207816.1	ENSG00000207816.1	miRNA	chr3	17849820	17849929	+	135	0.0	109	109	True	True	True	202.0	0.926605504587156	0.9807692307692307	0.8899082568807339	0.9609025404576653	0.9108865383319075	0.037037037037037035	109	109	1.0	0.4954128440366973	0.5045871559633027	0.00917431192660545	False
U_ENSG00000274934.1	ENSG00000274934.1	misc_RNA	chr13	56851852	56852016	+	129	0.094263	160	164	True	True	False	184.0	0.5609756097560976	0.7423312883435583	0.6766467065868264	0.9172281781524573	0.721321479425447	0.04214850674275482	167	164	0.9820359281437125	0.4251497005988024	0.42073170731707316	0.00441799328172926	False
U_ENSG00000252685.1	ENSG00000252685.1	snRNA	chr11	107950547	107950646	-	136	0.384163	0	99	False	False	False	29.0	0.14646464646464646	0.5581395348837209	0.47115384615384615	0.5707554404937245	0.2681188207702577	0.1739422195700945	104	99	0.9519230769230769	0.40384615384615385	0.5252525252525253	0.12140637140637145	False
U_ENSG00000284517.1	ENSG00000284517.1	miRNA	chr17	34162725	34162789	+	140	0.154501	15	64	True	False	False	29.0	0.23015873015873015	0.5945945945945946	0.359375	0.7934110253000827	0.628026652084253	0.12517866102916894	63	64	0.984375	0.5238095238095238	0.5	0.023809523809523836	False
U_ENSG00000264377.1	ENSG00000264377.1	miRNA	chr8	127105573	127105646	+	149	0.335354	0	73	False	False	False	37.0	0.2534246575342466	0.6274509803921569	0.4246575342465754	0.5474097697704999	0.27180336377226755	0.16550521233073592	73	73	1.0	0.3698630136986301	0.547945205479452	0.1780821917808219	False
U_ENSG00000202431.1	ENSG00000202431.1	snRNA	chr9	23561097	23561200	-	130	0.496212	0	103	False	False	False	42.0	0.20388349514563106	0.6285714285714286	0.49514563106796117	0.7015215562195354	0.4125975011625388	0.13298686241422095	103	103	1.0	0.3300970873786408	0.3786407766990291	0.04854368932038833	False
U_ENSG00000276057.1	ENSG00000276057.1	misc_RNA	chr11	3596950	3597032	-	139	0.034785	82	82	True	True	True	116.0	0.7073170731707317	0.85	0.7471264367816092	0.8736679041083635	0.7698168018479346	0.06843586548197292	87	82	0.9425287356321839	0.3563218390804598	0.34146341463414637	0.014858424446313412	False
U_ENSG00000199080.1	ENSG00000199080.1	miRNA	chr1	20752990	20753109	+	131	0.0	119	119	True	True	True	201.0	0.8445378151260504	0.905982905982906	0.8739495798319328	0.9245575457031997	0.8342668763658431	0.0479394427923083	119	119	1.0	0.5714285714285714	0.5630252100840336	0.008403361344537785	False
U_ENSG00000252153.1	ENSG00000252153.1	miRNA	chr13	63229550	63229645	+	119	0.183988	0	95	False	False	False	29.0	0.15263157894736842	0.5285714285714286	0.47916666666666663	0.4234080169760207	0.2141163431016734	0.21431036110822616	96	95	0.9895833333333334	0.5833333333333334	0.5052631578947369	0.07807017543859651	False
U_ENSG00000200871.1	ENSG00000200871.1	snRNA	chr11	5154756	5154868	-	139	0.470845	36	112	True	False	False	36.0	0.16822429906542055	0.5555555555555556	0.4285714285714286	0.45737886744998985	0.1787638714593372	0.20965341784935054	107	112	0.9553571428571429	0.38317757009345793	0.3482142857142857	0.03496328437917223	False
U_ENSG00000265859.1	ENSG00000265859.1	miRNA	chr9	104499515	104499592	+	25	0.204878	0	77	False	False	False	22.0	0.14285714285714285	0.5882352941176471	0.4285714285714286	0.6007026885559537	0.29816512040208565	0.12620609271875577	77	77	1.0	0.42857142857142855	0.42857142857142855	0.0	False
U_ENSG00000207523.1	ENSG00000207523.1	snoRNA	chr5	108055208	108055341	+	126	0.0	131	133	True	True	False	185.0	0.6954887218045113	0.8106060606060606	0.7894736842105263	0.8460177975869357	0.6622441864062246	0.07266411398958665	133	133	1.0	0.47368421052631576	0.48120300751879697	0.007518796992481203	False
U_ENSG00000274417.1	ENSG00000274417.1	miRNA	chr8	85571117	85571174	-	151	0.0	3	57	True	False	False	52.0	0.45614035087719296	0.7560975609756098	0.5789473684210527	0.5785955664448801	0.2760881420165708	0.09780759955449395	57	57	1.0	0.543859649122807	0.5087719298245614	0.03508771929824561	False
U_ENSG00000276664.1	ENSG00000276664.1	misc_RNA	chr11	3597172	3597317	-	139	0.039131	145	145	True	True	True	233.0	0.803448275862069	0.9071428571428571	0.8275862068965517	0.9556439100842898	0.8310768770157211	0.02777777777777778	145	145	1.0	0.36551724137931035	0.3586206896551724	0.006896551724137945	False
U_ENSG00000267766.1	ENSG00000267766.1	lncRNA	chr1	106489084	106489291	-	111	0.098389	0	207	False	False	False	176.0	0.4251207729468599	0.6682464454976303	0.6231884057971014	0.8870712999361761	0.6294099857215505	0.06329322723497717	207	207	1.0	0.45410628019323673	0.47342995169082125	0.019323671497584516	False
U_ENSG00000216101.3	ENSG00000216101.3	miRNA	chr17	36271623	36271709	-	140	0.0	83	86	True	True	False	123.0	0.7151162790697675	0.8470588235294118	0.7906976744186046	0.8577217735750954	0.6746244216126633	0.04401949866792872	86	86	1.0	0.627906976744186	0.6046511627906976	0.023255813953488413	False
U_ENSG00000284064.1	ENSG00000284064.1	miRNA	chr17	34158638	34158720	-	140	0.064611	0	82	False	False	False	64.0	0.3950617283950617	0.6708860759493671	0.6341463414634146	0.792947770638528	0.5141872122181114	0.13559520519097235	81	82	0.9878048780487805	0.5555555555555556	0.6341463414634146	0.07859078590785906	False
U_ENSG00000207579.1	ENSG00000207579.1	miRNA	chr17	25965757	25965852	-	148	0.199757	95	95	True	True	True	110.0	0.5789473684210527	0.7362637362637363	0.6842105263157895	0.7819341851491239	0.5572565945855329	0.1285430422722827	95	95	1.0	0.6842105263157895	0.5789473684210527	0.10526315789473684	False
U_ENSG00000284394.1	ENSG00000284394.1	miRNA	chr7	44491041	44491097	-	154	0.295925	12	56	True	False	False	38.0	0.3392857142857143	0.6756756756756757	0.4642857142857143	0.5097970656333187	0.24221920529946864	0.23706190564373267	56	56	1.0	0.75	0.5	0.25	False
U_ENSG00000222915.1	ENSG00000222915.1	snRNA	chr11	4049438	4049543	-	139	0.308137	0	105	False	False	False	31.0	0.14903846153846154	0.5	0.4476190476190476	0.6488189919195004	0.28951031961842555	0.14860758195620036	104	105	0.9904761904761905	0.38461538461538464	0.47619047619047616	0.09157509157509153	False
U_ENSG00000276124.1	ENSG00000276124.1	miRNA	chr2	30901572	30901638	+	146	0.202691	4	66	True	False	False	52.0	0.3939393939393939	0.7391304347826086	0.5671641791044777	0.7123508881797054	0.452623159888803	0.11122960846195236	67	66	0.9850746268656716	0.5970149253731343	0.6212121212121212	0.02419719583898694	False
U_ENSG00000280968.1	ENSG00000280968.1	miRNA	chr11	4988194	4988309	+	139	0.104834	104	115	True	True	False	143.0	0.65	0.8316831683168316	0.7304347826086957	0.871533910213139	0.6821127309893709	0.058974996578915355	110	115	0.9565217391304348	0.5636363636363636	0.5478260869565217	0.015810276679841917	False
U_ENSG00000275646.1	ENSG00000275646.1	misc_RNA	chr13	56851448	56851579	+	129	0.204862	126	131	True	True	False	117.0	0.44656488549618323	0.7022900763358778	0.6564885496183206	0.8583813713050676	0.6311672173574868	0.10088366960464618	131	131	1.0	0.5114503816793893	0.6412213740458015	0.1297709923664122	False
U_ENSG00000283799.1	ENSG00000283799.1	miRNA	chr8	125467750	125467844	-	149	0.069368	94	94	True	True	True	100.0	0.5319148936170213	0.7619047619047619	0.6701030927835052	0.8317815008259556	0.6405481036329985	0.0955117116639557	97	94	0.9690721649484536	0.5876288659793815	0.5957446808510638	0.008115814871682336	False
U_ENSG00000276181.1	ENSG00000276181.1	miRNA	chr8	85651968	85652036	-	151	0.132383	68	68	True	True	True	40.0	0.29411764705882354	0.6	0.5735294117647058	0.7902064329684286	0.4946236559139785	0.09900372508523583	68	68	1.0	0.6911764705882353	0.6470588235294118	0.044117647058823484	False
U_ENSG00000306516.1	ENSG00000306516.1	lncRNA	chr2	34803483	34803715	+	110	0.124319	0	232	False	False	False	223.0	0.4911894273127753	0.7342342342342343	0.6767241379310345	0.8747536765198738	0.7038034710121283	0.08044814677525602	227	232	0.978448275862069	0.5991189427312775	0.5258620689655172	0.07325687376576029	False
U_ENSG00000308190.1	ENSG00000308190.1	lncRNA	chr17	36290229	36290369	+	140	0.224717	140	140	True	True	True	86.0	0.30935251798561153	0.5851851851851851	0.5357142857142857	0.7256334327031484	0.3752562287328211	0.10752055112698856	139	140	0.9928571428571429	0.5539568345323741	0.6785714285714286	0.1246145940390545	False
U_ENSG00000276232.1	ENSG00000276232.1	lncRNA	chr6	125163349	125163600	-	105	0.085292	251	251	True	True	True	322.0	0.6491935483870968	0.8	0.7729083665338645	0.8504266551160597	0.6581407823923403	0.07471639725445658	248	251	0.9880478087649402	0.4596774193548387	0.47808764940239046	0.018410230047551768	False
U_ENSG00000273898.1	ENSG00000273898.1	miRNA	chr7	45074469	45074536	-	154	0.240525	0	67	False	False	False	28.0	0.208955223880597	0.6585365853658537	0.4626865671641791	0.5732318375734389	0.31132075471698106	0.2237094403065667	67	67	1.0	0.6567164179104478	0.5970149253731343	0.059701492537313494	False
U_tRNA-Pro-TGG-3-5	tRNA-Pro-TGG-3-5	tRNA	chr17	23757739	23757811	-	148	0.0	72	72	True	True	True	123.0	0.8541666666666666	0.9027777777777778	0.9027777777777778	0.8617204385754031	0.7102239232543965	0.09127803800574451	72	72	1.0	0.6111111111111112	0.5555555555555556	0.05555555555555558	False
U_tRNA-Pro-AGG-2-8	tRNA-Pro-AGG-2-8	tRNA	chr17	23756648	23756720	-	148	0.117354	72	72	True	True	True	104.0	0.7222222222222222	0.8333333333333334	0.8194444444444444	0.7550119889434047	0.5344402432698848	0.1422465484276349	72	72	1.0	0.6111111111111112	0.6111111111111112	0.0	False
U_ENSG00000283335.1	ENSG00000283335.1	miRNA	chr2	29735643	29735731	+	146	0.0	88	88	True	True	True	169.0	0.9602272727272727	0.9883720930232558	0.9431818181818182	0.9707381079502361	0.939378239722319	0.028155054514749173	88	88	1.0	0.5568181818181818	0.5454545454545454	0.011363636363636354	False
U_ENSG00000199695.1	ENSG00000199695.1	snRNA	chr11	3346614	3346720	+	139	0.482262	0	106	False	False	False	51.0	0.24056603773584906	0.6206896551724138	0.5229357798165137	0.58820129109475	0.30260297821974286	0.18190403858381052	109	106	0.9724770642201835	0.42201834862385323	0.5566037735849056	0.1345854249610524	False
U_ENSG00000202019.1	ENSG00000202019.1	misc_RNA	chr11	3339750	3339847	+	139	0.536169	0	97	False	False	False	19.0	0.0979381443298969	0.5517241379310345	0.37254901960784315	0.14162784248868468	0.03710983002596973	0.496784595151444	102	97	0.9509803921568627	0.39215686274509803	0.30927835051546393	0.0828785122296341	False
U_ENSG00000283885.1	ENSG00000283885.1	miRNA	chr17	50868402	50868467	+	121	0.157899	0	65	False	False	False	33.0	0.25384615384615383	0.6511627906976745	0.46153846153846156	0.7557086549031783	0.5277593965602508	0.09631896879639025	65	65	1.0	0.6615384615384615	0.5846153846153846	0.07692307692307687	False
U_tRNA-Gly-CCC-2-2	tRNA-Gly-CCC-2-2	tRNA	chr17	26094058	26094129	+	148	0.0	71	71	True	True	True	136.0	0.9577464788732394	1.0	0.9154929577464789	0.9801498338000525	0.9669054382317919	0.028571428571428564	71	71	1.0	0.6197183098591549	0.6056338028169014	0.014084507042253502	False
U_ENSG00000284185.1	ENSG00000284185.1	miRNA	chr2	29735644	29735741	-	146	0.0	97	97	True	True	True	187.0	0.9639175257731959	0.9894736842105263	0.9484536082474226	0.9781563034734159	0.9520064115472745	0.03294039229342061	97	97	1.0	0.5670103092783505	0.5463917525773195	0.020618556701030966	False
U_ENSG00000235284.1	ENSG00000235284.1	snoRNA	chr2	32111977	32112063	+	146	0.0	82	86	True	True	False	153.0	0.8895348837209303	0.963855421686747	0.8837209302325582	0.9414174407621853	0.8881661917505221	0.052613364176465637	86	86	1.0	0.46511627906976744	0.4883720930232558	0.023255813953488358	False
U_ENSG00000231587.1	ENSG00000231587.1	snoRNA	chr2	32115660	32115746	+	146	0.0	82	86	True	True	False	153.0	0.8895348837209303	0.963855421686747	0.8837209302325582	0.937537370697402	0.8801283233341355	0.06225297202504919	86	86	1.0	0.46511627906976744	0.5	0.034883720930232565	False
U_ENSG00000222363.1	ENSG00000222363.1	snRNA	chr11	77500778	77500907	-	125	0.147966	0	129	False	False	False	64.0	0.25806451612903225	0.5862068965517241	0.5503875968992248	0.715054529907469	0.3903074960866912	0.12220066270015288	124	129	0.9612403100775194	0.4435483870967742	0.4728682170542636	0.029319829957489385	False
U_tRNA-Arg-CCG-1-3	tRNA-Arg-CCG-1-3	tRNA	chr17	23769240	23769313	-	148	0.0	73	73	True	True	True	135.0	0.9246575342465754	0.9855072463768116	0.8767123287671232	0.9459675396808044	0.9047619047619048	0.039283710065919325	73	73	1.0	0.5753424657534246	0.5753424657534246	0.0	False
U_tRNA-Arg-CCT-3-1	tRNA-Arg-CCT-3-1	tRNA	chr17	23767745	23767818	-	148	0.0	69	73	True	True	False	138.0	0.9452054794520548	1.0	0.8904109589041096	0.9696171517702451	0.9574468085106381	0.0392837100659193	73	73	1.0	0.6164383561643836	0.6164383561643836	0.0	False
U_ENSG00000276270.1	ENSG00000276270.1	miRNA	chr7	44559245	44559314	-	154	0.200198	7	69	True	False	False	42.0	0.30434782608695654	0.6521739130434783	0.5507246376811594	0.8194766435121559	0.5841483962850622	0.10398629135096286	69	69	1.0	0.6666666666666666	0.6376811594202898	0.02898550724637683	False
U_tRNA-Lys-CTT-3-1	tRNA-Lys-CTT-3-1	tRNA	chr17	23766330	23766403	+	148	0.0	71	73	True	True	False	137.0	0.9383561643835616	0.9857142857142858	0.904109589041096	0.9636063357324863	0.9157291161525718	0.034020690871988585	73	73	1.0	0.6301369863013698	0.6027397260273972	0.0273972602739726	False
U_tRNA-Pro-TGG-3-3	tRNA-Pro-TGG-3-3	tRNA	chr17	23765453	23765525	-	148	0.0	68	72	True	True	False	136.0	0.9444444444444444	1.0	0.8888888888888888	0.972316007224343	0.9546070918072982	0.03449985553215743	72	72	1.0	0.6111111111111112	0.5972222222222222	0.01388888888888895	False
U_ENSG00000221656.1	ENSG00000221656.1	miRNA	chr17	24813954	24814045	+	148	0.144589	91	91	True	True	True	153.0	0.85	0.9230769230769231	0.8901098901098901	0.9560158410139937	0.8895670181435382	0.05609759560199594	90	91	0.989010989010989	0.7444444444444445	0.7472527472527473	0.0028083028083027983	False
U_ENSG00000212378.1	ENSG00000212378.1	snoRNA	chr6	85007403	85007472	+	150	0.167516	0	69	False	False	False	28.0	0.2028985507246377	0.5555555555555556	0.5217391304347826	0.719854604053489	0.33836394755025084	0.09300816647554057	69	69	1.0	0.30434782608695654	0.3188405797101449	0.01449275362318836	False
U_ENSG00000222506.1	ENSG00000222506.1	misc_RNA	chr3	28345487	28345587	-	93	0.304737	0	100	False	False	False	45.0	0.225	0.5974025974025974	0.5	0.6919303902553426	0.40380688854287233	0.16776283435932635	102	100	0.9803921568627451	0.37254901960784315	0.24	0.13254901960784315	False
U_ENSG00000222650.1	ENSG00000222650.1	snRNA	chr13	12590866	12591047	-	138	0.514297	0	181	False	False	False	45.0	0.12569832402234637	0.5401459854014599	0.4696132596685083	0.7335795906978168	0.43090341070895904	0.12358472317057412	179	181	0.988950276243094	0.46368715083798884	0.34806629834254144	0.1156208524954474	False
U_ENSG00000199036.1	ENSG00000199036.1	miRNA	chr17	34243957	34244067	-	140	0.0	109	110	True	True	True	206.0	0.9363636363636364	0.963302752293578	0.9545454545454546	0.9721550141213646	0.9142463612072718	0.031780748762731695	110	110	1.0	0.6818181818181818	0.6909090909090909	0.00909090909090915	False
U_ENSG00000277035.1	ENSG00000277035.1	misc_RNA	chr5	32063701	32063879	-	127	0.06976	0	178	False	False	False	238.0	0.6685393258426966	0.7988826815642458	0.7921348314606742	0.9011023015940173	0.7130579186911237	0.06636915324559735	178	178	1.0	0.5	0.5337078651685393	0.0337078651685393	False
U_ENSG00000274838.1	ENSG00000274838.1	miRNA	chr18	63216026	63216092	-	164	0.189704	4	66	True	False	False	37.0	0.2803030303030303	0.6101694915254238	0.5151515151515151	0.725659891740623	0.344918738094877	0.1191687183448436	66	66	1.0	0.5454545454545454	0.5606060606060606	0.015151515151515138	False
U_ENSG00000265407.1	ENSG00000265407.1	miRNA	chr7	44910746	44910813	+	154	0.355276	0	67	False	False	False	30.0	0.22388059701492538	0.6078431372549019	0.4722222222222222	0.6176220151859745	0.31717201346336016	0.15568639232547551	72	67	0.9305555555555556	0.5138888888888888	0.582089552238806	0.06820066334991715	False
U_ENSG00000209702.1	ENSG00000209702.1	snoRNA	chr8	85776833	85776903	+	151	0.0	68	70	True	True	False	91.0	0.65	0.7794117647058824	0.7285714285714286	0.8871762509961733	0.7455816829567574	0.07389883353033022	70	70	1.0	0.4714285714285714	0.4857142857142857	0.01428571428571429	False
U_ENSG00000284387.1	ENSG00000284387.1	miRNA	chr8	84935452	84935525	+	151	0.0	73	73	True	True	True	114.0	0.7808219178082192	0.8873239436619719	0.8082191780821918	0.890974545988961	0.7793360539615992	0.07856742013183861	73	73	1.0	0.547945205479452	0.589041095890411	0.04109589041095896	False
U_ENSG00000207808.1	ENSG00000207808.1	miRNA	chr8	84935303	84935381	+	151	0.0	78	78	True	True	True	139.0	0.8910256410256411	0.9605263157894737	0.9102564102564102	0.9492889050691344	0.8823953487386116	0.041068541041147794	78	78	1.0	0.6025641025641025	0.5769230769230769	0.02564102564102566	False
U_ENSG00000283920.1	ENSG00000283920.1	miRNA	chr7	140437825	140437896	+	155	0.255621	71	71	True	True	True	78.0	0.5492957746478874	0.78125	0.676056338028169	0.7167504313533929	0.43750000000000006	0.13702375780893483	71	71	1.0	0.6901408450704225	0.6056338028169014	0.08450704225352113	False
U_ENSG00000266043.1	ENSG00000266043.1	miRNA	chr6	119395760	119395826	+	153	0.147191	0	66	False	False	False	63.0	0.4772727272727273	0.7450980392156863	0.6363636363636364	0.6810447066039944	0.4166892741199086	0.15839430986133848	66	66	1.0	0.5303030303030303	0.48484848484848486	0.045454545454545414	False
U_ENSG00000275227.1	ENSG00000275227.1	misc_RNA	chr14	6055519	6055700	-	128	0.161627	0	181	False	False	False	174.0	0.48066298342541436	0.6994219653179191	0.6077348066298343	0.8622074405864993	0.6407644411372906	0.07412035591181297	181	181	1.0	0.4419889502762431	0.4861878453038674	0.04419889502762431	False
U_ENSG00000263631.1	ENSG00000263631.1	miRNA	chr5	37370575	37370629	+	145	0.24171	0	54	False	False	False	37.0	0.3425925925925926	0.6111111111111112	0.537037037037037	0.674199862463242	0.40382525249105633	0.1555888915327419	54	54	1.0	0.4074074074074074	0.42592592592592593	0.018518518518518545	False
U_ENSG00000207980.1	ENSG00000207980.1	miRNA	chr8	84935145	84935218	+	151	0.0	72	73	True	True	False	127.0	0.8698630136986302	0.9295774647887324	0.8767123287671232	0.9139289531633576	0.8468812149338254	0.062112999374994156	73	73	1.0	0.5753424657534246	0.5342465753424658	0.041095890410958846	False
U_ENSG00000202503.1	ENSG00000202503.1	snoRNA	chr7	44776025	44776096	-	154	0.0	69	71	True	True	False	109.0	0.7676056338028169	0.8676470588235294	0.8169014084507042	0.8045112781954885	0.6290328033047936	0.07284313590846836	71	71	1.0	0.5070422535211268	0.5070422535211268	0.0	False
U_tRNA-Cys-ACA-1-1	tRNA-Cys-ACA-1-1	tRNA	chr11	56107045	56107221	+	134	0.259559	0	176	False	False	False	88.0	0.25	0.5906432748538012	0.4772727272727273	0.7300303183286789	0.4153823472600664	0.12649110640673517	176	176	1.0	0.42045454545454547	0.5113636363636364	0.09090909090909088	False
U_ENSG00000212415.1	ENSG00000212415.1	snoRNA	chr2	113348110	113348177	-	156	0.422135	0	67	False	False	False	22.0	0.16923076923076924	0.5102040816326531	0.4626865671641791	0.5024114875268898	0.31003276256268364	0.3339944803462248	65	67	0.9701492537313433	0.3384615384615385	0.23880597014925373	0.09965556831228475	False
U_ENSG00000264175.1	ENSG00000264175.1	miRNA	chr8	71083844	71083916	-	151	0.285418	0	72	False	False	False	38.0	0.2638888888888889	0.7419354838709677	0.4383561643835616	0.5535719784345254	0.293868567089474	0.19434424796496597	73	72	0.9863013698630136	0.6027397260273972	0.6527777777777778	0.05003805175038056	False
U_ENSG00000275942.1	ENSG00000275942.1	misc_RNA	chr5	112364594	112364679	-	160	0.02661	85	85	True	True	True	112.0	0.6588235294117647	0.8352941176470589	0.7058823529411764	0.9202159054236346	0.8300198675933289	0.07715167498104596	85	85	1.0	0.5529411764705883	0.5764705882352941	0.0235294117647058	False
U_ENSG00000264800.1	ENSG00000264800.1	miRNA	chr14	32679539	32679615	+	163	0.136672	0	76	False	False	False	56.0	0.3684210526315789	0.6111111111111112	0.5789473684210527	0.6881720430107527	0.3889055604379454	0.1411067365901115	76	76	1.0	0.631578947368421	0.5263157894736842	0.10526315789473684	False
U_ENSG00000265954.1	ENSG00000265954.1	miRNA	chr7	44516699	44516759	-	154	0.21305	0	60	False	False	False	45.0	0.375	0.65	0.5737704918032787	0.6838937517508242	0.3440623650762139	0.11852159403693605	61	60	0.9836065573770492	0.7049180327868853	0.7333333333333333	0.02841530054644803	False
U_ENSG00000274866.1	ENSG00000274866.1	misc_RNA	chr7	142131585	142131654	+	155	0.0	69	69	True	True	True	113.0	0.8188405797101449	0.8985507246376812	0.8840579710144928	0.8941494561946631	0.7542472332656507	0.06239177481057773	69	69	1.0	0.6086956521739131	0.5652173913043478	0.0434782608695653	False
U_ENSG00000274306.1	ENSG00000274306.1	miRNA	chr7	44631059	44631138	-	154	0.095172	15	79	True	False	False	59.0	0.37341772151898733	0.7121212121212122	0.5063291139240507	0.6382909594211432	0.4044563087162535	0.18311354944981667	79	79	1.0	0.6455696202531646	0.5443037974683544	0.10126582278481011	False
U_ENSG00000201209.1	ENSG00000201209.1	snoRNA	chr5	111301467	111301530	+	160	0.158199	0	63	False	False	False	34.0	0.2698412698412698	0.5636363636363636	0.5294117647058824	0.7821795508173669	0.48469984000586175	0.14338445010618348	68	63	0.9264705882352942	0.3088235294117647	0.2222222222222222	0.08660130718954251	False
U_ENSG00000200779.1	ENSG00000200779.1	snRNA	chr6	83929497	83929596	-	150	0.498697	0	99	False	False	False	38.0	0.1919191919191919	0.5151515151515151	0.5	0.6112905537094204	0.22978625750451445	0.15395679577251403	104	99	0.9519230769230769	0.4326923076923077	0.31313131313131315	0.11956099456099456	False
U_ENSG00000275067.1	ENSG00000275067.1	miRNA	chr6	88887716	88887778	+	172	0.1889	62	62	True	True	True	42.0	0.3387096774193548	0.6060606060606061	0.5909090909090908	0.7208709852501802	0.3261330603134857	0.10859311802231535	66	62	0.9393939393939394	0.7121212121212122	0.6774193548387096	0.034701857282502524	False
U_ENSG00000273587.1	ENSG00000273587.1	snoRNA	chr17	24938648	24938775	-	148	0.063074	127	127	True	True	True	182.0	0.7165354330708661	0.8548387096774194	0.8188976377952756	0.9065901952725276	0.7615900339716646	0.08837721210841304	127	127	1.0	0.7244094488188977	0.6456692913385826	0.07874015748031504	False
U_ENSG00000201675.1	ENSG00000201675.1	snoRNA	chr7	44776809	44776893	-	154	0.0	79	84	True	True	False	129.0	0.7678571428571429	0.9090909090909091	0.7976190476190477	0.9415642419027263	0.8336220336133726	0.041736164037804266	84	84	1.0	0.5238095238095238	0.5238095238095238	0.0	False
U_ENSG00000221394.1	ENSG00000221394.1	miRNA	chr11	50125167	50125236	+	165	0.27326	0	69	False	False	False	43.0	0.3115942028985507	0.5797101449275363	0.5652173913043479	0.6495194172718158	0.38068585235790897	0.1764705882352941	69	69	1.0	0.6666666666666666	0.6086956521739131	0.05797101449275355	False
U_ENSG00000207613.1	ENSG00000207613.1	miRNA	chr8	84905488	84905598	-	151	0.047746	89	110	True	True	False	194.0	0.8818181818181818	0.9433962264150944	0.9	0.9080716205124365	0.8213401122691101	0.060855500740466056	110	110	1.0	0.5454545454545454	0.5727272727272728	0.027272727272727337	False
U_ENSG00000199095.1	ENSG00000199095.1	miRNA	chr7	3269449	3269517	+	170	0.04672	68	68	True	True	True	73.0	0.5447761194029851	0.7076923076923077	0.6764705882352942	0.6846786387423341	0.41311822359545775	0.14298114058578515	67	68	0.9852941176470589	0.5074626865671642	0.45588235294117646	0.05158033362598774	False
U_ENSG00000199631.1	ENSG00000199631.1	snoRNA	chr7	44776290	44776375	-	154	0.059142	85	85	True	True	True	127.0	0.7470588235294118	0.8658536585365854	0.8	0.8268708189994703	0.7050127734677495	0.11418646484077903	85	85	1.0	0.5529411764705883	0.49411764705882355	0.05882352941176472	False
U_ENSG00000283842.1	ENSG00000283842.1	miRNA	chr7	44462254	44462326	-	154	0.255168	72	72	True	True	True	49.0	0.3402777777777778	0.7291666666666666	0.45945945945945943	0.6296912574265237	0.39025280549552727	0.15044251352203686	74	72	0.972972972972973	0.6756756756756757	0.5833333333333334	0.09234234234234229	False
U_ENSG00000284081.1	ENSG00000284081.1	miRNA	chr8	84738139	84738260	-	151	0.128281	121	121	True	True	True	165.0	0.6932773109243697	0.8034188034188035	0.768595041322314	0.9126926862898181	0.8160433493741088	0.0749663441780655	119	121	0.9834710743801653	0.7983193277310925	0.7603305785123967	0.03798874921869577	False
U_ENSG00000283822.1	ENSG00000283822.1	miRNA	chr8	84321042	84321140	-	151	0.135595	98	98	True	True	True	51.0	0.2602040816326531	0.61	0.5	0.6736702890075065	0.46196334426328495	0.15291130901228173	98	98	1.0	0.7346938775510204	0.6836734693877551	0.05102040816326536	False
U_ENSG00000200259.1	ENSG00000200259.1	snoRNA	chr7	44775775	44775861	-	154	0.0	84	86	True	True	False	112.0	0.6511627906976745	0.8095238095238095	0.7325581395348837	0.8101049512571085	0.5820252464746485	0.08150827329735894	86	86	1.0	0.5465116279069767	0.5	0.046511627906976716	False
U_ENSG00000275266.1	ENSG00000275266.1	misc_RNA	chr7	142130589	142130659	+	155	0.07445	70	70	True	True	True	122.0	0.8714285714285714	0.9142857142857143	0.9014084507042254	0.9031474932068779	0.741585059458992	0.0991102303889326	71	70	0.9859154929577465	0.7746478873239436	0.7	0.07464788732394367	False
U_ENSG00000221241.1	ENSG00000221241.1	snoRNA	chr7	43899276	43899363	+	154	0.0	87	87	True	True	True	133.0	0.764367816091954	0.8522727272727273	0.8241758241758241	0.8638951611593843	0.6830985915492958	0.07942700203493651	91	87	0.9560439560439561	0.7032967032967034	0.632183908045977	0.07111279525072634	False
U_ENSG00000284010.1	ENSG00000284010.1	miRNA	chr7	142130807	142130880	-	155	0.020079	73	73	True	True	True	124.0	0.8493150684931506	0.9178082191780822	0.904109589041096	0.8991845306059251	0.7527316888338454	0.06804138174397717	73	73	1.0	0.684931506849315	0.6301369863013698	0.0547945205479452	False
U_ENSG00000201492.1	ENSG00000201492.1	rRNA_pseudogene	chr8	124698346	124698464	+	149	0.121765	0	118	False	False	False	42.0	0.17796610169491525	0.5229357798165137	0.48305084745762716	0.7323943713270297	0.40254757038840056	0.098938776946925	118	118	1.0	0.559322033898305	0.5169491525423728	0.0423728813559322	False
U_ENSG00000207805.3	ENSG00000207805.3	miRNA	chr7	142208659	142208735	-	155	0.08915	73	76	True	True	False	106.0	0.6973684210526315	0.8157894736842105	0.7763157894736842	0.8735084611096623	0.7768886709896177	0.11925695879998878	76	76	1.0	0.6052631578947368	0.5921052631578947	0.013157894736842146	False
U_ENSG00000200530.1	ENSG00000200530.1	snoRNA	chr7	44772451	44772538	-	154	0.0	87	87	True	True	True	125.0	0.7183908045977011	0.8414634146341463	0.7701149425287357	0.7708449800054784	0.6157212535019058	0.11031201140122254	87	87	1.0	0.4942528735632184	0.5172413793103449	0.022988505747126464	False
U_ENSG00000207782.3	ENSG00000207782.3	miRNA	chr7	44771170	44771255	+	154	0.0	65	85	True	True	False	139.0	0.8273809523809523	0.8941176470588236	0.8941176470588236	0.9083653288978922	0.8058726574577094	0.07807067354002814	84	85	0.9882352941176471	0.6666666666666666	0.5882352941176471	0.07843137254901955	False
U_ENSG00000300130.1	ENSG00000300130.1	lncRNA	chr17	26138943	26139132	+	148	0.150937	0	189	False	False	False	134.0	0.3544973544973545	0.6262626262626263	0.6031746031746033	0.8150470219435737	0.6114876721997587	0.10531377592140069	189	189	1.0	0.6507936507936508	0.5714285714285714	0.07936507936507942	False
U_ENSG00000199038.1	ENSG00000199038.1	miRNA	chr7	140801294	140801404	-	155	0.0	110	110	True	True	True	185.0	0.8409090909090909	0.9150943396226415	0.8727272727272728	0.9268077585489816	0.774173569972106	0.07453246242785284	110	110	1.0	0.7272727272727273	0.6909090909090909	0.036363636363636376	False
U_ENSG00000284114.1	ENSG00000284114.1	miRNA	chr7	44532448	44532530	-	154	0.095061	9	82	True	False	False	64.0	0.3902439024390244	0.6623376623376623	0.5853658536585367	0.7383426476611958	0.4462107482531602	0.1341084011259286	82	82	1.0	0.7073170731707317	0.5975609756097561	0.1097560975609756	False
U_ENSG00000264493.1	ENSG00000264493.1	miRNA	chr7	142019506	142019574	-	155	0.4285	0	68	False	False	False	41.0	0.3014705882352941	0.7741935483870968	0.4794520547945206	0.7187595915712811	0.6047381625489904	0.2547434533812102	73	68	0.9315068493150684	0.5616438356164384	0.5588235294117647	0.0028203062046736616	False
U_ENSG00000274740.1	ENSG00000274740.1	misc_RNA	chr7	143001338	143001400	+	155	0.0	59	62	True	True	False	104.0	0.8387096774193549	0.9333333333333333	0.8548387096774194	0.9395323973823331	0.8195150628704789	0.0518406173798095	62	62	1.0	0.3225806451612903	0.3064516129032258	0.016129032258064502	False
U_ENSG00000277588.1	ENSG00000277588.1	miRNA	chr7	12637493	12637557	+	170	0.239121	30	64	True	False	False	46.0	0.359375	0.7073170731707317	0.5625	0.48670993169468185	0.1785840837876715	0.19047619047619047	64	64	1.0	0.5625	0.53125	0.03125	False
U_ENSG00000266329.1	ENSG00000266329.1	miRNA	chr13	54913295	54913359	-	161	0.253988	64	64	True	True	True	38.0	0.3064516129032258	0.5806451612903226	0.5625	0.7194690823329634	0.4345876006308253	0.17980763038996164	62	64	0.96875	0.7741935483870968	0.578125	0.19606854838709675	False
U_ENSG00000265258.1	ENSG00000265258.1	miRNA	chr7	142454880	142454954	+	155	0.222493	0	74	False	False	False	44.0	0.2972972972972973	0.639344262295082	0.5526315789473684	0.7234451938469721	0.40373769407989146	0.11554557907063377	76	74	0.9736842105263158	0.618421052631579	0.5540540540540541	0.06436699857752493	False
U_ENSG00000304730.1	ENSG00000304730.1	lncRNA	chr1	128542860	128543115	+	118	0.023617	0	255	False	False	False	311.0	0.6098039215686275	0.7607843137254902	0.7333333333333334	0.8845679437913394	0.7369846310522465	0.07020690748081498	255	255	1.0	0.4470588235294118	0.4549019607843137	0.007843137254901933	False
U_ENSG00000275307.1	ENSG00000275307.1	misc_RNA	chr11	3594767	3594951	-	139	0.063167	184	184	True	True	True	260.0	0.7182320441988951	0.8444444444444444	0.7989130434782609	0.9270353896085615	0.7636550360499871	0.05659424954230947	181	184	0.9836956521739131	0.4198895027624309	0.3858695652173913	0.034019937545039625	False
U_ENSG00000264141.1	ENSG00000264141.1	miRNA	chr11	3402419	3402474	+	139	0.246458	55	55	True	True	True	44.0	0.4	0.6744186046511628	0.5344827586206897	0.6835503885900676	0.32631500345752035	0.1661042915615804	58	55	0.9482758620689655	0.6379310344827587	0.7272727272727273	0.08934169278996862	False
U_ENSG00000274620.1	ENSG00000274620.1	miRNA	chr11	83852133	83852238	+	167	0.103569	0	105	False	False	False	85.0	0.40476190476190477	0.6666666666666666	0.5504587155963303	0.7520539700726309	0.5169844842237814	0.10240941762094391	109	105	0.963302752293578	0.42201834862385323	0.4666666666666667	0.04464831804281344	False
U_ENSG00000221381.1	ENSG00000221381.1	snoRNA	chr7	43899556	43899648	+	154	0.031282	92	92	True	True	True	133.0	0.7307692307692307	0.8351648351648352	0.8369565217391304	0.9060477725621209	0.765293962899228	0.05303841540849618	91	92	0.9891304347826086	0.6813186813186813	0.6413043478260869	0.04001433349259442	False
U_ENSG00000275519.1	ENSG00000275519.1	miRNA	chr7	4635584	4635655	-	170	0.336606	14	71	True	False	False	24.0	0.17647058823529413	0.543859649122807	0.3802816901408451	0.5108296875642309	0.17712297710801905	0.20608423209187987	68	71	0.9577464788732394	0.6764705882352942	0.4225352112676056	0.25393537696768853	False
U_ENSG00000278328.1	ENSG00000278328.1	miRNA	chr7	4642981	4643044	-	170	0.10209	0	63	False	False	False	26.0	0.20634920634920634	0.5909090909090909	0.49230769230769234	0.7303389655669119	0.3878157674962644	0.10001453051950211	65	63	0.9692307692307692	0.6307692307692307	0.5714285714285714	0.05934065934065935	False
U_ENSG00000220988.1	ENSG00000220988.1	snoRNA	chr7	43897509	43897600	+	154	0.068709	91	91	True	True	True	132.0	0.7252747252747253	0.8604651162790697	0.7692307692307692	0.8412224248274214	0.7416510610093511	0.09558139185602917	91	91	1.0	0.6483516483516484	0.5714285714285714	0.07692307692307698	False
U_ENSG00000207181.1	ENSG00000207181.1	snoRNA	chr8	127671596	127671731	-	149	0.0	134	135	True	True	True	231.0	0.8555555555555555	0.917910447761194	0.9111111111111111	0.9458190054866371	0.8214623271487126	0.04719817403236387	135	135	1.0	0.4666666666666667	0.5037037037037037	0.03703703703703698	False
U_ENSG00000276326.1	ENSG00000276326.1	miRNA	chr11	84330776	84330845	-	167	0.0	0	69	False	False	False	63.0	0.45652173913043476	0.7121212121212122	0.6376811594202898	0.7842538475692272	0.5611425419454066	0.09754778795162941	69	69	1.0	0.5217391304347826	0.5072463768115942	0.01449275362318836	False
U_ENSG00000221439.1	ENSG00000221439.1	snRNA	chr6	119997695	119997817	-	153	0.188681	0	122	False	False	False	45.0	0.18442622950819673	0.5217391304347826	0.46825396825396826	0.7283344111689037	0.37316910430612604	0.15555573439656323	126	122	0.9682539682539683	0.4365079365079365	0.319672131147541	0.1168358053603955	False
U_ENSG00000221464.1	ENSG00000221464.1	miRNA	chr13	54725947	54726033	+	161	0.0	86	86	True	True	True	132.0	0.7674418604651163	0.8795180722891566	0.8023255813953488	0.8821463137889523	0.7580207252096265	0.07440653318043246	86	86	1.0	0.5116279069767442	0.5116279069767442	0.0	False
U_ENSG00000283492.1	ENSG00000283492.1	miRNA	chr18	67183817	67183871	-	164	0.205051	0	54	False	False	False	18.0	0.16666666666666666	0.4583333333333333	0.4736842105263158	0.48290618195132035	0.21172526114494827	0.14466071483149567	57	54	0.9473684210526315	0.49122807017543857	0.46296296296296297	0.028265107212475604	False
U_ENSG00000271555.1	ENSG00000271555.1	lncRNA	chr1	6280071	6280310	-	141	0.276058	221	239	True	True	False	109.0	0.2280334728033473	0.5736842105263158	0.506276150627615	0.8625413763641734	0.6960916776194145	0.11132471680245185	239	239	1.0	0.2510460251046025	0.3389121338912134	0.08786610878661089	False
U_ENSG00000263527.1	ENSG00000263527.1	miRNA	chr18	68359583	68359666	+	164	0.192012	0	83	False	False	False	91.0	0.5481927710843374	0.7625	0.6781609195402298	0.8426150765983322	0.6681531047810609	0.11016462610034711	87	83	0.9540229885057471	0.6551724137931034	0.5783132530120482	0.07685916078105526	False
U_ENSG00000284594.1	ENSG00000284594.1	miRNA	chr7	142038167	142038270	+	155	0.174123	55	103	True	True	False	91.0	0.441747572815534	0.6987951807228916	0.6310679611650485	0.7210640565531254	0.47414656711323266	0.1270733470276051	103	103	1.0	0.6504854368932039	0.5339805825242718	0.1165048543689321	False
U_ENSG00000207585.1	ENSG00000207585.1	miRNA	chr8	84905315	84905447	-	151	0.0	72	132	True	True	False	198.0	0.75	0.8740157480314961	0.8175182481751825	0.9162119777503573	0.7907451971848374	0.07768294103370335	137	132	0.9635036496350365	0.5985401459854015	0.5606060606060606	0.037934085379340954	False
U_ENSG00000207166.1	ENSG00000207166.1	snoRNA	chr8	71348402	71348535	-	151	0.123816	133	133	True	True	True	154.0	0.5789473684210527	0.751937984496124	0.736842105263158	0.8099760114960759	0.6129808145695885	0.07575757575757576	133	133	1.0	0.49624060150375937	0.5639097744360902	0.06766917293233088	False
U_ENSG00000252501.1	ENSG00000252501.1	snRNA	chr8	126682747	126682898	-	149	0.177782	0	151	False	False	False	49.0	0.16225165562913907	0.5190839694656488	0.4935897435897436	0.7039027931546352	0.41330556874330127	0.12649659064036115	156	151	0.967948717948718	0.40384615384615385	0.45695364238410596	0.05310748853795211	False
U_ENSG00000277941.1	ENSG00000277941.1	misc_RNA	chr5	112365177	112365326	-	160	0.039159	149	149	True	True	True	218.0	0.7315436241610739	0.8493150684931506	0.7651006711409396	0.9410919664171681	0.8439552928908424	0.052337612786586725	149	149	1.0	0.5973154362416108	0.5771812080536913	0.020134228187919434	False
U_ENSG00000277912.1	ENSG00000277912.1	miRNA	chr11	49075899	49075979	+	165	0.315209	0	80	False	False	False	37.0	0.23125	0.5375	0.46341463414634143	0.5576852091192116	0.3291013404829769	0.2013868593253878	82	80	0.975609756097561	0.6219512195121951	0.4875	0.13445121951219513	False
U_ENSG00000198995.3	ENSG00000198995.3	miRNA	chr11	49960527	49960622	+	165	0.0	94	95	True	True	False	179.0	0.9421052631578948	0.989010989010989	0.9052631578947369	0.9739222488360259	0.9344262295081966	0.026058401518969977	95	95	1.0	0.3894736842105263	0.3894736842105263	0.0	False
U_ENSG00000276610.1	ENSG00000276610.1	snoRNA	chr7	59628557	59628624	-	173	0.0	67	67	True	True	True	106.0	0.7910447761194029	0.8769230769230769	0.8208955223880597	0.8242276484498202	0.7121018111491718	0.10497277621629558	67	67	1.0	0.417910447761194	0.3582089552238806	0.05970149253731344	False
U_ENSG00000266139.2	ENSG00000266139.2	miRNA	chr2	128137079	128137153	-	169	0.096302	0	74	False	False	False	49.0	0.3310810810810811	0.671875	0.5405405405405406	0.7417024666398299	0.3877752907843305	0.09686394262829418	74	74	1.0	0.5540540540540541	0.5945945945945946	0.04054054054054057	False
U_ENSG00000252358.1	ENSG00000252358.1	misc_RNA	chr3	16878079	16878324	-	135	0.277393	0	245	False	False	False	167.0	0.3408163265306122	0.59765625	0.5748987854251012	0.8609280846232658	0.6339667779924166	0.08507525911387237	247	245	0.9919028340080972	0.43724696356275305	0.3836734693877551	0.05357349417499796	False
U_ENSG00000276494.1	ENSG00000276494.1	misc_RNA	chr7	142827298	142827414	+	155	0.0	116	116	True	True	True	202.0	0.8706896551724138	0.9464285714285714	0.8620689655172413	0.9676048782877187	0.9161255778645561	0.040786223998464606	116	116	1.0	0.3448275862068966	0.3448275862068966	0.0	False
U_ENSG00000265673.1	ENSG00000265673.1	miRNA	chr7	62073344	62073418	+	173	0.485927	0	74	False	False	False	21.0	0.15	0.59375	0.43243243243243246	0.34883263970895245	0.04445717968294535	0.3097683493484442	70	74	0.9459459459459459	0.8	0.44594594594594594	0.3540540540540541	False
U_ENSG00000276314.1	ENSG00000276314.1	snoRNA	chr7	59630620	59630698	-	173	0.026014	78	78	True	True	True	103.0	0.6866666666666666	0.8266666666666667	0.7435897435897436	0.8477775005036581	0.6911460681565066	0.1152834457111359	75	78	0.9615384615384616	0.3466666666666667	0.32051282051282054	0.02615384615384614	False
U_ENSG00000299359.1	ENSG00000299359.1	lncRNA	chr7	19060161	19060405	-	60	0.20121	0	244	False	False	False	86.0	0.1762295081967213	0.5359116022099447	0.5	0.691978510043785	0.42339944143568103	0.1649710028703998	246	244	0.991869918699187	0.6300813008130082	0.5327868852459017	0.0972944155671065	False
U_ENSG00000201616.1	ENSG00000201616.1	snRNA	chr7	143146861	143147022	-	155	0.201878	102	161	True	True	False	45.0	0.13975155279503104	0.5422535211267606	0.4478527607361963	0.6983737312177385	0.4131642430396392	0.10259781077487165	163	161	0.9877300613496932	0.4601226993865031	0.4409937888198758	0.0191289105666273	False
U_ENSG00000278264.1	ENSG00000278264.1	miRNA	chr7	4646069	4646135	-	170	0.254423	0	66	False	False	False	29.0	0.2230769230769231	0.5945945945945946	0.48484848484848486	0.558316196261683	0.3662964043773878	0.19818629122143266	65	66	0.9848484848484849	0.6923076923076923	0.5	0.1923076923076923	False
U_ENSG00000276675.1	ENSG00000276675.1	misc_RNA	chr5	111422851	111422963	-	160	0.029915	109	112	True	True	False	128.0	0.5714285714285714	0.7523809523809524	0.7053571428571428	0.8563086674113074	0.6226144744974352	0.07318953517690055	112	112	1.0	0.5535714285714286	0.5625	0.008928571428571397	False
U_ENSG00000266640.1	ENSG00000266640.1	miRNA	chr7	12655811	12655899	-	170	0.267256	88	88	True	True	True	42.0	0.23863636363636365	0.6206896551724138	0.4943820224719101	0.5058931247637404	0.24734392465021252	0.17846374228227063	89	88	0.9887640449438202	0.6966292134831461	0.5795454545454546	0.11708375893769152	False
U_ENSG00000276965.1	ENSG00000276965.1	misc_RNA	chr11	3595283	3595520	-	139	0.050534	237	237	True	True	True	397.0	0.8375527426160337	0.902127659574468	0.890295358649789	0.9615130537754987	0.8800793875822014	0.03170896090486392	237	237	1.0	0.5147679324894515	0.4978902953586498	0.016877637130801704	False
U_ENSG00000264979.1	ENSG00000264979.1	miRNA	chr2	127548375	127548466	-	169	0.37648	0	91	False	False	False	51.0	0.2802197802197802	0.6025641025641025	0.5494505494505495	0.6724201619105119	0.33648868878635346	0.1286204100310025	91	91	1.0	0.5824175824175825	0.46153846153846156	0.1208791208791209	False
U_ENSG00000284553.1	ENSG00000284553.1	miRNA	chr9	21650887	21650948	+	183	0.28423	61	61	True	True	True	40.0	0.32786885245901637	0.5862068965517241	0.5081967213114754	0.7171207827333493	0.34962604607354875	0.12909944487358058	61	61	1.0	0.6557377049180327	0.639344262295082	0.016393442622950727	False
U_ENSG00000199785.1	ENSG00000199785.1	snoRNA	chr7	141028717	141028851	+	155	0.090366	134	134	True	True	True	135.0	0.503731343283582	0.6962962962962963	0.6940298507462687	0.8237746720236705	0.58129289645469	0.09803311887522778	134	134	1.0	0.6044776119402985	0.5298507462686567	0.07462686567164178	False
U_ENSG00000284583.1	ENSG00000284583.1	miRNA	chr7	3463579	3463670	+	170	0.0	91	91	True	True	True	175.0	0.9615384615384616	0.9887640449438202	0.945054945054945	0.9773084117966272	0.9525916173131243	0.03513641844631533	91	91	1.0	0.7912087912087912	0.8021978021978022	0.010989010989011061	False
U_ENSG00000207197.1	ENSG00000207197.1	snoRNA	chr7	59431527	59431620	-	173	0.060699	93	93	True	True	True	130.0	0.7065217391304348	0.8279569892473119	0.8172043010752688	0.8271795719346822	0.6513004008106444	0.10460067477490971	92	93	0.989247311827957	0.358695652173913	0.43010752688172044	0.07141187470780741	False
U_ENSG00000266012.1	ENSG00000266012.1	miRNA	chr8	73644086	73644174	-	177	0.470828	0	88	False	False	False	37.0	0.21022727272727273	0.6666666666666666	0.43181818181818177	0.516006803088228	0.3092707693049602	0.20816977329051534	88	88	1.0	0.4772727272727273	0.3977272727272727	0.07954545454545459	False
U_ENSG00000207008.1	ENSG00000207008.1	snoRNA	chr7	143085133	143085256	-	155	0.0	123	123	True	True	True	194.0	0.7886178861788617	0.8699186991869918	0.8373983739837398	0.8685485085182443	0.7676071699849193	0.07145735973017497	123	123	1.0	0.4959349593495935	0.5203252032520326	0.0243902439024391	False
U_ENSG00000264425.1	ENSG00000264425.1	miRNA	chr5	137065925	137066008	-	180	0.277868	0	83	False	False	False	46.0	0.27710843373493976	0.6190476190476191	0.4698795180722891	0.5176002835371109	0.24656034565311394	0.14221833889866584	83	83	1.0	0.4457831325301205	0.43373493975903615	0.01204819277108432	False
U_ENSG00000252824.1	ENSG00000252824.1	snoRNA	chr5	136344297	136344386	+	180	0.2619	0	89	False	False	False	33.0	0.1853932584269663	0.5517241379310345	0.4831460674157303	0.6218542286647594	0.32001024049154625	0.1574591643244434	89	89	1.0	0.4943820224719101	0.3707865168539326	0.1235955056179775	False
U_ENSG00000199489.1	ENSG00000199489.1	snoRNA	chr7	59097124	59097201	-	173	0.0	76	77	True	True	False	110.0	0.7142857142857143	0.8205128205128205	0.7804878048780488	0.7457440977032667	0.5436602822195624	0.13711259963632524	82	77	0.9390243902439024	0.4268292682926829	0.37662337662337664	0.05020589166930628	False
U_ENSG00000275524.1	ENSG00000275524.1	snoRNA	chr7	59095249	59095330	-	173	0.032382	79	81	True	True	False	124.0	0.7654320987654321	0.8536585365853658	0.8414634146341463	0.8170322986312513	0.6576309707967033	0.11789275064815434	82	81	0.9878048780487805	0.43902439024390244	0.3950617283950617	0.043962661848840734	False
U_ENSG00000199704.1	ENSG00000199704.1	snoRNA	chr7	59089636	59089718	-	173	0.0	79	82	True	True	False	127.0	0.774390243902439	0.8658536585365854	0.8414634146341463	0.8440722199302098	0.7090338299140716	0.11042310999998961	82	82	1.0	0.4268292682926829	0.3902439024390244	0.036585365853658514	False
U_ENSG00000200812.1	ENSG00000200812.1	snoRNA	chr7	59192488	59192570	-	173	0.0	79	82	True	True	False	127.0	0.774390243902439	0.8658536585365854	0.8414634146341463	0.8634707510100033	0.7060610782260961	0.09402189019585071	82	82	1.0	0.4146341463414634	0.4268292682926829	0.012195121951219523	False
U_ENSG00000199782.1	ENSG00000199782.1	snoRNA	chr7	59185002	59185084	-	173	0.0	79	82	True	True	False	127.0	0.774390243902439	0.8658536585365854	0.8414634146341463	0.8250942731873365	0.6524361862089243	0.1062015465066991	82	82	1.0	0.43902439024390244	0.4268292682926829	0.012195121951219523	False
U_ENSG00000200486.1	ENSG00000200486.1	snoRNA	chr7	59181261	59181343	-	173	0.0	79	82	True	True	False	130.0	0.7926829268292683	0.8780487804878049	0.8536585365853658	0.8594526807997696	0.7149985602289581	0.08902595741886393	82	82	1.0	0.4268292682926829	0.4268292682926829	0.0	False
U_ENSG00000199453.1	ENSG00000199453.1	snoRNA	chr7	59177517	59177599	-	173	0.0	79	82	True	True	False	127.0	0.774390243902439	0.8658536585365854	0.8414634146341463	0.8250942731873365	0.6524361862089243	0.1062015465066991	82	82	1.0	0.43902439024390244	0.4268292682926829	0.012195121951219523	False
U_ENSG00000202188.1	ENSG00000202188.1	snoRNA	chr7	59082152	59082234	-	173	0.0	79	82	True	True	False	124.0	0.7560975609756098	0.8536585365853658	0.8292682926829268	0.8377437055144207	0.6538703172285598	0.10029677042760445	82	82	1.0	0.4146341463414634	0.3902439024390244	0.02439024390243899	False
U_ENSG00000275640.1	ENSG00000275640.1	miRNA	chr9	21415663	21415725	+	183	0.238682	0	62	False	False	False	49.0	0.3951612903225806	0.65	0.5873015873015873	0.5856910618259428	0.22952761670280175	0.16271015534483035	63	62	0.9841269841269841	0.6349206349206349	0.5	0.13492063492063489	False
U_ENSG00000206624.1	ENSG00000206624.1	snRNA	chr11	50812645	50812806	-	165	0.505085	157	161	True	True	False	42.0	0.13043478260869565	0.503448275862069	0.4545454545454546	0.6568984922156006	0.38449743044241297	0.1940170939208501	165	161	0.9757575757575757	0.46060606060606063	0.2732919254658385	0.1873141351402221	False
U_ENSG00000201482.1	ENSG00000201482.1	snoRNA	chr7	59158814	59158896	-	173	0.0	79	82	True	True	False	118.0	0.7195121951219512	0.8292682926829268	0.8048780487804879	0.7847009362165891	0.5566059203045859	0.10475656017578483	82	82	1.0	0.4146341463414634	0.4268292682926829	0.012195121951219523	False
U_ENSG00000222536.1	ENSG00000222536.1	snRNA	chr6	84974544	84974741	+	150	0.109247	0	197	False	False	False	127.0	0.3223350253807107	0.5927835051546392	0.5606060606060606	0.7447281361889352	0.4913438351114822	0.11103107604883199	198	197	0.9949494949494949	0.35353535353535354	0.38578680203045684	0.03225144849510331	False
U_ENSG00000200163.1	ENSG00000200163.1	snoRNA	chr7	59121650	59121732	-	173	0.0	79	82	True	True	False	118.0	0.7195121951219512	0.8292682926829268	0.8048780487804879	0.7847009362165891	0.5566059203045859	0.10475656017578483	82	82	1.0	0.4146341463414634	0.4268292682926829	0.012195121951219523	False
U_ENSG00000199968.1	ENSG00000199968.1	snoRNA	chr7	59119780	59119862	-	173	0.0	79	82	True	True	False	121.0	0.7378048780487805	0.8414634146341463	0.8048780487804879	0.7782343979962331	0.581536536818951	0.12096245643373718	82	82	1.0	0.4146341463414634	0.4024390243902439	0.012195121951219468	False
U_ENSG00000201969.1	ENSG00000201969.1	snoRNA	chr7	59117909	59117991	-	173	0.0	79	82	True	True	False	124.0	0.7560975609756098	0.8536585365853658	0.8292682926829268	0.8153742483272114	0.6174846928379	0.1062015465066991	82	82	1.0	0.4268292682926829	0.4268292682926829	0.0	False
U_ENSG00000263643.1	ENSG00000263643.1	miRNA	chr7	81479288	81479369	+	178	0.126593	0	81	False	False	False	42.0	0.25925925925925924	0.6266666666666667	0.5061728395061729	0.6128482604999423	0.36647457061358457	0.1695582495781317	81	81	1.0	0.7160493827160493	0.7901234567901234	0.07407407407407407	False
U_ENSG00000298213.1	ENSG00000298213.1	lncRNA	chr11	83960360	83960479	-	167	0.055344	0	119	False	False	False	96.0	0.4067796610169492	0.6470588235294118	0.6218487394957983	0.8541856200246141	0.665130045637126	0.07792413566692305	118	119	0.9915966386554622	0.3389830508474576	0.36134453781512604	0.02236148696766843	False
U_ENSG00000206727.1	ENSG00000206727.1	snoRNA	chr7	59441592	59441687	-	173	0.0	93	95	True	True	False	140.0	0.7368421052631579	0.8526315789473684	0.8210526315789474	0.8987533453387396	0.7581152795517204	0.05629258108648065	95	95	1.0	0.45263157894736844	0.42105263157894735	0.031578947368421095	False
U_ENSG00000206609.1	ENSG00000206609.1	snoRNA	chr7	59434044	59434136	-	173	0.0	90	92	True	True	False	106.0	0.5760869565217391	0.7555555555555555	0.6956521739130435	0.849862121170252	0.6049420527769953	0.060189292033534736	92	92	1.0	0.40217391304347827	0.41304347826086957	0.010869565217391297	False
U_ENSG00000207137.1	ENSG00000207137.1	snoRNA	chr7	59429002	59429094	-	173	0.0	89	92	True	True	False	116.0	0.6304347826086957	0.797752808988764	0.7173913043478262	0.8702861857822775	0.6692218039733618	0.0728928525352835	92	92	1.0	0.42391304347826086	0.41304347826086957	0.010869565217391297	False
U_ENSG00000206621.1	ENSG00000206621.1	snoRNA	chr7	59426476	59426568	-	173	0.0	89	92	True	True	False	131.0	0.7119565217391305	0.8539325842696629	0.7717391304347826	0.8447891448089232	0.6894137231294518	0.0851205131034597	92	92	1.0	0.41304347826086957	0.41304347826086957	0.0	False
U_ENSG00000278404.1	ENSG00000278404.1	misc_RNA	chr5	112376481	112376611	-	160	0.070212	130	130	True	True	True	185.0	0.7115384615384616	0.8359375	0.7925925925925926	0.9313624939962142	0.8101227084256579	0.06655981201902297	135	130	0.9629629629629629	0.6962962962962963	0.6538461538461539	0.04245014245014245	False
U_ENSG00000207174.1	ENSG00000207174.1	snoRNA	chr7	59423939	59424031	-	173	0.0	92	92	True	True	True	128.0	0.6956521739130435	0.8260869565217391	0.8043478260869565	0.8390823912222561	0.6643456187340353	0.06407639444884945	92	92	1.0	0.41304347826086957	0.40217391304347827	0.010869565217391297	False
U_ENSG00000207263.1	ENSG00000207263.1	snoRNA	chr7	59353178	59353270	-	173	0.0	90	92	True	True	False	127.0	0.6902173913043478	0.8333333333333334	0.7717391304347826	0.8707951083549493	0.7120029989997474	0.05603318146805257	92	92	1.0	0.43478260869565216	0.42391304347826086	0.010869565217391297	False
U_ENSG00000201300.1	ENSG00000201300.1	snoRNA	chr7	59093377	59093459	-	173	0.0	79	82	True	True	False	103.0	0.6280487804878049	0.7682926829268293	0.7439024390243902	0.8494964061984865	0.6166862581974764	0.08902595741886392	82	82	1.0	0.4024390243902439	0.4024390243902439	0.0	False
U_ENSG00000200987.1	ENSG00000200987.1	snoRNA	chr7	59085895	59085977	-	173	0.0	79	82	True	True	False	115.0	0.7012195121951219	0.8170731707317073	0.7926829268292683	0.8242255917447338	0.6434987042060623	0.10180507717574469	82	82	1.0	0.3902439024390244	0.3902439024390244	0.0	False
U_ENSG00000221410.1	ENSG00000221410.1	miRNA	chr9	21184010	21184089	+	183	0.122501	3	79	True	False	False	42.0	0.26582278481012656	0.5526315789473685	0.5180722891566265	0.7577212706298045	0.4714045207910317	0.14458706887002604	83	79	0.9518072289156626	0.6867469879518072	0.5949367088607594	0.09181027909104778	False
U_ENSG00000200503.1	ENSG00000200503.1	snoRNA	chr7	59246782	59246864	-	173	0.0	79	82	True	True	False	124.0	0.7560975609756098	0.8536585365853658	0.8292682926829268	0.8122248544366639	0.6430878838279309	0.1062015465066991	82	82	1.0	0.4268292682926829	0.4268292682926829	0.0	False
U_ENSG00000278089.1	ENSG00000278089.1	snoRNA	chr7	59190619	59190701	-	173	0.0	77	82	True	True	False	105.0	0.6402439024390244	0.7875	0.7195121951219512	0.7769531932846363	0.5979429350492884	0.09876543209876543	82	82	1.0	0.4024390243902439	0.4146341463414634	0.012195121951219468	False
U_ENSG00000200726.1	ENSG00000200726.1	snoRNA	chr7	59188745	59188827	-	173	0.0	79	82	True	True	False	127.0	0.774390243902439	0.8658536585365854	0.8292682926829268	0.8795360594277416	0.7036172643995096	0.08373246892747244	82	82	1.0	0.4146341463414634	0.4268292682926829	0.012195121951219523	False
U_ENSG00000201943.1	ENSG00000201943.1	snoRNA	chr7	59183133	59183214	-	173	0.0	79	81	True	True	False	123.0	0.7592592592592593	0.8658536585365854	0.8518518518518519	0.8371737964197514	0.6640755671018037	0.1	81	81	1.0	0.43209876543209874	0.43209876543209874	0.0	False
U_ENSG00000277764.1	ENSG00000277764.1	misc_RNA	chr6	83687717	83687914	+	150	0.083566	197	197	True	True	True	132.0	0.3350253807106599	0.6	0.583756345177665	0.8763054295094456	0.619144687888862	0.06691263800308163	197	197	1.0	0.6091370558375635	0.5583756345177665	0.050761421319796995	False
U_ENSG00000206656.1	ENSG00000206656.1	snoRNA	chr7	59350629	59350721	-	173	0.0	90	92	True	True	False	130.0	0.7065217391304348	0.8444444444444444	0.782608695652174	0.8526505462532161	0.6971497692364841	0.07453109871566228	92	92	1.0	0.42391304347826086	0.42391304347826086	0.0	False
U_ENSG00000206688.1	ENSG00000206688.1	snoRNA	chr7	59348057	59348149	-	173	0.0	91	92	True	True	False	126.0	0.6847826086956522	0.8241758241758241	0.7934782608695652	0.8373983739837397	0.669172932330827	0.07613410143159899	92	92	1.0	0.42391304347826086	0.43478260869565216	0.010869565217391297	False
U_ENSG00000201210.1	ENSG00000201210.1	rRNA_pseudogene	chr6	88563518	88563638	-	172	0.121714	120	120	True	True	True	30.0	0.1282051282051282	0.5476190476190477	0.44999999999999996	0.7356980660758455	0.36155445155301547	0.10362350186806059	117	120	0.975	0.48717948717948717	0.5166666666666667	0.02948717948717955	False
U_ENSG00000274713.1	ENSG00000274713.1	miRNA	chr9	21976279	21976357	-	183	0.430845	78	78	True	True	True	29.0	0.1858974358974359	0.5660377358490566	0.4810126582278481	0.5977921943686496	0.31392789719564773	0.18843317510748328	79	78	0.9873417721518988	0.6329113924050633	0.48717948717948717	0.14573190522557616	False
U_ENSG00000199960.1	ENSG00000199960.1	snoRNA	chr7	59170031	59170112	-	173	0.0	79	81	True	True	False	120.0	0.7407407407407407	0.8536585365853658	0.8395061728395061	0.8297104753649083	0.6578979856969813	0.09842509842514763	81	81	1.0	0.41975308641975306	0.43209876543209874	0.012345679012345678	False
U_ENSG00000201679.1	ENSG00000201679.1	snoRNA	chr7	59166286	59166367	-	173	0.0	79	81	True	True	False	122.0	0.7530864197530864	0.8518518518518519	0.8395061728395061	0.8248191010063027	0.6276878647948556	0.11319231422671772	81	81	1.0	0.43209876543209874	0.41975308641975306	0.012345679012345678	False
U_ENSG00000200757.1	ENSG00000200757.1	snoRNA	chr7	59164414	59164496	-	173	0.0	79	82	True	True	False	124.0	0.7560975609756098	0.8536585365853658	0.8292682926829268	0.8163706437091813	0.6668976268906981	0.10329136130050315	82	82	1.0	0.4146341463414634	0.4146341463414634	0.0	False
U_ENSG00000207460.1	ENSG00000207460.1	snoRNA	chr7	59345495	59345587	-	173	0.0	90	92	True	True	False	130.0	0.7065217391304348	0.8444444444444444	0.782608695652174	0.8526505462532161	0.6971497692364841	0.07453109871566228	92	92	1.0	0.42391304347826086	0.42391304347826086	0.0	False
U_ENSG00000252479.1	ENSG00000252479.1	rRNA_pseudogene	chr18	5514082	5514188	+	176	0.36673	0	106	False	False	False	53.0	0.25	0.5979381443298969	0.4716981132075472	0.6720779220779219	0.37682204071035647	0.10345505229714493	106	106	1.0	0.5283018867924528	0.5188679245283019	0.009433962264150941	False
U_ENSG00000278715.1	ENSG00000278715.1	snoRNA	chr7	59333337	59333429	-	173	0.0	90	92	True	True	False	127.0	0.6902173913043478	0.8333333333333334	0.7717391304347826	0.8588301332828545	0.6971497692364841	0.06950060791578855	92	92	1.0	0.41304347826086957	0.42391304347826086	0.010869565217391297	False
U_ENSG00000201992.1	ENSG00000201992.1	snoRNA	chr7	59065336	59065418	-	173	0.0	79	82	True	True	False	124.0	0.7560975609756098	0.8536585365853658	0.8170731707317074	0.8214658219798903	0.6703111502146483	0.08729713347982067	82	82	1.0	0.4024390243902439	0.4268292682926829	0.02439024390243899	False
U_ENSG00000202499.1	ENSG00000202499.1	snoRNA	chr7	59063837	59063919	-	173	0.0	79	82	True	True	False	127.0	0.774390243902439	0.8658536585365854	0.8414634146341463	0.8537760121562792	0.7118695964790795	0.08729713347982068	82	82	1.0	0.4268292682926829	0.43902439024390244	0.012195121951219523	False
U_ENSG00000200661.1	ENSG00000200661.1	snoRNA	chr7	59436570	59436668	-	173	0.168069	89	98	True	True	False	93.0	0.4744897959183674	0.6804123711340206	0.6176470588235294	0.6024672535293008	0.37078592826090173	0.15753254713033016	102	98	0.9607843137254902	0.3333333333333333	0.40816326530612246	0.07482993197278914	False
U_ENSG00000266204.1	ENSG00000266204.1	miRNA	chr9	20751786	20751846	+	183	0.073121	0	60	False	False	False	63.0	0.525	0.7547169811320755	0.6666666666666667	0.7644509315459483	0.4651104080229325	0.11495474547669945	60	60	1.0	0.5666666666666667	0.5	0.06666666666666665	False
U_ENSG00000199833.1	ENSG00000199833.1	snoRNA	chr7	59116039	59116120	-	173	0.0	79	81	True	True	False	122.0	0.7530864197530864	0.8518518518518519	0.8395061728395061	0.8274392173916149	0.6549786415250667	0.11180339887498948	81	81	1.0	0.41975308641975306	0.43209876543209874	0.012345679012345678	False
U_ENSG00000201907.1	ENSG00000201907.1	snoRNA	chr7	59043307	59043389	-	173	0.0	79	82	True	True	False	130.0	0.7926829268292683	0.8780487804878049	0.8414634146341463	0.8673010347657037	0.7059820679230188	0.08373246892747244	82	82	1.0	0.4268292682926829	0.4268292682926829	0.0	False
U_ENSG00000277524.1	ENSG00000277524.1	misc_RNA	chr13	56851683	56851809	+	129	0.14323	116	126	True	True	False	132.0	0.532258064516129	0.7241379310344828	0.626984126984127	0.7234589954583086	0.38340761743489693	0.10257890050205608	124	126	0.9841269841269841	0.49193548387096775	0.5396825396825397	0.047747055811571903	False
U_ENSG00000277785.1	ENSG00000277785.1	snoRNA	chr7	59330806	59330898	-	173	0.0	90	92	True	True	False	127.0	0.6902173913043478	0.8333333333333334	0.782608695652174	0.8712227546994571	0.7183110767068178	0.06950060791578855	92	92	1.0	0.43478260869565216	0.42391304347826086	0.010869565217391297	False
U_ENSG00000201326.1	ENSG00000201326.1	snoRNA	chr7	59114167	59114249	-	173	0.0	79	82	True	True	False	127.0	0.774390243902439	0.8658536585365854	0.8414634146341463	0.8494964061984865	0.685129682495695	0.08729713347982067	82	82	1.0	0.4146341463414634	0.4268292682926829	0.012195121951219523	False
U_ENSG00000201331.1	ENSG00000201331.1	snoRNA	chr7	59112296	59112378	-	173	0.0	78	82	True	True	False	115.0	0.7012195121951219	0.8433734939759037	0.7926829268292683	0.8443565629465052	0.7069228201528913	0.09072184232530289	82	82	1.0	0.4268292682926829	0.4268292682926829	0.0	False
U_ENSG00000200398.1	ENSG00000200398.1	snoRNA	chr7	59100863	59100944	-	173	0.058507	78	81	True	True	False	103.0	0.6358024691358025	0.7848101265822784	0.7439024390243902	0.7250869416569115	0.44586103454161524	0.13291812780765952	82	81	0.9878048780487805	0.43902439024390244	0.3950617283950617	0.043962661848840734	False
U_ENSG00000200564.1	ENSG00000200564.1	snoRNA	chr7	59041436	59041518	-	173	0.0	79	82	True	True	False	124.0	0.7560975609756098	0.8536585365853658	0.8292682926829268	0.838307210811212	0.6641330354523186	0.1062015465066991	82	82	1.0	0.4146341463414634	0.4146341463414634	0.0	False
U_ENSG00000275127.1	ENSG00000275127.1	snoRNA	chr7	59328260	59328352	-	173	0.0	90	92	True	True	False	127.0	0.6902173913043478	0.8333333333333334	0.7717391304347826	0.8829457377738557	0.7495200248576557	0.06593406593406592	92	92	1.0	0.43478260869565216	0.42391304347826086	0.010869565217391297	False
U_ENSG00000276844.1	ENSG00000276844.1	snoRNA	chr7	59008643	59008714	-	173	0.049485	71	71	True	True	True	69.0	0.4859154929577465	0.7	0.6619718309859155	0.801054018902431	0.5577954598817947	0.10301575072754256	71	71	1.0	0.30985915492957744	0.323943661971831	0.014084507042253558	False
U_ENSG00000207375.1	ENSG00000207375.1	snoRNA	chr7	59325738	59325830	-	173	0.0	91	92	True	True	False	118.0	0.6413043478260869	0.8	0.7608695652173914	0.8629312872436976	0.6946564885496184	0.046622425133178956	92	92	1.0	0.44565217391304346	0.42391304347826086	0.021739130434782594	False
U_tRNA-Glu-TTC-2-2	tRNA-Glu-TTC-2-2	tRNA	chr7	58049059	58049131	+	173	0.0	69	72	True	True	False	138.0	0.9583333333333334	1.0	0.9166666666666666	0.9819994484044614	0.9672666063132627	0.034499855532157425	72	72	1.0	0.6111111111111112	0.6111111111111112	0.0	False
U_ENSG00000200801.1	ENSG00000200801.1	snoRNA	chr7	59091512	59091590	-	173	0.038748	76	78	True	True	False	93.0	0.5961538461538461	0.759493670886076	0.7037037037037037	0.7236201034282354	0.5248645041388966	0.1340016526306359	81	78	0.9629629629629629	0.43209876543209874	0.38461538461538464	0.047483380816714105	False
U_ENSG00000207279.1	ENSG00000207279.1	snoRNA	chr7	59323210	59323302	-	173	0.0	92	92	True	True	True	122.0	0.6630434782608695	0.8043478260869565	0.7934782608695652	0.8803775560752966	0.733740655913284	0.08075240910274213	92	92	1.0	0.40217391304347827	0.42391304347826086	0.021739130434782594	False
U_ENSG00000283210.1	ENSG00000283210.1	miRNA	chr14	64110586	64110655	+	174	0.265897	0	69	False	False	False	38.0	0.2753623188405797	0.6071428571428571	0.5492957746478873	0.7448303242451055	0.46692960477351775	0.11879838798359547	71	69	0.971830985915493	0.3380281690140845	0.43478260869565216	0.09675443968156766	False
U_ENSG00000283772.1	ENSG00000283772.1	miRNA	chr11	60689498	60689573	-	181	0.11503	3	75	True	False	False	56.0	0.3835616438356164	0.6666666666666666	0.6266666666666667	0.779581159480764	0.4374088826398532	0.08571555118105952	73	75	0.9733333333333334	0.589041095890411	0.6133333333333333	0.024292237442922304	False
U_ENSG00000200949.1	ENSG00000200949.1	snoRNA	chr7	59076542	59076624	-	173	0.0	79	82	True	True	False	116.0	0.7073170731707317	0.8271604938271605	0.7926829268292683	0.8534799901845882	0.6937514528162344	0.10029677042760446	82	82	1.0	0.4146341463414634	0.4024390243902439	0.012195121951219468	False
U_ENSG00000200593.1	ENSG00000200593.1	snoRNA	chr7	59070935	59071017	-	173	0.0	78	82	True	True	False	122.0	0.7439024390243902	0.8518518518518519	0.8048780487804879	0.8669214468630108	0.7166829458787656	0.08902595741886393	82	82	1.0	0.43902439024390244	0.4268292682926829	0.012195121951219523	False
U_ENSG00000199311.1	ENSG00000199311.1	snoRNA	chr7	59067204	59067286	-	173	0.0	79	82	True	True	False	130.0	0.7926829268292683	0.8780487804878049	0.8414634146341463	0.8884715046777432	0.741337421634976	0.0818919701322321	82	82	1.0	0.4146341463414634	0.4268292682926829	0.012195121951219523	False
U_ENSG00000200638.1	ENSG00000200638.1	snoRNA	chr7	59062549	59062631	-	173	0.0	79	82	True	True	False	106.0	0.6463414634146342	0.7804878048780488	0.7560975609756098	0.7622994798953839	0.5008250691765936	0.1062015465066991	82	82	1.0	0.3780487804878049	0.4268292682926829	0.04878048780487804	False
U_ENSG00000264266.1	ENSG00000264266.1	miRNA	chr9	20887052	20887124	+	183	0.12625	72	72	True	True	True	54.0	0.375	0.6285714285714286	0.589041095890411	0.6029749276563064	0.29461937120306914	0.14589206599208326	73	72	0.9863013698630136	0.7534246575342466	0.7083333333333334	0.04509132420091322	False
U_ENSG00000263897.1	ENSG00000263897.1	miRNA	chr2	27611015	27611079	+	184	0.221476	0	64	False	False	False	45.0	0.3629032258064516	0.6851851851851852	0.578125	0.673859303020196	0.4202658404193429	0.09492190166724367	62	64	0.96875	0.6290322580645161	0.640625	0.011592741935483875	False
U_ENSG00000284321.1	ENSG00000284321.1	miRNA	chr14	64828102	64828187	+	174	0.0	85	85	True	True	True	164.0	0.9647058823529412	1.0	0.9294117647058824	0.982088102677208	0.9725179925282852	0.03367175148507369	85	85	1.0	0.5058823529411764	0.49411764705882355	0.0117647058823529	False
U_ENSG00000199303.1	ENSG00000199303.1	misc_RNA	chr4	21646732	21646843	+	62	0.471813	0	111	False	False	False	26.0	0.11711711711711711	0.5161290322580645	0.43243243243243246	0.4846307742778659	0.2102408476004168	0.20327890704543544	111	111	1.0	0.4144144144144144	0.38738738738738737	0.02702702702702703	False
U_ENSG00000274280.1	ENSG00000274280.1	miRNA	chr8	75789413	75789491	-	177	0.170296	0	78	False	False	False	55.0	0.3525641025641026	0.6268656716417911	0.5822784810126582	0.6424865435793273	0.3813260621770259	0.15075576423333925	79	78	0.9873417721518988	0.6835443037974683	0.5512820512820513	0.132262252515417	False
U_ENSG00000283821.1	ENSG00000283821.1	miRNA	chr5	137311738	137311810	-	180	0.209777	0	72	False	False	False	36.0	0.25	0.589041095890411	0.5694444444444444	0.607401160858922	0.36166515973164054	0.17249927766078718	72	72	1.0	0.5694444444444444	0.5138888888888888	0.05555555555555558	False
U_ENSG00000266692.1	ENSG00000266692.1	snoRNA	chr10	77749628	77749683	-	193	0.118009	52	55	True	True	False	82.0	0.7454545454545455	0.88	0.7636363636363637	0.8209903593882064	0.606175165017196	0.10143010324169742	55	55	1.0	0.6545454545454545	0.6	0.054545454545454564	False
U_ENSG00000277460.1	ENSG00000277460.1	misc_RNA	chr5	111478333	111478499	-	160	0.043117	160	166	True	True	False	148.0	0.4567901234567901	0.6687116564417178	0.6385542168674698	0.8865806492424742	0.6287576523316534	0.07015115377298317	162	166	0.9759036144578314	0.6790123456790124	0.6867469879518072	0.007734642272794856	False
U_ENSG00000207600.3	ENSG00000207600.3	miRNA	chr14	63964620	63964717	+	174	0.0	79	97	True	True	False	162.0	0.8350515463917526	0.9139784946236559	0.8350515463917526	0.9405439756964692	0.8791916407567071	0.05511981898051231	97	97	1.0	0.5360824742268041	0.5360824742268041	0.0	False
U_ENSG00000222412.1	ENSG00000222412.1	misc_RNA	chr18	5984620	5984715	-	176	0.470295	0	95	False	False	False	24.0	0.12631578947368421	0.5211267605633803	0.42105263157894735	0.48660432499430245	0.24688535993934702	0.14969411999436477	95	95	1.0	0.4421052631578947	0.49473684210526314	0.05263157894736842	False
U_ENSG00000206660.1	ENSG00000206660.1	misc_RNA	chr18	6241741	6241832	+	176	0.522046	42	91	True	False	False	26.0	0.14285714285714285	0.6097560975609756	0.3936170212765957	0.3723024786408482	0.19625498421945736	0.2779777289369994	94	91	0.9680851063829787	0.5	0.32967032967032966	0.17032967032967034	False
U_ENSG00000209645.1	ENSG00000209645.1	snoRNA	chr9	20800777	20800862	+	183	0.058149	85	85	True	True	True	96.0	0.5647058823529412	0.8	0.7529411764705882	0.8524705587880906	0.6725113631853705	0.09066396554599891	85	85	1.0	0.47058823529411764	0.5294117647058824	0.05882352941176472	False
U_ENSG00000252542.1	ENSG00000252542.1	snoRNA	chr2	26802858	26802924	+	184	0.0	66	66	True	True	True	92.0	0.696969696969697	0.8125	0.7878787878787878	0.7416666666666667	0.5286253726883798	0.113053372743839	66	66	1.0	0.4090909090909091	0.4393939393939394	0.030303030303030276	False
U_ENSG00000238531.1	ENSG00000238531.1	snoRNA	chr9	20802051	20802130	+	183	0.0	79	79	True	True	True	92.0	0.5822784810126582	0.7662337662337663	0.7341772151898734	0.8345502719737194	0.596583045392057	0.07903094875601252	79	79	1.0	0.5569620253164557	0.4936708860759494	0.06329113924050628	False
U_ENSG00000264675.1	ENSG00000264675.1	miRNA	chr5	136266626	136266711	-	180	0.131577	0	85	False	False	False	106.0	0.6235294117647059	0.7857142857142857	0.7529411764705882	0.8182409906409667	0.5144588154899845	0.12140522651411392	85	85	1.0	0.6235294117647059	0.5647058823529412	0.05882352941176472	False
U_ENSG00000284176.1	ENSG00000284176.1	miRNA	chr5	136163581	136163666	-	180	0.106786	33	85	True	False	False	54.0	0.3176470588235294	0.5955056179775281	0.5411764705882354	0.6779405402441266	0.3138376945080028	0.14285714285714288	85	85	1.0	0.6352941176470588	0.611764705882353	0.0235294117647058	False
U_ENSG00000221669.1	ENSG00000221669.1	miRNA	chr9	24334949	24335029	-	130	0.35375	80	80	True	True	True	29.0	0.19333333333333333	0.5416666666666666	0.4375	0.549919267179129	0.29952040330172064	0.20896335456592235	75	80	0.9375	0.36	0.5125	0.15249999999999997	False
U_ENSG00000207752.1	ENSG00000207752.1	miRNA	chr9	21407791	21407862	-	183	0.0	71	71	True	True	True	115.0	0.8098591549295775	0.9	0.8591549295774648	0.8943883753090782	0.8272235371940312	0.05714285714285714	71	71	1.0	0.5070422535211268	0.5352112676056338	0.028169014084507005	False
U_ENSG00000201001.1	ENSG00000201001.1	snRNA	chr18	3598049	3598151	-	176	0.336869	0	102	False	False	False	39.0	0.19117647058823528	0.5465116279069767	0.4666666666666667	0.6236935648733161	0.2861889263948006	0.24902210556825646	105	102	0.9714285714285714	0.37142857142857144	0.23529411764705882	0.13613445378151262	False
U_ENSG00000212374.1	ENSG00000212374.1	snRNA	chr7	82042575	82042671	+	178	0.077878	0	96	False	False	False	92.0	0.4791666666666667	0.7021276595744681	0.6666666666666667	0.7871234537259304	0.5144038307668902	0.11434505780210753	96	96	1.0	0.34375	0.40625	0.0625	False
U_ENSG00000206611.1	ENSG00000206611.1	snoRNA	chr2	26801270	26801345	+	184	0.0	73	75	True	True	False	111.0	0.74	0.8513513513513513	0.84	0.8821508721751845	0.7907340998506809	0.08757757700551164	75	75	1.0	0.37333333333333335	0.44	0.06666666666666665	False
U_ENSG00000200831.1	ENSG00000200831.1	snoRNA	chr2	26802226	26802300	+	184	0.0	74	74	True	True	True	104.0	0.7027027027027027	0.8591549295774648	0.7837837837837838	0.8707248009411241	0.708372864172069	0.07749115410263534	74	74	1.0	0.3783783783783784	0.3918918918918919	0.013513513513513487	False
U_ENSG00000199744.1	ENSG00000199744.1	snoRNA	chr2	26802537	26802610	+	184	0.0	73	73	True	True	True	104.0	0.7123287671232876	0.8591549295774648	0.7808219178082192	0.894982006768333	0.7297691588509917	0.08098544298396251	73	73	1.0	0.3972602739726027	0.410958904109589	0.0136986301369863	False
U_ENSG00000278278.1	ENSG00000278278.1	miRNA	chr16	18069345	18069409	+	186	0.2684	64	64	True	True	True	36.0	0.28125	0.5686274509803921	0.5454545454545454	0.6713171133426189	0.3566990490197037	0.13389969476738395	66	64	0.9696969696969697	0.6818181818181818	0.5625	0.11931818181818177	False
U_ENSG00000274932.1	ENSG00000274932.1	miRNA	chr2	37770036	37770130	-	110	0.088877	0	94	False	False	False	100.0	0.5319148936170213	0.7391304347826086	0.6702127659574468	0.8449032350560549	0.588882415821821	0.09373976222668115	94	94	1.0	0.6276595744680851	0.6702127659574468	0.042553191489361764	False
U_ENSG00000265347.1	ENSG00000265347.1	miRNA	chr13	48890679	48890744	-	194	0.246194	0	65	False	False	False	43.0	0.33076923076923076	0.578125	0.5538461538461539	0.5625542695144765	0.2645200285064433	0.14823176532039278	65	65	1.0	0.676923076923077	0.5846153846153846	0.09230769230769231	False
U_ENSG00000295182.1	ENSG00000295182.1	lncRNA	chr6	119455875	119456096	+	153	0.137665	0	221	False	False	False	81.0	0.1832579185520362	0.5445026178010471	0.46460176991150437	0.8485977213118115	0.5834599086471338	0.0589256949622402	226	221	0.9778761061946902	0.5176991150442478	0.5701357466063348	0.052436631562087	False
U_ENSG00000207839.1	ENSG00000207839.1	miRNA	chr11	60091755	60091851	-	181	0.174223	96	96	True	True	True	68.0	0.3541666666666667	0.7419354838709677	0.53125	0.7573210815366418	0.5579413892867593	0.1427858943815846	96	96	1.0	0.7291666666666666	0.6041666666666666	0.125	False
U_ENSG00000275167.1	ENSG00000275167.1	miRNA	chr10	76915117	76915179	-	193	0.127227	4	62	True	False	False	48.0	0.39344262295081966	0.7391304347826086	0.5806451612903225	0.5932031982080518	0.3126943839882286	0.13261361786943507	61	62	0.9838709677419355	0.5573770491803278	0.45161290322580644	0.10576414595452138	False
U_ENSG00000277474.1	ENSG00000277474.1	miRNA	chrX	151049756	151049813	+	188	0.164828	1	57	True	False	False	43.0	0.37719298245614036	0.6346153846153846	0.5964912280701755	0.6786715323559277	0.4244373438135827	0.15567496226930977	57	57	1.0	0.5964912280701754	0.543859649122807	0.05263157894736836	False
U_ENSG00000276105.1	ENSG00000276105.1	misc_RNA	chr7	142826779	142826970	+	155	0.045997	191	191	True	True	True	279.0	0.7303664921465969	0.8516483516483516	0.7551020408163265	0.9571886015100102	0.8479277933074955	0.03316764538444658	196	191	0.9744897959183674	0.6173469387755102	0.5968586387434555	0.020488300032054707	False
U_ENSG00000284272.1	ENSG00000284272.1	miRNA	chr10	80642168	80642248	+	189	0.129831	71	80	True	True	False	105.0	0.65625	0.8	0.725	0.8054087338048787	0.5751973085430507	0.0930185978272093	80	80	1.0	0.725	0.6375	0.08750000000000002	False
U_ENSG00000200842.1	ENSG00000200842.1	misc_RNA	chr11	86224031	86224141	+	185	0.12724	103	110	True	True	False	72.0	0.32727272727272727	0.6347826086956522	0.6017699115044248	0.7660639830132172	0.49903431313965185	0.1033102977873047	113	110	0.9734513274336283	0.4247787610619469	0.44545454545454544	0.02067578439259854	False
U_ENSG00000284031.1	ENSG00000284031.1	miRNA	chr16	18229811	18229890	-	186	0.398765	14	79	True	False	False	37.0	0.23417721518987342	0.5970149253731343	0.46341463414634143	0.6999055060662811	0.41477150122698697	0.18136538214133033	82	79	0.9634146341463414	0.6219512195121951	0.6582278481012658	0.03627662858907066	False
U_ENSG00000266124.1	ENSG00000266124.1	miRNA	chr17	26198160	26198214	-	148	0.200571	0	54	False	False	False	23.0	0.2169811320754717	0.5531914893617021	0.4629629629629629	0.5775483650160724	0.24397501823713327	0.14375337465424765	53	54	0.9814814814814815	0.6415094339622641	0.5555555555555556	0.08595387840670854	False
U_ENSG00000284361.1	ENSG00000284361.1	miRNA	chr10	79695543	79695605	+	189	0.262308	3	62	True	False	False	30.0	0.24193548387096775	0.5789473684210527	0.5161290322580645	0.5618377496141529	0.28348752948777195	0.22477556066888668	62	62	1.0	0.8064516129032258	0.5806451612903226	0.22580645161290314	False
U_ENSG00000284029.1	ENSG00000284029.1	miRNA	chr7	4797352	4797416	+	170	0.254144	0	64	False	False	False	40.0	0.3225806451612903	0.68	0.53125	0.45410463409991614	0.18395666031726773	0.24798239067918854	62	64	0.96875	0.6935483870967742	0.453125	0.24042338709677424	False
U_ENSG00000263409.1	ENSG00000263409.1	miRNA	chr17	56619001	56619055	+	217	0.265392	2	54	True	False	False	37.0	0.3425925925925926	0.5961538461538461	0.5740740740740741	0.552406005375608	0.24221920529946864	0.20321376630696245	54	54	1.0	0.6296296296296297	0.5370370370370371	0.09259259259259256	False
U_ENSG00000283871.1	ENSG00000283871.1	miRNA	chr16	16941924	16942006	-	186	0.0	82	82	True	True	True	134.0	0.8170731707317073	0.8780487804878049	0.8780487804878049	0.8418318079588815	0.7151181045965428	0.08553337321327788	82	82	1.0	0.573170731707317	0.5609756097560976	0.012195121951219412	False
U_ENSG00000276575.1	ENSG00000276575.1	miRNA	chrX	151053271	151053348	+	188	0.158668	1	77	True	False	False	62.0	0.4025974025974026	0.6455696202531646	0.6282051282051282	0.642562065786133	0.359092423229804	0.12329683698296134	78	77	0.9871794871794872	0.5384615384615384	0.45454545454545453	0.0839160839160839	False
U_ENSG00000272020.1	ENSG00000272020.1	snRNA	chr6	90534579	90534741	+	172	0.422075	0	162	False	False	False	51.0	0.1574074074074074	0.50625	0.45398773006134974	0.7955106279955947	0.44760848616895027	0.08445793320393775	163	162	0.9938650306748467	0.49079754601226994	0.5308641975308642	0.04006665151859429	False
U_ENSG00000208023.3	ENSG00000208023.3	miRNA	chr16	18145258	18145340	-	186	0.0	65	82	True	True	False	145.0	0.8841463414634146	0.9620253164556962	0.9024390243902439	0.9452618799280026	0.8972766929114167	0.06762006882779828	82	82	1.0	0.6341463414634146	0.6097560975609756	0.024390243902439046	False
U_ENSG00000283728.1	ENSG00000283728.1	miRNA	chr10	80740833	80740920	-	189	0.287824	18	87	True	False	False	32.0	0.1839080459770115	0.5428571428571428	0.47126436781609193	0.5316805421589451	0.24918226202866897	0.21503769777798756	87	87	1.0	0.8390804597701149	0.6206896551724138	0.2183908045977011	False
U_ENSG00000221039.3	ENSG00000221039.3	miRNA	chr16	17963372	17963445	+	186	0.274599	0	73	False	False	False	82.0	0.5616438356164384	0.7746478873239436	0.6538461538461539	0.7852322109186564	0.5076197675553215	0.13675722153484832	78	73	0.9358974358974359	0.5512820512820513	0.5616438356164384	0.010361784334387059	False
U_ENSG00000277864.1	ENSG00000277864.1	scaRNA	chr7	81179604	81179726	+	178	0.0	122	122	True	True	True	232.0	0.9508196721311475	0.9672131147540983	0.9291338582677166	0.9480927432547225	0.8858434005695168	0.04546178544009436	127	122	0.9606299212598425	0.3700787401574803	0.39344262295081966	0.02336388279333934	False
U_ENSG00000263795.1	ENSG00000263795.1	miRNA	chr6	118260399	118260519	-	179	0.268031	0	120	False	False	False	59.0	0.24789915966386555	0.5677966101694916	0.5083333333333333	0.7537471668968874	0.44113019090869243	0.11548610908566616	119	120	0.9916666666666667	0.6218487394957983	0.5166666666666667	0.10518207282913161	False
U_ENSG00000284140.1	ENSG00000284140.1	miRNA	chr16	18102414	18102502	-	186	0.0	88	88	True	True	True	174.0	0.9886363636363636	1.0	0.9772727272727273	0.9956426807977281	0.9917011013305196	0.016255328303139034	88	88	1.0	0.3977272727272727	0.38636363636363635	0.011363636363636354	False
U_ENSG00000284464.1	ENSG00000284464.1	miRNA	chr16	18102105	18102190	-	186	0.0	85	85	True	True	True	154.0	0.9058823529411765	0.975	0.8705882352941177	0.937174664582695	0.9036961141150639	0.05323971374999499	85	85	1.0	0.5882352941176471	0.5647058823529412	0.02352941176470591	False
U_ENSG00000201916.1	ENSG00000201916.1	misc_RNA	chr16	17582709	17582820	-	186	0.295037	0	111	False	False	False	38.0	0.17117117117117117	0.5625	0.5225225225225225	0.5042015732307895	0.2562524977474122	0.22962419891481978	111	111	1.0	0.42342342342342343	0.2882882882882883	0.13513513513513514	False
U_ENSG00000212102.1	ENSG00000212102.1	miRNA	chr16	16942274	16942352	-	186	0.0	78	78	True	True	True	137.0	0.8782051282051282	0.9342105263157895	0.8846153846153846	0.9055163068905104	0.7944613465542746	0.08213708208229559	78	78	1.0	0.5256410256410257	0.5256410256410257	0.0	False
U_ENSG00000274836.1	ENSG00000274836.1	misc_RNA	chr11	59991715	59991873	+	181	0.206648	0	158	False	False	False	77.0	0.24367088607594936	0.5792682926829268	0.5527950310559007	0.7440646881604098	0.48775602623826964	0.1251563360671235	161	158	0.9813664596273292	0.5403726708074534	0.43670886075949367	0.10366381004795977	False
U_ENSG00000207972.1	ENSG00000207972.1	miRNA	chr9	21336547	21336647	+	183	0.164944	5	100	True	False	False	90.0	0.45	0.8153846153846154	0.5900000000000001	0.9374414439230677	0.8772421988273579	0.08805856451597321	100	100	1.0	0.81	0.83	0.019999999999999907	False
U_ENSG00000263414.1	ENSG00000263414.1	miRNA	chr10	79701703	79701773	+	189	0.228942	70	70	True	True	True	104.0	0.7428571428571429	0.8285714285714286	0.8285714285714285	0.815895310098998	0.6121122391955434	0.08695652173913042	70	70	1.0	0.7	0.6428571428571429	0.05714285714285705	False
U_ENSG00000288603.1	ENSG00000288603.1	snoRNA	chr14	31913811	31914007	-	163	0.0	196	196	True	True	True	274.0	0.6989795918367347	0.8080808080808081	0.7960199004975125	0.9158867086468656	0.7421852589038894	0.05905707688368958	201	196	0.9751243781094527	0.5223880597014925	0.5051020408163265	0.01728601888516601	False
U_ENSG00000284129.1	ENSG00000284129.1	miRNA	chr10	80633658	80633756	-	189	0.15832	98	98	True	True	True	78.0	0.3979591836734694	0.7303370786516854	0.5918367346938775	0.8703701686956227	0.6443933002350818	0.10100988630033723	98	98	1.0	0.8061224489795918	0.8163265306122449	0.010204081632653073	False
U_ENSG00000278204.1	ENSG00000278204.1	miRNA	chrX	150816885	150816978	+	188	0.126101	3	93	True	False	False	83.0	0.44623655913978494	0.6770833333333334	0.6451612903225806	0.7519436327929282	0.5345755092189404	0.12005827192594849	93	93	1.0	0.5698924731182796	0.4838709677419355	0.08602150537634412	False
U_ENSG00000277402.1	ENSG00000277402.1	miRNA	chr17	35485067	35485162	+	140	0.108419	0	95	False	False	False	43.0	0.23118279569892472	0.5465116279069767	0.49473684210526314	0.6944552390537307	0.5224818823099573	0.13142335372767736	93	95	0.9789473684210527	0.5913978494623656	0.5684210526315789	0.022976796830786683	False
U_ENSG00000263403.1	ENSG00000263403.1	miRNA	chr2	26371709	26371766	-	218	0.164425	0	57	False	False	False	31.0	0.2719298245614035	0.5576923076923077	0.5254237288135593	0.7294057829184888	0.40540540540540543	0.1328566040344075	59	57	0.9661016949152542	0.711864406779661	0.6491228070175439	0.06274159976211713	False
U_ENSG00000221750.1	ENSG00000221750.1	snoRNA	chrX	149433698	149433827	-	188	0.259051	0	129	False	False	False	96.0	0.37209302325581395	0.632	0.6046511627906976	0.7451886497559768	0.5106394894365721	0.12352647110032731	129	129	1.0	0.5193798449612403	0.4186046511627907	0.10077519379844962	False
U_ENSG00000281295.1	ENSG00000281295.1	snoRNA	chr8	73901750	73901887	-	177	0.070841	136	137	True	True	True	159.0	0.5802919708029197	0.7786259541984732	0.7299270072992701	0.8578921292331576	0.6198736511939806	0.085116447814634	137	137	1.0	0.5693430656934306	0.49635036496350365	0.07299270072992697	False
U_ENSG00000253007.2	ENSG00000253007.2	snoRNA	chr8	73901750	73901885	-	177	0.050704	135	135	True	True	True	159.0	0.5888888888888889	0.7786259541984732	0.7333333333333334	0.8616055000568857	0.6215524022314878	0.08702913275888509	135	135	1.0	0.5703703703703704	0.5037037037037037	0.06666666666666676	False
U_ENSG00000252534.1	ENSG00000252534.1	misc_RNA	chr11	85287761	85287864	-	185	0.643115	0	103	False	False	False	31.0	0.15048543689320387	0.6037735849056604	0.42056074766355145	0.4056889367634764	0.19165538534512075	0.27356232945692405	107	103	0.9626168224299065	0.4485981308411215	0.1941747572815534	0.2544233735595681	False
U_ENSG00000273758.1	ENSG00000273758.1	miRNA	chr17	57318042	57318104	-	217	0.090389	0	62	False	False	False	39.0	0.31451612903225806	0.576271186440678	0.5396825396825398	0.4825516608666113	0.17777777777777778	0.1504190571437805	63	62	0.9841269841269841	0.6825396825396826	0.6129032258064516	0.06963645673323093	False
U_ENSG00000266320.1	ENSG00000266320.1	miRNA	chr8	75788427	75788550	+	177	0.263503	0	123	False	False	False	29.0	0.12184873949579832	0.71875	0.38211382113821135	0.39015970976650094	0.20931030526815697	0.2684758361396386	119	123	0.967479674796748	0.5966386554621849	0.43089430894308944	0.16574434651909542	False
U_ENSG00000276406.1	ENSG00000276406.1	lncRNA	chr11	61746395	61746517	+	181	0.106076	122	122	True	True	True	70.0	0.28688524590163933	0.5897435897435898	0.5081967213114754	0.7953990208080844	0.40617637637425874	0.06611570247933884	122	122	1.0	0.3770491803278688	0.38524590163934425	0.008196721311475419	False
U_ENSG00000208012.1	ENSG00000208012.1	miRNA	chrX	150695337	150695420	+	188	0.0	79	83	True	True	False	158.0	0.9518072289156626	1.0	0.9036144578313253	0.9787372502287979	0.9583333333333335	0.038564361709370484	83	83	1.0	0.42168674698795183	0.42168674698795183	0.0	False
U_ENSG00000276015.1	ENSG00000276015.1	misc_RNA	chr7	142847673	142847897	+	155	0.028632	224	224	True	True	True	359.0	0.8013392857142857	0.8878923766816144	0.8451327433628318	0.9435034738681723	0.8539192707381871	0.046999158444144915	226	224	0.9911504424778761	0.3893805309734513	0.36160714285714285	0.027773388116308473	False
U_tRNA-Phe-GAA-1-6	tRNA-Phe-GAA-1-6	tRNA	chr10	80084801	80084874	-	189	0.0	69	73	True	True	False	138.0	0.9452054794520548	1.0	0.8904109589041096	0.9773007723483437	0.9481319085756892	0.034020690871988585	73	73	1.0	0.5342465753424658	0.5342465753424658	0.0	False
U_ENSG00000309207.1	ENSG00000309207.1	lncRNA	chr2	113047451	113047672	-	156	0.044529	0	221	False	False	False	332.0	0.751131221719457	0.8461538461538461	0.8133333333333334	0.9351670305851822	0.8496674958557617	0.03910737534500932	225	221	0.9822222222222222	0.6666666666666666	0.7013574660633484	0.03469079939668174	False
U_tRNA-Asn-GTT-2-6	tRNA-Asn-GTT-2-6	tRNA	chr10	80084989	80085063	+	189	0.0	71	74	True	True	False	142.0	0.9594594594594594	1.0	0.9189189189189189	0.9813895282240699	0.9684210526315791	0.0273972602739726	74	74	1.0	0.6081081081081081	0.6081081081081081	0.0	False
U_ENSG00000297921.1	ENSG00000297921.1	lncRNA	chr11	49094055	49094271	-	165	0.215402	153	216	True	True	False	107.0	0.25355450236966826	0.5213270142180095	0.5185185185185186	0.7865312945240425	0.5560177803130646	0.11721586462905922	211	216	0.9768518518518519	0.6635071090047393	0.5648148148148148	0.09869229418992453	False
U_ENSG00000265873.1	ENSG00000265873.1	miRNA	chr13	51413379	51413444	-	190	0.079141	0	65	False	False	False	68.0	0.5230769230769231	0.7230769230769231	0.5857142857142856	0.7702584371266092	0.4594682917363408	0.10121598678382687	70	65	0.9285714285714286	0.5714285714285714	0.5538461538461539	0.01758241758241752	False
U_ENSG00000265112.1	ENSG00000265112.1	miRNA	chr13	51799955	51800037	+	190	0.456778	0	82	False	False	False	33.0	0.20121951219512196	0.5961538461538461	0.4024390243902439	0.6905611327380231	0.3757691138408167	0.15713484026367722	82	82	1.0	0.4024390243902439	0.32926829268292684	0.07317073170731708	False
U_ENSG00000281156.1	ENSG00000281156.1	miRNA	chr13	49837825	49837915	+	194	0.06134	84	90	True	True	False	130.0	0.7222222222222222	0.8372093023255814	0.7888888888888889	0.8333088681424017	0.6284426552519894	0.09265405900264406	90	90	1.0	0.5333333333333333	0.4666666666666667	0.06666666666666665	False
U_ENSG00000273012.1	ENSG00000273012.1	lncRNA	chr8	129078096	129078347	-	168	0.329663	0	251	False	False	False	93.0	0.1852589641434263	0.5316455696202531	0.4701195219123506	0.7544547668666375	0.5107458080961653	0.13740451229854134	251	251	1.0	0.3346613545816733	0.3944223107569721	0.05976095617529881	False
U_ENSG00000221676.1	ENSG00000221676.1	snRNA	chr2	27429822	27429948	-	184	0.0	120	126	True	True	False	225.0	0.8928571428571429	0.9743589743589743	0.873015873015873	0.9224933595964931	0.8612307347987218	0.055425625842204077	126	126	1.0	0.5	0.49206349206349204	0.007936507936507964	False
U_ENSG00000264452.1	ENSG00000264452.1	snoRNA	chr10	77748468	77748549	-	193	0.017187	76	81	True	True	False	104.0	0.6842105263157895	0.7894736842105263	0.7530864197530864	0.8118277695948692	0.5980263104415187	0.10679679562400529	76	81	0.9382716049382716	0.6447368421052632	0.5925925925925926	0.052144249512670604	False
U_ENSG00000221411.1	ENSG00000221411.1	miRNA	chr10	80632484	80632572	-	189	0.166224	88	88	True	True	True	52.0	0.29545454545454547	0.6086956521739131	0.5340909090909092	0.7183355175322285	0.48753564146408085	0.15074571320234487	88	88	1.0	0.6931818181818182	0.5795454545454546	0.11363636363636365	False
U_ENSG00000207148.1	ENSG00000207148.1	misc_RNA	chr6	65433562	65433664	+	212	0.154088	102	102	True	True	True	29.0	0.14215686274509803	0.4835164835164835	0.42156862745098034	0.6529464230233836	0.3334797489043685	0.1596486682831396	102	102	1.0	0.4019607843137255	0.46078431372549017	0.05882352941176466	False
U_ENSG00000206760.1	ENSG00000206760.1	snoRNA	chr9	119957847	119957998	+	102	0.0	151	151	True	True	True	253.0	0.8377483443708609	0.9006622516556292	0.880794701986755	0.9472335738415419	0.8481096307063669	0.04807401700618653	151	151	1.0	0.4900662251655629	0.4768211920529801	0.013245033112582794	False
U_ENSG00000276926.1	ENSG00000276926.1	miRNA	chr7	24588262	24588338	+	197	0.300329	76	76	True	True	True	23.0	0.1597222222222222	0.463768115942029	0.4342105263157895	0.463701927163983	0.300565029794076	0.28100109779700966	72	76	0.9473684210526315	0.6527777777777778	0.5263157894736842	0.1264619883040936	False
U_ENSG00000266226.1	ENSG00000266226.1	miRNA	chr7	24832912	24832981	-	197	0.280964	0	69	False	False	False	46.0	0.3333333333333333	0.6307692307692307	0.5652173913043479	0.5899013668360344	0.30697030675746023	0.1764705882352941	69	69	1.0	0.7391304347826086	0.5362318840579711	0.20289855072463758	False
U_ENSG00000284436.1	ENSG00000284436.1	miRNA	chr2	151384660	151384720	+	199	0.193184	60	60	True	True	True	47.0	0.39166666666666666	0.6290322580645161	0.6129032258064516	0.6031483057987304	0.35535284111207566	0.1963992384090176	62	60	0.967741935483871	0.7258064516129032	0.7166666666666667	0.009139784946236573	False
U_ENSG00000274111.1	ENSG00000274111.1	miRNA	chr11	60091369	60091435	-	181	0.23245	66	66	True	True	True	32.0	0.24242424242424243	0.5483870967741935	0.4696969696969697	0.5535576611373579	0.32567962717182597	0.18332885058173826	66	66	1.0	0.6515151515151515	0.5909090909090909	0.06060606060606055	False
U_ENSG00000264346.1	ENSG00000264346.1	snoRNA	chr16	18058581	18058706	-	186	0.0	125	125	True	True	True	160.0	0.64	0.792	0.776	0.8857773941279662	0.6745394097460478	0.08064516129032258	125	125	1.0	0.552	0.56	0.008000000000000007	False
U_ENSG00000207408.1	ENSG00000207408.1	misc_RNA	chrX	150923603	150923712	-	188	0.037852	0	109	False	False	False	31.0	0.14220183486238533	0.46153846153846156	0.4513274336283186	0.7006347046760188	0.40379681506972137	0.11540768406173996	113	109	0.9646017699115044	0.4247787610619469	0.48623853211009177	0.06145977104814487	False
U_ENSG00000207507.1	ENSG00000207507.1	snRNA	chr10	79745026	79745133	+	189	0.0	105	107	True	True	False	210.0	0.9813084112149533	1.0	0.9626168224299065	0.9882656910692742	0.976031233499216	0.013341637380878252	107	107	1.0	0.45794392523364486	0.45794392523364486	0.0	False
U_ENSG00000265724.1	ENSG00000265724.1	miRNA	chr5	135064679	135064760	-	224	0.237247	0	81	False	False	False	45.0	0.2777777777777778	0.5569620253164557	0.5061728395061729	0.48958568438077044	0.2651995404462975	0.17765838004439868	81	81	1.0	0.5679012345679012	0.5185185185185185	0.04938271604938271	False
U_ENSG00000271886.1	ENSG00000271886.1	miRNA	chrX	150696198	150696317	+	188	0.0	108	119	True	True	False	197.0	0.8277310924369747	0.9357798165137615	0.8403361344537815	0.9028091258611172	0.8023255813953489	0.05224079663533031	119	119	1.0	0.42857142857142855	0.4369747899159664	0.00840336134453784	False
U_ENSG00000207357.1	ENSG00000207357.1	snRNA	chr10	79821337	79821444	+	189	0.0	105	107	True	True	False	210.0	0.9813084112149533	1.0	0.9626168224299065	0.9882656910692742	0.976031233499216	0.013341637380878252	107	107	1.0	0.45794392523364486	0.45794392523364486	0.0	False
U_tRNA-Lys-CTT-1-2	tRNA-Lys-CTT-1-2	tRNA	chr9	90008565	90008638	-	195	0.0	69	73	True	True	False	138.0	0.9452054794520548	1.0	0.8904109589041096	0.9718550849815181	0.9530071308033986	0.03928371006591932	73	73	1.0	0.6438356164383562	0.6164383561643836	0.0273972602739726	False
U_ENSG00000283950.1	ENSG00000283950.1	miRNA	chr17	57553877	57553945	-	217	0.187371	6	68	True	False	False	54.0	0.40298507462686567	0.6451612903225806	0.5441176470588236	0.6109197266035425	0.34254666446809456	0.16646848279529283	67	68	0.9852941176470589	0.6716417910447762	0.6176470588235294	0.05399473222124673	False
U_ENSG00000273657.1	ENSG00000273657.1	miRNA	chr8	3658307	3658374	+	244	0.237583	67	67	True	True	True	42.0	0.31343283582089554	0.5932203389830508	0.5373134328358209	0.5428897437080116	0.1875586212301332	0.14999234752441917	67	67	1.0	0.6119402985074627	0.5671641791044776	0.04477611940298509	False
U_ENSG00000277533.1	ENSG00000277533.1	miRNA	chr7	25039569	25039644	+	197	0.0	1	75	True	False	False	40.0	0.26666666666666666	0.5652173913043478	0.52	0.6818123607553255	0.46177407259139946	0.1480331236500449	75	75	1.0	0.64	0.6266666666666667	0.013333333333333308	False
U_ENSG00000263967.1	ENSG00000263967.1	miRNA	chr13	52334494	52334584	-	190	0.038856	90	90	True	True	True	46.0	0.25555555555555554	0.5476190476190477	0.5157894736842106	0.7174518091928619	0.3849741916091625	0.12494723486534573	95	90	0.9473684210526315	0.5473684210526316	0.4888888888888889	0.05847953216374274	False
U_ENSG00000274390.1	ENSG00000274390.1	miRNA	chr17	57314886	57314950	-	217	0.191853	20	64	True	False	False	28.0	0.21875	0.6216216216216216	0.43939393939393945	0.6958284380433681	0.43096154398567754	0.132584766430171	66	64	0.9696969696969697	0.6515151515151515	0.578125	0.07339015151515149	False
U_ENSG00000199165.3	ENSG00000199165.3	miRNA	chr13	48691665	48691745	-	194	0.0	80	80	True	True	True	152.0	0.95	1.0	0.9	0.9787359074889339	0.9604322918188726	0.031006199275736432	80	80	1.0	0.425	0.425	0.0	False
U_ENSG00000266437.1	ENSG00000266437.1	miRNA	chr17	56375900	56375966	+	217	0.221253	66	66	True	True	True	24.0	0.18181818181818182	0.4603174603174603	0.5070422535211268	0.5647324586233916	0.25734954899265206	0.17916469497131335	71	66	0.9295774647887324	0.676056338028169	0.6060606060606061	0.06999573196756292	False
U_ENSG00000199072.3	ENSG00000199072.3	miRNA	chr13	48691309	48691396	-	194	0.0	87	87	True	True	True	163.0	0.9367816091954023	0.9879518072289156	0.896551724137931	0.967851932661413	0.9339161919315419	0.036770670467074176	87	87	1.0	0.40229885057471265	0.3793103448275862	0.022988505747126464	False
U_ENSG00000276489.1	ENSG00000276489.1	miRNA	chr16	32488708	32488775	+	248	0.254218	5	67	True	False	False	49.0	0.3656716417910448	0.6612903225806451	0.5223880597014925	0.4813062105098859	0.275404726444125	0.17539146822409432	67	67	1.0	0.6716417910447762	0.5223880597014925	0.14925373134328368	False
U_ENSG00000199133.3	ENSG00000199133.3	miRNA	chr13	48689499	48689586	-	194	0.0	87	87	True	True	True	160.0	0.9195402298850575	0.9759036144578314	0.8850574712643678	0.9473089073456268	0.8994686091253232	0.04350764403225513	87	87	1.0	0.4827586206896552	0.45977011494252873	0.022988505747126464	False
U_ENSG00000264934.1	ENSG00000264934.1	miRNA	chr10	58660577	58660671	-	229	0.356753	0	94	False	False	False	47.0	0.25	0.5930232558139535	0.5353535353535354	0.6713773762605063	0.3787080886833527	0.15656588593750856	99	94	0.9494949494949495	0.5959595959595959	0.5851063829787234	0.010853212980872495	False
U_ENSG00000207695.1	ENSG00000207695.1	miRNA	chr9	89684306	89684390	-	195	0.0	69	84	True	True	False	134.0	0.7976190476190477	0.9036144578313253	0.8690476190476191	0.9166666666666665	0.8272673333707816	0.05902384922369104	84	84	1.0	0.4880952380952381	0.47619047619047616	0.011904761904761918	False
U_tRNA-Gly-TCC-1-1	tRNA-Gly-TCC-1-1	tRNA	chr17	56526127	56526202	+	217	0.172819	0	75	False	False	False	86.0	0.5972222222222222	0.8032786885245902	0.7066666666666667	0.75957661598198	0.5199802274745688	0.12465834797935472	72	75	0.96	0.5694444444444444	0.48	0.08944444444444444	False
U_ENSG00000207612.1	ENSG00000207612.1	miRNA	chr18	5052360	5052454	+	230	0.071132	0	94	False	False	False	45.0	0.2393617021276596	0.5795454545454546	0.5106382978723405	0.7788025183773635	0.4016188887992789	0.10313616179167139	94	94	1.0	0.5425531914893617	0.5425531914893617	0.0	False
U_ENSG00000221716.1	ENSG00000221716.1	snoRNA	chrX	149590854	149590982	-	188	0.161934	128	128	True	True	True	141.0	0.55078125	0.7421875	0.7265625	0.7949906730239681	0.5915753747455099	0.08480574499424415	128	128	1.0	0.5390625	0.5390625	0.0	False
U_ENSG00000266019.1	ENSG00000266019.1	miRNA	chr5	144708090	144708168	+	205	0.08878	26	78	True	False	False	74.0	0.47435897435897434	0.7027027027027027	0.6375	0.6564386345361468	0.43155924998009976	0.1180803344009675	80	78	0.975	0.3875	0.46153846153846156	0.07403846153846155	False
U_ENSG00000222610.1	ENSG00000222610.1	snRNA	chr17	15961787	15961885	-	191	0.487111	0	98	False	False	False	31.0	0.15816326530612246	0.515625	0.4854368932038835	0.6870021400522965	0.41722143706299436	0.15623827213106609	103	98	0.9514563106796117	0.39805825242718446	0.30612244897959184	0.09193580344759261	False
U_ENSG00000264429.1	ENSG00000264429.1	miRNA	chr11	76320558	76320642	-	210	0.241354	0	84	False	False	False	76.0	0.4523809523809524	0.6867469879518072	0.6309523809523809	0.6830051628322487	0.4583626229687711	0.15801056685065062	84	84	1.0	0.6785714285714286	0.5595238095238095	0.11904761904761907	False
U_ENSG00000265507.1	ENSG00000265507.1	miRNA	chr2	128137082	128137158	-	216	0.207756	0	76	False	False	False	49.0	0.3223684210526316	0.671875	0.5375	0.7583187054129722	0.4410356590023173	0.09994981738591588	80	76	0.95	0.55	0.5921052631578947	0.042105263157894646	False
U_ENSG00000277911.1	ENSG00000277911.1	lncRNA	chr11	84371479	84371730	-	167	0.040005	0	251	False	False	False	225.0	0.448207171314741	0.66796875	0.625	0.903888536407716	0.7079210013919278	0.062469197330748696	256	251	0.98046875	0.375	0.3904382470119522	0.015438247011952178	False
U_ENSG00000307065.1	ENSG00000307065.1	lncRNA	chr10	76877122	76877230	+	193	0.205782	0	108	False	False	False	45.0	0.20833333333333334	0.5753424657534246	0.5277777777777778	0.5881317646605562	0.2705086856127589	0.18409080003357203	108	108	1.0	0.32407407407407407	0.49074074074074076	0.16666666666666669	False
U_ENSG00000201847.1	ENSG00000201847.1	snoRNA	chr8	9371236	9371303	-	87	0.240015	0	67	False	False	False	32.0	0.23880597014925373	0.5714285714285714	0.536231884057971	0.5723808082367101	0.3132757502627219	0.19987810889685867	69	67	0.9710144927536232	0.4492753623188406	0.417910447761194	0.03136491455764656	False
U_ENSG00000251890.1	ENSG00000251890.1	rRNA_pseudogene	chr10	85999382	85999476	-	203	0.412735	0	94	False	False	False	24.0	0.1276595744680851	0.5053763440860215	0.4742268041237113	0.6855556274794355	0.3372134902482266	0.1515393657928526	97	94	0.9690721649484536	0.5051546391752577	0.39361702127659576	0.11153761789866196	False
U_ENSG00000252183.1	ENSG00000252183.1	snRNA	chr6	65546593	65546695	+	212	0.09038	0	102	False	False	False	75.0	0.36764705882352944	0.5865384615384616	0.6168224299065421	0.736877222267949	0.410923018508255	0.13077346468982465	107	102	0.9532710280373832	0.37383177570093457	0.3333333333333333	0.04049844236760125	False
U_ENSG00000284268.1	ENSG00000284268.1	miRNA	chr9	21061137	21061217	-	183	0.271025	80	80	True	True	True	65.0	0.40625	0.6710526315789473	0.5925925925925926	0.8068145818662436	0.48357901905706896	0.08952368885858235	81	80	0.9876543209876543	0.7283950617283951	0.7125	0.015895061728395055	False
U_ENSG00000207815.1	ENSG00000207815.1	miRNA	chr14	31565089	31565170	+	220	0.114513	0	81	False	False	False	62.0	0.3924050632911392	0.625	0.5925925925925926	0.6990084666432327	0.3531666410985608	0.12586893901728083	79	81	0.9753086419753086	0.4430379746835443	0.41975308641975306	0.023284888263791215	False
U_ENSG00000263573.1	ENSG00000263573.1	miRNA	chr14	31277967	31278037	-	220	0.175169	0	70	False	False	False	68.0	0.4857142857142857	0.6811594202898551	0.6571428571428571	0.7535704596769035	0.41002050153762815	0.14779766706066044	70	70	1.0	0.5428571428571428	0.6142857142857143	0.07142857142857151	False
U_ENSG00000284159.1	ENSG00000284159.1	miRNA	chr17	57330930	57331034	-	217	0.08747	104	104	True	True	True	61.0	0.29901960784313725	0.5980392156862745	0.5384615384615384	0.6989661221023115	0.35306185559587255	0.10778494288420323	102	104	0.9807692307692307	0.5686274509803921	0.5288461538461539	0.03978129713423828	False
U_ENSG00000252995.1	ENSG00000252995.1	snRNA	chr9	89149831	89149936	+	195	0.456021	0	105	False	False	False	37.0	0.18137254901960784	0.6212121212121212	0.49523809523809526	0.60177085405486	0.2793584913967041	0.15767164517397175	102	105	0.9714285714285714	0.4411764705882353	0.4857142857142857	0.04453781512605043	False
U_ENSG00000275711.1	ENSG00000275711.1	miRNA	chr17	32363594	32363663	-	250	0.091215	4	69	True	False	False	55.0	0.40441176470588236	0.6714285714285714	0.6086956521739131	0.7025737100318589	0.40254255691483337	0.1434959488116023	68	69	0.9855072463768116	0.5882352941176471	0.5362318840579711	0.052003410059676014	False
U_ENSG00000223215.1	ENSG00000223215.1	snRNA	chr8	27446078	27446185	+	201	0.130577	0	107	False	False	False	84.0	0.3925233644859813	0.6226415094339622	0.5555555555555556	0.6825103854343096	0.38456684590847323	0.12886077543463997	108	107	0.9907407407407407	0.4166666666666667	0.4205607476635514	0.003894080996884708	False
U_ENSG00000199161.1	ENSG00000199161.1	miRNA	chr2	26481361	26481446	+	218	0.0	85	85	True	True	True	142.0	0.8352941176470589	0.9036144578313253	0.8705882352941177	0.8624251070214645	0.7439023378502782	0.06941609398625358	85	85	1.0	0.5294117647058824	0.49411764705882355	0.03529411764705881	False
U_ENSG00000284265.1	ENSG00000284265.1	miRNA	chr18	9213097	9213178	+	232	0.123998	81	81	True	True	True	139.0	0.8580246913580247	0.9125	0.8888888888888888	0.8881801708655181	0.7344393121496767	0.06373774391990981	81	81	1.0	0.6419753086419753	0.5925925925925926	0.04938271604938271	False
U_ENSG00000212359.1	ENSG00000212359.1	snRNA	chr6	65841155	65841256	-	212	0.084917	101	101	True	True	True	80.0	0.39603960396039606	0.6326530612244898	0.6336633663366337	0.7902157458116926	0.47693762715555676	0.08	101	101	1.0	0.40594059405940597	0.46534653465346537	0.0594059405940594	False
U_ENSG00000284216.1	ENSG00000284216.1	miRNA	chr10	80378320	80378405	-	189	0.313923	85	85	True	True	True	41.0	0.25625	0.5411764705882353	0.48235294117647054	0.6579370722657554	0.40029827111685584	0.20127781830920627	80	85	0.9411764705882353	0.725	0.6352941176470588	0.08970588235294119	False
U_ENSG00000266593.1	ENSG00000266593.1	miRNA	chr9	54099962	54100035	+	257	0.391645	73	73	True	True	True	47.0	0.3219178082191781	0.6181818181818182	0.42666666666666664	0.540137845136676	0.3302891295379082	0.1764503849300011	75	73	0.9733333333333334	0.5333333333333333	0.4931506849315068	0.040182648401826504	False
U_ENSG00000278643.1	ENSG00000278643.1	misc_RNA	chr9	21589204	21589390	+	183	0.0	182	186	True	True	False	340.0	0.9139784946236559	0.9565217391304348	0.9247311827956989	0.9723387212753518	0.908108237855248	0.036661243152028476	186	186	1.0	0.5967741935483871	0.6182795698924731	0.021505376344086002	False
U_ENSG00000252909.1	ENSG00000252909.1	snRNA	chr5	33095123	33095184	+	283	0.424054	0	61	False	False	False	15.0	0.12295081967213115	0.65	0.4098360655737705	0.4554686199534973	0.1572070363806331	0.19148542155126763	61	61	1.0	0.4098360655737705	0.4426229508196721	0.03278688524590162	False
U_ENSG00000207583.1	ENSG00000207583.1	miRNA	chr14	22172469	22172562	+	78	0.250907	0	93	False	False	False	32.0	0.17204301075268819	0.5466666666666666	0.45833333333333337	0.6620097677936604	0.376591497438927	0.17644445178397733	96	93	0.96875	0.3854166666666667	0.3655913978494624	0.01982526881720431	False
U_ENSG00000265181.1	ENSG00000265181.1	miRNA	chr2	26393991	26394075	-	218	0.443171	0	84	False	False	False	48.0	0.2857142857142857	0.569620253164557	0.5057471264367817	0.5770572180940439	0.36183366023480573	0.22357097463928743	87	84	0.9655172413793104	0.8275862068965517	0.5476190476190477	0.27996715927750404	False
U_ENSG00000207702.1	ENSG00000207702.1	miRNA	chr7	63855553	63855663	+	211	0.0	106	110	True	True	False	156.0	0.7090909090909091	0.8317757009345794	0.8	0.8669307935329589	0.611775290321498	0.07997979712918667	110	110	1.0	0.5909090909090909	0.5727272727272728	0.018181818181818188	False
U_ENSG00000201560.1	ENSG00000201560.1	snRNA	chr5	129959705	129959812	-	246	0.081903	0	107	False	False	False	36.0	0.16822429906542055	0.5903614457831325	0.5046728971962617	0.6832415780747897	0.41335896394651395	0.11933123245918413	107	107	1.0	0.411214953271028	0.5046728971962616	0.0934579439252336	False
U_ENSG00000278340.1	ENSG00000278340.1	miRNA	chr7	126156999	126157069	-	337	0.036177	0	70	False	False	False	75.0	0.5357142857142857	0.7384615384615385	0.6857142857142857	0.7111306211351517	0.39805287765445396	0.09829463743659808	70	70	1.0	0.5714285714285714	0.5	0.0714285714285714	False
U_ENSG00000284311.1	ENSG00000284311.1	miRNA	chr11	58879595	58879657	+	261	0.0	3	62	True	False	False	60.0	0.4838709677419355	0.6949152542372882	0.6612903225806452	0.7330166661378313	0.533113989983183	0.10874179640509508	62	62	1.0	0.6451612903225806	0.6451612903225806	0.0	False
U_ENSG00000207630.1	ENSG00000207630.1	miRNA	chr17	56549985	56550095	+	217	0.0	108	110	True	True	False	145.0	0.6590909090909091	0.8018867924528302	0.7818181818181819	0.7879904610501187	0.5696519211398116	0.058023443305841825	110	110	1.0	0.4909090909090909	0.4818181818181818	0.009090909090909094	False
U_ENSG00000283334.1	ENSG00000283334.1	miRNA	chrX	151757035	151757119	-	556	0.519396	0	84	False	False	False	19.0	0.1130952380952381	0.5833333333333334	0.44318181818181823	0.24931034351370204	0.08509140416960993	0.3226195255257567	88	84	0.9545454545454546	0.32954545454545453	0.5833333333333334	0.25378787878787884	False
U_ENSG00000238778.1	ENSG00000238778.1	snRNA	chr6	66924132	66924188	+	249	0.518766	0	56	False	False	False	20.0	0.17857142857142858	0.6842105263157895	0.42622950819672134	0.5360361007641083	0.2964324305999625	0.250380793555438	61	56	0.9180327868852459	0.4098360655737705	0.5535714285714286	0.1437353629976581	False
U_ENSG00000275868.1	ENSG00000275868.1	miRNA	chr7	52914768	52914854	-	565	0.15249	0	86	False	False	False	36.0	0.20930232558139536	0.6296296296296297	0.4534883720930233	0.7087097217202357	0.34441906853611304	0.12994542373161483	86	86	1.0	0.4186046511627907	0.45348837209302323	0.03488372093023251	False
U_ENSG00000277370.1	ENSG00000277370.1	snoRNA	chr11	62494276	62494347	+	252	0.0	71	71	True	True	True	105.0	0.7394366197183099	0.8450704225352113	0.8309859154929577	0.8446610183292099	0.6208870363541762	0.07559289460184544	71	71	1.0	0.43661971830985913	0.49295774647887325	0.05633802816901412	False
U_ENSG00000239183.1	ENSG00000239183.1	snoRNA	chr13	49837772	49837905	+	194	0.0	129	133	True	True	False	204.0	0.7669172932330827	0.8604651162790697	0.8045112781954887	0.9059448935103434	0.7745892519711267	0.08017428215347244	133	133	1.0	0.556390977443609	0.518796992481203	0.03759398496240596	False
U_ENSG00000278549.1	ENSG00000278549.1	miRNA	chr3	96611317	96611376	+	258	0.099424	2	59	True	False	False	52.0	0.4406779661016949	0.7358490566037735	0.6271186440677966	0.7541183351645186	0.43259045634870014	0.11693672384698738	59	59	1.0	0.6101694915254238	0.6101694915254238	0.0	False
U_ENSG00000207741.1	ENSG00000207741.1	miRNA	chr5	134652738	134652835	-	224	0.110926	97	97	True	True	True	110.0	0.5670103092783505	0.7608695652173914	0.6701030927835052	0.8737941365070218	0.5901441258588569	0.08462540004829126	97	97	1.0	0.35051546391752575	0.3711340206185567	0.020618556701030966	False
U_ENSG00000265850.1	ENSG00000265850.1	miRNA	chr16	31486587	31486653	+	248	0.446639	0	66	False	False	False	35.0	0.26515151515151514	0.6382978723404256	0.5211267605633803	0.6503823779662705	0.42830382228334946	0.14225570776082253	71	66	0.9295774647887324	0.43661971830985913	0.4696969696969697	0.033077251387110596	False
U_ENSG00000284163.1	ENSG00000284163.1	miRNA	chr11	59104082	59104161	-	261	0.0	0	79	False	False	False	63.0	0.3987341772151899	0.6625	0.6455696202531646	0.8855026331934196	0.5955016129935059	0.06783977720678437	79	79	1.0	0.7088607594936709	0.6708860759493671	0.03797468354430378	False
U_ENSG00000269782.1	ENSG00000269782.1	miRNA	chr17	32607983	32608041	+	250	0.037351	58	58	True	True	True	96.0	0.8275862068965517	0.8947368421052632	0.8360655737704918	0.8903636195446735	0.7640188386764069	0.08958541355569676	61	58	0.9508196721311475	0.819672131147541	0.7931034482758621	0.026568682871678906	False
U_ENSG00000278265.1	ENSG00000278265.1	miRNA	chr17	24800476	24800537	+	1044	0.263401	1	61	True	False	False	36.0	0.3	0.6	0.5245901639344263	0.6363961030678928	0.41082130936235894	0.17810594451884076	60	61	0.9836065573770492	0.6	0.4918032786885246	0.1081967213114754	False
U_ENSG00000283334.1	ENSG00000283334.1	miRNA	chrX	151821057	151821141	+	975	0.519396	84	84	True	True	True	19.0	0.1130952380952381	0.5833333333333334	0.44318181818181823	0.24931034351370204	0.08509140416960993	0.3226195255257567	88	84	0.9545454545454546	0.32954545454545453	0.5833333333333334	0.25378787878787884	False
U_ENSG00000284518.1	ENSG00000284518.1	miRNA	chr5	138260033	138260098	-	330	0.159433	65	65	True	True	True	80.0	0.6153846153846154	0.8	0.7230769230769231	0.750280802404717	0.5738045840530311	0.11692679333668567	65	65	1.0	0.5846153846153846	0.6307692307692307	0.0461538461538461	False
U_ENSG00000199219.1	ENSG00000199219.1	snRNA	chr11	31350662	31350764	-	223	0.482585	17	102	True	False	False	37.0	0.18137254901960784	0.5274725274725275	0.4672897196261683	0.8718106511012714	0.5358583367139749	0.07958812064496962	107	102	0.9532710280373832	0.35514018691588783	0.30392156862745096	0.05121861828843688	False
U_ENSG00000207575.1	ENSG00000207575.1	miRNA	chr16	17396288	17396385	-	331	0.398098	0	97	False	False	False	31.0	0.15979381443298968	0.527027027027027	0.4329896907216495	0.5701339226616383	0.31991300244393145	0.18517071702740812	97	97	1.0	0.36082474226804123	0.5154639175257731	0.1546391752577319	False
U_ENSG00000284541.1	ENSG00000284541.1	miRNA	chr7	125987166	125987245	-	337	0.166173	0	79	False	False	False	63.0	0.3987341772151899	0.6447368421052632	0.5316455696202531	0.7784238683192961	0.5497283491522292	0.09065471553673685	79	79	1.0	0.4810126582278481	0.5443037974683544	0.06329113924050633	False
U_ENSG00000207960.1	ENSG00000207960.1	miRNA	chr12	117214425	117214512	+	243	0.0	69	87	True	True	False	164.0	0.9425287356321839	0.9764705882352941	0.9310344827586207	0.9575494154218644	0.908601084040261	0.04651162790697674	87	87	1.0	0.4367816091954023	0.4482758620689655	0.011494252873563204	False
U_ENSG00000206775.1	ENSG00000206775.1	snoRNA	chr10	81014781	81014847	+	270	0.0	64	66	True	True	False	84.0	0.6363636363636364	0.8064516129032258	0.7272727272727273	0.8675686938776037	0.6298216484293452	0.07536891516255934	66	66	1.0	0.4393939393939394	0.4393939393939394	0.0	False
U_ENSG00000284082.1	ENSG00000284082.1	miRNA	chr5	32896264	32896324	-	283	0.093956	60	60	True	True	True	32.0	0.26666666666666666	0.6	0.49230769230769234	0.7700547458795922	0.43922929595966587	0.12594911326861888	65	60	0.9230769230769231	0.6461538461538462	0.5666666666666667	0.07948717948717954	False
U_ENSG00000200852.1	ENSG00000200852.1	rRNA_pseudogene	chrX	76155257	76155375	+	309	0.311405	0	118	False	False	False	26.0	0.11016949152542373	0.48514851485148514	0.4201680672268907	0.706788307639255	0.3221521454177098	0.13346872805486243	119	118	0.9915966386554622	0.5042016806722689	0.4322033898305085	0.0719982908417604	False
U_ENSG00000277108.1	ENSG00000277108.1	snoRNA	chr11	62493910	62493978	+	252	0.263997	68	68	True	True	True	73.0	0.5367647058823529	0.7424242424242424	0.6666666666666667	0.5770413177654617	0.36751918200303124	0.1397097177410217	72	68	0.9444444444444444	0.4444444444444444	0.47058823529411764	0.02614379084967322	False
U_ENSG00000277512.1	ENSG00000277512.1	snoRNA	chr11	62495337	62495410	+	252	0.0	73	73	True	True	True	126.0	0.863013698630137	0.9436619718309859	0.8767123287671232	0.8897792370766441	0.7790697674418605	0.07856742013183862	73	73	1.0	0.3972602739726027	0.3972602739726027	0.0	False
U_ENSG00000277030.1	ENSG00000277030.1	miRNA	chr12	113320363	113320428	+	2518	0.179636	65	65	True	True	True	28.0	0.2153846153846154	0.559322033898305	0.5538461538461539	0.6359459499326667	0.31478562528930154	0.1514899955442603	65	65	1.0	0.6461538461538462	0.5538461538461539	0.09230769230769231	False
U_tRNA-Glu-CTC-1-1	tRNA-Glu-CTC-1-1	tRNA	chr3	96408766	96408838	-	258	0.0	68	72	True	True	False	136.0	0.9444444444444444	1.0	0.8888888888888888	0.9767441860465118	0.959233614045449	0.03983700175698859	72	72	1.0	0.6527777777777778	0.6388888888888888	0.01388888888888895	False
U_tRNA-Gly-TCC-2-1	tRNA-Gly-TCC-2-1	tRNA	chr3	96408328	96408400	-	258	0.0	68	72	True	True	False	136.0	0.9444444444444444	1.0	0.8888888888888888	0.972316007224343	0.9575009918562866	0.03449985553215744	72	72	1.0	0.5833333333333334	0.5694444444444444	0.01388888888888895	False
U_ENSG00000277418.1	ENSG00000277418.1	rRNA	chr16	15173374	15173481	-	233	0.176194	0	107	False	False	False	98.0	0.4803921568627451	0.6831683168316832	0.6542056074766356	0.8717210035547986	0.6394473059939005	0.061183569677023514	102	107	0.9532710280373832	0.5490196078431373	0.5514018691588785	0.002382261315741152	False
U_tRNA-His-GTG-1-1	tRNA-His-GTG-1-1	tRNA	chr3	96407685	96407757	-	258	0.0	68	72	True	True	False	136.0	0.9444444444444444	1.0	0.8888888888888888	0.9702573302931148	0.9487959266039734	0.028169014084507043	72	72	1.0	0.5694444444444444	0.5694444444444444	0.0	False
U_ENSG00000201805.1	ENSG00000201805.1	snRNA	chr2	24198899	24199007	+	259	0.196933	0	108	False	False	False	32.0	0.14953271028037382	0.5348837209302325	0.4444444444444444	0.7076544610681945	0.35610726776723955	0.1155873062987858	107	108	0.9907407407407407	0.45794392523364486	0.35185185185185186	0.106092073381793	False
U_ENSG00000284062.1	ENSG00000284062.1	miRNA	chr8	26609857	26609936	+	435	0.27341	79	79	True	True	True	53.0	0.33544303797468356	0.6197183098591549	0.5063291139240507	0.7235881194000942	0.36380343755449945	0.1416071925280418	79	79	1.0	0.7215189873417721	0.7468354430379747	0.025316455696202556	False
U_ENSG00000206739.1	ENSG00000206739.1	misc_RNA	chr16	17665277	17665389	+	452	0.472398	0	112	False	False	False	45.0	0.20089285714285715	0.5487804878048781	0.4642857142857143	0.7147777337979239	0.3871290027153088	0.1073547323226395	112	112	1.0	0.44642857142857145	0.4375	0.008928571428571452	False
U_ENSG00000278433.1	ENSG00000278433.1	miRNA	chr17	32223284	32223386	-	234	0.170174	0	102	False	False	False	72.0	0.35294117647058826	0.6326530612244898	0.5631067961165048	0.8154277965986116	0.440831015022387	0.09914019162250735	103	102	0.9902912621359223	0.5631067961165048	0.49019607843137253	0.0729107176851323	False
U_ENSG00000280496.1	ENSG00000280496.1	snoRNA	chr2	26527865	26528001	-	218	0.0	136	136	True	True	True	168.0	0.6176470588235294	0.7647058823529411	0.6911764705882353	0.7995926739882946	0.6122448979591836	0.09658077637337258	136	136	1.0	0.5514705882352942	0.5367647058823529	0.014705882352941235	False
U_ENSG00000221740.1	ENSG00000221740.1	snoRNA	chr5	24057204	24057278	+	325	0.0	74	74	True	True	True	114.0	0.7702702702702703	0.8648648648648649	0.8243243243243243	0.9021391320357052	0.7780201964507809	0.0821917808219178	74	74	1.0	0.4189189189189189	0.4864864864864865	0.0675675675675676	False
U_ENSG00000276161.1	ENSG00000276161.1	snoRNA	chr2	26527866	26527996	-	218	0.0	130	130	True	True	True	156.0	0.6	0.7538461538461538	0.7	0.7831935076879669	0.5833838361976619	0.09805512124553113	130	130	1.0	0.5538461538461539	0.5461538461538461	0.007692307692307776	False
U_ENSG00000274998.1	ENSG00000274998.1	snoRNA	chr2	26529205	26529338	-	218	0.0	133	133	True	True	True	203.0	0.7631578947368421	0.8661417322834646	0.8045112781954887	0.9148368011324803	0.7212671815061285	0.06247129735784335	133	133	1.0	0.5263157894736842	0.5338345864661654	0.007518796992481258	False
U_ENSG00000284277.1	ENSG00000284277.1	miRNA	chr2	32193581	32193645	+	1631	0.074317	50	64	True	True	False	87.0	0.6796875	0.7936507936507936	0.7391304347826086	0.652619178360732	0.36905381294044115	0.11789365837779396	69	64	0.927536231884058	0.6521739130434783	0.65625	0.0040760869565217295	False
U_ENSG00000281808.1	ENSG00000281808.1	snoRNA	chr2	26529206	26529338	-	218	0.0	132	132	True	True	True	202.0	0.7651515151515151	0.872	0.803030303030303	0.9158214229030862	0.7277438415607344	0.06010693033596802	132	132	1.0	0.5227272727272727	0.5378787878787878	0.015151515151515138	False
U_ENSG00000265160.1	ENSG00000265160.1	miRNA	chr17	26645698	26645797	+	247	0.3768	0	99	False	False	False	42.0	0.21212121212121213	0.6190476190476191	0.48484848484848486	0.5527734974884996	0.2521737528671053	0.1651674903697821	99	99	1.0	0.48484848484848486	0.48484848484848486	0.0	False
U_ENSG00000276311.1	ENSG00000276311.1	miRNA	chr17	24796658	24796725	+	766	0.176635	2	67	True	False	False	28.0	0.208955223880597	0.543859649122807	0.4328358208955224	0.49126188318454933	0.2710687382741972	0.18055114072443917	67	67	1.0	0.6716417910447762	0.5373134328358209	0.13432835820895528	False
U_ENSG00000222490.1	ENSG00000222490.1	snRNA	chr16	62759111	62759206	-	779	0.45749	0	95	False	False	False	40.0	0.21052631578947367	0.569620253164557	0.48	0.7543233268559466	0.44816304160073633	0.10989624761254639	100	95	0.95	0.36	0.3157894736842105	0.04421052631578948	False
U_ENSG00000252272.1	ENSG00000252272.1	rRNA_pseudogene	chr7	40090433	40090535	+	242	0.328252	0	102	False	False	False	36.0	0.17647058823529413	0.5529411764705883	0.5094339622641509	0.7725791666292553	0.44675602680893656	0.11980709191740323	106	102	0.9622641509433962	0.4339622641509434	0.43137254901960786	0.002589715131335546	False
U_ENSG00000207550.1	ENSG00000207550.1	miRNA	chr17	18050447	18050517	+	631	0.0	68	70	True	True	False	136.0	0.9714285714285714	1.0	0.9428571428571428	0.9867543820659304	0.9761870601839528	0.028985507246376815	70	70	1.0	0.6714285714285714	0.6714285714285714	0.0	False
U_ENSG00000198972.3	ENSG00000198972.3	miRNA	chr17	18050618	18050697	+	631	0.0	79	79	True	True	True	148.0	0.9367088607594937	0.974025974025974	0.9240506329113924	0.9591761792715396	0.9124211282466754	0.044411559168432736	79	79	1.0	0.569620253164557	0.569620253164557	0.0	False
U_ENSG00000207547.1	ENSG00000207547.1	miRNA	chr5	138163584	138163668	-	330	0.0	84	84	True	True	True	164.0	0.9761904761904762	1.0	0.9523809523809523	0.9907407407407407	0.9821820073972781	0.02409638554216867	84	84	1.0	0.6309523809523809	0.6190476190476191	0.011904761904761862	False
U_ENSG00000208008.1	ENSG00000208008.1	miRNA	chr17	18051064	18051150	+	631	0.0	68	86	True	True	False	157.0	0.9127906976744186	0.9418604651162791	0.9418604651162791	0.9366667271086481	0.8599756074682575	0.06655122646461624	86	86	1.0	0.5930232558139535	0.6511627906976745	0.05813953488372092	False
U_ENSG00000207757.1	ENSG00000207757.1	miRNA	chr5	138163790	138163870	-	330	0.0	80	80	True	True	True	145.0	0.90625	0.961038961038961	0.9125	0.9550329376979163	0.873684210526316	0.03100619927573644	80	80	1.0	0.6	0.5625	0.03749999999999998	False
U_ENSG00000208036.1	ENSG00000208036.1	miRNA	chr5	138164002	138164084	-	330	0.0	78	82	True	True	False	147.0	0.8963414634146342	0.9615384615384616	0.8658536585365854	0.9524101275988448	0.8784964328179593	0.055211554999994805	82	82	1.0	0.6097560975609756	0.573170731707317	0.03658536585365857	False
U_ENSG00000283845.1	ENSG00000283845.1	miRNA	chr7	126088809	126088898	+	337	0.033603	89	89	True	True	True	130.0	0.7303370786516854	0.875	0.7640449438202247	0.8776006318944852	0.7496097847258197	0.07364478066372569	89	89	1.0	0.651685393258427	0.6292134831460674	0.022471910112359605	False
U_ENSG00000278267.1	ENSG00000278267.1	miRNA	chr17	66423555	66423620	+	6791	0.181406	65	65	True	True	True	32.0	0.24615384615384617	0.6	0.5294117647058824	0.660616696074515	0.27801921874276636	0.16948917084424805	68	65	0.9558823529411765	0.6176470588235294	0.676923076923077	0.05927601809954752	False
U_nm-tRNA-Tyr-GTA-chr2-23	nm-tRNA-Tyr-GTA-chr2-23	tRNA	chrM	5258	5324	-	3186	0.0	65	66	True	True	False	93.0	0.7045454545454546	0.8307692307692308	0.7878787878787878	0.7978559231302818	0.6242209737815232	0.0870285269152674	66	66	1.0	0.4090909090909091	0.3333333333333333	0.0757575757575758	False
U_ENSG00000275259.1	ENSG00000275259.1	miRNA	chr17	24796658	24796725	+	1044	0.176635	2	67	True	False	False	28.0	0.208955223880597	0.543859649122807	0.4328358208955224	0.49126188318454933	0.2710687382741972	0.18055114072443917	67	67	1.0	0.6716417910447762	0.5373134328358209	0.13432835820895528	False
U_ENSG00000264483.1	ENSG00000264483.1	miRNA	chr11	59203604	59203693	+	261	0.423803	0	89	False	False	False	30.0	0.16853932584269662	0.4936708860759494	0.43617021276595747	0.615111519197856	0.36205256863418533	0.1722697972895588	94	89	0.9468085106382979	0.7021276595744681	0.5730337078651685	0.1290939517092996	False
U_ENSG00000223262.1	ENSG00000223262.1	rRNA_pseudogene	chr17	31278588	31278702	+	234	0.0	114	114	True	True	True	61.0	0.2675438596491228	0.5350877192982456	0.5175438596491229	0.7036786841138436	0.4195315943520017	0.07612677227471351	114	114	1.0	0.5263157894736842	0.5	0.02631578947368418	False
U_ENSG00000275449.1	ENSG00000275449.1	miRNA	chr17	66423555	66423620	+	7100	0.181406	65	65	True	True	True	32.0	0.24615384615384617	0.6	0.5294117647058824	0.660616696074515	0.27801921874276636	0.16948917084424805	68	65	0.9558823529411765	0.6176470588235294	0.676923076923077	0.05927601809954752	False
U_ENSG00000266750.1	ENSG00000266750.1	miRNA	chr13	33255672	33255750	+	1192	0.24734	0	78	False	False	False	29.0	0.18831168831168832	0.5846153846153846	0.4871794871794872	0.6212083502909816	0.32189285898270115	0.13419995620842964	77	78	0.9871794871794872	0.44155844155844154	0.5	0.05844155844155846	False
U_ENSG00000273874.1	ENSG00000273874.1	miRNA	chr17	66423555	66423620	+	7124	0.181406	65	65	True	True	True	32.0	0.24615384615384617	0.6	0.5294117647058824	0.660616696074515	0.27801921874276636	0.16948917084424805	68	65	0.9558823529411765	0.6176470588235294	0.676923076923077	0.05927601809954752	False
U_ENSG00000284172.1	ENSG00000284172.1	miRNA	chr11	103285776	103285849	-	1231	0.0	73	73	True	True	True	125.0	0.8561643835616438	0.9041095890410958	0.904109589041096	0.8907337387831413	0.8036830424667041	0.07081971546656646	73	73	1.0	0.5616438356164384	0.5616438356164384	0.0	False
U_ENSG00000266328.3	ENSG00000266328.3	miRNA	chrX	151757031	151757120	+	556	0.540809	0	89	False	False	False	19.0	0.10795454545454546	0.5833333333333334	0.4269662921348315	0.248794216592538	0.09358192003574065	0.31074296355529246	88	89	0.9887640449438202	0.32954545454545453	0.5730337078651685	0.24348825331971397	False
U_ENSG00000252725.1	ENSG00000252725.1	snRNA	chr13	64617709	64617813	+	315	0.080926	0	104	False	False	False	84.0	0.42424242424242425	0.6703296703296703	0.625	0.765493286311315	0.4718344383640064	0.09958297297437041	99	104	0.9519230769230769	0.46464646464646464	0.41346153846153844	0.051184926184926205	False
U_ENSG00000202273.1	ENSG00000202273.1	misc_RNA	chr5	143652762	143652869	+	255	0.25547	0	107	False	False	False	27.0	0.13106796116504854	0.5208333333333334	0.4579439252336449	0.7141370929813539	0.350500977455742	0.1368146823513528	103	107	0.9626168224299065	0.4077669902912621	0.38317757009345793	0.02458942019780419	False
U_ENSG00000284334.1	ENSG00000284334.1	miRNA	chr5	135718092	135718170	+	246	0.144265	14	78	True	False	False	47.0	0.3219178082191781	0.5921052631578947	0.5897435897435898	0.6130529629035839	0.36913816866588367	0.14677863364990082	73	78	0.9358974358974359	0.7671232876712328	0.6538461538461539	0.11327713382507898	False
U_ENSG00000278658.1	ENSG00000278658.1	miRNA	chr6	87884702	87884800	+	361	0.132751	98	98	True	True	True	40.0	0.20408163265306123	0.55	0.47959183673469385	0.5681455375622093	0.21788781469966953	0.16103607579188978	98	98	1.0	0.5204081632653061	0.5102040816326531	0.010204081632653073	False
U_ENSG00000275449.1	ENSG00000275449.1	miRNA	chr6	121498182	121498251	+	2798	0.186753	0	69	False	False	False	33.0	0.2426470588235294	0.6111111111111112	0.5507246376811594	0.6169671642229306	0.2200985481713567	0.12681553581285165	68	69	0.9855072463768116	0.6176470588235294	0.4927536231884058	0.12489343563512362	False
U_ENSG00000201165.1	ENSG00000201165.1	snRNA	chr5	129959742	129959844	-	1722	0.173791	0	102	False	False	False	34.0	0.16666666666666666	0.575	0.44859813084112155	0.7061194312315664	0.4621340056693295	0.15004080202195558	107	102	0.9532710280373832	0.38317757009345793	0.39215686274509803	0.008979292651640103	False
U_ENSG00000278267.1	ENSG00000278267.1	miRNA	chr6	121498182	121498251	+	2934	0.186753	0	69	False	False	False	33.0	0.2426470588235294	0.6111111111111112	0.5507246376811594	0.6169671642229306	0.2200985481713567	0.12681553581285165	68	69	0.9855072463768116	0.6176470588235294	0.4927536231884058	0.12489343563512362	False
U_ENSG00000251975.1	ENSG00000251975.1	snRNA	chr18	50641771	50641873	+	305	0.048828	0	102	False	False	False	83.0	0.4068627450980392	0.6666666666666666	0.5714285714285714	0.729116285599456	0.4338949994015196	0.12294990802068487	105	102	0.9714285714285714	0.34285714285714286	0.37254901960784315	0.029691876750700286	False
U_ENSG00000274172.1	ENSG00000274172.1	miRNA	chr12	113267210	113267274	+	1284	0.095816	64	64	True	True	True	27.0	0.2109375	0.5531914893617021	0.4461538461538461	0.6759608545789297	0.39386055988558566	0.1483151510232642	65	64	0.9846153846153847	0.6461538461538462	0.5625	0.08365384615384619	False
U_ENSG00000273874.1	ENSG00000273874.1	miRNA	chr6	121498182	121498251	+	3092	0.186753	0	69	False	False	False	33.0	0.2426470588235294	0.6111111111111112	0.5507246376811594	0.6169671642229306	0.2200985481713567	0.12681553581285165	68	69	0.9855072463768116	0.6176470588235294	0.4927536231884058	0.12489343563512362	False
U_ENSG00000221475.1	ENSG00000221475.1	snoRNA	chrX	93498603	93498731	-	637	0.215769	110	128	True	True	False	84.0	0.328125	0.6310679611650486	0.5546875	0.6537917293907982	0.3883907024893711	0.13997156562701715	128	128	1.0	0.5546875	0.40625	0.1484375	False
U_ENSG00000207652.1	ENSG00000207652.1	miRNA	chr8	22867001	22867094	-	729	0.20201	93	93	True	True	True	45.0	0.24193548387096775	0.5679012345679012	0.5	0.6911217192139391	0.39433358032526633	0.13395184013752526	96	93	0.96875	0.5520833333333334	0.5591397849462365	0.007056451612903136	False
U_ENSG00000266328.3	ENSG00000266328.3	miRNA	chrX	151821056	151821145	-	975	0.540809	89	89	True	True	True	19.0	0.10795454545454546	0.5833333333333334	0.4269662921348315	0.248794216592538	0.09358192003574065	0.31074296355529246	88	89	0.9887640449438202	0.32954545454545453	0.5730337078651685	0.24348825331971397	False
U_ENSG00000199378.1	ENSG00000199378.1	misc_RNA	chr1	94719697	94719800	-	335	0.589204	0	103	False	False	False	29.0	0.1407766990291262	0.5205479452054794	0.4271844660194175	0.5491346404807023	0.3147706032286744	0.195587621012353	103	103	1.0	0.4174757281553398	0.2912621359223301	0.1262135922330097	False
U_ENSG00000200217.1	ENSG00000200217.1	snRNA	chr19	52928621	52928729	-	1680	0.558793	0	108	False	False	False	34.0	0.1574074074074074	0.5106382978723404	0.4537037037037037	0.7015937056521039	0.3939424016728551	0.14357281771717023	108	108	1.0	0.37962962962962965	0.32407407407407407	0.05555555555555558	False
U_ENSG00000252948.1	ENSG00000252948.1	snRNA	chr1	134838185	134838289	+	393	0.51052	0	104	False	False	False	34.0	0.16346153846153846	0.5616438356164384	0.4423076923076923	0.572350225657846	0.2763696236342198	0.1446569361723431	104	104	1.0	0.36538461538461536	0.46153846153846156	0.0961538461538462	False
U_ENSG00000252515.2	ENSG00000252515.2	snRNA	chr3	97859956	97860057	-	424	0.448327	0	101	False	False	False	36.0	0.1782178217821782	0.5454545454545454	0.38613861386138615	0.6877155029737472	0.4003678537537224	0.12409673645990855	101	101	1.0	0.4158415841584158	0.42574257425742573	0.00990099009900991	False
U_ENSG00000199732.1	ENSG00000199732.1	misc_RNA	chr13	67124565	67124667	-	458	0.420664	0	102	False	False	False	32.0	0.1568627450980392	0.5384615384615384	0.42156862745098034	0.6468803782731248	0.36827762628709737	0.15465840942389417	102	102	1.0	0.45098039215686275	0.47058823529411764	0.019607843137254888	False
U_ENSG00000252468.1	ENSG00000252468.1	snRNA	chrX	119216852	119217038	+	231	0.598908	0	186	False	False	False	62.0	0.16666666666666666	0.5057471264367817	0.4869109947643979	0.6326593912682765	0.4405678191382878	0.2097587985372143	191	186	0.9738219895287958	0.4397905759162304	0.20430107526881722	0.23548950064741317	False
U_ENSG00000223037.1	ENSG00000223037.1	snRNA	chr8	65877131	65877236	+	555	0.495652	0	105	False	False	False	36.0	0.17142857142857143	0.5416666666666666	0.46226415094339623	0.6421751417377073	0.2763591418498072	0.09944565857953844	106	105	0.9905660377358491	0.3867924528301887	0.4666666666666667	0.07987421383647797	False
U_ENSG00000206634.1	ENSG00000206634.1	snoRNA	chr5	129866602	129866737	+	246	0.0	135	135	True	True	True	212.0	0.7910447761194029	0.8787878787878788	0.8666666666666667	0.8455964936862002	0.7038847673124388	0.09899361197158908	134	135	0.9925925925925926	0.41044776119402987	0.43703703703703706	0.026589275843007187	False
U_ENSG00000252397.1	ENSG00000252397.1	snRNA	chr5	151569263	151569369	+	1082	0.625194	0	106	False	False	False	44.0	0.20754716981132076	0.6	0.4504504504504504	0.7248149727375744	0.4931436519702947	0.17065943159454755	111	106	0.954954954954955	0.36936936936936937	0.2169811320754717	0.15238823729389767	False
U_ENSG00000206785.1	ENSG00000206785.1	snoRNA	chr5	129871604	129871739	+	246	0.0	131	135	True	True	False	193.0	0.7148148148148148	0.8321167883211679	0.8	0.9128024726609875	0.7576928565668023	0.039488825538277476	135	135	1.0	0.362962962962963	0.34074074074074073	0.022222222222222254	False
U_ENSG00000200361.1	ENSG00000200361.1	misc_RNA	chr16	51001151	51001251	+	703	0.580631	0	100	False	False	False	37.0	0.185	0.5974025974025974	0.42156862745098034	0.485330926860932	0.2359753385045712	0.22149083761557184	102	100	0.9803921568627451	0.4215686274509804	0.37	0.0515686274509804	False
U_nm-tRNA-Tyr-GTA-chr17-33	nm-tRNA-Tyr-GTA-chr17-33	tRNA	chrM	5261	5327	-	3101	0.0	65	66	True	True	False	108.0	0.8181818181818182	0.9076923076923077	0.8636363636363636	0.86412554814851	0.7830251122627312	0.08140773264814126	66	66	1.0	0.3939393939393939	0.3333333333333333	0.06060606060606061	False
U_nm-tRNA-Tyr-ATA-chr1-64	nm-tRNA-Tyr-ATA-chr1-64	tRNA	chrM	5261	5327	-	3155	0.0	65	66	True	True	False	105.0	0.7954545454545454	0.8923076923076924	0.8484848484848485	0.8369089954509191	0.7455959446600408	0.07216024245882201	66	66	1.0	0.3484848484848485	0.3333333333333333	0.015151515151515194	False
U_ENSG00000206706.1	ENSG00000206706.1	misc_RNA	chr17	24775004	24775100	-	766	0.15199	0	96	False	False	False	37.0	0.19270833333333334	0.5595238095238095	0.5	0.7340656869643813	0.4134160248082696	0.09719758796422517	100	96	0.96	0.46	0.46875	0.00874999999999998	False
U_ENSG00000201789.1	ENSG00000201789.1	snRNA	chr3	97859956	97860057	-	793	0.448327	0	101	False	False	False	36.0	0.1782178217821782	0.5454545454545454	0.38613861386138615	0.6877155029737472	0.4003678537537224	0.12409673645990855	101	101	1.0	0.4158415841584158	0.42574257425742573	0.00990099009900991	False
U_ENSG00000275344.1	ENSG00000275344.1	miRNA	chr19	11533201	11533284	+	4142	0.425521	0	83	False	False	False	22.0	0.13253012048192772	0.5471698113207547	0.41860465116279066	0.522331903733827	0.26687641631049724	0.18965926992012935	86	83	0.9651162790697675	0.5697674418604651	0.40963855421686746	0.16012888764359767	False
U_ENSG00000278028.1	ENSG00000278028.1	misc_RNA	chr15	102986047	102986162	-	578	0.593423	0	115	False	False	False	33.0	0.14732142857142858	0.5108695652173914	0.4434782608695652	0.6015930629982543	0.29467550706448653	0.1691120903904592	112	115	0.9739130434782609	0.44642857142857145	0.41739130434782606	0.029037267080745388	False
U_ENSG00000238933.1	ENSG00000238933.1	misc_RNA	chr15	102986057	102986169	-	580	0.521007	0	112	False	False	False	32.0	0.14285714285714285	0.55	0.4553571428571429	0.6212862689216165	0.28662813648132046	0.16513786288129154	112	112	1.0	0.45535714285714285	0.44642857142857145	0.008928571428571397	False
U_ENSG00000276723.1	ENSG00000276723.1	misc_RNA	chr15	102986057	102986169	-	588	0.525712	0	112	False	False	False	33.0	0.14732142857142858	0.5376344086021505	0.4464285714285714	0.6011576098940689	0.2675549331908729	0.1769989432827793	112	112	1.0	0.44642857142857145	0.44642857142857145	0.0	False
U_ENSG00000238749.1	ENSG00000238749.1	misc_RNA	chr15	102986057	102986169	-	611	0.521007	0	112	False	False	False	32.0	0.14285714285714285	0.55	0.4553571428571429	0.6212862689216165	0.28662813648132046	0.16513786288129154	112	112	1.0	0.45535714285714285	0.44642857142857145	0.008928571428571397	False
U_ENSG00000275904.1	ENSG00000275904.1	misc_RNA	chr15	102986057	102986169	-	613	0.521007	0	112	False	False	False	32.0	0.14285714285714285	0.55	0.4553571428571429	0.6212862689216165	0.28662813648132046	0.16513786288129154	112	112	1.0	0.45535714285714285	0.44642857142857145	0.008928571428571397	False
U_ENSG00000207606.1	ENSG00000207606.1	miRNA	chr3	94659408	94659499	-	1107	0.0	0	91	False	False	False	56.0	0.3076923076923077	0.6097560975609756	0.5520833333333333	0.7464701823445491	0.4230722485811841	0.10519816056967887	96	91	0.9479166666666666	0.4895833333333333	0.4725274725274725	0.0170558608058608	False
U_ENSG00000284253.1	ENSG00000284253.1	miRNA	chrM	1991	2035	+	13489	0.0	44	44	True	True	True	70.0	0.7954545454545454	0.9024390243902439	0.8181818181818181	0.7369555266607761	0.6819943394704735	0.1273773389546898	44	44	1.0	0.4772727272727273	0.5227272727272727	0.045454545454545414	False
U_ENSG00000212024.2	ENSG00000212024.2	miRNA	chr6	54798055	54798150	+	5766	0.232835	0	95	False	False	False	31.0	0.1631578947368421	0.547945205479452	0.42105263157894735	0.699677433748562	0.421784405269553	0.13706488007154388	95	95	1.0	0.5052631578947369	0.5368421052631579	0.03157894736842104	False
U_ENSG00000283126.1	ENSG00000283126.1	miRNA	chr14	81601022	81601099	+	6121	0.081291	0	77	False	False	False	134.0	0.8701298701298701	0.9210526315789473	0.8961038961038961	0.8973773046971532	0.8286090080634121	0.07206875756646922	77	77	1.0	0.3246753246753247	0.35064935064935066	0.025974025974025983	False
U_ENSG00000266039.1	ENSG00000266039.1	miRNA	chr14	115775364	115775458	+	1142	0.368432	0	94	False	False	False	25.0	0.13297872340425532	0.4657534246575342	0.4148936170212766	0.7670300165239399	0.3736937644380965	0.12259950807517613	94	94	1.0	0.3191489361702128	0.32978723404255317	0.010638297872340385	False
U_nmt-tRNA-Leu-TAA-4-1	nmt-tRNA-Leu-TAA-4-1	tRNA	chrM	2672	2747	+	2882	0.0	72	75	True	True	False	103.0	0.6866666666666666	0.8169014084507042	0.76	0.7455139459490594	0.5401789639276124	0.10112587531821464	75	75	1.0	0.38666666666666666	0.4533333333333333	0.06666666666666665	False
U_nmt-tRNA-Gln-TTG-3-1	nmt-tRNA-Gln-TTG-3-1	tRNA	chrM	3771	3843	-	3186	0.011534	71	72	True	True	False	107.0	0.7430555555555556	0.8472222222222222	0.8333333333333334	0.8332957593174469	0.663492210962813	0.08450704225352113	72	72	1.0	0.375	0.3611111111111111	0.013888888888888895	False
U_ENSG00000238765.1	ENSG00000238765.1	rRNA_pseudogene	chr3	143792250	143792378	+	505	0.377942	0	128	False	False	False	47.0	0.1910569105691057	0.6142857142857143	0.4375	0.7449870535353533	0.4174287527966404	0.09389074973025702	123	128	0.9609375	0.42276422764227645	0.4765625	0.05379827235772355	False
U_ENSG00000207716.1	ENSG00000207716.1	miRNA	chr17	24633879	24633974	+	8915	0.134401	95	95	True	True	True	96.0	0.5052631578947369	0.6888888888888889	0.6105263157894737	0.8495791763590295	0.6452641142044572	0.10638297872340426	95	95	1.0	0.7894736842105263	0.7157894736842105	0.0736842105263158	False
U_ENSG00000290028.2	ENSG00000290028.2	lncRNA	chr16	15891069	15891284	-	233	0.13446	0	215	False	False	False	87.0	0.20232558139534884	0.5265486725663717	0.4883720930232558	0.8283072119331043	0.5924843760379311	0.08692091232587978	215	215	1.0	0.3488372093023256	0.4418604651162791	0.09302325581395349	False
U_ENSG00000283592.1	ENSG00000283592.1	misc_RNA	chr15	102986057	102986169	-	971	0.523323	0	112	False	False	False	32.0	0.14285714285714285	0.55	0.4553571428571429	0.6188587933350207	0.2958787079631823	0.16950349299303405	112	112	1.0	0.44642857142857145	0.44642857142857145	0.0	False
U_ENSG00000264824.1	ENSG00000264824.1	miRNA	chr16	19028458	19028571	-	5219	0.24765	0	113	False	False	False	65.0	0.28761061946902655	0.5816326530612245	0.49557522123893805	0.7533114194050285	0.4540229885057471	0.09942436362196468	113	113	1.0	0.4336283185840708	0.3805309734513274	0.05309734513274339	False
U_ENSG00000283813.1	ENSG00000283813.1	miRNA	chr15	57353364	57353416	-	153732	0.213152	0	52	False	False	False	62.0	0.5961538461538461	0.7307692307692307	0.6666666666666667	0.578728195419608	0.35305338554802046	0.18707246265993163	57	52	0.9122807017543859	0.6140350877192983	0.5	0.11403508771929827	False
U_ENSG00000206603.1	ENSG00000206603.1	snoRNA	chr5	129866601	129866739	+	554	0.0	135	138	True	True	False	200.0	0.7246376811594203	0.8529411764705882	0.8188405797101449	0.8797305261949179	0.7242486824147758	0.08128123157416091	138	138	1.0	0.4057971014492754	0.427536231884058	0.021739130434782594	False
U_ENSG00000207168.1	ENSG00000207168.1	snoRNA	chr5	129871605	129871738	+	554	0.0	130	133	True	True	False	180.0	0.6766917293233082	0.8235294117647058	0.7894736842105263	0.8946548443971949	0.695855199866874	0.045454545454545456	133	133	1.0	0.3684210526315789	0.3458646616541353	0.022556390977443608	False
U_ENSG00000283813.1	ENSG00000283813.1	miRNA	chrM	1968	2025	+	14423	0.0	57	57	True	True	True	88.0	0.7719298245614035	0.8571428571428571	0.8245614035087719	0.8817204301075269	0.66703734596507	0.0668153104781061	57	57	1.0	0.6140350877192983	0.5789473684210527	0.03508771929824561	False
U_ENSG00000207088.1	ENSG00000207088.1	snoRNA	chr6	115784938	115785073	-	595	0.02144	135	135	True	True	True	218.0	0.8074074074074075	0.8814814814814815	0.8489208633093526	0.8851075075399161	0.7293202281011308	0.06844315491695127	139	135	0.9712230215827338	0.5683453237410072	0.5259259259259259	0.042419397815081306	False
U_ENSG00000278739.1	ENSG00000278739.1	miRNA	chr6	121498182	121498251	+	16755	0.186753	0	69	False	False	False	33.0	0.2426470588235294	0.6111111111111112	0.5507246376811594	0.6169671642229306	0.2200985481713567	0.12681553581285165	68	69	0.9855072463768116	0.6176470588235294	0.4927536231884058	0.12489343563512362	False
U_tRNA-Cys-GCA-16-1	tRNA-Cys-GCA-16-1	tRNA	chr6	48346810	48346881	-	8128	0.126034	0	71	False	False	False	92.0	0.647887323943662	0.7910447761194029	0.7361111111111112	0.6978631577988532	0.43806158638060605	0.1259451271881811	72	71	0.9861111111111112	0.5416666666666666	0.43661971830985913	0.1050469483568075	False
U_ENSG00000284277.1	ENSG00000284277.1	miRNA	chr2	38866505	38866574	+	95150	0.051756	56	69	True	True	False	80.0	0.5797101449275363	0.7313432835820896	0.6956521739130435	0.7678241826331913	0.4636869624047492	0.09065314710248495	69	69	1.0	0.6521739130434783	0.6521739130434783	0.0	False
U_ENSG00000264426.1	ENSG00000264426.1	miRNA	chr5	142680627	142680704	+	3297	0.204707	0	77	False	False	False	41.0	0.2662337662337662	0.5967741935483871	0.5	0.7017742227035977	0.34640150158448363	0.1255504687834861	80	77	0.9625	0.6	0.5974025974025974	0.0025974025974025983	False
U_ENSG00000264757.1	ENSG00000264757.1	miRNA	chr15	103100430	103100510	-	61811	0.231904	80	80	True	True	True	47.0	0.29375	0.6440677966101694	0.5125	0.6401280384128044	0.33913043478260874	0.1398146964200919	80	80	1.0	0.5625	0.5125	0.050000000000000044	False
U_tRNA-Ile-GAT-1-2	tRNA-Ile-GAT-1-2	tRNA	chr12	110811769	110811843	+	7578	0.0	72	74	True	True	False	120.0	0.8108108108108109	0.8888888888888888	0.8378378378378378	0.85449639710422	0.6507913734559686	0.07749115410263534	74	74	1.0	0.6351351351351351	0.6081081081081081	0.027027027027026973	False
U_ENSG00000265510.1	ENSG00000265510.1	miRNA	chr2	127548376	127548461	+	4745	0.272022	0	85	False	False	False	48.0	0.2823529411764706	0.6	0.5176470588235293	0.6576189824077858	0.369061695926418	0.13256581816261956	85	85	1.0	0.5529411764705883	0.4588235294117647	0.09411764705882358	False
U_ENSG00000298150.1	ENSG00000298150.1	lncRNA	chr7	63589002	63589236	+	211	0.066892	234	234	True	True	True	156.0	0.33476394849785407	0.5964912280701754	0.5683760683760684	0.899002567815266	0.6749035591800202	0.07331492163561945	233	234	0.9957264957264957	0.7381974248927039	0.688034188034188	0.05016323685851587	False
U_tRNA-Ile-GAT-1-1	tRNA-Ile-GAT-1-1	tRNA	chr12	110811769	110811843	+	7934	0.0	72	74	True	True	False	120.0	0.8108108108108109	0.8888888888888888	0.8378378378378378	0.85449639710422	0.6507913734559686	0.07749115410263534	74	74	1.0	0.6351351351351351	0.6081081081081081	0.027027027027026973	False
U_ENSG00000276941.1	ENSG00000276941.1	miRNA	chr14	115775364	115775458	+	3017	0.368432	0	94	False	False	False	25.0	0.13297872340425532	0.4657534246575342	0.4148936170212766	0.7670300165239399	0.3736937644380965	0.12259950807517613	94	94	1.0	0.3191489361702128	0.32978723404255317	0.010638297872340385	False
U_ENSG00000265214.1	ENSG00000265214.1	miRNA	chr5	142680627	142680704	+	5736	0.204707	0	77	False	False	False	41.0	0.2662337662337662	0.5967741935483871	0.5	0.7017742227035977	0.34640150158448363	0.1255504687834861	80	77	0.9625	0.6	0.5974025974025974	0.0025974025974025983	False
U_tRNA-Cys-GCA-22-1	tRNA-Cys-GCA-22-1	tRNA	chr6	48341382	48341452	-	8128	0.0	68	70	True	True	False	101.0	0.7214285714285714	0.835820895522388	0.7857142857142857	0.8123623944599232	0.6011753194417435	0.0982946374365981	70	70	1.0	0.5428571428571428	0.5285714285714286	0.014285714285714235	False
U_ENSG00000207511.1	ENSG00000207511.1	snRNA	chr4	143157939	143158041	-	2864	0.182237	0	102	False	False	False	30.0	0.14705882352941177	0.5128205128205128	0.4299065420560748	0.6521284403941785	0.3562479568747498	0.1639220065484811	107	102	0.9532710280373832	0.45794392523364486	0.4019607843137255	0.05598314091991935	False
U_tRNA-Cys-GCA-12-1	tRNA-Cys-GCA-12-1	tRNA	chr6	48173956	48174028	+	8128	0.0	69	72	True	True	False	132.0	0.9166666666666666	0.9710144927536232	0.8888888888888888	0.9398255470157902	0.8750565008233566	0.059755502635482884	72	72	1.0	0.5138888888888888	0.5555555555555556	0.04166666666666674	False
U_ENSG00000284253.1	ENSG00000284253.1	miRNA	chr15	57353352	57353396	-	83866	0.491856	0	44	False	False	False	47.0	0.5340909090909091	0.7567567567567568	0.6363636363636364	0.5447047794019221	0.3485681607602393	0.18604651162790697	44	44	1.0	0.4772727272727273	0.45454545454545453	0.022727272727272763	False
U_ENSG00000263964.1	ENSG00000263964.1	miRNA	chr14	115775364	115775458	+	3472	0.368432	0	94	False	False	False	25.0	0.13297872340425532	0.4657534246575342	0.4148936170212766	0.7670300165239399	0.3736937644380965	0.12259950807517613	94	94	1.0	0.3191489361702128	0.32978723404255317	0.010638297872340385	False
U_ENSG00000303553.1	ENSG00000303553.1	lncRNA	chr19	32364405	32364571	+	269	0.067588	0	166	False	False	False	129.0	0.3885542168674699	0.608433734939759	0.536144578313253	0.8473065682789364	0.6290567487205935	0.08265564664839913	166	166	1.0	0.42168674698795183	0.463855421686747	0.04216867469879515	False
U_ENSG00000275344.1	ENSG00000275344.1	miRNA	chr19	11485286	11485369	+	8877	0.563535	83	83	True	True	True	34.0	0.20481927710843373	0.5492957746478874	0.39534883720930236	0.4744514792248929	0.2383205151236772	0.2201038528252082	86	83	0.9651162790697675	0.5697674418604651	0.37349397590361444	0.1962734659568507	False
U_ENSG00000252594.1	ENSG00000252594.1	snRNA	chrM	27	129	-	6967	0.508423	60	102	True	True	False	24.0	0.11764705882352941	0.5308641975308642	0.4299065420560748	0.5837519633229633	0.25298590876316723	0.14860523352249444	107	102	0.9532710280373832	0.4485981308411215	0.35294117647058826	0.09565695437053323	False
U_ENSG00000200424.1	ENSG00000200424.1	snRNA	chrX	113925461	113925568	-	35031	0.345393	0	107	False	False	False	29.0	0.13551401869158877	0.5373134328358209	0.4672897196261683	0.6428980317308168	0.250243651582006	0.11241863479068853	107	107	1.0	0.4485981308411215	0.48598130841121495	0.03738317757009346	False
U_ENSG00000275449.1	ENSG00000275449.1	miRNA	chr1	46058143	46058209	+	310510	0.217905	0	66	False	False	False	26.0	0.19696969696969696	0.5254237288135594	0.5294117647058824	0.503948957969759	0.15001172012346986	0.17782729291498023	68	66	0.9705882352941176	0.6176470588235294	0.4393939393939394	0.17825311942959005	False
U_ENSG00000263811.1	ENSG00000263811.1	miRNA	chr3	97620656	97620733	+	13771	0.178771	0	77	False	False	False	67.0	0.4589041095890411	0.6714285714285714	0.6493506493506493	0.6148466634526945	0.3252462512726967	0.13982066638250887	73	77	0.948051948051948	0.410958904109589	0.4935064935064935	0.08254758939690449	False
U_tRNA-Cys-GCA-20-1	tRNA-Cys-GCA-20-1	tRNA	chr6	48137109	48137181	+	14683	0.0	69	72	True	True	False	123.0	0.8541666666666666	0.927536231884058	0.8472222222222222	0.9140324272155838	0.8126650413382094	0.05975550263548288	72	72	1.0	0.5555555555555556	0.5555555555555556	0.0	False
U_tRNA-Cys-GCA-19-1	tRNA-Cys-GCA-19-1	tRNA	chr6	48186773	48186845	-	14683	0.0	70	72	True	True	False	128.0	0.8888888888888888	0.9428571428571428	0.8888888888888888	0.9228806721947356	0.8195664314786578	0.06606219380032999	72	72	1.0	0.5277777777777778	0.5833333333333334	0.05555555555555558	False
U_ENSG00000297479.1	ENSG00000297479.1	lncRNA	chr9	54858098	54858342	-	236	0.066418	184	244	True	True	False	212.0	0.4344262295081967	0.6877637130801688	0.6311475409836065	0.9129189585825747	0.7604079078014134	0.05397068744281482	244	244	1.0	0.6352459016393442	0.6680327868852459	0.032786885245901676	False
U_ENSG00000221393.1	ENSG00000221393.1	miRNA	chr12	34914733	34914827	+	80	0.263739	0	94	False	False	False	36.0	0.2	0.5121951219512195	0.44680851063829785	0.7681586263000865	0.532581765111464	0.11314845531107325	90	94	0.9574468085106383	0.2777777777777778	0.32978723404255317	0.05200945626477538	False
U_ENSG00000199914.1	ENSG00000199914.1	snoRNA	chr12	109640358	109640427	+	171347	0.237168	69	69	True	True	True	56.0	0.4057971014492754	0.6774193548387096	0.6285714285714286	0.5752797935618943	0.24327592229865588	0.15122500922515147	70	69	0.9857142857142858	0.4714285714285714	0.43478260869565216	0.03664596273291926	False
U_ENSG00000212556.1	ENSG00000212556.1	misc_RNA	chr6	89127437	89127540	-	5513	0.547791	0	103	False	False	False	28.0	0.13725490196078433	0.6	0.44660194174757284	0.6369524155779659	0.29543947393437575	0.1623380556313129	102	103	0.9902912621359223	0.4411764705882353	0.46601941747572817	0.02484294688749289	False
U_ENSG00000200553.1	ENSG00000200553.1	misc_RNA	chr3	124368605	124368707	-	28469	0.51856	0	102	False	False	False	26.0	0.12745098039215685	0.5076923076923077	0.48039215686274506	0.7621923744374458	0.3238040333688361	0.09181800490589805	102	102	1.0	0.39215686274509803	0.37254901960784315	0.019607843137254888	False
U_ENSG00000199448.1	ENSG00000199448.1	snRNA	chr7	62458495	62458593	-	81826	0.486914	0	98	False	False	False	31.0	0.15816326530612246	0.5148514851485149	0.49514563106796117	0.6413106838602606	0.33954757132320845	0.1391559155727919	103	98	0.9514563106796117	0.3786407766990291	0.3673469387755102	0.011293837923518901	False
U_ENSG00000200424.1	ENSG00000200424.1	snRNA	chr3	92549021	92549129	+	38944	0.558084	0	108	False	False	False	30.0	0.14018691588785046	0.5051546391752577	0.4444444444444444	0.5530117910244878	0.297507375199124	0.1868091825859356	107	108	0.9907407407407407	0.4485981308411215	0.3055555555555556	0.1430425752855659	False
U_ENSG00000295278.1	ENSG00000295278.1	lncRNA	chr16	32386658	32386858	+	248	0.181111	0	200	False	False	False	49.0	0.12311557788944724	0.4858757062146893	0.46499999999999997	0.5016932701201555	0.2415951012597399	0.20834448720779025	199	200	0.995	0.4723618090452261	0.495	0.022638190954773874	False
U_tRNA-Cys-GCA-12-1	tRNA-Cys-GCA-12-1	tRNA	chr6	48186772	48186844	-	59838	0.0	71	72	True	True	False	128.0	0.8888888888888888	0.9428571428571428	0.9027777777777778	0.9006863799659567	0.7809746187373299	0.06899971106431488	72	72	1.0	0.5138888888888888	0.5833333333333334	0.06944444444444453	False
U_ENSG00000199855.1	ENSG00000199855.1	snRNA	chr7	62458490	62458597	-	114465	0.486925	0	107	False	False	False	36.0	0.16822429906542055	0.5774647887323944	0.44859813084112155	0.7029184753463745	0.39789178504159506	0.13605853869675433	107	107	1.0	0.3925233644859813	0.3925233644859813	0.0	False
U_ENSG00000283894.1	ENSG00000283894.1	miRNA	chr11	74551299	74551395	+	8195	0.108724	26	96	True	False	False	56.0	0.2916666666666667	0.5824175824175825	0.5	0.7886571216413221	0.5432036843178161	0.0929659038560826	96	96	1.0	0.5729166666666666	0.6041666666666666	0.03125	False
U_ENSG00000207573.1	ENSG00000207573.1	miRNA	chr6	54798056	54798150	+	9178	0.245106	0	94	False	False	False	36.0	0.19148936170212766	0.5454545454545454	0.44329896907216493	0.7569485648326628	0.4785439676814754	0.12315268395197053	97	94	0.9690721649484536	0.5360824742268041	0.5425531914893617	0.006470717262557546	False
U_nm-tRNA-Tyr-GTA-chr9-10	nm-tRNA-Tyr-GTA-chr9-10	tRNA	chr7	75537525	75537591	-	204379	0.201365	0	66	False	False	False	83.0	0.6287878787878788	0.7727272727272727	0.7575757575757576	0.8154811277380793	0.5557249839082458	0.0870285269152674	66	66	1.0	0.3939393939393939	0.4090909090909091	0.015151515151515194	False
U_ENSG00000212424.1	ENSG00000212424.1	snRNA	chr2	122058240	122058400	-	849	0.473306	0	160	False	False	False	42.0	0.13125	0.5102040816326531	0.4727272727272728	0.7318049804191037	0.3791594576988186	0.11133934236529848	165	160	0.9696969696969697	0.4909090909090909	0.44375	0.04715909090909093	False
U_ENSG00000283461.1	ENSG00000283461.1	miRNA	chr6	54798062	54798162	-	9178	0.291425	0	100	False	False	False	35.0	0.18041237113402062	0.5542168674698795	0.43999999999999995	0.7939414513448771	0.4894573342830324	0.09177521260675678	97	100	0.97	0.5360824742268041	0.53	0.00608247422680408	False
U_ENSG00000277482.1	ENSG00000277482.1	lncRNA	chr9	54641895	54642119	+	236	0.289975	0	224	False	False	False	78.0	0.17410714285714285	0.5374149659863946	0.4598214285714286	0.6525931733828518	0.3751442212308351	0.178923204872287	224	224	1.0	0.4955357142857143	0.5089285714285714	0.013392857142857095	False
U_tRNA-Cys-GCA-19-1	tRNA-Cys-GCA-19-1	tRNA	chr6	48173956	48174028	+	65575	0.0	69	72	True	True	False	132.0	0.9166666666666666	0.9710144927536232	0.8888888888888888	0.9342824988521437	0.8717744738365213	0.06298783035210674	72	72	1.0	0.5277777777777778	0.5555555555555556	0.02777777777777779	False
U_ENSG00000299405.1	ENSG00000299405.1	lncRNA	chr16	15707602	15707843	+	233	0.164408	241	241	True	True	True	133.0	0.2805907172995781	0.6237113402061856	0.4481327800829875	0.6216803199646533	0.39885858969819754	0.16865808504333132	237	241	0.983402489626556	0.5147679324894515	0.46887966804979253	0.04588826443965899	False
U_ENSG00000212432.1	ENSG00000212432.1	snoRNA	chr17	66431768	66431916	-	2008	0.384977	0	148	False	False	False	54.0	0.18243243243243243	0.5	0.46621621621621623	0.5600107746539454	0.359633451118868	0.22988769045871835	148	148	1.0	0.3918918918918919	0.3918918918918919	0.0	False
U_ENSG00000222087.1	ENSG00000222087.1	snRNA	chr7	62458497	62458601	-	78481	0.493905	0	104	False	False	False	40.0	0.19230769230769232	0.5257731958762887	0.48571428571428577	0.7612416821422106	0.48491991812953233	0.10592463668640377	105	104	0.9904761904761905	0.4095238095238095	0.375	0.03452380952380951	False
U_ENSG00000201695.1	ENSG00000201695.1	rRNA_pseudogene	chr7	46392263	46392382	-	21082	0.375055	103	119	True	True	False	26.0	0.11016949152542373	0.5	0.4201680672268907	0.7213841020236837	0.4217830051630598	0.12218069001756694	118	119	0.9915966386554622	0.5084745762711864	0.5462184873949579	0.03774391112377151	False
U_ENSG00000265537.1	ENSG00000265537.1	miRNA	chr17	24768782	24768876	+	1044	0.163661	69	94	True	True	False	53.0	0.28191489361702127	0.5978260869565217	0.574468085106383	0.7686636242373941	0.5650422892384528	0.13853869598629168	94	94	1.0	0.7553191489361702	0.7127659574468085	0.042553191489361764	False
U_ENSG00000201500.1	ENSG00000201500.1	snoRNA	chr12	109651390	109651468	+	171347	0.151625	73	78	True	True	False	58.0	0.3717948717948718	0.6896551724137931	0.5641025641025641	0.7266874061204867	0.541876304355003	0.14693127920759427	78	78	1.0	0.3974358974358974	0.41025641025641024	0.01282051282051283	False
U_tRNA-Cys-GCA-3-1	tRNA-Cys-GCA-3-1	tRNA	chr6	48173956	48174028	+	106000	0.0	69	72	True	True	False	135.0	0.9375	0.9855072463768116	0.9027777777777778	0.9588235294117645	0.9111673577457983	0.052699399813717476	72	72	1.0	0.5694444444444444	0.5555555555555556	0.01388888888888884	False
U_ENSG00000297087.1	ENSG00000297087.1	lncRNA	chr19	5497347	5497506	-	74	0.145155	159	159	True	True	True	41.0	0.1289308176100629	0.5595238095238095	0.40625	0.6369997944682316	0.36156848567334504	0.08618366380160493	160	159	0.99375	0.45625	0.4276729559748428	0.028577044025157206	False
U_ENSG00000272344.1	ENSG00000272344.1	snoRNA	chr12	109654487	109654559	+	119574	0.172156	72	72	True	True	True	85.0	0.5902777777777778	0.7571428571428571	0.7222222222222222	0.7714512310001159	0.47562067037851796	0.11783944035691203	72	72	1.0	0.4722222222222222	0.4166666666666667	0.055555555555555525	False
U_ENSG00000253074.1	ENSG00000253074.1	snRNA	chr6	67451445	67451548	-	249	0.354246	0	103	False	False	False	51.0	0.24757281553398058	0.5760869565217391	0.5480769230769231	0.692165496711412	0.4228568871614456	0.13128196706837966	104	103	0.9903846153846154	0.4230769230769231	0.4854368932038835	0.06235997012696043	False
U_ENSG00000202293.1	ENSG00000202293.1	snoRNA	chr12	109655907	109655978	+	119574	0.191046	68	71	True	True	False	69.0	0.4859154929577465	0.7083333333333334	0.6527777777777778	0.7815038703165378	0.4867793004494179	0.12123433527298788	72	71	0.9861111111111112	0.4583333333333333	0.4788732394366197	0.020539906103286376	False
U_ENSG00000200406.1	ENSG00000200406.1	snoRNA	chr12	109656794	109656863	+	119574	0.376342	0	69	False	False	False	36.0	0.2608695652173913	0.5625	0.5	0.5296181455313752	0.28111804570873833	0.18552559847183578	72	69	0.9583333333333334	0.4583333333333333	0.43478260869565216	0.023550724637681153	False
U_ENSG00000221065.1	ENSG00000221065.1	miRNA	chr2	32195905	32195988	+	1834	0.097763	0	83	False	False	False	68.0	0.4146341463414634	0.7058823529411765	0.5421686746987953	0.8241879542791952	0.5255699536919669	0.10563892814936571	82	83	0.9879518072289156	0.7317073170731707	0.6626506024096386	0.06905671466353214	False
U_ENSG00000212440.1	ENSG00000212440.1	snoRNA	chr17	66431768	66431918	-	2004	0.365602	0	150	False	False	False	59.0	0.19666666666666666	0.5367647058823529	0.45999999999999996	0.558951538640861	0.3498123917376911	0.22660326196153194	150	150	1.0	0.3933333333333333	0.3933333333333333	0.0	False
U_ENSG00000199593.1	ENSG00000199593.1	snoRNA	chr12	109639872	109639947	+	171347	0.511191	75	75	True	True	True	32.0	0.21333333333333335	0.5862068965517241	0.43999999999999995	0.7418056037176972	0.37375644148431797	0.12385339716096866	75	75	1.0	0.4666666666666667	0.5333333333333333	0.06666666666666665	False
U_ENSG00000221363.1	ENSG00000221363.1	snRNA	chr18	11041695	11041821	+	8082	0.128359	0	126	False	False	False	43.0	0.17063492063492064	0.5046728971962616	0.4881889763779528	0.7030972756286872	0.3592402322885355	0.13855510367666032	127	126	0.9921259842519685	0.4251968503937008	0.4444444444444444	0.01924759405074361	False
U_ENSG00000201569.1	ENSG00000201569.1	snoRNA	chr12	109647233	109647308	+	171347	0.102478	75	75	True	True	True	86.0	0.5733333333333334	0.726027397260274	0.72	0.8098352494273972	0.5353033790313109	0.10467522557317342	75	75	1.0	0.4266666666666667	0.4533333333333333	0.026666666666666616	False
U_ENSG00000201255.1	ENSG00000201255.1	snRNA	chr11	76764855	76764961	+	18999	0.567119	0	106	False	False	False	35.0	0.16826923076923078	0.5882352941176471	0.4528301886792453	0.6410437372959111	0.32217667593252997	0.14456003430881825	104	106	0.9811320754716981	0.4326923076923077	0.37735849056603776	0.055333817126269946	False
U_ENSG00000200336.1	ENSG00000200336.1	rRNA_pseudogene	chr7	46401278	46401397	+	21082	0.363168	103	119	True	True	False	29.0	0.1228813559322034	0.48484848484848486	0.4117647058823529	0.7288114831903149	0.4266592712657745	0.11855484260977198	118	119	0.9915966386554622	0.5084745762711864	0.5546218487394958	0.04614727246830941	False
U_ENSG00000263881.1	ENSG00000263881.1	miRNA	chr2	127548375	127548466	-	23033	0.37648	0	91	False	False	False	51.0	0.2802197802197802	0.6025641025641025	0.5494505494505495	0.6724201619105119	0.33648868878635346	0.1286204100310025	91	91	1.0	0.5824175824175825	0.46153846153846156	0.1208791208791209	False
U_ENSG00000252721.1	ENSG00000252721.1	snRNA	chr15	74564746	74564849	-	253485	0.394074	0	103	False	False	False	29.0	0.1407766990291262	0.4895833333333333	0.4563106796116505	0.5862027264253616	0.2628998435739287	0.12007302660701853	103	103	1.0	0.4077669902912621	0.46601941747572817	0.05825242718446605	False
U_ENSG00000206906.1	ENSG00000206906.1	snRNA	chr7	62458492	62458601	-	151357	0.50868	0	109	False	False	False	31.0	0.14485981308411214	0.5050505050505051	0.4678899082568807	0.7354749115694663	0.4401951669357345	0.10228349943463694	107	109	0.981651376146789	0.40186915887850466	0.3853211009174312	0.016548057961073448	False
U_ENSG00000265733.1	ENSG00000265733.1	snoRNA	chr14	31913807	31914008	-	409	0.0	197	201	True	True	False	265.0	0.6592039800995025	0.7929292929292929	0.7661691542288558	0.8980138561229132	0.7168211765279697	0.06204836822995428	201	201	1.0	0.5124378109452736	0.5024875621890548	0.00995024875621886	False
U_ENSG00000276138.1	ENSG00000276138.1	snRNA	chr7	62458492	62458601	-	154239	0.50868	0	109	False	False	False	31.0	0.14485981308411214	0.5050505050505051	0.4678899082568807	0.7354749115694663	0.4401951669357345	0.10228349943463694	107	109	0.981651376146789	0.40186915887850466	0.3853211009174312	0.016548057961073448	False
U_ENSG00000272344.1	ENSG00000272344.1	snoRNA	chr12	109653231	109653303	+	202342	0.155432	72	72	True	True	True	85.0	0.5902777777777778	0.7323943661971831	0.7222222222222222	0.7454390302540422	0.5207483495585049	0.13361736592260756	72	72	1.0	0.4722222222222222	0.4305555555555556	0.04166666666666663	False
U_ENSG00000200424.1	ENSG00000200424.1	snRNA	chr16	11334918	11335025	-	329175	0.526357	0	107	False	False	False	34.0	0.1588785046728972	0.5294117647058824	0.4112149532710281	0.796158172440296	0.5099205755334125	0.10072715332105012	107	107	1.0	0.4485981308411215	0.35514018691588783	0.09345794392523366	False
U_ENSG00000293832.1	ENSG00000293832.1	lncRNA	chr7	126690097	126690330	-	245	0.209505	0	233	False	False	False	59.0	0.12660944206008584	0.4788135593220339	0.44635193133047213	0.6538438274501177	0.4299968514422326	0.18549512751163805	233	233	1.0	0.5450643776824035	0.6094420600858369	0.06437768240343344	False
U_ENSG00000275344.1	ENSG00000275344.1	miRNA	chr19	11438248	11438338	+	169236	0.455166	0	90	False	False	False	25.0	0.14534883720930233	0.532258064516129	0.4444444444444444	0.5138199967021418	0.30889869232550815	0.19415507863029965	86	90	0.9555555555555556	0.5697674418604651	0.4111111111111111	0.15865633074935404	False
U_ENSG00000251757.1	ENSG00000251757.1	snRNA	chr15	74564743	74564850	-	341594	0.385851	0	107	False	False	False	35.0	0.16355140186915887	0.5	0.4672897196261683	0.6372890826213099	0.29306679387258183	0.10334387877455965	107	107	1.0	0.45794392523364486	0.4672897196261682	0.009345794392523366	False
U_ENSG00000200424.1	ENSG00000200424.1	snRNA	chr11	82029914	82030021	+	61274	0.490769	0	107	False	False	False	28.0	0.1308411214953271	0.5102040816326531	0.4392523364485982	0.7004161465393911	0.37442263245202967	0.10072715332105009	107	107	1.0	0.4485981308411215	0.4205607476635514	0.028037383177570097	False
U_ENSG00000212199.1	ENSG00000212199.1	snRNA	chr15	74564743	74564850	-	354358	0.382512	0	107	False	False	False	35.0	0.16355140186915887	0.5096153846153846	0.4672897196261683	0.635465721252099	0.3180552072482779	0.10673309904702606	107	107	1.0	0.4485981308411215	0.4672897196261682	0.01869158878504673	False
U_ENSG00000221649.1	ENSG00000221649.1	miRNA	chr2	32195905	32195988	+	3933	0.097763	0	83	False	False	False	68.0	0.4146341463414634	0.7058823529411765	0.5421686746987953	0.8241879542791952	0.5255699536919669	0.10563892814936571	82	83	0.9879518072289156	0.7317073170731707	0.6626506024096386	0.06905671466353214	False
U_ENSG00000200413.1	ENSG00000200413.1	snoRNA	chr12	109653659	109653731	+	202342	0.245957	0	72	False	False	False	58.0	0.4027777777777778	0.6486486486486487	0.5833333333333333	0.7056383330734465	0.41150259164021796	0.1463704907804685	72	72	1.0	0.4722222222222222	0.4166666666666667	0.055555555555555525	False
U_ENSG00000200480.1	ENSG00000200480.1	snoRNA	chr12	109654487	109654559	+	202342	0.155928	72	72	True	True	True	77.0	0.5347222222222222	0.7246376811594203	0.6805555555555556	0.7729909832856809	0.42502371850324144	0.13361736592260756	72	72	1.0	0.4722222222222222	0.4166666666666667	0.055555555555555525	False
U_ENSG00000200424.1	ENSG00000200424.1	snRNA	chr18	8382376	8382483	+	70380	0.500269	0	107	False	False	False	27.0	0.1261682242990654	0.4675324675324675	0.4299065420560748	0.533245530346535	0.272003702154978	0.19698691526246323	107	107	1.0	0.4485981308411215	0.3177570093457944	0.13084112149532712	False
U_ENSG00000221059.1	ENSG00000221059.1	snRNA	chr5	69909751	69909877	-	16752	0.0	120	126	True	True	False	189.0	0.75	0.8717948717948718	0.7777777777777778	0.8168888143282922	0.7142857142857144	0.09121403400793103	126	126	1.0	0.42063492063492064	0.4523809523809524	0.031746031746031744	False
U_ENSG00000278188.1	ENSG00000278188.1	snRNA	chr2	111049848	111049949	-	82646	0.473946	0	101	False	False	False	29.0	0.14356435643564355	0.5411764705882353	0.5	0.6811415371614232	0.32891091747976303	0.14319483895993565	106	101	0.9528301886792453	0.39622641509433965	0.3564356435643564	0.039790771529983227	False
U_ENSG00000276138.1	ENSG00000276138.1	snRNA	chr2	111049849	111049951	-	84848	0.494694	0	102	False	False	False	32.0	0.1568627450980392	0.5238095238095238	0.4953271028037384	0.6564329652805246	0.3200426752018968	0.15491948973381392	107	102	0.9532710280373832	0.40186915887850466	0.3627450980392157	0.03912406083928899	False
U_ENSG00000264500.1	ENSG00000264500.1	miRNA	chr11	58221082	58221145	-	461	0.453469	63	63	True	True	True	49.0	0.3888888888888889	0.7045454545454546	0.5671641791044777	0.47373159119912184	0.299409249523348	0.28838080059670507	67	63	0.9402985074626866	0.582089552238806	0.2857142857142857	0.2963752665245203	False
U_ENSG00000207294.1	ENSG00000207294.1	misc_RNA	chr17	24775004	24775100	-	118005	0.15199	0	96	False	False	False	37.0	0.19270833333333334	0.5595238095238095	0.5	0.7340656869643813	0.4134160248082696	0.09719758796422517	100	96	0.96	0.46	0.46875	0.00874999999999998	False
U_ENSG00000275933.1	ENSG00000275933.1	misc_RNA	chr3	97780089	97780339	+	276	0.265836	0	250	False	False	False	158.0	0.316	0.6052631578947368	0.56	0.8226605534885543	0.5983528949298533	0.09754986185936641	250	250	1.0	0.42	0.432	0.01200000000000001	False
U_tRNA-Cys-GCA-12-1	tRNA-Cys-GCA-12-1	tRNA	chr6	48309777	48309849	-	325717	0.0	68	72	True	True	False	130.0	0.9027777777777778	0.9705882352941176	0.8611111111111112	0.9249999999999998	0.8620689655172412	0.06298783035210676	72	72	1.0	0.5138888888888888	0.5277777777777778	0.01388888888888895	False
U_ENSG00000273591.1	ENSG00000273591.1	misc_RNA	chr3	97780089	97780339	+	297	0.266804	0	250	False	False	False	158.0	0.316	0.6052631578947368	0.56	0.8204495292214808	0.5870850689618086	0.09902673097138918	250	250	1.0	0.416	0.432	0.016000000000000014	False
U_ENSG00000265373.2	ENSG00000265373.2	miRNA	chr17	24768777	24768865	+	766	0.21179	58	88	True	True	False	44.0	0.25	0.5384615384615384	0.5227272727272727	0.7684257828756418	0.5682913325075611	0.14629795472825122	88	88	1.0	0.7727272727272727	0.7159090909090909	0.05681818181818177	False
U_ENSG00000284385.1	ENSG00000284385.1	miRNA	chr9	57156059	57156156	-	129350	0.108046	0	97	False	False	False	50.0	0.25773195876288657	0.5698924731182796	0.504950495049505	0.7997292531227567	0.5667361286985263	0.1263180509665978	101	97	0.9603960396039604	0.6633663366336634	0.5773195876288659	0.08604674900479747	False
U_ENSG00000275344.1	ENSG00000275344.1	miRNA	chr19	11438248	11438339	+	338562	0.448397	0	91	False	False	False	25.0	0.14534883720930233	0.532258064516129	0.4505494505494505	0.5037987094565146	0.3054727228846733	0.19796694036949736	86	91	0.945054945054945	0.5697674418604651	0.4065934065934066	0.16317403526705854	False
U_ENSG00000252656.1	ENSG00000252656.1	misc_RNA	chr3	97780089	97780339	+	607	0.266804	0	250	False	False	False	158.0	0.316	0.6052631578947368	0.56	0.8204495292214808	0.5870850689618086	0.09902673097138918	250	250	1.0	0.416	0.432	0.016000000000000014	False
U_ENSG00000201550.1	ENSG00000201550.1	snRNA	chr1	150280659	150280761	-	225231	0.512574	0	102	False	False	False	31.0	0.15196078431372548	0.5512820512820513	0.4672897196261683	0.7003009752518538	0.40991702578932726	0.1408469850659871	107	102	0.9532710280373832	0.411214953271028	0.39215686274509803	0.019058090525929994	False
U_ENSG00000207154.1	ENSG00000207154.1	snRNA	chr18	73622111	73622275	-	56705	0.503121	0	164	False	False	False	42.0	0.12804878048780488	0.4935064935064935	0.46341463414634143	0.7558139534883721	0.4066916412908036	0.10265767196737123	164	164	1.0	0.49390243902439024	0.4146341463414634	0.07926829268292684	False
U_ENSG00000306577.1	ENSG00000306577.1	lncRNA	chr17	8098264	8098515	-	533	0.091464	0	251	False	False	False	157.0	0.31274900398406374	0.5992063492063492	0.54296875	0.8656362451638081	0.6509036054043335	0.07371080371032245	256	251	0.98046875	0.32421875	0.29880478087649404	0.025413969123505964	False
U_ENSG00000252426.1	ENSG00000252426.1	snRNA	chrY	1304380	1304536	-	21624	0.41152	118	156	True	True	False	38.0	0.12337662337662338	0.52	0.46794871794871795	0.810533246916449	0.47155069015723844	0.06112484925231922	154	156	0.9871794871794872	0.44155844155844154	0.3974358974358974	0.04412254412254413	False
U_ENSG00000251917.1	ENSG00000251917.1	snRNA	chrY	1304380	1304536	-	21771	0.41152	118	156	True	True	False	38.0	0.12337662337662338	0.52	0.46794871794871795	0.810533246916449	0.47155069015723844	0.06112484925231922	154	156	0.9871794871794872	0.44155844155844154	0.3974358974358974	0.04412254412254413	False
U_ENSG00000283941.1	ENSG00000283941.1	miRNA	chr2	37461320	37461420	-	110	0.367509	100	100	True	True	True	32.0	0.16326530612244897	0.5263157894736842	0.43999999999999995	0.7214360972928127	0.40606095131544734	0.10760950590627233	98	100	0.98	0.5612244897959183	0.52	0.04122448979591831	False
U_ENSG00000275992.1	ENSG00000275992.1	misc_RNA	chr2	32194991	32195210	+	1450	0.393364	55	219	True	False	False	66.0	0.1506849315068493	0.5414012738853503	0.4618834080717489	0.8209543103677919	0.5439224323436941	0.08074047100794976	223	219	0.9820627802690582	0.5426008968609866	0.5388127853881278	0.003788111472858735	False
U_ENSG00000278604.1	ENSG00000278604.1	misc_RNA	chr2	32194991	32195210	+	1462	0.393364	55	219	True	False	False	66.0	0.1506849315068493	0.5414012738853503	0.4618834080717489	0.8209543103677919	0.5439224323436941	0.08074047100794976	223	219	0.9820627802690582	0.5426008968609866	0.5388127853881278	0.003788111472858735	False
U_ENSG00000252426.1	ENSG00000252426.1	snRNA	chrX	13031338	13031488	+	46298	0.321227	0	150	False	False	False	52.0	0.17333333333333334	0.5302013422818792	0.474025974025974	0.7680608365019012	0.4698668714572879	0.10246269387770747	154	150	0.974025974025974	0.44155844155844154	0.36	0.08155844155844155	False
U_ENSG00000252129.1	ENSG00000252129.1	snoRNA	chr11	63880516	63880696	-	1807	0.36364	180	180	True	True	True	41.0	0.11388888888888889	0.4764705882352941	0.4277777777777778	0.6570796836301351	0.3761233327216094	0.1384302982498756	180	180	1.0	0.5277777777777778	0.42777777777777776	0.10000000000000003	False
U_ENSG00000273818.1	ENSG00000273818.1	misc_RNA	chr2	32194983	32195220	+	1606	0.355965	63	237	True	False	False	61.0	0.12869198312236288	0.5	0.4641350210970464	0.8076035819726862	0.5366183109516417	0.09166655785077939	237	237	1.0	0.540084388185654	0.5485232067510548	0.008438818565400852	False
U_ENSG00000239625.3	ENSG00000239625.3	misc_RNA	chr2	32194982	32195220	+	1631	0.353255	64	238	True	False	False	57.0	0.12076271186440678	0.5212121212121212	0.45798319327731096	0.7920315611768742	0.5581925144725182	0.10018677311956724	236	238	0.9915966386554622	0.5211864406779662	0.5504201680672269	0.029233727389260777	False
U_ENSG00000274350.1	ENSG00000274350.1	misc_RNA	chr2	32194991	32195210	+	2139	0.393363	55	219	True	False	False	66.0	0.1506849315068493	0.5414012738853503	0.4618834080717489	0.8209543103677919	0.5439224323436941	0.08074047100794976	223	219	0.9820627802690582	0.5426008968609866	0.5388127853881278	0.003788111472858735	False
U_ENSG00000277295.1	ENSG00000277295.1	misc_RNA	chr2	32194991	32195210	+	2295	0.393363	55	219	True	False	False	66.0	0.1506849315068493	0.5414012738853503	0.4618834080717489	0.8209543103677919	0.5439224323436941	0.08074047100794976	223	219	0.9820627802690582	0.5426008968609866	0.5388127853881278	0.003788111472858735	False
U_ENSG00000241807.3	ENSG00000241807.3	misc_RNA	chr2	32194991	32195207	+	2354	0.391981	55	216	True	False	False	63.0	0.14583333333333334	0.5088495575221239	0.4751131221719457	0.8176624866364731	0.5242610965960045	0.08427234749018511	221	216	0.9773755656108597	0.5113122171945701	0.5370370370370371	0.025724819842466995	False
U_ENSG00000277637.1	ENSG00000277637.1	misc_RNA	chr2	32194983	32195220	+	1738	0.355965	63	237	True	False	False	61.0	0.12869198312236288	0.5	0.4641350210970464	0.8076035819726862	0.5366183109516417	0.09166655785077939	237	237	1.0	0.540084388185654	0.5485232067510548	0.008438818565400852	False
U_ENSG00000274632.1	ENSG00000274632.1	misc_RNA	chr2	32194983	32195220	+	2922	0.355021	63	237	True	False	False	59.0	0.12447257383966245	0.5141509433962265	0.45991561181434604	0.8075982433966837	0.5428763055305816	0.09341274442817205	237	237	1.0	0.5358649789029536	0.5485232067510548	0.012658227848101222	False
U_ENSG00000252681.1	ENSG00000252681.1	snRNA	chrY	1304380	1304544	-	108739	0.441576	118	164	True	True	False	42.0	0.12804878048780488	0.5230769230769231	0.426829268292683	0.7779540621307913	0.4265597871466991	0.07310659685774837	164	164	1.0	0.4634146341463415	0.39634146341463417	0.06707317073170732	False
U_ENSG00000303304.1	ENSG00000303304.1	lncRNA	chr7	46361488	46361716	+	21082	0.117613	200	228	True	True	False	201.0	0.4407894736842105	0.7455621301775148	0.424892703862661	0.8341995946026819	0.6312725210779248	0.0959298850164115	233	228	0.9785407725321889	0.5321888412017167	0.5263157894736842	0.005873051728032541	False
U_ENSG00000240713.3	ENSG00000240713.3	misc_RNA	chr2	32194991	32195210	+	4134	0.328598	55	219	True	False	False	59.0	0.13470319634703196	0.505	0.45739910313901344	0.783657856662652	0.5167195677399639	0.09386455118392895	223	219	0.9820627802690582	0.5336322869955157	0.5388127853881278	0.005180498392612143	False
U_ENSG00000275776.1	ENSG00000275776.1	misc_RNA	chr2	32194976	32195220	+	1755	0.33028	70	244	True	False	False	66.0	0.13524590163934427	0.5063829787234042	0.4618473895582329	0.8075511281674926	0.5629197142430551	0.09520658449101856	249	244	0.9799196787148594	0.5220883534136547	0.5409836065573771	0.018895253143722424	False
U_ENSG00000252209.1	ENSG00000252209.1	snRNA	chrY	1304380	1304542	-	125341	0.45676	118	162	True	True	False	42.0	0.12962962962962962	0.4744525547445255	0.43827160493827155	0.7640459280888832	0.4714556327963955	0.07807332354022692	162	162	1.0	0.46296296296296297	0.3950617283950617	0.06790123456790126	False
U_ENSG00000277515.1	ENSG00000277515.1	misc_RNA	chr2	32194983	32195220	+	3034	0.353595	63	237	True	False	False	63.0	0.13291139240506328	0.5333333333333333	0.4641350210970464	0.8095045760174508	0.5448151494789051	0.0936047543829429	237	237	1.0	0.5358649789029536	0.5485232067510548	0.012658227848101222	False
U_ENSG00000277467.1	ENSG00000277467.1	misc_RNA	chr2	32194983	32195220	+	3093	0.35419	63	237	True	False	False	60.0	0.12658227848101267	0.5272727272727272	0.45991561181434604	0.7971177551047081	0.5223776042120147	0.09398759751194422	237	237	1.0	0.5443037974683544	0.5485232067510548	0.00421940928270037	False
U_ENSG00000278696.1	ENSG00000278696.1	misc_RNA	chr2	32194983	32195220	+	3182	0.35419	63	237	True	False	False	60.0	0.12658227848101267	0.5272727272727272	0.45991561181434604	0.7971177551047081	0.5223776042120147	0.09398759751194422	237	237	1.0	0.5443037974683544	0.5485232067510548	0.00421940928270037	False
U_ENSG00000252797.1	ENSG00000252797.1	misc_RNA	chr5	106017013	106017244	-	126	0.126529	0	231	False	False	False	65.0	0.1406926406926407	0.5	0.4612068965517241	0.8329958426810908	0.5730576425878945	0.08847533251996374	232	231	0.9956896551724138	0.4698275862068966	0.47619047619047616	0.006362889983579589	False
U_ENSG00000283367.1	ENSG00000283367.1	sRNA	chr1	51765134	51765289	+	206268	0.230991	0	155	False	False	False	112.0	0.36129032258064514	0.6050955414012739	0.6	0.7553351466809557	0.6481924024975484	0.21796992696048514	160	155	0.96875	0.3875	0.2709677419354839	0.11653225806451611	False
U_ENSG00000283618.1	ENSG00000283618.1	sRNA	chr3	123014052	123014197	-	342041	0.283872	0	145	False	False	False	105.0	0.3620689655172414	0.6041666666666666	0.5733333333333333	0.5389154981064578	0.31062014615505107	0.30057294530851225	150	145	0.9666666666666667	0.43333333333333335	0.4896551724137931	0.056321839080459735	False
U_ENSG00000251951.1	ENSG00000251951.1	misc_RNA	chr13	85625807	85626052	-	12000	0.238007	0	245	False	False	False	153.0	0.3135245901639344	0.5919282511210763	0.5714285714285714	0.9068613288558429	0.6655220078401186	0.050107875080059525	244	245	0.9959183673469387	0.4139344262295082	0.4163265306122449	0.0023921043827366817	False
U_ENSG00000283618.1	ENSG00000283618.1	sRNA	chr3	123013995	123014148	-	353593	0.28101	0	153	False	False	False	110.0	0.36666666666666664	0.6026490066225165	0.5816993464052287	0.5069725095356062	0.25449451014056373	0.30113362503403357	150	153	0.9803921568627451	0.43333333333333335	0.48366013071895425	0.0503267973856209	False
U_ENSG00000299644.1	ENSG00000299644.1	lncRNA	chr14	61406930	61407157	-	249800	0.255146	0	227	False	False	False	141.0	0.31057268722466963	0.6108374384236454	0.5541125541125541	0.9355296532958202	0.8616956587315439	0.11213781729229305	231	227	0.9826839826839827	0.5627705627705628	0.47577092511013214	0.08699963766043067	False
U_ENSG00000200553.1	ENSG00000200553.1	misc_RNA	chr9	51736591	51736690	+	30312	0.497112	99	99	True	True	True	35.0	0.17676767676767677	0.5194805194805194	0.4607843137254902	0.7292413886467579	0.29126939682187364	0.07637278522240736	102	99	0.9705882352941176	0.39215686274509803	0.42424242424242425	0.03208556149732622	False
U_ENSG00000269970.1	ENSG00000269970.1	lncRNA	chr2	36121920	36122136	+	110	0.154638	0	216	False	False	False	71.0	0.16435185185185186	0.4976958525345622	0.4796380090497737	0.8323835954646777	0.5106388036037339	0.08105665233949415	221	216	0.9773755656108597	0.45701357466063347	0.5185185185185185	0.06150494385788502	False
U_ENSG00000252383.1	ENSG00000252383.1	snRNA	chr11	62260576	62260680	+	252	0.324913	0	104	False	False	False	35.0	0.16826923076923078	0.5287356321839081	0.4807692307692307	0.79378032811498	0.4535853952562476	0.09805344600351533	104	104	1.0	0.3557692307692308	0.3269230769230769	0.028846153846153855	False
U_ENSG00000283367.1	ENSG00000283367.1	sRNA	chr2	173799158	173799313	-	361767	0.17607	0	155	False	False	False	97.0	0.31290322580645163	0.577922077922078	0.5625	0.6699370633829355	0.47884554263181794	0.20395365560094625	160	155	0.96875	0.3875	0.3225806451612903	0.0649193548387097	False
U_ENSG00000283618.1	ENSG00000283618.1	sRNA	chr9	100939972	100940122	+	342675	0.315076	0	150	False	False	False	98.0	0.32666666666666666	0.5971223021582733	0.5533333333333333	0.3543954216683371	0.13317189394828666	0.3931763359966929	150	150	1.0	0.43333333333333335	0.6333333333333333	0.19999999999999996	False
U_ENSG00000273948.1	ENSG00000273948.1	misc_RNA	chr11	59990389	59990546	+	181	0.130336	157	157	True	True	True	108.0	0.34394904458598724	0.6402877697841727	0.4968152866242038	0.833903779567722	0.6030226891555273	0.10916273311491281	157	157	1.0	0.5987261146496815	0.5477707006369427	0.05095541401273884	False
U_ENSG00000212295.1	ENSG00000212295.1	snoRNA	chr17	4627912	4627982	+	112	0.267842	0	70	False	False	False	26.0	0.18571428571428572	0.6097560975609756	0.45333333333333337	0.47396781603918314	0.23417141767528943	0.2292067896648391	75	70	0.9333333333333333	0.3333333333333333	0.5142857142857142	0.18095238095238092	False
U_ENSG00000238832.1	ENSG00000238832.1	snoRNA	chr12	31662556	31662703	-	80	0.202257	0	147	False	False	False	89.0	0.30689655172413793	0.5928571428571429	0.5510204081632653	0.7303094581708399	0.45583323449323504	0.11400016418562998	145	147	0.9863945578231292	0.32413793103448274	0.3673469387755102	0.04320900774102748	False
U_ENSG00000284122.1	ENSG00000284122.1	miRNA	chr14	52148997	52149069	-	117	0.335716	6	72	True	False	False	40.0	0.2777777777777778	0.6119402985074627	0.547945205479452	0.71531180145366	0.4242852835064869	0.11279112701394636	73	72	0.9863013698630136	0.5342465753424658	0.5138888888888888	0.02035768645357694	False
U_ENSG00000212425.1	ENSG00000212425.1	rRNA_pseudogene	chr1	129979317	129979433	-	118	0.345838	0	116	False	False	False	32.0	0.1415929203539823	0.4909090909090909	0.43965517241379315	0.6500107368731689	0.3344151200288002	0.13845921614299667	113	116	0.9741379310344828	0.3893805309734513	0.3793103448275862	0.010070186145865134	False
U_ENSG00000251907.1	ENSG00000251907.1	snRNA	chr12	84171974	84172075	-	1	0.176622	0	101	False	False	False	28.0	0.14432989690721648	0.504950495049505	0.49504950495049505	0.6642207032387228	0.37647780437906647	0.14965585521455552	97	101	0.9603960396039604	0.4536082474226804	0.5148514851485149	0.061243237725834454	False
U_ENSG00000255156.1	ENSG00000255156.1	misc_RNA	chr16	17585298	17585407	+	186	0.139254	0	109	False	False	False	30.0	0.13761467889908258	0.5151515151515151	0.45871559633027525	0.630261991336717	0.35607430231014	0.156039810614377	109	109	1.0	0.44954128440366975	0.5045871559633027	0.055045871559632975	False
U_ENSG00000252449.1	ENSG00000252449.1	snRNA	chr14	9704810	9704920	-	49	0.203827	0	110	False	False	False	35.0	0.1590909090909091	0.53	0.4636363636363636	0.7215245469391838	0.3571518636825943	0.14849921152512519	110	110	1.0	0.38181818181818183	0.41818181818181815	0.03636363636363632	False
U_ENSG00000302384.1	ENSG00000302384.1	lncRNA	chr17	23767563	23767803	-	148	0.191875	62	240	True	False	False	167.0	0.34791666666666665	0.6208333333333333	0.5583333333333333	0.7957189954429583	0.586826248592212	0.11304816808457151	240	240	1.0	0.4875	0.4	0.08749999999999997	False
U_ENSG00000299644.1	ENSG00000299644.1	lncRNA	chr3	123474389	123474617	-	177483	0.305056	0	228	False	False	False	146.0	0.3201754385964912	0.6577540106951871	0.5714285714285714	0.8680169420570166	0.6286339805418226	0.1001562437218865	231	228	0.987012987012987	0.5627705627705628	0.5175438596491229	0.04522670312143995	False
U_ENSG00000276350.1	ENSG00000276350.1	miRNA	chrX	73363174	73363242	+	22	0.196759	0	68	False	False	False	24.0	0.1791044776119403	0.543859649122807	0.4558823529411765	0.5879182260583198	0.2539033443234463	0.2062479666047845	67	68	0.9852941176470589	0.7313432835820896	0.5588235294117647	0.17251975417032483	False
U_ENSG00000277950.1	ENSG00000277950.1	misc_RNA	chr16	18116375	18116620	-	186	0.212292	0	245	False	False	False	138.0	0.2816326530612245	0.5755102040816327	0.544	0.8873759857123256	0.6257868885228965	0.06624965802702798	250	245	0.98	0.532	0.4897959183673469	0.0422040816326531	False
U_ENSG00000271742.1	ENSG00000271742.1	lncRNA	chr4	141392801	141393052	+	5	0.204004	251	251	True	True	True	140.0	0.2788844621513944	0.5776892430278885	0.53125	0.8206487276888775	0.6117431082673443	0.13162775329075033	256	251	0.98046875	0.5234375	0.47808764940239046	0.04534985059760954	False
U_ENSG00000201523.1	ENSG00000201523.1	rRNA_pseudogene	chr13	48100909	48101043	+	36	0.071959	0	134	False	False	False	36.0	0.13432835820895522	0.48760330578512395	0.4191176470588235	0.7792738927685996	0.47464426329835147	0.06504846584205519	136	134	0.9852941176470589	0.4411764705882353	0.47761194029850745	0.03643546971027217	False
U_ENSG00000214305.4	ENSG00000214305.4	misc_RNA	chr9	119817125	119817374	+	102	0.289194	33	249	True	False	False	131.0	0.26305220883534136	0.5487804878048781	0.5378486055776892	0.8865397436526661	0.6505057142190043	0.07768305895292124	251	249	0.9920318725099602	0.5617529880478087	0.4819277108433735	0.07982527720443522	False
U_ENSG00000199994.1	ENSG00000199994.1	rRNA_pseudogene	chr3	58992951	58993076	+	46	0.264387	0	125	False	False	False	35.0	0.14	0.6590909090909091	0.43999999999999995	0.7211380878339912	0.35637768425411004	0.12283505009457917	125	125	1.0	0.52	0.488	0.03200000000000003	False
U_ENSG00000278040.1	ENSG00000278040.1	misc_RNA	chr19	18655895	18656063	+	58	0.288147	0	168	False	False	False	40.0	0.11904761904761904	0.504950495049505	0.40476190476190477	0.631783811736024	0.3734255017130983	0.188978848359994	168	168	1.0	0.5059523809523809	0.5297619047619048	0.023809523809523836	False
U_ENSG00000277732.1	ENSG00000277732.1	misc_RNA	chr15	68047808	68048006	+	13	0.042644	0	198	False	False	False	84.0	0.21212121212121213	0.5477386934673367	0.48756218905472637	0.8532419218603589	0.5980073175911194	0.06594689152446298	201	198	0.9850746268656716	0.43781094527363185	0.48484848484848486	0.047037539574853016	False
U_ENSG00000276019.1	ENSG00000276019.1	misc_RNA	chr13	39310162	39310400	+	36	0.194633	0	238	False	False	False	81.0	0.17016806722689076	0.554945054945055	0.43333333333333335	0.7376670183392202	0.47881227634209556	0.14420321517712234	240	238	0.9916666666666667	0.325	0.41596638655462187	0.09096638655462186	False
U_ENSG00000221269.1	ENSG00000221269.1	miRNA	chr4	45931811	45931939	-	20	0.327019	0	128	False	False	False	33.0	0.12890625	0.4673913043478261	0.4375	0.5843088883132795	0.2723060810338734	0.17034100514003098	128	128	1.0	0.34375	0.5234375	0.1796875	False
U_ENSG00000277478.1	ENSG00000277478.1	miRNA	chr11	95464146	95464230	-	45	0.340404	0	84	False	False	False	53.0	0.31547619047619047	0.6197183098591549	0.5714285714285714	0.42785247148641625	0.20695331142557036	0.27737022730653826	84	84	1.0	0.6666666666666666	0.47619047619047616	0.19047619047619047	False
U_ENSG00000266618.1	ENSG00000266618.1	miRNA	chr1	181010705	181010787	-	198	0.131268	0	82	False	False	False	29.0	0.17682926829268292	0.5230769230769231	0.48235294117647054	0.6067318658531434	0.35554182097768744	0.1749657753091793	85	82	0.9647058823529412	0.3411764705882353	0.35365853658536583	0.012482065997130531	False
U_ENSG00000222328.1	ENSG00000222328.1	snRNA	chr19	8709639	8709825	+	74	0.156303	0	186	False	False	False	54.0	0.14516129032258066	0.5138121546961326	0.47643979057591623	0.7480556242980475	0.4523883685376986	0.09518962788989159	191	186	0.9738219895287958	0.4397905759162304	0.41935483870967744	0.02043573720655295	False
U_ENSG00000252490.1	ENSG00000252490.1	misc_RNA	chr17	84931040	84931266	-	32	0.063836	0	226	False	False	False	67.0	0.14823008849557523	0.5091743119266054	0.47619047619047616	0.753940402566891	0.4492555808750238	0.09203120440602945	231	226	0.9783549783549783	0.46320346320346323	0.4778761061946903	0.014672642991227058	False
