core_id	gene_bare	gene_name	source_gene_id	ref_chrom	ref_start	ref_end	ref_strand	reference_core_length	mean_reference_island_length	overlap_category	coding_partners	n_species_accepted	n_species_d_le_0.05	n_species_d_le_0.04	n_species_d_le_0.03	n_species_d_le_0.02	n_species_d_le_0.01	mean_dist	median_dist	max_dist	mean_aligned_length	median_aligned_length	species_present
ENSG00000117242_core_3	ENSG00000117242	PINK1-AS	U_ENSG00000117242.7	chr1	20648909	20649197	-	288	288.0	antisense+sense	ENSG00000158828,ENSG00000244038	19	16	16	16	15	2	0.0233	0.0132	0.092	237.7	235.0	HLbalEde1,HLcamDro2,HLdidVir1,HLeleMax1,HLmanJav2,HLnotEug3,HLoryCun3,HLpteVam2,bosTau9,canFam5,dasNov3,equCab3,eriEur2,felCat9,mm39,monDom5,rheMac10,rn7,susScr11
ENSG00000124915_core_1	ENSG00000124915	MYRF-AS1	U_ENSG00000124915.11	chr11	61746653	61746901	-	248	248.0	antisense	ENSG00000124920,ENSG00000134780	17	11	10	10	9	0	0.037	0.0183	0.0949	176.2	202.0	HLbalEde1,HLcamDro2,HLdidVir1,HLeleMax1,HLmanJav2,HLnotEug3,HLoryCun3,HLpteVam2,bosTau9,canFam5,dasNov3,equCab3,eriEur2,felCat9,mm39,rheMac10,rn7
ENSG00000157306_core_2	ENSG00000157306		U_ENSG00000157306.15	chr14	23513348	23513626	+	278	278.0	unknown	.	17	17	17	17	14	2	0.0167	0.017	0.027	183.9	164.0	HLbalEde1,HLcamDro2,HLdidVir1,HLeleMax1,HLnotEug3,HLoryCun3,HLpteVam2,bosTau9,canFam5,dasNov3,equCab3,felCat9,mm39,monDom5,rheMac10,rn7,susScr11
ENSG00000157306_core_4	ENSG00000157306		U_ENSG00000157306.15	chr14	23514338	23514553	+	215	215.0	unknown	.	17	15	14	12	9	0	0.0276	0.0175	0.077	179.5	191.0	HLcamDro2,HLdidVir1,HLeleMax1,HLmanJav2,HLnotEug3,HLoryCun3,HLpteVam2,bosTau9,dasNov3,equCab3,eriEur2,felCat9,mm39,monDom5,rheMac10,rn7,susScr11
ENSG00000157306_core_9	ENSG00000157306		U_ENSG00000157306.15	chr14	23558694	23558911	+	217	217.0	unknown	.	17	14	14	12	6	0	0.0313	0.0222	0.0795	172.2	188.0	HLbalEde1,HLcamDro2,HLeleMax1,HLmanJav2,HLnotEug3,HLoryCun3,HLpteVam2,bosTau9,canFam5,dasNov3,equCab3,eriEur2,felCat9,monDom5,rheMac10,rn7,susScr11
ENSG00000157306_core_10	ENSG00000157306		U_ENSG00000157306.15	chr14	23559023	23559551	+	528	528.0	unknown	.	19	19	19	18	18	12	0.0111	0.0091	0.0375	325.4	307.0	HLbalEde1,HLcamDro2,HLdidVir1,HLeleMax1,HLmanJav2,HLnotEug3,HLoryCun3,HLpteVam2,bosTau9,canFam5,dasNov3,equCab3,eriEur2,felCat9,mm39,monDom5,rheMac10,rn7,susScr11
ENSG00000174407_core_2	ENSG00000174407	MIR1-1HG	U_ENSG00000174407.16	chr20	62570512	62570720	+	208	208.0	intergenic	.	17	6	1	1	1	0	0.0592	0.0565	0.0978	178.6	180.0	HLbalEde1,HLcamDro2,HLeleMax1,HLmanJav2,HLnotEug3,HLoryCun3,HLpteVam2,bosTau9,canFam5,dasNov3,equCab3,felCat9,mm39,monDom5,rheMac10,rn7,susScr11
ENSG00000176753_core_2	ENSG00000176753	PAK6-AS1	U_ENSG00000176753.5	chr15	40252161	40252649	-	488	488.0	antisense	ENSG00000137843	18	17	17	16	13	5	0.0197	0.0168	0.0678	321.7	353.0	HLbalEde1,HLcamDro2,HLeleMax1,HLmanJav2,HLnotEug3,HLoryCun3,HLpteVam2,bosTau9,canFam5,dasNov3,equCab3,eriEur2,felCat9,mm39,monDom5,rheMac10,rn7,susScr11
ENSG00000176912_core_1	ENSG00000176912		U_ENSG00000176912.8	chr18	657993	658269	-	276	276.0	antisense	ENSG00000079101,ENSG00000176890	18	11	10	10	5	0	0.0428	0.0256	0.0971	203.4	216.0	HLbalEde1,HLcamDro2,HLdidVir1,HLeleMax1,HLmanJav2,HLnotEug3,HLoryCun3,HLpteVam2,bosTau9,canFam5,dasNov3,equCab3,felCat9,mm39,monDom5,rheMac10,rn7,susScr11
ENSG00000177112_core_1	ENSG00000177112	IRAG1-AS1	U_ENSG00000177112.10	chr11	10541301	10541469	+	168	168.0	antisense	ENSG00000072952,ENSG00000133800	17	12	8	2	1	0	0.043	0.0405	0.0666	170.2	171.0	HLbalEde1,HLcamDro2,HLdidVir1,HLeleMax1,HLmanJav2,HLoryCun3,bosTau9,canFam5,dasNov3,equCab3,eriEur2,felCat9,mm39,monDom5,rheMac10,rn7,susScr11
ENSG00000177369_core_4	ENSG00000177369	FLJ40194	U_ENSG00000177369.12	chr17	49317590	49317727	+	137	137.0	antisense	ENSG00000198740	19	19	19	18	13	0	0.0203	0.0191	0.0309	135.4	137.0	HLbalEde1,HLcamDro2,HLdidVir1,HLeleMax1,HLmanJav2,HLnotEug3,HLoryCun3,HLpteVam2,bosTau9,canFam5,dasNov3,equCab3,eriEur2,felCat9,mm39,monDom5,rheMac10,rn7,susScr11
ENSG00000177640_core_1	ENSG00000177640	CASC2	U_ENSG00000177640.17	chr10	118046863	118047103	+	240	240.0	antisense	ENSG00000107560	18	16	16	14	11	1	0.0257	0.0158	0.0784	216.3	244.5	HLbalEde1,HLcamDro2,HLdidVir1,HLmanJav2,HLnotEug3,HLoryCun3,HLpteVam2,bosTau9,canFam5,dasNov3,equCab3,eriEur2,felCat9,mm39,monDom5,rheMac10,rn7,susScr11
ENSG00000178107_core_1	ENSG00000178107		U_ENSG00000178107.3	chr14	21103809	21104002	+	193	193.0	antisense	ENSG00000165804	17	14	14	10	3	0	0.032	0.025	0.067	173.1	192.0	HLbalEde1,HLcamDro2,HLdidVir1,HLeleMax1,HLmanJav2,HLnotEug3,HLoryCun3,HLpteVam2,bosTau9,canFam5,dasNov3,equCab3,eriEur2,felCat9,mm39,rn7,susScr11
ENSG00000178412_core_1	ENSG00000178412		U_ENSG00000178412.4	chr18	79679456	79679744	-	288	288.0	near_coding_5kb	.	17	14	14	7	1	0	0.035	0.0328	0.0606	280.7	287.0	HLbalEde1,HLcamDro2,HLdidVir1,HLeleMax1,HLmanJav2,HLoryCun3,HLpteVam2,bosTau9,canFam5,dasNov3,equCab3,felCat9,mm39,monDom5,rheMac10,rn7,susScr11
ENSG00000179066_core_2	ENSG00000179066		U_ENSG00000179066.8	chr19	35106242	35106554	+	312	312.0	sense_overlapping	ENSG00000285526	17	16	15	15	14	3	0.0203	0.0137	0.0927	274.8	302.0	HLbalEde1,HLcamDro2,HLdidVir1,HLeleMax1,HLmanJav2,HLnotEug3,HLoryCun3,HLpteVam2,bosTau9,dasNov3,equCab3,eriEur2,felCat9,mm39,monDom5,rheMac10,rn7
ENSG00000180953_core_2	ENSG00000180953	ST20	U_ENSG00000180953.11	chr15	79923492	79923702	-	210	210.0	sense_overlapping	ENSG00000259332	18	15	15	15	14	0	0.0243	0.0166	0.0721	205.8	210.5	HLbalEde1,HLcamDro2,HLdidVir1,HLeleMax1,HLmanJav2,HLnotEug3,HLoryCun3,HLpteVam2,bosTau9,canFam5,dasNov3,equCab3,eriEur2,felCat9,mm39,rheMac10,rn7,susScr11
ENSG00000182057_core_1	ENSG00000182057		U_ENSG00000182057.6	chr22	42269903	42270025	+	122	122.0	antisense	ENSG00000100207	17	12	7	4	1	0	0.0445	0.042	0.0753	120.9	121.0	HLbalEde1,HLcamDro2,HLdidVir1,HLeleMax1,HLmanJav2,HLoryCun3,HLpteVam2,bosTau9,canFam5,dasNov3,equCab3,eriEur2,mm39,monDom5,rheMac10,rn7,susScr11
ENSG00000182165_core_1	ENSG00000182165	TP53TG1	U_ENSG00000182165.21	chr7	87345249	87345593	-	344	344.0	near_coding_5kb	.	17	16	16	13	7	1	0.0253	0.0216	0.0899	299.1	306.0	HLbalEde1,HLcamDro2,HLeleMax1,HLmanJav2,HLnotEug3,HLoryCun3,HLpteVam2,bosTau9,canFam5,dasNov3,equCab3,eriEur2,felCat9,mm39,rheMac10,rn7,susScr11
ENSG00000183242_core_1	ENSG00000183242	WT1-AS	U_ENSG00000183242.14	chr11	32435671	32435846	+	175	175.0	near_coding_5kb	.	19	9	6	6	1	0	0.0545	0.0534	0.0977	130.3	133.0	HLbalEde1,HLcamDro2,HLdidVir1,HLeleMax1,HLmanJav2,HLnotEug3,HLoryCun3,HLpteVam2,bosTau9,canFam5,dasNov3,equCab3,eriEur2,felCat9,mm39,monDom5,rheMac10,rn7,susScr11
ENSG00000183784_core_2	ENSG00000183784	DOCK8-AS1	U_ENSG00000183784.7	chr9	214573	215181	-	608	608.0	antisense	ENSG00000107099	18	17	17	17	16	8	0.0143	0.0112	0.0553	392.4	374.0	HLbalEde1,HLcamDro2,HLdidVir1,HLeleMax1,HLmanJav2,HLnotEug3,HLoryCun3,bosTau9,canFam5,dasNov3,equCab3,eriEur2,felCat9,mm39,monDom5,rheMac10,rn7,susScr11
ENSG00000184068_core_2	ENSG00000184068	SREBF2-AS1	U_ENSG00000184068.2	chr22	41832772	41833260	-	488	488.0	antisense	ENSG00000100147,ENSG00000198911	17	16	16	16	16	16	0.0115	0.007	0.0837	431.4	476.0	HLbalEde1,HLcamDro2,HLeleMax1,HLmanJav2,HLnotEug3,HLoryCun3,HLpteVam2,bosTau9,canFam5,dasNov3,equCab3,eriEur2,felCat9,mm39,rheMac10,rn7,susScr11
ENSG00000186594_core_3	ENSG00000186594	MIR22HG	U_ENSG00000186594.17	chr17	1716129	1716272	-	143	143.0	antisense	ENSG00000167716	19	19	19	14	0	0	0.0273	0.0271	0.0326	136.8	142.0	HLbalEde1,HLcamDro2,HLdidVir1,HLeleMax1,HLmanJav2,HLnotEug3,HLoryCun3,HLpteVam2,bosTau9,canFam5,dasNov3,equCab3,eriEur2,felCat9,mm39,monDom5,rheMac10,rn7,susScr11
ENSG00000188511_core_2	ENSG00000188511	MIR3667HG	U_ENSG00000188511.15	chr22	49415187	49415875	-	688	688.0	intergenic	.	17	16	15	14	11	0	0.0207	0.0142	0.0536	392.1	412.0	HLbalEde1,HLcamDro2,HLdidVir1,HLeleMax1,HLmanJav2,HLpteVam2,bosTau9,canFam5,dasNov3,equCab3,eriEur2,felCat9,mm39,monDom5,rheMac10,rn7,susScr11
ENSG00000188693_core_1	ENSG00000188693	CYP51A1-AS1	U_ENSG00000188693.9	chr7	92134643	92134971	+	328	328.0	antisense	ENSG00000001630,ENSG00000240720,ENSG00000285772,ENSG00000285953,ENSG00000289027	17	16	14	13	9	1	0.0254	0.0191	0.066	293.4	295.0	HLbalEde1,HLcamDro2,HLdidVir1,HLeleMax1,HLmanJav2,HLoryCun3,HLpteVam2,bosTau9,canFam5,dasNov3,equCab3,eriEur2,felCat9,monDom5,rheMac10,rn7,susScr11
ENSG00000197322_core_1	ENSG00000197322	TMEM132E-DT	U_ENSG00000197322.5	chr17	34578955	34579403	-	448	448.0	near_coding_5kb	.	19	18	17	14	14	11	0.0177	0.0096	0.0584	377.6	400.0	HLbalEde1,HLcamDro2,HLdidVir1,HLeleMax1,HLmanJav2,HLnotEug3,HLoryCun3,HLpteVam2,bosTau9,canFam5,dasNov3,equCab3,eriEur2,felCat9,mm39,monDom5,rheMac10,rn7,susScr11
ENSG00000197989_core_3	ENSG00000197989	SNHG12	U_ENSG00000197989.16	chr1	28580829	28582117	-	1288	1288.0	antisense	ENSG00000180098	19	19	18	16	15	7	0.0164	0.0149	0.0443	660.3	607.0	HLbalEde1,HLcamDro2,HLdidVir1,HLeleMax1,HLmanJav2,HLnotEug3,HLoryCun3,HLpteVam2,bosTau9,canFam5,dasNov3,equCab3,eriEur2,felCat9,mm39,monDom5,rheMac10,rn7,susScr11
ENSG00000203280_core_3	ENSG00000203280		U_ENSG00000203280.5	chr22	25112235	25112423	-	188	188.0	antisense	ENSG00000197077	18	14	14	11	6	0	0.0331	0.0229	0.0851	139.1	141.0	HLbalEde1,HLcamDro2,HLdidVir1,HLeleMax1,HLmanJav2,HLoryCun3,HLpteVam2,bosTau9,canFam5,dasNov3,equCab3,eriEur2,felCat9,mm39,monDom5,rheMac10,rn7,susScr11
ENSG00000204044_core_3	ENSG00000204044	SLC12A5-AS1	U_ENSG00000204044.6	chr20	46021712	46022000	-	288	288.0	antisense	ENSG00000100985,ENSG00000124140	19	16	15	15	14	1	0.0226	0.0128	0.0688	219.2	238.0	HLbalEde1,HLcamDro2,HLdidVir1,HLeleMax1,HLmanJav2,HLnotEug3,HLoryCun3,HLpteVam2,bosTau9,canFam5,dasNov3,equCab3,eriEur2,felCat9,mm39,monDom5,rheMac10,rn7,susScr11
ENSG00000204055_core_1	ENSG00000204055		U_ENSG00000204055.5	chr9	129176765	129177137	+	372	372.0	antisense+sense	ENSG00000188483,ENSG00000235007	18	17	16	16	16	13	0.0141	0.006	0.0932	321.4	363.0	HLbalEde1,HLcamDro2,HLdidVir1,HLeleMax1,HLmanJav2,HLnotEug3,HLpteVam2,bosTau9,canFam5,dasNov3,equCab3,eriEur2,felCat9,mm39,monDom5,rheMac10,rn7,susScr11
ENSG00000204261_core_1	ENSG00000204261	PSMB8-AS1	U_ENSG00000204261.9	chr6	32844725	32845013	+	288	288.0	antisense+sense	ENSG00000168394,ENSG00000204264,ENSG00000240065	18	13	12	10	6	1	0.0371	0.0252	0.0977	229.4	248.5	HLbalEde1,HLcamDro2,HLdidVir1,HLmanJav2,HLnotEug3,HLoryCun3,HLpteVam2,bosTau9,canFam5,dasNov3,equCab3,eriEur2,felCat9,mm39,monDom5,rheMac10,rn7,susScr11
ENSG00000204380_core_1	ENSG00000204380	PKP4-AS1	U_ENSG00000204380.5	chr2	158678541	158678829	-	288	288.0	antisense	ENSG00000144283	18	18	18	18	18	10	0.0117	0.01	0.0176	260.0	285.5	HLbalEde1,HLcamDro2,HLdidVir1,HLeleMax1,HLmanJav2,HLnotEug3,HLoryCun3,HLpteVam2,bosTau9,canFam5,dasNov3,equCab3,eriEur2,felCat9,mm39,monDom5,rheMac10,rn7
ENSG00000204422_core_5	ENSG00000204422		U_ENSG00000204422.7	chr6	31689580	31689704	-	124	124.0	antisense+sense	ENSG00000204424,ENSG00000204427,ENSG00000250641	18	17	17	16	0	0	0.0252	0.0225	0.051	118.7	124.0	HLbalEde1,HLcamDro2,HLdidVir1,HLeleMax1,HLmanJav2,HLoryCun3,HLpteVam2,bosTau9,canFam5,dasNov3,equCab3,eriEur2,felCat9,mm39,monDom5,rheMac10,rn7,susScr11
ENSG00000204685_core_1	ENSG00000204685	STARD7-AS1	U_ENSG00000204685.10	chr2	96208486	96208979	+	493	493.0	antisense	ENSG00000084090	17	17	17	16	13	8	0.0145	0.0102	0.0338	442.5	481.0	HLbalEde1,HLcamDro2,HLdidVir1,HLeleMax1,HLmanJav2,HLnotEug3,HLoryCun3,HLpteVam2,bosTau9,canFam5,equCab3,eriEur2,felCat9,mm39,rheMac10,rn7,susScr11
ENSG00000204876_core_2	ENSG00000204876		U_ENSG00000204876.6	chr7	155964672	155965800	+	1128	1128.0	intergenic	.	18	14	13	13	7	1	0.0307	0.0238	0.075	489.3	470.0	HLbalEde1,HLcamDro2,HLdidVir1,HLeleMax1,HLmanJav2,HLnotEug3,HLoryCun3,HLpteVam2,bosTau9,canFam5,dasNov3,equCab3,felCat9,mm39,monDom5,rheMac10,rn7,susScr11
ENSG00000205086_core_1	ENSG00000205086	LINC02898	U_ENSG00000205086.8	chr2	41938325	41938533	-	208	208.0	intergenic	.	18	11	11	9	7	0	0.0424	0.0273	0.0891	160.5	187.0	HLbalEde1,HLcamDro2,HLdidVir1,HLeleMax1,HLmanJav2,HLnotEug3,HLpteVam2,bosTau9,canFam5,dasNov3,equCab3,eriEur2,felCat9,mm39,monDom5,rheMac10,rn7,susScr11
ENSG00000205830_core_1	ENSG00000205830		U_ENSG00000205830.1	chr4	27207662	27207910	-	248	248.0	intergenic	.	17	17	14	11	8	1	0.0256	0.0262	0.0459	188.4	189.0	HLbalEde1,HLcamDro2,HLdidVir1,HLmanJav2,HLnotEug3,HLpteVam2,bosTau9,canFam5,dasNov3,equCab3,eriEur2,felCat9,mm39,monDom5,rheMac10,rn7,susScr11
ENSG00000207955_core_1	ENSG00000207955		U_ENSG00000207955.5	chr9	128392222	128392950	-	728	728.0	antisense	ENSG00000167118	19	15	15	14	13	11	0.023	0.0053	0.0849	520.1	701.0	HLbalEde1,HLcamDro2,HLdidVir1,HLeleMax1,HLmanJav2,HLnotEug3,HLoryCun3,HLpteVam2,bosTau9,canFam5,dasNov3,equCab3,eriEur2,felCat9,mm39,monDom5,rheMac10,rn7,susScr11
ENSG00000212694_core_2	ENSG00000212694	LINC01089	U_ENSG00000212694.8	chr12	121802951	121803359	-	408	408.0	sense_overlapping	ENSG00000139725	18	17	17	17	17	14	0.0111	0.0064	0.0637	377.2	411.0	HLbalEde1,HLcamDro2,HLdidVir1,HLeleMax1,HLmanJav2,HLoryCun3,HLpteVam2,bosTau9,canFam5,dasNov3,equCab3,eriEur2,felCat9,mm39,monDom5,rheMac10,rn7,susScr11
ENSG00000213599_core_4	ENSG00000213599	SLX1A-SULT1A3	U_ENSG00000213599.10	chr16	30200748	30200876	+	128	128.0	antisense+sense	ENSG00000132207,ENSG00000169627,ENSG00000261052	17	16	14	13	4	0	0.0273	0.022	0.0694	123.1	128.0	HLbalEde1,HLcamDro2,HLdidVir1,HLeleMax1,HLmanJav2,HLpteVam2,bosTau9,canFam5,dasNov3,equCab3,eriEur2,felCat9,mm39,monDom5,rheMac10,rn7,susScr11
ENSG00000213888_core_3	ENSG00000213888		U_ENSG00000213888.4	chr22	31347544	31348112	+	568	568.0	near_coding_5kb	.	17	17	16	14	14	11	0.0145	0.0082	0.0466	433.8	526.0	HLbalEde1,HLcamDro2,HLeleMax1,HLmanJav2,HLnotEug3,HLoryCun3,HLpteVam2,bosTau9,canFam5,dasNov3,equCab3,eriEur2,felCat9,monDom5,rheMac10,rn7,susScr11
ENSG00000214248_core_3	ENSG00000214248		U_ENSG00000214248.3	chr19	7903216	7903784	-	568	568.0	antisense	ENSG00000076984,ENSG00000171017	18	16	16	13	10	2	0.0236	0.0163	0.0662	386.4	353.5	HLbalEde1,HLcamDro2,HLdidVir1,HLeleMax1,HLmanJav2,HLnotEug3,HLoryCun3,HLpteVam2,bosTau9,canFam5,dasNov3,equCab3,felCat9,mm39,monDom5,rheMac10,rn7,susScr11
ENSG00000214293_core_2	ENSG00000214293	APTR	U_ENSG00000214293.12	chr7	77696116	77696265	-	149	149.0	near_coding_5kb	.	18	14	10	5	1	0	0.0452	0.037	0.095	131.7	140.5	HLbalEde1,HLcamDro2,HLdidVir1,HLeleMax1,HLmanJav2,HLnotEug3,HLoryCun3,bosTau9,canFam5,dasNov3,equCab3,eriEur2,felCat9,mm39,monDom5,rheMac10,rn7,susScr11
ENSG00000214401_core_1	ENSG00000214401	KANSL1-AS1	U_ENSG00000214401.7	chr17	46193607	46193738	+	131	131.0	antisense	ENSG00000120071	18	13	11	8	1	0	0.0366	0.0306	0.0704	114.8	128.5	HLbalEde1,HLcamDro2,HLdidVir1,HLeleMax1,HLmanJav2,HLnotEug3,HLoryCun3,HLpteVam2,bosTau9,canFam5,dasNov3,equCab3,felCat9,mm39,monDom5,rheMac10,rn7,susScr11
ENSG00000214432_core_1	ENSG00000214432		U_ENSG00000214432.10	chr15	90994696	90994935	+	239	239.0	antisense	ENSG00000184056,ENSG00000198901	19	16	12	4	1	0	0.0381	0.0381	0.0549	225.9	228.0	HLbalEde1,HLcamDro2,HLdidVir1,HLeleMax1,HLmanJav2,HLnotEug3,HLoryCun3,HLpteVam2,bosTau9,canFam5,dasNov3,equCab3,eriEur2,felCat9,mm39,monDom5,rheMac10,rn7,susScr11
ENSG00000214546_core_1	ENSG00000214546		U_ENSG00000214546.5	chr17	39622132	39622453	+	321	321.0	near_coding_5kb	.	18	15	14	11	5	1	0.0343	0.026	0.0909	220.6	219.5	HLbalEde1,HLcamDro2,HLdidVir1,HLeleMax1,HLmanJav2,HLoryCun3,HLpteVam2,bosTau9,canFam5,dasNov3,equCab3,eriEur2,felCat9,mm39,monDom5,rheMac10,rn7,susScr11
ENSG00000215023_core_2	ENSG00000215023	GAL3ST2-AS1	U_ENSG00000215023.2	chr2	241801732	241801907	-	175	175.0	antisense	ENSG00000154252	18	16	15	11	5	0	0.0307	0.0282	0.0737	121.9	115.5	HLbalEde1,HLcamDro2,HLdidVir1,HLeleMax1,HLmanJav2,HLnotEug3,HLoryCun3,HLpteVam2,bosTau9,canFam5,dasNov3,equCab3,felCat9,mm39,monDom5,rheMac10,rn7,susScr11
ENSG00000215417_core_1	ENSG00000215417	MIR17HG	U_ENSG00000215417.15	chr13	91347726	91347959	+	233	233.0	intergenic	.	19	19	18	16	15	1	0.0167	0.0118	0.0474	230.0	233.0	HLbalEde1,HLcamDro2,HLdidVir1,HLeleMax1,HLmanJav2,HLnotEug3,HLoryCun3,HLpteVam2,bosTau9,canFam5,dasNov3,equCab3,eriEur2,felCat9,mm39,monDom5,rheMac10,rn7,susScr11
ENSG00000215417_core_3	ENSG00000215417	MIR17HG	U_ENSG00000215417.15	chr13	91350489	91351457	+	968	968.0	intergenic	.	19	19	19	19	19	18	0.0044	0.0026	0.0167	753.3	895.0	HLbalEde1,HLcamDro2,HLdidVir1,HLeleMax1,HLmanJav2,HLnotEug3,HLoryCun3,HLpteVam2,bosTau9,canFam5,dasNov3,equCab3,eriEur2,felCat9,mm39,monDom5,rheMac10,rn7,susScr11
ENSG00000218109_core_1	ENSG00000218109	KIRREL3-AS3	U_ENSG00000218109.6	chr11	127002989	127003477	+	488	488.0	antisense	ENSG00000149571	19	12	11	11	11	7	0.0333	0.0164	0.0953	244.1	218.0	HLbalEde1,HLcamDro2,HLdidVir1,HLeleMax1,HLmanJav2,HLnotEug3,HLoryCun3,HLpteVam2,bosTau9,canFam5,dasNov3,equCab3,eriEur2,felCat9,mm39,monDom5,rheMac10,rn7,susScr11
ENSG00000218537_core_2	ENSG00000218537	MIF-AS1	U_ENSG00000218537.1	chr22	23894764	23895212	-	448	448.0	antisense	ENSG00000240972,ENSG00000251357	18	18	17	15	10	8	0.017	0.0119	0.0425	313.8	356.0	HLbalEde1,HLcamDro2,HLdidVir1,HLeleMax1,HLmanJav2,HLoryCun3,HLpteVam2,bosTau9,canFam5,dasNov3,equCab3,eriEur2,felCat9,mm39,monDom5,rheMac10,rn7,susScr11
ENSG00000220925_core_1	ENSG00000220925		U_ENSG00000220925.2	chrX	70148720	70148888	-	168	168.0	antisense	ENSG00000089289	18	15	14	11	1	0	0.0348	0.0276	0.0937	144.1	157.0	HLbalEde1,HLcamDro2,HLdidVir1,HLeleMax1,HLmanJav2,HLnotEug3,HLoryCun3,HLpteVam2,canFam5,dasNov3,equCab3,eriEur2,felCat9,mm39,monDom5,rheMac10,rn7,susScr11
ENSG00000221817_core_3	ENSG00000221817	PPP3CB-AS1	U_ENSG00000221817.13	chr10	73519730	73520018	+	288	288.0	antisense	ENSG00000107758,ENSG00000166348	19	19	19	19	19	12	0.0105	0.0094	0.0168	268.6	276.0	HLbalEde1,HLcamDro2,HLdidVir1,HLeleMax1,HLmanJav2,HLnotEug3,HLoryCun3,HLpteVam2,bosTau9,canFam5,dasNov3,equCab3,eriEur2,felCat9,mm39,monDom5,rheMac10,rn7,susScr11
ENSG00000221949_core_1	ENSG00000221949	LINC01465	U_ENSG00000221949.6	chr12	62602362	62603130	-	768	768.0	near_coding_5kb	.	19	19	18	18	16	12	0.0111	0.0069	0.0439	591.8	619.0	HLbalEde1,HLcamDro2,HLdidVir1,HLeleMax1,HLmanJav2,HLnotEug3,HLoryCun3,HLpteVam2,bosTau9,canFam5,dasNov3,equCab3,eriEur2,felCat9,mm39,monDom5,rheMac10,rn7,susScr11
ENSG00000222020_core_1	ENSG00000222020	HDAC4-AS1	U_ENSG00000222020.6	chr2	239401171	239401390	+	219	219.0	antisense	ENSG00000068024	18	18	18	14	13	0	0.0212	0.0171	0.0398	212.7	217.0	HLbalEde1,HLcamDro2,HLeleMax1,HLmanJav2,HLnotEug3,HLoryCun3,HLpteVam2,bosTau9,canFam5,dasNov3,equCab3,eriEur2,felCat9,mm39,monDom5,rheMac10,rn7,susScr11
ENSG00000222033_core_2	ENSG00000222033	LINC01124	U_ENSG00000222033.1	chr2	170713119	170713847	-	728	728.0	near_coding_5kb	.	19	18	16	11	10	2	0.026	0.0196	0.0674	403.3	333.0	HLbalEde1,HLcamDro2,HLdidVir1,HLeleMax1,HLmanJav2,HLnotEug3,HLoryCun3,HLpteVam2,bosTau9,canFam5,dasNov3,equCab3,eriEur2,felCat9,mm39,monDom5,rheMac10,rn7,susScr11
ENSG00000222043_core_1	ENSG00000222043		U_ENSG00000222043.2	chr2	177264438	177264721	+	283	283.0	antisense	ENSG00000116044	19	19	19	19	16	1	0.0154	0.0132	0.0264	264.9	271.0	HLbalEde1,HLcamDro2,HLdidVir1,HLeleMax1,HLmanJav2,HLnotEug3,HLoryCun3,HLpteVam2,bosTau9,canFam5,dasNov3,equCab3,eriEur2,felCat9,mm39,monDom5,rheMac10,rn7,susScr11
ENSG00000223343_core_2	ENSG00000223343		U_ENSG00000223343.2	chr3	48989641	48989988	-	347	347.0	antisense	ENSG00000177479,ENSG00000178467	18	15	10	10	7	0	0.0358	0.0266	0.0997	270.2	285.5	HLbalEde1,HLcamDro2,HLdidVir1,HLeleMax1,HLmanJav2,HLoryCun3,HLpteVam2,bosTau9,canFam5,dasNov3,equCab3,eriEur2,felCat9,mm39,monDom5,rheMac10,rn7,susScr11
ENSG00000223475_core_1	ENSG00000223475	VOPP1-DT	U_ENSG00000223475.1	chr7	55587783	55587934	+	151	151.0	near_coding_5kb	.	18	16	12	0	0	0	0.0415	0.0398	0.0628	137.0	147.5	HLbalEde1,HLcamDro2,HLdidVir1,HLeleMax1,HLmanJav2,HLnotEug3,HLoryCun3,HLpteVam2,bosTau9,canFam5,dasNov3,equCab3,eriEur2,felCat9,mm39,monDom5,rheMac10,rn7
ENSG00000223635_core_1	ENSG00000223635	NUP133-DT	U_ENSG00000223635.3	chr1	229508159	229508445	+	286	286.0	antisense	ENSG00000069248	18	18	18	16	13	1	0.0187	0.0168	0.0305	266.5	283.5	HLbalEde1,HLcamDro2,HLdidVir1,HLeleMax1,HLmanJav2,HLoryCun3,HLpteVam2,bosTau9,canFam5,dasNov3,equCab3,eriEur2,felCat9,mm39,monDom5,rheMac10,rn7,susScr11
ENSG00000223652_core_3	ENSG00000223652		U_ENSG00000223652.3	chr5	123087571	123087859	-	288	288.0	antisense	ENSG00000061455	17	13	12	10	6	0	0.0341	0.0292	0.088	158.4	147.0	HLbalEde1,HLcamDro2,HLeleMax1,HLmanJav2,HLnotEug3,HLoryCun3,HLpteVam2,bosTau9,canFam5,dasNov3,equCab3,eriEur2,felCat9,mm39,monDom5,rheMac10,susScr11
ENSG00000223726_core_2	ENSG00000223726		U_ENSG00000223726.2	chr22	27318246	27318374	-	128	128.0	intergenic	.	18	17	15	11	0	0	0.0315	0.0241	0.084	117.4	127.0	HLbalEde1,HLcamDro2,HLdidVir1,HLeleMax1,HLmanJav2,HLnotEug3,HLpteVam2,bosTau9,canFam5,dasNov3,equCab3,eriEur2,felCat9,mm39,monDom5,rheMac10,rn7,susScr11
ENSG00000223764_core_6	ENSG00000223764	LINC02593	U_ENSG00000223764.3	chr1	920008	920616	-	608	608.0	antisense	ENSG00000187634	17	15	13	9	7	1	0.031	0.0286	0.0685	345.1	351.0	HLbalEde1,HLcamDro2,HLdidVir1,HLeleMax1,HLmanJav2,HLnotEug3,HLoryCun3,HLpteVam2,bosTau9,canFam5,dasNov3,equCab3,eriEur2,felCat9,rheMac10,rn7,susScr11
ENSG00000223944_core_5	ENSG00000223944		U_ENSG00000223944.4	chr1	37318426	37318554	-	128	128.0	intergenic	.	18	15	14	10	0	0	0.0364	0.0288	0.0917	118.5	127.5	HLbalEde1,HLcamDro2,HLdidVir1,HLeleMax1,HLmanJav2,HLoryCun3,HLpteVam2,bosTau9,canFam5,dasNov3,equCab3,eriEur2,felCat9,mm39,monDom5,rheMac10,rn7,susScr11
ENSG00000223947_core_4	ENSG00000223947		U_ENSG00000223947.1	chr2	101001730	101002244	-	514	514.0	antisense	ENSG00000071082,ENSG00000170485	19	14	14	11	6	1	0.0316	0.0236	0.0735	323.4	270.0	HLbalEde1,HLcamDro2,HLdidVir1,HLeleMax1,HLmanJav2,HLnotEug3,HLoryCun3,HLpteVam2,bosTau9,canFam5,dasNov3,equCab3,eriEur2,felCat9,mm39,monDom5,rheMac10,rn7,susScr11
ENSG00000224020_core_1	ENSG00000224020		U_ENSG00000224020.4	chr9	124658479	124658741	+	262	262.0	antisense	ENSG00000148200	17	16	13	13	10	5	0.0239	0.016	0.0859	165.5	149.0	HLbalEde1,HLcamDro2,HLdidVir1,HLmanJav2,HLnotEug3,HLoryCun3,HLpteVam2,bosTau9,canFam5,equCab3,eriEur2,felCat9,mm39,monDom5,rheMac10,rn7,susScr11
ENSG00000224032_core_1	ENSG00000224032	EPB41L4A-AS1	U_ENSG00000224032.10	chr5	112160765	112161295	+	530	530.0	antisense	ENSG00000129595	17	17	17	17	11	1	0.0181	0.0168	0.0283	386.5	351.0	HLbalEde1,HLcamDro2,HLeleMax1,HLmanJav2,HLoryCun3,HLpteVam2,bosTau9,canFam5,dasNov3,equCab3,eriEur2,felCat9,mm39,monDom5,rheMac10,rn7,susScr11
ENSG00000224046_core_1	ENSG00000224046	DMTF1-AS1	U_ENSG00000224046.4	chr7	87152386	87152834	-	448	448.0	antisense	ENSG00000135164	19	18	17	16	16	14	0.0139	0.0059	0.0718	379.4	448.0	HLbalEde1,HLcamDro2,HLdidVir1,HLeleMax1,HLmanJav2,HLnotEug3,HLoryCun3,HLpteVam2,bosTau9,canFam5,dasNov3,equCab3,eriEur2,felCat9,mm39,monDom5,rheMac10,rn7,susScr11
ENSG00000224066_core_1	ENSG00000224066	IQCC-AS1	U_ENSG00000224066.1	chr1	32204811	32205259	-	448	448.0	antisense	ENSG00000160050,ENSG00000160051	17	17	14	12	11	2	0.0214	0.0158	0.042	296.4	319.0	HLbalEde1,HLcamDro2,HLeleMax1,HLmanJav2,HLnotEug3,HLoryCun3,HLpteVam2,bosTau9,canFam5,dasNov3,equCab3,eriEur2,felCat9,mm39,rheMac10,rn7,susScr11
ENSG00000224149_core_1	ENSG00000224149	LHX8-AS1	U_ENSG00000224149.1	chr1	75130385	75130713	-	328	328.0	antisense	ENSG00000162624	17	14	13	12	9	1	0.0286	0.0196	0.0911	264.9	318.0	HLbalEde1,HLcamDro2,HLdidVir1,HLeleMax1,HLmanJav2,HLoryCun3,HLpteVam2,bosTau9,canFam5,dasNov3,equCab3,eriEur2,felCat9,monDom5,rheMac10,rn7,susScr11
ENSG00000224152_core_1	ENSG00000224152	BAZ2B-AS1	U_ENSG00000224152.3	chr2	159616344	159616712	+	368	368.0	antisense	ENSG00000123636	19	19	19	19	19	18	0.0072	0.0069	0.0103	338.6	355.0	HLbalEde1,HLcamDro2,HLdidVir1,HLeleMax1,HLmanJav2,HLnotEug3,HLoryCun3,HLpteVam2,bosTau9,canFam5,dasNov3,equCab3,eriEur2,felCat9,mm39,monDom5,rheMac10,rn7,susScr11
ENSG00000224165_core_1	ENSG00000224165	DNAJC27-AS1	U_ENSG00000224165.9	chr2	24972021	24972232	+	211	211.0	antisense	ENSG00000115137	17	14	13	13	9	0	0.0279	0.0188	0.0601	194.0	204.0	HLbalEde1,HLcamDro2,HLeleMax1,HLmanJav2,HLnotEug3,HLoryCun3,HLpteVam2,bosTau9,canFam5,dasNov3,equCab3,eriEur2,felCat9,mm39,rheMac10,rn7,susScr11
ENSG00000224189_core_2	ENSG00000224189	HAGLR	U_ENSG00000224189.9	chr2	176174884	176175452	-	568	568.0	antisense	ENSG00000128652	18	15	14	13	12	10	0.0204	0.0072	0.0709	407.9	480.0	HLbalEde1,HLcamDro2,HLdidVir1,HLeleMax1,HLmanJav2,HLnotEug3,HLoryCun3,HLpteVam2,bosTau9,canFam5,dasNov3,equCab3,eriEur2,felCat9,mm39,monDom5,rheMac10,rn7
ENSG00000224505_core_1	ENSG00000224505	HEXIM2-AS1	U_ENSG00000224505.5	chr17	45148831	45149359	-	528	528.0	antisense	ENSG00000168517,ENSG00000186834	18	17	17	15	10	1	0.0218	0.0171	0.0716	261.1	208.0	HLbalEde1,HLcamDro2,HLdidVir1,HLeleMax1,HLnotEug3,HLoryCun3,HLpteVam2,bosTau9,canFam5,dasNov3,equCab3,eriEur2,felCat9,mm39,monDom5,rheMac10,rn7,susScr11
ENSG00000224592_core_1	ENSG00000224592	MIR3659HG	U_ENSG00000224592.6	chr1	38047393	38047561	+	168	168.0	near_coding_5kb	.	19	15	13	10	5	0	0.0321	0.029	0.062	160.7	164.0	HLbalEde1,HLcamDro2,HLdidVir1,HLeleMax1,HLmanJav2,HLnotEug3,HLoryCun3,HLpteVam2,bosTau9,canFam5,dasNov3,equCab3,eriEur2,felCat9,mm39,monDom5,rheMac10,rn7,susScr11
ENSG00000224660_core_1	ENSG00000224660	SH3BP5-AS1	U_ENSG00000224660.2	chr3	15256743	15257031	+	288	288.0	antisense	ENSG00000131370	18	12	10	9	7	1	0.0376	0.0293	0.093	186.1	185.5	HLbalEde1,HLcamDro2,HLdidVir1,HLeleMax1,HLmanJav2,HLnotEug3,HLoryCun3,HLpteVam2,canFam5,dasNov3,equCab3,eriEur2,felCat9,mm39,monDom5,rheMac10,rn7,susScr11
ENSG00000224699_core_1	ENSG00000224699	LAMTOR5-AS1	U_ENSG00000224699.13	chr1	110347195	110347887	+	692	692.0	antisense	ENSG00000134248,ENSG00000168679	19	16	16	16	16	14	0.0178	0.0078	0.0919	385.3	303.0	HLbalEde1,HLcamDro2,HLdidVir1,HLeleMax1,HLmanJav2,HLnotEug3,HLoryCun3,HLpteVam2,bosTau9,canFam5,dasNov3,equCab3,eriEur2,felCat9,mm39,monDom5,rheMac10,rn7,susScr11
ENSG00000224738_core_1	ENSG00000224738		U_ENSG00000224738.3	chr17	59106637	59107325	+	688	688.0	antisense	ENSG00000108395,ENSG00000182628	18	18	18	18	17	15	0.0085	0.007	0.0217	569.4	558.5	HLbalEde1,HLcamDro2,HLdidVir1,HLeleMax1,HLmanJav2,HLoryCun3,HLpteVam2,bosTau9,canFam5,dasNov3,equCab3,eriEur2,felCat9,mm39,monDom5,rheMac10,rn7,susScr11
ENSG00000224817_core_1	ENSG00000224817	LINC03046	U_ENSG00000224817.3	chr10	101704452	101704704	-	252	252.0	intergenic	.	18	17	16	16	12	0	0.0216	0.0168	0.0781	211.6	211.5	HLbalEde1,HLcamDro2,HLdidVir1,HLeleMax1,HLmanJav2,HLnotEug3,HLoryCun3,HLpteVam2,bosTau9,canFam5,equCab3,eriEur2,felCat9,mm39,monDom5,rheMac10,rn7,susScr11
ENSG00000224870_core_1	ENSG00000224870	MRPL20-AS1	U_ENSG00000224870.10	chr1	1399555	1399883	+	328	328.0	antisense	ENSG00000242485	17	17	16	9	1	1	0.0301	0.0287	0.0452	308.3	321.0	HLbalEde1,HLcamDro2,HLeleMax1,HLmanJav2,HLnotEug3,HLoryCun3,HLpteVam2,bosTau9,canFam5,dasNov3,equCab3,eriEur2,felCat9,mm39,rheMac10,rn7,susScr11
ENSG00000224888_core_1	ENSG00000224888	HSALR1	U_ENSG00000224888.4	chr16	88738071	88738399	+	328	328.0	antisense	ENSG00000103335	18	15	14	9	7	1	0.0314	0.0298	0.0754	242.6	235.5	HLbalEde1,HLcamDro2,HLdidVir1,HLeleMax1,HLmanJav2,HLnotEug3,HLpteVam2,bosTau9,canFam5,dasNov3,equCab3,eriEur2,felCat9,mm39,monDom5,rheMac10,rn7,susScr11
ENSG00000225174_core_3	ENSG00000225174		U_ENSG00000225174.2	chr6	108157458	108157946	+	488	488.0	antisense	ENSG00000081087	19	18	18	18	17	15	0.0117	0.0071	0.0811	333.7	328.0	HLbalEde1,HLcamDro2,HLdidVir1,HLeleMax1,HLmanJav2,HLnotEug3,HLoryCun3,HLpteVam2,bosTau9,canFam5,dasNov3,equCab3,eriEur2,felCat9,mm39,monDom5,rheMac10,rn7,susScr11
ENSG00000225187_core_1	ENSG00000225187		U_ENSG00000225187.1	chr2	47067981	47068589	+	608	608.0	antisense+sense	ENSG00000068724,ENSG00000239605,ENSG00000273269	17	15	14	11	4	1	0.0294	0.0264	0.0756	360.1	369.0	HLbalEde1,HLcamDro2,HLdidVir1,HLeleMax1,HLmanJav2,HLnotEug3,HLoryCun3,HLpteVam2,bosTau9,canFam5,eriEur2,felCat9,mm39,monDom5,rheMac10,rn7,susScr11
ENSG00000225235_core_2	ENSG00000225235	INTS6L-AS1	U_ENSG00000225235.2	chrX	135521495	135521688	-	193	193.0	antisense	ENSG00000165359	17	15	14	14	11	0	0.026	0.0195	0.0795	152.1	143.0	HLbalEde1,HLcamDro2,HLeleMax1,HLmanJav2,HLnotEug3,HLoryCun3,HLpteVam2,bosTau9,canFam5,dasNov3,equCab3,eriEur2,felCat9,mm39,rheMac10,rn7,susScr11
ENSG00000225708_core_1	ENSG00000225708		U_ENSG00000225708.7	chr20	58069119	58069367	-	248	248.0	intergenic	.	17	12	9	7	4	1	0.0442	0.0385	0.0911	167.5	171.0	HLbalEde1,HLcamDro2,HLdidVir1,HLeleMax1,HLmanJav2,HLnotEug3,HLpteVam2,bosTau9,canFam5,dasNov3,equCab3,eriEur2,felCat9,mm39,rheMac10,rn7,susScr11
ENSG00000225733_core_2	ENSG00000225733	FGD5-AS1	U_ENSG00000225733.8	chr3	14948068	14948424	-	356	356.0	antisense	ENSG00000154783,ENSG00000177463	19	18	18	18	16	6	0.0164	0.012	0.0871	258.6	249.0	HLbalEde1,HLcamDro2,HLdidVir1,HLeleMax1,HLmanJav2,HLnotEug3,HLoryCun3,HLpteVam2,bosTau9,canFam5,dasNov3,equCab3,eriEur2,felCat9,mm39,monDom5,rheMac10,rn7,susScr11
ENSG00000225822_core_1	ENSG00000225822	UBXN7-AS1	U_ENSG00000225822.5	chr3	196432264	196432752	+	488	488.0	antisense	ENSG00000163960	18	17	17	17	17	13	0.0131	0.0068	0.0937	393.5	449.0	HLbalEde1,HLcamDro2,HLdidVir1,HLeleMax1,HLmanJav2,HLnotEug3,HLoryCun3,HLpteVam2,bosTau9,canFam5,dasNov3,equCab3,felCat9,mm39,monDom5,rheMac10,rn7,susScr11
ENSG00000225850_core_1	ENSG00000225850		U_ENSG00000225850.5	chr10	97334643	97334971	+	328	328.0	antisense	ENSG00000181274	18	18	18	18	17	1	0.0138	0.013	0.0226	307.6	321.0	HLbalEde1,HLcamDro2,HLdidVir1,HLeleMax1,HLmanJav2,HLoryCun3,HLpteVam2,bosTau9,canFam5,dasNov3,equCab3,eriEur2,felCat9,mm39,monDom5,rheMac10,rn7,susScr11
ENSG00000225891_core_1	ENSG00000225891	DHDDS-AS1	U_ENSG00000225891.3	chr1	26472090	26472276	-	186	186.0	antisense	ENSG00000117682	19	12	10	9	8	0	0.0393	0.0338	0.0805	160.1	184.0	HLbalEde1,HLcamDro2,HLdidVir1,HLeleMax1,HLmanJav2,HLnotEug3,HLoryCun3,HLpteVam2,bosTau9,canFam5,dasNov3,equCab3,eriEur2,felCat9,mm39,monDom5,rheMac10,rn7,susScr11
ENSG00000226172_core_1	ENSG00000226172		U_ENSG00000226172.3	chr1	119001385	119001632	-	247	247.0	near_coding_5kb	.	18	14	13	13	8	1	0.0308	0.0207	0.0797	185.4	195.5	HLbalEde1,HLcamDro2,HLdidVir1,HLeleMax1,HLnotEug3,HLoryCun3,HLpteVam2,bosTau9,canFam5,dasNov3,equCab3,eriEur2,felCat9,mm39,monDom5,rheMac10,rn7,susScr11
ENSG00000226252_core_3	ENSG00000226252		U_ENSG00000226252.1	chr1	47229474	47229802	+	328	328.0	antisense	ENSG00000162367	17	15	14	13	10	1	0.0243	0.0165	0.0589	262.5	283.0	HLbalEde1,HLcamDro2,HLdidVir1,HLmanJav2,HLoryCun3,HLpteVam2,bosTau9,canFam5,dasNov3,equCab3,eriEur2,felCat9,mm39,monDom5,rheMac10,rn7,susScr11
ENSG00000226349_core_3	ENSG00000226349		U_ENSG00000226349.2	chr1	225777575	225777748	-	173	173.0	near_coding_5kb	.	17	14	9	6	1	0	0.0395	0.0381	0.0759	147.8	147.0	HLbalEde1,HLcamDro2,HLdidVir1,HLeleMax1,HLmanJav2,HLnotEug3,HLoryCun3,HLpteVam2,bosTau9,canFam5,dasNov3,equCab3,felCat9,mm39,rheMac10,rn7,susScr11
ENSG00000226510_core_2	ENSG00000226510		U_ENSG00000226510.3	chr19	35668437	35668605	-	168	168.0	antisense	ENSG00000105668	18	18	18	17	14	0	0.0187	0.0173	0.0345	160.4	165.0	HLbalEde1,HLcamDro2,HLdidVir1,HLeleMax1,HLmanJav2,HLnotEug3,HLoryCun3,HLpteVam2,bosTau9,canFam5,dasNov3,equCab3,eriEur2,felCat9,mm39,rheMac10,rn7,susScr11
ENSG00000226604_core_2	ENSG00000226604	PAPPA-AS2	U_ENSG00000226604.2	chr9	116286620	116287028	-	408	408.0	antisense	ENSG00000182752	17	12	10	9	7	2	0.037	0.0211	0.0993	203.5	164.0	HLbalEde1,HLcamDro2,HLdidVir1,HLeleMax1,HLmanJav2,HLnotEug3,HLoryCun3,HLpteVam2,bosTau9,canFam5,dasNov3,equCab3,eriEur2,felCat9,monDom5,rheMac10,susScr11
ENSG00000226648_core_3	ENSG00000226648	PLCG1-AS1	U_ENSG00000226648.3	chr20	41137847	41138003	-	156	156.0	antisense	ENSG00000124181,ENSG00000198900	18	15	10	4	1	0	0.043	0.0387	0.0876	145.9	154.5	HLbalEde1,HLcamDro2,HLdidVir1,HLeleMax1,HLmanJav2,HLoryCun3,HLpteVam2,bosTau9,canFam5,dasNov3,equCab3,eriEur2,felCat9,mm39,monDom5,rheMac10,rn7,susScr11
ENSG00000226673_core_2	ENSG00000226673	LINC01108	U_ENSG00000226673.2	chr6	14282140	14282708	-	568	568.0	intergenic	.	18	17	17	15	15	8	0.016	0.0112	0.0586	319.9	349.0	HLbalEde1,HLcamDro2,HLdidVir1,HLeleMax1,HLmanJav2,HLnotEug3,HLoryCun3,HLpteVam2,bosTau9,canFam5,dasNov3,equCab3,eriEur2,felCat9,monDom5,rheMac10,rn7,susScr11
ENSG00000226754_core_1	ENSG00000226754	MAGOH-DT	U_ENSG00000226754.4	chr1	53238619	53239027	+	408	408.0	antisense	ENSG00000157193	18	12	9	8	5	1	0.0419	0.0398	0.0923	256.4	252.5	HLbalEde1,HLcamDro2,HLdidVir1,HLeleMax1,HLmanJav2,HLnotEug3,HLoryCun3,HLpteVam2,bosTau9,canFam5,dasNov3,equCab3,eriEur2,felCat9,monDom5,rheMac10,rn7,susScr11
ENSG00000226812_core_2	ENSG00000226812	R3HDML-AS1	U_ENSG00000226812.3	chr20	44350626	44350856	-	230	230.0	antisense	ENSG00000101074	17	16	16	14	11	0	0.0221	0.0183	0.0599	187.6	178.0	HLbalEde1,HLcamDro2,HLeleMax1,HLmanJav2,HLnotEug3,HLoryCun3,HLpteVam2,bosTau9,canFam5,dasNov3,eriEur2,felCat9,mm39,monDom5,rheMac10,rn7,susScr11
ENSG00000226889_core_1	ENSG00000226889	ATF6-DT	U_ENSG00000226889.5	chr1	161749559	161750287	-	728	728.0	antisense	ENSG00000081721	19	18	18	18	18	8	0.0125	0.0113	0.052	465.5	489.0	HLbalEde1,HLcamDro2,HLdidVir1,HLeleMax1,HLmanJav2,HLnotEug3,HLoryCun3,HLpteVam2,bosTau9,canFam5,dasNov3,equCab3,eriEur2,felCat9,mm39,monDom5,rheMac10,rn7,susScr11
ENSG00000226913_core_4	ENSG00000226913	BSN-DT	U_ENSG00000226913.3	chr3	49554179	49554374	-	195	195.0	antisense	ENSG00000173402	18	12	12	8	1	0	0.0386	0.0302	0.0769	174.2	188.5	HLbalEde1,HLcamDro2,HLdidVir1,HLeleMax1,HLmanJav2,HLoryCun3,HLpteVam2,bosTau9,canFam5,dasNov3,equCab3,eriEur2,felCat9,mm39,monDom5,rheMac10,rn7,susScr11
ENSG00000226954_core_3	ENSG00000226954		U_ENSG00000226954.1	chr22	49718983	49719551	-	568	568.0	intergenic	.	17	13	13	11	5	1	0.0326	0.0282	0.0884	385.9	412.0	HLbalEde1,HLcamDro2,HLdidVir1,HLeleMax1,HLmanJav2,HLnotEug3,HLoryCun3,HLpteVam2,bosTau9,canFam5,dasNov3,equCab3,felCat9,mm39,rheMac10,rn7,susScr11
ENSG00000227014_core_4	ENSG00000227014	FKBP14-AS1	U_ENSG00000227014.7	chr7	30026667	30027035	+	368	368.0	antisense+sense	ENSG00000106080,ENSG00000106086,ENSG00000136193	18	16	15	10	4	1	0.0326	0.025	0.0939	243.4	233.0	HLbalEde1,HLcamDro2,HLdidVir1,HLeleMax1,HLmanJav2,HLnotEug3,HLoryCun3,bosTau9,canFam5,dasNov3,equCab3,eriEur2,felCat9,mm39,monDom5,rheMac10,rn7,susScr11
ENSG00000227036_core_14	ENSG00000227036	LINC00511	U_ENSG00000227036.11	chr17	72592308	72592804	-	496	496.0	intergenic	.	18	16	15	13	10	2	0.0258	0.0173	0.0896	350.2	370.0	HLbalEde1,HLcamDro2,HLdidVir1,HLeleMax1,HLmanJav2,HLoryCun3,HLpteVam2,bosTau9,canFam5,dasNov3,equCab3,eriEur2,felCat9,mm39,monDom5,rheMac10,rn7,susScr11
ENSG00000227060_core_1	ENSG00000227060		U_ENSG00000227060.8	chrX	134549906	134550194	+	288	288.0	intergenic	.	17	14	13	12	12	1	0.0274	0.0168	0.0658	249.9	263.0	HLbalEde1,HLcamDro2,HLdidVir1,HLeleMax1,HLmanJav2,HLpteVam2,bosTau9,canFam5,dasNov3,equCab3,eriEur2,felCat9,mm39,monDom5,rheMac10,rn7,susScr11
ENSG00000227115_core_3	ENSG00000227115	LINC01630	U_ENSG00000227115.11	chr18	51563636	51564324	+	688	688.0	intergenic	.	17	14	14	11	5	1	0.0307	0.0261	0.0908	230.6	205.0	HLbalEde1,HLcamDro2,HLeleMax1,HLmanJav2,HLoryCun3,HLpteVam2,bosTau9,canFam5,dasNov3,equCab3,eriEur2,felCat9,mm39,monDom5,rheMac10,rn7,susScr11
ENSG00000227128_core_3	ENSG00000227128	LBX1-AS1	U_ENSG00000227128.6	chr10	101238787	101239235	+	448	448.0	near_coding_5kb	.	19	19	18	14	12	6	0.0188	0.0139	0.0448	312.4	306.0	HLbalEde1,HLcamDro2,HLdidVir1,HLeleMax1,HLmanJav2,HLnotEug3,HLoryCun3,HLpteVam2,bosTau9,canFam5,dasNov3,equCab3,eriEur2,felCat9,mm39,monDom5,rheMac10,rn7,susScr11
ENSG00000227252_core_2	ENSG00000227252	COPS8-DT	U_ENSG00000227252.3	chr2	237085342	237085768	-	426	426.0	near_coding_5kb	.	18	9	4	3	1	1	0.0487	0.0508	0.075	201.9	176.5	HLbalEde1,HLcamDro2,HLdidVir1,HLeleMax1,HLmanJav2,HLnotEug3,HLoryCun3,HLpteVam2,bosTau9,canFam5,dasNov3,equCab3,eriEur2,felCat9,mm39,rheMac10,rn7,susScr11
ENSG00000227477_core_3	ENSG00000227477	STK4-DT	U_ENSG00000227477.2	chr20	44966232	44966461	-	229	229.0	near_coding_5kb	.	18	16	13	11	1	0	0.0316	0.0276	0.0508	209.1	213.5	HLcamDro2,HLdidVir1,HLeleMax1,HLmanJav2,HLnotEug3,HLoryCun3,HLpteVam2,bosTau9,canFam5,dasNov3,equCab3,eriEur2,felCat9,mm39,monDom5,rheMac10,rn7,susScr11
ENSG00000227487_core_4	ENSG00000227487		U_ENSG00000227487.4	chr11	113270233	113270361	-	128	128.0	antisense	ENSG00000149294	18	15	15	15	11	0	0.0251	0.0194	0.0525	109.6	128.0	HLcamDro2,HLdidVir1,HLeleMax1,HLmanJav2,HLnotEug3,HLoryCun3,HLpteVam2,bosTau9,canFam5,dasNov3,equCab3,eriEur2,felCat9,mm39,monDom5,rheMac10,rn7,susScr11
ENSG00000227659_core_2	ENSG00000227659		U_ENSG00000227659.1	chr13	99690799	99690971	-	172	172.0	antisense	ENSG00000125246	17	17	16	16	8	0	0.0219	0.0202	0.047	156.7	165.0	HLbalEde1,HLcamDro2,HLdidVir1,HLeleMax1,HLmanJav2,HLnotEug3,HLoryCun3,canFam5,dasNov3,equCab3,eriEur2,felCat9,mm39,monDom5,rheMac10,rn7,susScr11
ENSG00000227857_core_1	ENSG00000227857		U_ENSG00000227857.3	chr1	46133160	46133390	+	230	230.0	antisense	ENSG00000278139	18	17	17	15	15	1	0.0178	0.0123	0.0693	218.6	224.0	HLbalEde1,HLcamDro2,HLdidVir1,HLeleMax1,HLmanJav2,HLoryCun3,HLpteVam2,bosTau9,canFam5,dasNov3,equCab3,eriEur2,felCat9,mm39,monDom5,rheMac10,rn7,susScr11
ENSG00000227896_core_1	ENSG00000227896		U_ENSG00000227896.2	chr10	86521984	86522312	+	328	328.0	near_coding_5kb	.	19	19	19	19	14	1	0.015	0.0126	0.0238	320.4	325.0	HLbalEde1,HLcamDro2,HLdidVir1,HLeleMax1,HLmanJav2,HLnotEug3,HLoryCun3,HLpteVam2,bosTau9,canFam5,dasNov3,equCab3,eriEur2,felCat9,mm39,monDom5,rheMac10,rn7,susScr11
ENSG00000228035_core_1	ENSG00000228035	NGF-AS1	U_ENSG00000228035.2	chr1	115365669	115365977	+	308	308.0	antisense	ENSG00000134259	18	16	16	15	8	0	0.0248	0.0204	0.0841	192.3	164.0	HLbalEde1,HLcamDro2,HLdidVir1,HLeleMax1,HLmanJav2,HLnotEug3,HLoryCun3,HLpteVam2,bosTau9,canFam5,dasNov3,equCab3,felCat9,mm39,monDom5,rheMac10,rn7,susScr11
ENSG00000228061_core_3	ENSG00000228061	ELP4-AS1	U_ENSG00000228061.8	chr11	31767239	31767382	-	143	143.0	antisense	ENSG00000109911	19	16	12	5	1	0	0.0388	0.0341	0.0716	129.5	142.0	HLbalEde1,HLcamDro2,HLdidVir1,HLeleMax1,HLmanJav2,HLnotEug3,HLoryCun3,HLpteVam2,bosTau9,canFam5,dasNov3,equCab3,eriEur2,felCat9,mm39,monDom5,rheMac10,rn7,susScr11
ENSG00000228084_core_1	ENSG00000228084		U_ENSG00000228084.4	chr1	99969734	99969964	-	230	230.0	antisense	ENSG00000117620	19	19	18	15	9	0	0.0241	0.0212	0.0418	213.0	221.0	HLbalEde1,HLcamDro2,HLdidVir1,HLeleMax1,HLmanJav2,HLnotEug3,HLoryCun3,HLpteVam2,bosTau9,canFam5,dasNov3,equCab3,eriEur2,felCat9,mm39,monDom5,rheMac10,rn7,susScr11
ENSG00000228417_core_1	ENSG00000228417		U_ENSG00000228417.1	chr10	110208322	110208485	-	163	163.0	antisense	ENSG00000119950	19	18	17	17	12	0	0.0238	0.0187	0.0769	154.3	162.0	HLbalEde1,HLcamDro2,HLdidVir1,HLeleMax1,HLmanJav2,HLnotEug3,HLoryCun3,HLpteVam2,bosTau9,canFam5,dasNov3,equCab3,eriEur2,felCat9,mm39,monDom5,rheMac10,rn7,susScr11
ENSG00000228506_core_1	ENSG00000228506	PNISR-AS1	U_ENSG00000228506.5	chr6	99425239	99425447	+	208	208.0	antisense	ENSG00000123552,ENSG00000132424	17	16	14	14	9	0	0.0249	0.0193	0.0539	182.5	196.0	HLbalEde1,HLcamDro2,HLdidVir1,HLeleMax1,HLmanJav2,HLoryCun3,HLpteVam2,bosTau9,canFam5,dasNov3,equCab3,eriEur2,mm39,monDom5,rheMac10,rn7,susScr11
ENSG00000228701_core_1	ENSG00000228701		U_ENSG00000228701.4	chr10	91798104	91798479	-	375	375.0	antisense	ENSG00000107854	19	19	19	19	16	4	0.0131	0.0114	0.0247	314.8	318.0	HLbalEde1,HLcamDro2,HLdidVir1,HLeleMax1,HLmanJav2,HLnotEug3,HLoryCun3,HLpteVam2,bosTau9,canFam5,dasNov3,equCab3,eriEur2,felCat9,mm39,monDom5,rheMac10,rn7,susScr11
ENSG00000228804_core_2	ENSG00000228804		U_ENSG00000228804.6	chr3	187733523	187733785	+	262	262.0	antisense	ENSG00000113916,ENSG00000198471	18	18	18	18	18	0	0.014	0.0144	0.0179	225.4	237.0	HLbalEde1,HLcamDro2,HLdidVir1,HLeleMax1,HLmanJav2,HLnotEug3,HLoryCun3,HLpteVam2,bosTau9,canFam5,dasNov3,equCab3,eriEur2,felCat9,mm39,rheMac10,rn7,susScr11
ENSG00000228824_core_1	ENSG00000228824		U_ENSG00000228824.9	chr13	87670988	87671631	-	643	643.0	antisense	ENSG00000165300	19	17	17	16	16	16	0.0158	0.0064	0.0846	524.3	588.0	HLbalEde1,HLcamDro2,HLdidVir1,HLeleMax1,HLmanJav2,HLnotEug3,HLoryCun3,HLpteVam2,bosTau9,canFam5,dasNov3,equCab3,eriEur2,felCat9,mm39,monDom5,rheMac10,rn7,susScr11
ENSG00000228830_core_1	ENSG00000228830		U_ENSG00000228830.1	chr1	234607367	234607637	+	270	270.0	antisense	ENSG00000168264	19	19	19	19	19	16	0.0094	0.0093	0.0121	263.4	268.0	HLbalEde1,HLcamDro2,HLdidVir1,HLeleMax1,HLmanJav2,HLnotEug3,HLoryCun3,HLpteVam2,bosTau9,canFam5,dasNov3,equCab3,eriEur2,felCat9,mm39,monDom5,rheMac10,rn7,susScr11
ENSG00000228835_core_2	ENSG00000228835		U_ENSG00000228835.1	chr18	32770953	32771108	+	155	155.0	antisense	ENSG00000197705	19	18	15	14	9	0	0.0284	0.0218	0.083	135.9	154.0	HLbalEde1,HLcamDro2,HLdidVir1,HLeleMax1,HLmanJav2,HLnotEug3,HLoryCun3,HLpteVam2,bosTau9,canFam5,dasNov3,equCab3,eriEur2,felCat9,mm39,monDom5,rheMac10,rn7,susScr11
ENSG00000228843_core_1	ENSG00000228843		U_ENSG00000228843.2	chr9	35756946	35757074	-	128	128.0	antisense	ENSG00000107185	17	1	1	1	0	0	0.0654	0.0667	0.0844	114.9	120.0	HLbalEde1,HLcamDro2,HLdidVir1,HLeleMax1,HLmanJav2,HLnotEug3,HLoryCun3,HLpteVam2,bosTau9,canFam5,dasNov3,equCab3,eriEur2,felCat9,monDom5,rheMac10,susScr11
ENSG00000229066_core_1	ENSG00000229066		U_ENSG00000229066.3	chr2	175442447	175442928	+	481	481.0	intergenic	.	19	19	19	19	19	14	0.0079	0.0066	0.0137	333.4	363.0	HLbalEde1,HLcamDro2,HLdidVir1,HLeleMax1,HLmanJav2,HLnotEug3,HLoryCun3,HLpteVam2,bosTau9,canFam5,dasNov3,equCab3,eriEur2,felCat9,mm39,monDom5,rheMac10,rn7,susScr11
ENSG00000229108_core_1	ENSG00000229108	LINC02587	U_ENSG00000229108.5	chr7	15688265	15688452	+	187	187.0	near_coding_5kb	.	18	18	18	17	14	0	0.017	0.0144	0.0304	176.6	187.0	HLbalEde1,HLcamDro2,HLdidVir1,HLeleMax1,HLmanJav2,HLnotEug3,HLoryCun3,HLpteVam2,bosTau9,canFam5,dasNov3,equCab3,eriEur2,felCat9,mm39,monDom5,rheMac10,susScr11
ENSG00000229124_core_2	ENSG00000229124		U_ENSG00000229124.9	chr10	17229450	17229578	-	128	128.0	antisense	ENSG00000026025	17	15	15	14	5	0	0.0293	0.0246	0.0905	113.6	123.0	HLbalEde1,HLcamDro2,HLdidVir1,HLmanJav2,HLnotEug3,HLoryCun3,HLpteVam2,bosTau9,dasNov3,equCab3,eriEur2,felCat9,mm39,monDom5,rheMac10,rn7,susScr11
ENSG00000229203_core_1	ENSG00000229203		U_ENSG00000229203.1	chr2	131829867	131830115	-	248	248.0	intergenic	.	18	18	18	14	11	1	0.0201	0.0157	0.0355	221.7	236.0	HLbalEde1,HLcamDro2,HLdidVir1,HLeleMax1,HLmanJav2,HLnotEug3,HLpteVam2,bosTau9,canFam5,dasNov3,equCab3,eriEur2,felCat9,mm39,monDom5,rheMac10,rn7,susScr11
ENSG00000229267_core_1	ENSG00000229267	SNHG31	U_ENSG00000229267.4	chr2	214810035	214810403	+	368	368.0	antisense	ENSG00000144452	17	17	14	7	2	0	0.0311	0.032	0.05	267.5	260.0	HLbalEde1,HLcamDro2,HLdidVir1,HLeleMax1,HLmanJav2,HLoryCun3,HLpteVam2,bosTau9,canFam5,dasNov3,equCab3,eriEur2,felCat9,mm39,monDom5,rn7,susScr11
ENSG00000229272_core_2	ENSG00000229272	LINC03036	U_ENSG00000229272.3	chr10	119029412	119029544	-	132	132.0	near_coding_5kb	.	18	18	16	14	1	0	0.0264	0.0232	0.0463	127.9	131.0	HLbalEde1,HLcamDro2,HLeleMax1,HLmanJav2,HLnotEug3,HLoryCun3,HLpteVam2,bosTau9,canFam5,dasNov3,equCab3,eriEur2,felCat9,mm39,monDom5,rheMac10,rn7,susScr11
ENSG00000229307_core_1	ENSG00000229307		U_ENSG00000229307.1	chr13	62323776	62323904	+	128	128.0	intergenic	.	18	14	14	12	1	0	0.0385	0.0274	0.0876	116.0	117.5	HLbalEde1,HLcamDro2,HLdidVir1,HLeleMax1,HLmanJav2,HLnotEug3,HLoryCun3,HLpteVam2,canFam5,dasNov3,equCab3,eriEur2,felCat9,mm39,monDom5,rheMac10,rn7,susScr11
ENSG00000229368_core_1	ENSG00000229368		U_ENSG00000229368.1	chr11	3854952	3855280	+	328	328.0	sense_overlapping	ENSG00000167323	17	17	17	16	15	1	0.0144	0.012	0.0339	311.7	326.0	HLbalEde1,HLcamDro2,HLeleMax1,HLmanJav2,HLoryCun3,HLpteVam2,bosTau9,canFam5,dasNov3,equCab3,eriEur2,felCat9,mm39,monDom5,rheMac10,rn7,susScr11
ENSG00000229372_core_1	ENSG00000229372	SZT2-AS1	U_ENSG00000229372.1	chr1	43448193	43448321	-	128	128.0	antisense	ENSG00000198198	17	15	14	12	0	0	0.0344	0.0286	0.0982	123.6	128.0	HLbalEde1,HLcamDro2,HLeleMax1,HLmanJav2,HLnotEug3,HLoryCun3,HLpteVam2,bosTau9,canFam5,dasNov3,equCab3,eriEur2,felCat9,mm39,monDom5,rn7,susScr11
ENSG00000229388_core_1	ENSG00000229388	TAF12-DT	U_ENSG00000229388.2	chr1	28648502	28648790	+	288	288.0	antisense	ENSG00000120656	17	17	17	17	16	0	0.0144	0.0143	0.0235	241.1	242.0	HLbalEde1,HLcamDro2,HLeleMax1,HLmanJav2,HLoryCun3,HLpteVam2,bosTau9,canFam5,dasNov3,equCab3,eriEur2,felCat9,mm39,monDom5,rheMac10,rn7,susScr11
ENSG00000229407_core_1	ENSG00000229407		U_ENSG00000229407.6	chr1	179816183	179816483	-	300	300.0	antisense	ENSG00000143340	17	14	13	13	10	0	0.029	0.0189	0.0822	253.5	270.0	HLbalEde1,HLcamDro2,HLeleMax1,HLmanJav2,HLnotEug3,HLoryCun3,HLpteVam2,bosTau9,canFam5,dasNov3,equCab3,eriEur2,felCat9,mm39,monDom5,rheMac10,susScr11
ENSG00000229484_core_2	ENSG00000229484	LINC02766	U_ENSG00000229484.4	chr1	12540347	12540571	+	224	224.0	intergenic	.	19	17	17	17	13	0	0.0243	0.0163	0.0982	203.8	214.0	HLbalEde1,HLcamDro2,HLdidVir1,HLeleMax1,HLmanJav2,HLnotEug3,HLoryCun3,HLpteVam2,bosTau9,canFam5,dasNov3,equCab3,eriEur2,felCat9,mm39,monDom5,rheMac10,rn7,susScr11
ENSG00000229533_core_1	ENSG00000229533		U_ENSG00000229533.1	chr7	19145847	19146095	+	248	248.0	antisense	ENSG00000146618	19	17	17	16	16	1	0.0207	0.014	0.0849	199.6	209.0	HLbalEde1,HLcamDro2,HLdidVir1,HLeleMax1,HLmanJav2,HLnotEug3,HLoryCun3,HLpteVam2,bosTau9,canFam5,dasNov3,equCab3,eriEur2,felCat9,mm39,monDom5,rheMac10,rn7,susScr11
ENSG00000229582_core_2	ENSG00000229582		U_ENSG00000229582.4	chr9	125745911	125746519	-	608	608.0	near_coding_5kb	.	19	18	16	15	14	11	0.0173	0.0076	0.0721	491.6	573.0	HLbalEde1,HLcamDro2,HLdidVir1,HLeleMax1,HLmanJav2,HLnotEug3,HLoryCun3,HLpteVam2,bosTau9,canFam5,dasNov3,equCab3,eriEur2,felCat9,mm39,monDom5,rheMac10,rn7,susScr11
ENSG00000229750_core_1	ENSG00000229750		U_ENSG00000229750.2	chr2	175167583	175167935	+	352	352.0	antisense	ENSG00000115966	18	16	16	15	11	3	0.0239	0.0132	0.094	235.7	249.5	HLbalEde1,HLcamDro2,HLdidVir1,HLeleMax1,HLmanJav2,HLnotEug3,HLoryCun3,HLpteVam2,bosTau9,canFam5,equCab3,eriEur2,felCat9,mm39,monDom5,rheMac10,rn7,susScr11
ENSG00000229750_core_2	ENSG00000229750		U_ENSG00000229750.2	chr2	175168265	175168833	+	568	568.0	antisense	ENSG00000115966	19	18	18	17	16	5	0.0149	0.0114	0.0585	401.2	412.0	HLbalEde1,HLcamDro2,HLdidVir1,HLeleMax1,HLmanJav2,HLnotEug3,HLoryCun3,HLpteVam2,bosTau9,canFam5,dasNov3,equCab3,eriEur2,felCat9,mm39,monDom5,rheMac10,rn7,susScr11
ENSG00000229839_core_3	ENSG00000229839		U_ENSG00000229839.7	chr2	62195213	62195485	-	272	272.0	antisense	ENSG00000173163	17	9	6	6	2	0	0.0472	0.0455	0.0855	201.1	197.0	HLbalEde1,HLcamDro2,HLdidVir1,HLeleMax1,HLmanJav2,HLoryCun3,HLpteVam2,bosTau9,canFam5,equCab3,eriEur2,felCat9,mm39,monDom5,rheMac10,rn7,susScr11
ENSG00000230316_core_1	ENSG00000230316	FEZF1-AS1	U_ENSG00000230316.8	chr7	122303817	122304265	+	448	448.0	antisense	ENSG00000128610	19	15	14	13	11	9	0.0243	0.0125	0.0655	315.5	288.0	HLbalEde1,HLcamDro2,HLdidVir1,HLeleMax1,HLmanJav2,HLnotEug3,HLoryCun3,HLpteVam2,bosTau9,canFam5,dasNov3,equCab3,eriEur2,felCat9,mm39,monDom5,rheMac10,rn7,susScr11
ENSG00000230316_core_2	ENSG00000230316	FEZF1-AS1	U_ENSG00000230316.8	chr7	122305425	122306113	+	688	688.0	antisense	ENSG00000128610	19	19	16	15	13	3	0.0194	0.0131	0.0474	401.2	373.0	HLbalEde1,HLcamDro2,HLdidVir1,HLeleMax1,HLmanJav2,HLnotEug3,HLoryCun3,HLpteVam2,bosTau9,canFam5,dasNov3,equCab3,eriEur2,felCat9,mm39,monDom5,rheMac10,rn7,susScr11
ENSG00000230408_core_1	ENSG00000230408	BZW1-AS1	U_ENSG00000230408.4	chr2	200811889	200812212	-	323	323.0	antisense	ENSG00000082153	18	18	17	16	10	2	0.0208	0.0186	0.0444	238.1	256.5	HLbalEde1,HLcamDro2,HLdidVir1,HLeleMax1,HLmanJav2,HLnotEug3,HLoryCun3,HLpteVam2,bosTau9,canFam5,dasNov3,equCab3,eriEur2,felCat9,mm39,rheMac10,rn7,susScr11
ENSG00000230424_core_1	ENSG00000230424	EMC1-AS1	U_ENSG00000230424.4	chr1	19210369	19210559	+	190	190.0	antisense	ENSG00000127463	18	11	10	7	1	0	0.0448	0.0322	0.0899	169.8	188.5	HLbalEde1,HLcamDro2,HLdidVir1,HLeleMax1,HLmanJav2,HLnotEug3,HLoryCun3,HLpteVam2,bosTau9,canFam5,dasNov3,equCab3,felCat9,mm39,monDom5,rheMac10,rn7,susScr11
ENSG00000230530_core_8	ENSG00000230530	LIMD1-AS1	U_ENSG00000230530.3	chr3	45688864	45689209	-	345	345.0	antisense	ENSG00000144791,ENSG00000211456	17	17	17	17	11	0	0.0199	0.0198	0.0268	224.1	241.0	HLbalEde1,HLcamDro2,HLeleMax1,HLmanJav2,HLnotEug3,HLoryCun3,HLpteVam2,bosTau9,canFam5,dasNov3,equCab3,felCat9,mm39,monDom5,rheMac10,rn7,susScr11
ENSG00000230630_core_1	ENSG00000230630	DNM3OS	U_ENSG00000230630.6	chr1	172138668	172138956	-	288	288.0	antisense	ENSG00000197959	19	19	19	19	19	7	0.0113	0.0103	0.0198	218.2	215.0	HLbalEde1,HLcamDro2,HLdidVir1,HLeleMax1,HLmanJav2,HLnotEug3,HLoryCun3,HLpteVam2,bosTau9,canFam5,dasNov3,equCab3,eriEur2,felCat9,mm39,monDom5,rheMac10,rn7,susScr11
ENSG00000230695_core_1	ENSG00000230695	FN1-DT	U_ENSG00000230695.3	chr2	215435693	215435821	+	128	128.0	antisense	ENSG00000115414	17	10	9	8	0	0	0.0488	0.0338	0.0955	106.9	120.0	HLcamDro2,HLdidVir1,HLeleMax1,HLmanJav2,HLnotEug3,HLoryCun3,bosTau9,canFam5,dasNov3,equCab3,eriEur2,felCat9,mm39,monDom5,rheMac10,rn7,susScr11
ENSG00000230729_core_1	ENSG00000230729		U_ENSG00000230729.2	chr9	34521606	34521743	+	137	137.0	antisense	ENSG00000168913	18	18	18	15	12	0	0.021	0.0176	0.0395	129.1	137.0	HLbalEde1,HLcamDro2,HLdidVir1,HLeleMax1,HLmanJav2,HLnotEug3,HLoryCun3,HLpteVam2,bosTau9,canFam5,dasNov3,equCab3,eriEur2,mm39,monDom5,rheMac10,rn7,susScr11
ENSG00000231249_core_1	ENSG00000231249	ITPR1-DT	U_ENSG00000231249.4	chr3	4492908	4493181	-	273	273.0	near_coding_5kb	.	19	9	9	6	2	0	0.0478	0.0529	0.0948	180.5	176.0	HLbalEde1,HLcamDro2,HLdidVir1,HLeleMax1,HLmanJav2,HLnotEug3,HLoryCun3,HLpteVam2,bosTau9,canFam5,dasNov3,equCab3,eriEur2,felCat9,mm39,monDom5,rheMac10,rn7,susScr11
ENSG00000231365_core_1	ENSG00000231365	WARS2-AS1	U_ENSG00000231365.8	chr1	119140531	119140793	+	262	262.0	antisense	ENSG00000116874	18	15	15	11	7	0	0.0339	0.0231	0.0913	211.8	238.0	HLbalEde1,HLcamDro2,HLdidVir1,HLeleMax1,HLmanJav2,HLnotEug3,HLoryCun3,HLpteVam2,bosTau9,canFam5,equCab3,eriEur2,felCat9,mm39,monDom5,rheMac10,rn7,susScr11
ENSG00000231453_core_1	ENSG00000231453	LINC01305	U_ENSG00000231453.2	chr2	174328456	174328746	+	290	290.0	sense_overlapping	ENSG00000217236	17	15	14	13	10	1	0.0247	0.0148	0.0884	239.2	260.0	HLbalEde1,HLcamDro2,HLdidVir1,HLeleMax1,HLmanJav2,HLoryCun3,HLpteVam2,bosTau9,canFam5,dasNov3,equCab3,felCat9,mm39,monDom5,rheMac10,rn7,susScr11
ENSG00000231473_core_1	ENSG00000231473	RB1-DT	U_ENSG00000231473.6	chr13	48303536	48303723	-	187	187.0	near_coding_5kb	.	19	16	15	10	4	0	0.0307	0.0258	0.0574	171.4	182.0	HLbalEde1,HLcamDro2,HLdidVir1,HLeleMax1,HLmanJav2,HLnotEug3,HLoryCun3,HLpteVam2,bosTau9,canFam5,dasNov3,equCab3,eriEur2,felCat9,mm39,monDom5,rheMac10,rn7,susScr11
ENSG00000231532_core_1	ENSG00000231532	LINC01249	U_ENSG00000231532.7	chr2	4628902	4629150	-	248	248.0	intergenic	.	19	18	18	18	14	0	0.0185	0.0169	0.055	192.6	190.0	HLbalEde1,HLcamDro2,HLdidVir1,HLeleMax1,HLmanJav2,HLnotEug3,HLoryCun3,HLpteVam2,bosTau9,canFam5,dasNov3,equCab3,eriEur2,felCat9,mm39,monDom5,rheMac10,rn7,susScr11
ENSG00000231607_core_3	ENSG00000231607	DLEU2	U_ENSG00000231607.16	chr13	50125401	50125541	-	140	140.0	antisense	ENSG00000198553,ENSG00000204977	19	17	15	12	8	0	0.0292	0.024	0.0596	125.4	134.0	HLbalEde1,HLcamDro2,HLdidVir1,HLeleMax1,HLmanJav2,HLnotEug3,HLoryCun3,HLpteVam2,bosTau9,canFam5,dasNov3,equCab3,eriEur2,felCat9,mm39,monDom5,rheMac10,rn7,susScr11
ENSG00000231691_core_2	ENSG00000231691		U_ENSG00000231691.2	chr1	204277571	204277934	+	363	363.0	antisense	ENSG00000143850	19	17	17	16	10	1	0.0235	0.02	0.0579	302.8	330.0	HLbalEde1,HLcamDro2,HLdidVir1,HLeleMax1,HLmanJav2,HLnotEug3,HLoryCun3,HLpteVam2,bosTau9,canFam5,dasNov3,equCab3,eriEur2,felCat9,mm39,monDom5,rheMac10,rn7,susScr11
ENSG00000231754_core_2	ENSG00000231754		U_ENSG00000231754.4	chr6	21522517	21523765	-	1248	1248.0	intergenic	.	19	19	18	18	16	11	0.0123	0.0092	0.044	445.2	429.0	HLbalEde1,HLcamDro2,HLdidVir1,HLeleMax1,HLmanJav2,HLnotEug3,HLoryCun3,HLpteVam2,bosTau9,canFam5,dasNov3,equCab3,eriEur2,felCat9,mm39,monDom5,rheMac10,rn7,susScr11
ENSG00000231814_core_1	ENSG00000231814	LINC00210	U_ENSG00000231814.3	chr1	217920100	217920428	+	328	328.0	intergenic	.	17	14	13	10	7	0	0.0306	0.0246	0.0772	218.1	234.0	HLbalEde1,HLcamDro2,HLdidVir1,HLeleMax1,HLnotEug3,HLpteVam2,bosTau9,canFam5,dasNov3,equCab3,eriEur2,felCat9,mm39,monDom5,rheMac10,rn7,susScr11
ENSG00000231871_core_1	ENSG00000231871	IPO9-AS1	U_ENSG00000231871.5	chr1	201829101	201829229	-	128	128.0	antisense	ENSG00000134369,ENSG00000198700	19	18	18	18	9	0	0.0238	0.0208	0.0647	126.8	128.0	HLbalEde1,HLcamDro2,HLdidVir1,HLeleMax1,HLmanJav2,HLnotEug3,HLoryCun3,HLpteVam2,bosTau9,canFam5,dasNov3,equCab3,eriEur2,felCat9,mm39,monDom5,rheMac10,rn7,susScr11
ENSG00000231881_core_8	ENSG00000231881		U_ENSG00000231881.3	chr6	44062991	44063319	+	328	328.0	intergenic	.	18	18	18	18	16	12	0.0113	0.0092	0.0254	299.2	310.0	HLbalEde1,HLcamDro2,HLdidVir1,HLeleMax1,HLmanJav2,HLnotEug3,HLoryCun3,HLpteVam2,bosTau9,canFam5,equCab3,eriEur2,felCat9,mm39,monDom5,rheMac10,rn7,susScr11
ENSG00000231881_core_16	ENSG00000231881		U_ENSG00000231881.3	chr6	44073191	44073559	+	368	368.0	intergenic	.	17	17	17	16	15	9	0.0121	0.0098	0.0371	283.7	295.0	HLbalEde1,HLcamDro2,HLdidVir1,HLeleMax1,HLmanJav2,HLnotEug3,HLoryCun3,HLpteVam2,bosTau9,canFam5,equCab3,eriEur2,felCat9,mm39,rheMac10,rn7,susScr11
ENSG00000231889_core_1	ENSG00000231889	TRAF3IP2-AS1	U_ENSG00000231889.10	chr6	111483498	111483665	+	167	167.0	antisense	ENSG00000009413,ENSG00000056972	18	17	14	11	4	0	0.0312	0.0236	0.0965	159.3	167.0	HLbalEde1,HLcamDro2,HLdidVir1,HLeleMax1,HLmanJav2,HLoryCun3,HLpteVam2,bosTau9,canFam5,dasNov3,equCab3,eriEur2,felCat9,mm39,monDom5,rheMac10,rn7,susScr11
ENSG00000231999_core_2	ENSG00000231999	LRRC8C-DT	U_ENSG00000231999.9	chr1	89582976	89583144	-	168	168.0	antisense	ENSG00000197147	17	17	17	16	15	0	0.0184	0.0179	0.0333	164.5	168.0	HLbalEde1,HLcamDro2,HLdidVir1,HLeleMax1,HLmanJav2,HLnotEug3,HLoryCun3,HLpteVam2,bosTau9,canFam5,dasNov3,eriEur2,felCat9,monDom5,rheMac10,rn7,susScr11
ENSG00000232021_core_3	ENSG00000232021		U_ENSG00000232021.10	chr4	108173344	108173602	+	258	258.0	unknown	.	18	18	18	18	16	4	0.0136	0.0125	0.0257	183.7	176.0	HLbalEde1,HLcamDro2,HLdidVir1,HLeleMax1,HLmanJav2,HLnotEug3,HLoryCun3,HLpteVam2,bosTau9,canFam5,dasNov3,equCab3,eriEur2,felCat9,mm39,rheMac10,rn7,susScr11
ENSG00000232028_core_1	ENSG00000232028	PRKD3-DT	U_ENSG00000232028.2	chr2	37324983	37325231	+	248	248.0	near_coding_5kb	.	18	15	10	6	1	0	0.0373	0.0395	0.0734	206.9	226.0	HLbalEde1,HLcamDro2,HLdidVir1,HLeleMax1,HLmanJav2,HLnotEug3,HLoryCun3,HLpteVam2,bosTau9,canFam5,dasNov3,equCab3,felCat9,mm39,monDom5,rheMac10,rn7,susScr11
ENSG00000232093_core_3	ENSG00000232093	DCST1-AS1	U_ENSG00000232093.2	chr1	155050716	155051172	-	456	456.0	antisense	ENSG00000143537,ENSG00000163357	19	18	18	17	15	8	0.0161	0.0123	0.0608	402.8	438.0	HLbalEde1,HLcamDro2,HLdidVir1,HLeleMax1,HLmanJav2,HLnotEug3,HLoryCun3,HLpteVam2,bosTau9,canFam5,dasNov3,equCab3,eriEur2,felCat9,mm39,monDom5,rheMac10,rn7,susScr11
ENSG00000232377_core_1	ENSG00000232377	GTDC1-AS1	U_ENSG00000232377.1	chr2	143937152	143937600	+	448	448.0	antisense	ENSG00000121964	17	16	16	15	11	2	0.0214	0.0172	0.0678	343.5	334.0	HLbalEde1,HLcamDro2,HLdidVir1,HLeleMax1,HLmanJav2,HLnotEug3,HLoryCun3,bosTau9,canFam5,dasNov3,equCab3,eriEur2,felCat9,mm39,rheMac10,rn7,susScr11
ENSG00000232413_core_1	ENSG00000232413		U_ENSG00000232413.1	chr9	126057659	126057787	+	128	128.0	intergenic	.	18	15	15	9	1	0	0.0335	0.028	0.0734	121.4	128.0	HLbalEde1,HLcamDro2,HLdidVir1,HLeleMax1,HLmanJav2,HLnotEug3,HLpteVam2,bosTau9,canFam5,dasNov3,equCab3,eriEur2,felCat9,mm39,monDom5,rheMac10,rn7,susScr11
ENSG00000232536_core_1	ENSG00000232536		U_ENSG00000232536.1	chr1	151540555	151540803	+	248	248.0	sense_overlapping	ENSG00000143367	19	18	15	14	5	0	0.0276	0.0234	0.0509	215.6	234.0	HLbalEde1,HLcamDro2,HLdidVir1,HLeleMax1,HLmanJav2,HLnotEug3,HLoryCun3,HLpteVam2,bosTau9,canFam5,dasNov3,equCab3,eriEur2,felCat9,mm39,monDom5,rheMac10,rn7,susScr11
ENSG00000232638_core_1	ENSG00000232638		U_ENSG00000232638.2	chr10	8051273	8051619	+	346	346.0	sense_overlapping	ENSG00000107485	17	16	15	14	11	5	0.0205	0.0123	0.0806	282.6	288.0	HLbalEde1,HLcamDro2,HLdidVir1,HLeleMax1,HLmanJav2,HLnotEug3,HLoryCun3,HLpteVam2,bosTau9,canFam5,dasNov3,equCab3,eriEur2,felCat9,rheMac10,rn7,susScr11
ENSG00000232671_core_2	ENSG00000232671	ZNF687-AS1	U_ENSG00000232671.9	chr1	151281648	151282000	-	352	352.0	antisense	ENSG00000143373	18	13	11	9	5	0	0.0388	0.0302	0.0988	246.4	260.0	HLbalEde1,HLcamDro2,HLdidVir1,HLeleMax1,HLmanJav2,HLnotEug3,HLoryCun3,HLpteVam2,bosTau9,canFam5,dasNov3,equCab3,eriEur2,felCat9,mm39,rheMac10,rn7,susScr11
ENSG00000232732_core_1	ENSG00000232732		U_ENSG00000232732.12	chr2	199911121	199911289	-	168	168.0	near_coding_5kb	.	18	17	16	13	2	0	0.0276	0.0227	0.0503	159.2	166.0	HLbalEde1,HLcamDro2,HLdidVir1,HLeleMax1,HLmanJav2,HLnotEug3,HLoryCun3,HLpteVam2,bosTau9,canFam5,dasNov3,equCab3,eriEur2,mm39,monDom5,rheMac10,rn7,susScr11
ENSG00000232860_core_4	ENSG00000232860	SMG7-AS1	U_ENSG00000232860.11	chr1	183472390	183472896	-	506	506.0	antisense	ENSG00000116698	18	16	15	13	12	8	0.0213	0.0105	0.0691	253.9	239.0	HLbalEde1,HLcamDro2,HLdidVir1,HLeleMax1,HLmanJav2,HLoryCun3,HLpteVam2,bosTau9,canFam5,dasNov3,equCab3,eriEur2,felCat9,mm39,monDom5,rheMac10,rn7,susScr11
ENSG00000232878_core_1	ENSG00000232878	DPYD-AS1	U_ENSG00000232878.3	chr1	97306188	97306309	+	121	121.0	antisense	ENSG00000188641	17	12	12	3	0	0	0.0392	0.0353	0.0666	113.9	121.0	HLbalEde1,HLcamDro2,HLdidVir1,HLeleMax1,HLmanJav2,HLnotEug3,HLpteVam2,bosTau9,dasNov3,equCab3,eriEur2,felCat9,mm39,monDom5,rheMac10,rn7,susScr11
ENSG00000232907_core_2	ENSG00000232907	DLGAP4-AS1	U_ENSG00000232907.10	chr20	36573016	36573410	-	394	394.0	antisense	ENSG00000080845,ENSG00000101335	19	16	15	13	12	1	0.0246	0.0152	0.0642	298.8	369.0	HLbalEde1,HLcamDro2,HLdidVir1,HLeleMax1,HLmanJav2,HLnotEug3,HLoryCun3,HLpteVam2,bosTau9,canFam5,dasNov3,equCab3,eriEur2,felCat9,mm39,monDom5,rheMac10,rn7,susScr11
ENSG00000232909_core_1	ENSG00000232909		U_ENSG00000232909.2	chr6	35733499	35733907	-	408	408.0	antisense	ENSG00000157343	18	10	7	5	2	1	0.0428	0.0446	0.0856	234.3	227.0	HLbalEde1,HLcamDro2,HLdidVir1,HLeleMax1,HLmanJav2,HLnotEug3,HLoryCun3,HLpteVam2,bosTau9,canFam5,dasNov3,equCab3,felCat9,mm39,monDom5,rheMac10,rn7,susScr11
ENSG00000232973_core_1	ENSG00000232973	CYP1B1-AS1	U_ENSG00000232973.15	chr2	38075779	38076067	+	288	288.0	antisense	ENSG00000138061	18	13	10	7	4	1	0.0432	0.0384	0.0898	204.5	198.5	HLbalEde1,HLcamDro2,HLdidVir1,HLeleMax1,HLmanJav2,HLnotEug3,HLoryCun3,HLpteVam2,bosTau9,canFam5,dasNov3,equCab3,felCat9,mm39,monDom5,rheMac10,rn7,susScr11
ENSG00000232985_core_1	ENSG00000232985		U_ENSG00000232985.2	chr10	128958770	128958951	-	181	181.0	intergenic	.	18	16	15	11	6	0	0.029	0.0228	0.0626	168.1	179.0	HLbalEde1,HLcamDro2,HLdidVir1,HLeleMax1,HLmanJav2,HLnotEug3,HLoryCun3,HLpteVam2,bosTau9,canFam5,dasNov3,equCab3,felCat9,mm39,monDom5,rheMac10,rn7,susScr11
ENSG00000233006_core_1	ENSG00000233006	MIR3936HG	U_ENSG00000233006.9	chr5	132311605	132312173	-	568	568.0	antisense	ENSG00000197208,ENSG00000197375	17	15	14	14	12	4	0.024	0.0159	0.0955	308.4	248.0	HLbalEde1,HLcamDro2,HLeleMax1,HLmanJav2,HLoryCun3,HLpteVam2,bosTau9,canFam5,dasNov3,equCab3,eriEur2,felCat9,mm39,monDom5,rheMac10,rn7,susScr11
ENSG00000233082_core_1	ENSG00000233082		U_ENSG00000233082.1	chr7	1268961	1269082	+	121	121.0	intergenic	.	17	16	14	5	2	0	0.0329	0.0314	0.0608	107.3	120.0	HLbalEde1,HLcamDro2,HLdidVir1,HLeleMax1,HLmanJav2,HLnotEug3,HLpteVam2,canFam5,dasNov3,equCab3,eriEur2,felCat9,mm39,monDom5,rheMac10,rn7,susScr11
ENSG00000233220_core_1	ENSG00000233220	PRDM10-DT	U_ENSG00000233220.4	chr11	130002698	130003386	+	688	688.0	antisense	ENSG00000170325	18	18	18	18	18	14	0.0085	0.0078	0.018	402.8	318.0	HLbalEde1,HLcamDro2,HLdidVir1,HLeleMax1,HLmanJav2,HLnotEug3,HLoryCun3,HLpteVam2,bosTau9,canFam5,dasNov3,equCab3,felCat9,mm39,monDom5,rheMac10,rn7,susScr11
ENSG00000233223_core_2	ENSG00000233223	MPDU1-AS1	U_ENSG00000233223.6	chr17	7582770	7584018	-	1248	1248.0	antisense	ENSG00000129226,ENSG00000129255	19	18	18	18	17	12	0.0129	0.0057	0.0911	691.4	692.0	HLbalEde1,HLcamDro2,HLdidVir1,HLeleMax1,HLmanJav2,HLnotEug3,HLoryCun3,HLpteVam2,bosTau9,canFam5,dasNov3,equCab3,eriEur2,felCat9,mm39,monDom5,rheMac10,rn7,susScr11
ENSG00000233230_core_1	ENSG00000233230		U_ENSG00000233230.4	chr2	47906831	47907119	+	288	288.0	near_coding_5kb	.	19	14	14	13	9	1	0.0364	0.0266	0.0936	205.0	233.0	HLbalEde1,HLcamDro2,HLdidVir1,HLeleMax1,HLmanJav2,HLnotEug3,HLoryCun3,HLpteVam2,bosTau9,canFam5,dasNov3,equCab3,eriEur2,felCat9,mm39,monDom5,rheMac10,rn7,susScr11
ENSG00000233246_core_1	ENSG00000233246	PHC2-AS1	U_ENSG00000233246.2	chr1	33350061	33350269	+	208	208.0	antisense	ENSG00000134686	17	16	5	2	1	0	0.0418	0.0429	0.0759	171.1	180.0	HLbalEde1,HLcamDro2,HLeleMax1,HLmanJav2,HLnotEug3,HLoryCun3,HLpteVam2,bosTau9,canFam5,dasNov3,equCab3,eriEur2,felCat9,mm39,rheMac10,rn7,susScr11
ENSG00000233290_core_1	ENSG00000233290		U_ENSG00000233290.5	chr1	82215564	82215692	-	128	128.0	intergenic	.	18	16	16	8	3	0	0.0331	0.0326	0.0713	104.5	118.5	HLbalEde1,HLcamDro2,HLdidVir1,HLeleMax1,HLmanJav2,HLoryCun3,HLpteVam2,bosTau9,canFam5,dasNov3,equCab3,eriEur2,felCat9,mm39,monDom5,rheMac10,rn7,susScr11
ENSG00000233429_core_1	ENSG00000233429	HOTAIRM1	U_ENSG00000233429.9	chr7	27096133	27096341	+	208	208.0	near_coding_5kb	.	19	19	19	19	16	0	0.0165	0.0151	0.0282	203.2	203.0	HLbalEde1,HLcamDro2,HLdidVir1,HLeleMax1,HLmanJav2,HLnotEug3,HLoryCun3,HLpteVam2,bosTau9,canFam5,dasNov3,equCab3,eriEur2,felCat9,mm39,monDom5,rheMac10,rn7,susScr11
ENSG00000233485_core_1	ENSG00000233485	FHAD1-AS1	U_ENSG00000233485.2	chr1	15326755	15327283	-	528	528.0	antisense	ENSG00000142621	17	10	10	10	7	1	0.0398	0.0259	0.0889	244.0	236.0	HLbalEde1,HLcamDro2,HLdidVir1,HLmanJav2,HLoryCun3,HLpteVam2,bosTau9,canFam5,dasNov3,equCab3,eriEur2,felCat9,mm39,monDom5,rheMac10,rn7,susScr11
ENSG00000233554_core_1	ENSG00000233554		U_ENSG00000233554.7	chr9	33166925	33167046	+	121	121.0	antisense	ENSG00000086062	19	15	14	11	0	0	0.0416	0.0282	0.0962	112.5	120.0	HLbalEde1,HLcamDro2,HLdidVir1,HLeleMax1,HLmanJav2,HLnotEug3,HLoryCun3,HLpteVam2,bosTau9,canFam5,dasNov3,equCab3,eriEur2,felCat9,mm39,monDom5,rheMac10,rn7,susScr11
ENSG00000233593_core_2	ENSG00000233593	LINC02609	U_ENSG00000233593.13	chr1	90835825	90836161	-	336	336.0	intergenic	.	18	15	13	10	0	0	0.0343	0.0278	0.0836	298.3	324.5	HLbalEde1,HLcamDro2,HLeleMax1,HLmanJav2,HLnotEug3,HLoryCun3,HLpteVam2,bosTau9,canFam5,dasNov3,equCab3,eriEur2,felCat9,mm39,monDom5,rheMac10,rn7,susScr11
ENSG00000233642_core_2	ENSG00000233642		U_ENSG00000233642.2	chr10	25176131	25176707	-	576	576.0	antisense	ENSG00000151025	17	15	12	12	9	4	0.0278	0.0191	0.0962	246.8	186.0	HLbalEde1,HLcamDro2,HLeleMax1,HLmanJav2,HLnotEug3,HLoryCun3,HLpteVam2,bosTau9,canFam5,dasNov3,equCab3,eriEur2,mm39,monDom5,rheMac10,rn7,susScr11
ENSG00000233723_core_4	ENSG00000233723	LINC01122	U_ENSG00000233723.12	chr2	59313782	59313910	+	128	128.0	intergenic	.	18	12	11	4	0	0	0.0433	0.0351	0.085	105.7	121.0	HLbalEde1,HLcamDro2,HLdidVir1,HLeleMax1,HLmanJav2,HLnotEug3,HLpteVam2,bosTau9,canFam5,dasNov3,equCab3,eriEur2,felCat9,mm39,monDom5,rheMac10,rn7,susScr11
ENSG00000233730_core_1	ENSG00000233730	LINC01765	U_ENSG00000233730.3	chr1	115132765	115133013	+	248	248.0	intergenic	.	17	15	11	9	6	1	0.0326	0.0227	0.0797	190.6	204.0	HLbalEde1,HLcamDro2,HLdidVir1,HLeleMax1,HLmanJav2,HLnotEug3,HLoryCun3,HLpteVam2,bosTau9,canFam5,equCab3,eriEur2,felCat9,monDom5,rheMac10,rn7,susScr11
ENSG00000233739_core_1	ENSG00000233739		U_ENSG00000233739.1	chr22	38057269	38057437	-	168	168.0	antisense	ENSG00000100151	19	14	11	11	2	0	0.042	0.0266	0.0983	130.0	150.0	HLbalEde1,HLcamDro2,HLdidVir1,HLeleMax1,HLmanJav2,HLnotEug3,HLoryCun3,HLpteVam2,bosTau9,canFam5,dasNov3,equCab3,eriEur2,felCat9,mm39,monDom5,rheMac10,rn7,susScr11
ENSG00000233775_core_3	ENSG00000233775		U_ENSG00000233775.2	chr1	32350891	32351400	-	509	509.0	near_coding_5kb	.	19	18	17	13	11	1	0.0237	0.0156	0.0679	298.7	333.0	HLbalEde1,HLcamDro2,HLdidVir1,HLeleMax1,HLmanJav2,HLnotEug3,HLoryCun3,HLpteVam2,bosTau9,canFam5,dasNov3,equCab3,eriEur2,felCat9,mm39,monDom5,rheMac10,rn7,susScr11
ENSG00000233785_core_2	ENSG00000233785	SAT1-DT	U_ENSG00000233785.2	chrX	23782860	23783406	-	546	546.0	antisense	ENSG00000130066,ENSG00000288706	18	17	17	15	15	11	0.015	0.009	0.0585	410.5	427.5	HLbalEde1,HLcamDro2,HLdidVir1,HLeleMax1,HLmanJav2,HLnotEug3,HLpteVam2,bosTau9,canFam5,dasNov3,equCab3,eriEur2,felCat9,mm39,monDom5,rheMac10,rn7,susScr11
ENSG00000233825_core_1	ENSG00000233825		U_ENSG00000233825.1	chr10	32346836	32347124	+	288	288.0	antisense	ENSG00000120616	19	19	19	19	19	18	0.0087	0.0084	0.013	287.3	288.0	HLbalEde1,HLcamDro2,HLdidVir1,HLeleMax1,HLmanJav2,HLnotEug3,HLoryCun3,HLpteVam2,bosTau9,canFam5,dasNov3,equCab3,eriEur2,felCat9,mm39,monDom5,rheMac10,rn7,susScr11
ENSG00000233920_core_1	ENSG00000233920		U_ENSG00000233920.3	chr1	229223502	229223830	-	328	328.0	intergenic	.	17	10	9	8	4	0	0.0457	0.0381	0.0984	210.3	216.0	HLbalEde1,HLcamDro2,HLdidVir1,HLeleMax1,HLmanJav2,HLnotEug3,HLoryCun3,HLpteVam2,canFam5,dasNov3,equCab3,felCat9,mm39,monDom5,rheMac10,rn7,susScr11
ENSG00000233977_core_2	ENSG00000233977		U_ENSG00000233977.1	chr7	55592880	55593102	+	222	222.0	intergenic	.	19	16	16	16	11	0	0.0273	0.018	0.0789	183.8	209.0	HLbalEde1,HLcamDro2,HLdidVir1,HLeleMax1,HLmanJav2,HLnotEug3,HLoryCun3,HLpteVam2,bosTau9,canFam5,dasNov3,equCab3,eriEur2,felCat9,mm39,monDom5,rheMac10,rn7,susScr11
ENSG00000234028_core_1	ENSG00000234028	EIF2AK3-DT	U_ENSG00000234028.5	chr2	88627618	88628266	+	648	648.0	antisense	ENSG00000172071	18	17	17	17	14	8	0.0156	0.0109	0.0724	382.7	347.5	HLbalEde1,HLcamDro2,HLdidVir1,HLeleMax1,HLmanJav2,HLnotEug3,HLoryCun3,HLpteVam2,bosTau9,canFam5,equCab3,eriEur2,felCat9,mm39,monDom5,rheMac10,rn7,susScr11
ENSG00000234076_core_2	ENSG00000234076	TPRG1-AS1	U_ENSG00000234076.3	chr3	188947436	188947829	-	393	393.0	antisense	ENSG00000188001	17	15	15	15	12	1	0.023	0.0119	0.0938	288.4	298.0	HLbalEde1,HLcamDro2,HLdidVir1,HLeleMax1,HLmanJav2,HLnotEug3,HLoryCun3,HLpteVam2,bosTau9,canFam5,equCab3,eriEur2,felCat9,mm39,rheMac10,rn7,susScr11
ENSG00000234203_core_1	ENSG00000234203		U_ENSG00000234203.2	chr17	4974363	4974531	+	168	168.0	antisense	ENSG00000108509	17	17	17	17	7	0	0.0218	0.0213	0.0298	156.2	166.0	HLbalEde1,HLcamDro2,HLdidVir1,HLeleMax1,HLmanJav2,HLnotEug3,HLoryCun3,HLpteVam2,bosTau9,canFam5,dasNov3,equCab3,eriEur2,felCat9,mm39,rheMac10,susScr11
ENSG00000234292_core_2	ENSG00000234292		U_ENSG00000234292.4	chr5	91280334	91280782	-	448	448.0	intergenic	.	18	18	18	17	13	1	0.0168	0.0151	0.0319	325.5	332.0	HLbalEde1,HLcamDro2,HLdidVir1,HLeleMax1,HLmanJav2,HLnotEug3,HLoryCun3,HLpteVam2,bosTau9,canFam5,dasNov3,equCab3,felCat9,mm39,monDom5,rheMac10,rn7,susScr11
ENSG00000234432_core_2	ENSG00000234432	LINC02983	U_ENSG00000234432.4	chr7	5427199	5428527	-	1328	1328.0	near_coding_5kb	.	19	16	16	16	12	8	0.0219	0.013	0.0982	633.1	507.0	HLbalEde1,HLcamDro2,HLdidVir1,HLeleMax1,HLmanJav2,HLnotEug3,HLoryCun3,HLpteVam2,bosTau9,canFam5,dasNov3,equCab3,eriEur2,felCat9,mm39,monDom5,rheMac10,rn7,susScr11
ENSG00000234546_core_1	ENSG00000234546	LNCTAM34A	U_ENSG00000234546.6	chr1	9197459	9197684	+	225	225.0	intergenic	.	18	13	13	11	5	0	0.0376	0.026	0.0931	182.5	206.0	HLbalEde1,HLcamDro2,HLdidVir1,HLeleMax1,HLmanJav2,HLnotEug3,HLoryCun3,HLpteVam2,bosTau9,canFam5,dasNov3,equCab3,eriEur2,felCat9,mm39,monDom5,rheMac10,rn7
ENSG00000234608_core_3	ENSG00000234608	MAPKAPK5-AS1	U_ENSG00000234608.10	chr12	111842212	111842700	-	488	488.0	antisense	ENSG00000089022,ENSG00000292259	17	17	17	17	16	14	0.0081	0.0059	0.0226	466.6	479.0	HLbalEde1,HLcamDro2,HLdidVir1,HLeleMax1,HLmanJav2,HLoryCun3,HLpteVam2,bosTau9,canFam5,dasNov3,equCab3,eriEur2,felCat9,mm39,rheMac10,rn7,susScr11
ENSG00000234614_core_1	ENSG00000234614	C2CD4D-AS1	U_ENSG00000234614.2	chr1	151850279	151850607	+	328	328.0	antisense	ENSG00000196407	17	14	13	12	11	0	0.0284	0.0151	0.0959	241.9	255.0	HLbalEde1,HLcamDro2,HLdidVir1,HLeleMax1,HLmanJav2,HLnotEug3,HLoryCun3,HLpteVam2,bosTau9,canFam5,dasNov3,equCab3,eriEur2,felCat9,monDom5,rheMac10,susScr11
ENSG00000234614_core_2	ENSG00000234614	C2CD4D-AS1	U_ENSG00000234614.2	chr1	151851039	151851247	+	208	208.0	antisense	ENSG00000196407	18	18	18	18	13	0	0.0179	0.0164	0.0292	186.1	201.0	HLbalEde1,HLcamDro2,HLdidVir1,HLeleMax1,HLmanJav2,HLoryCun3,HLpteVam2,bosTau9,canFam5,dasNov3,equCab3,eriEur2,felCat9,mm39,monDom5,rheMac10,rn7,susScr11
ENSG00000234636_core_2	ENSG00000234636	MED14OS	U_ENSG00000234636.3	chrX	40735624	40735790	+	166	166.0	antisense	ENSG00000180182	18	16	15	11	1	0	0.0308	0.0252	0.0689	160.1	164.0	HLbalEde1,HLcamDro2,HLdidVir1,HLeleMax1,HLmanJav2,HLnotEug3,HLpteVam2,bosTau9,canFam5,dasNov3,equCab3,eriEur2,felCat9,mm39,monDom5,rheMac10,rn7,susScr11
ENSG00000234661_core_1	ENSG00000234661		U_ENSG00000234661.2	chr3	382566	382732	-	166	166.0	antisense	ENSG00000134121	17	13	13	12	5	0	0.0331	0.0218	0.0917	145.2	152.0	HLbalEde1,HLcamDro2,HLdidVir1,HLeleMax1,HLmanJav2,HLnotEug3,HLoryCun3,HLpteVam2,bosTau9,canFam5,dasNov3,equCab3,eriEur2,felCat9,rheMac10,rn7,susScr11
ENSG00000234678_core_3	ENSG00000234678	ELF3-AS1	U_ENSG00000234678.3	chr1	202010247	202010463	-	216	216.0	antisense	ENSG00000163435,ENSG00000176393	19	16	16	15	11	0	0.0266	0.0177	0.0796	185.5	202.0	HLbalEde1,HLcamDro2,HLdidVir1,HLeleMax1,HLmanJav2,HLnotEug3,HLoryCun3,HLpteVam2,bosTau9,canFam5,dasNov3,equCab3,eriEur2,felCat9,mm39,monDom5,rheMac10,rn7,susScr11
ENSG00000234741_core_2	ENSG00000234741	GAS5	U_ENSG00000234741.11	chr1	173864395	173865003	-	608	608.0	near_coding_5kb	.	18	15	14	12	4	1	0.032	0.0254	0.081	211.1	205.5	HLbalEde1,HLcamDro2,HLdidVir1,HLeleMax1,HLmanJav2,HLnotEug3,HLoryCun3,HLpteVam2,bosTau9,canFam5,dasNov3,equCab3,felCat9,mm39,monDom5,rheMac10,rn7,susScr11
ENSG00000234775_core_1	ENSG00000234775	ADORA1-AS2	U_ENSG00000234775.2	chr1	203116494	203116862	-	368	368.0	antisense	ENSG00000163485	17	16	15	12	8	2	0.0256	0.0209	0.0794	221.9	202.0	HLbalEde1,HLcamDro2,HLdidVir1,HLeleMax1,HLnotEug3,HLoryCun3,HLpteVam2,bosTau9,canFam5,dasNov3,equCab3,eriEur2,felCat9,mm39,rheMac10,rn7,susScr11
ENSG00000234779_core_1	ENSG00000234779	BNC2-AS1	U_ENSG00000234779.2	chr9	16726883	16727051	+	168	168.0	antisense	ENSG00000173068	19	17	13	6	1	0	0.0368	0.0353	0.0763	156.6	163.0	HLbalEde1,HLcamDro2,HLdidVir1,HLeleMax1,HLmanJav2,HLnotEug3,HLoryCun3,HLpteVam2,bosTau9,canFam5,dasNov3,equCab3,eriEur2,felCat9,mm39,monDom5,rheMac10,rn7,susScr11
ENSG00000234892_core_2	ENSG00000234892		U_ENSG00000234892.1	chr22	43238702	43238950	+	248	248.0	antisense	ENSG00000159307	19	18	18	15	15	1	0.0217	0.0177	0.0593	213.0	240.0	HLbalEde1,HLcamDro2,HLdidVir1,HLeleMax1,HLmanJav2,HLnotEug3,HLoryCun3,HLpteVam2,bosTau9,canFam5,dasNov3,equCab3,eriEur2,felCat9,mm39,monDom5,rheMac10,rn7,susScr11
ENSG00000235016_core_5	ENSG00000235016	SEMA3F-AS1	U_ENSG00000235016.2	chr3	50155840	50156085	-	245	245.0	antisense	ENSG00000001617,ENSG00000003756	17	11	10	7	2	0	0.0434	0.0352	0.0953	179.4	208.0	HLbalEde1,HLcamDro2,HLdidVir1,HLeleMax1,HLmanJav2,HLoryCun3,HLpteVam2,bosTau9,canFam5,dasNov3,equCab3,eriEur2,felCat9,mm39,monDom5,rheMac10,rn7
ENSG00000235024_core_1	ENSG00000235024	CDK5R2-AS1	U_ENSG00000235024.3	chr2	218961946	218962114	-	168	168.0	antisense	ENSG00000171450	18	13	12	12	6	0	0.0341	0.0212	0.089	128.3	128.0	HLbalEde1,HLcamDro2,HLdidVir1,HLeleMax1,HLmanJav2,HLoryCun3,HLpteVam2,bosTau9,canFam5,dasNov3,equCab3,eriEur2,felCat9,mm39,monDom5,rheMac10,rn7,susScr11
ENSG00000235078_core_1	ENSG00000235078		U_ENSG00000235078.2	chr2	3519354	3519956	+	602	602.0	antisense	ENSG00000182551	17	17	16	13	8	1	0.0229	0.0218	0.0462	347.9	361.0	HLbalEde1,HLcamDro2,HLdidVir1,HLeleMax1,HLmanJav2,HLnotEug3,HLoryCun3,bosTau9,canFam5,dasNov3,equCab3,felCat9,mm39,monDom5,rheMac10,rn7,susScr11
ENSG00000235100_core_4	ENSG00000235100		U_ENSG00000235100.7	chr10	89701150	89701411	-	261	261.0	sense_overlapping	ENSG00000152782	17	14	13	11	4	0	0.0315	0.0214	0.085	229.9	249.0	HLbalEde1,HLcamDro2,HLeleMax1,HLmanJav2,HLnotEug3,HLoryCun3,HLpteVam2,bosTau9,canFam5,dasNov3,equCab3,felCat9,mm39,monDom5,rheMac10,rn7,susScr11
ENSG00000235189_core_1	ENSG00000235189		U_ENSG00000235189.3	chrX	129959537	129959868	-	331	331.0	antisense	ENSG00000156697	18	15	15	14	11	4	0.0233	0.0125	0.0751	249.6	250.5	HLbalEde1,HLcamDro2,HLdidVir1,HLeleMax1,HLmanJav2,HLnotEug3,HLpteVam2,bosTau9,canFam5,dasNov3,equCab3,eriEur2,felCat9,mm39,monDom5,rheMac10,rn7,susScr11
ENSG00000235296_core_1	ENSG00000235296		U_ENSG00000235296.3	chr17	81941838	81942006	+	168	168.0	antisense	ENSG00000183010,ENSG00000185105,ENSG00000185269	17	13	11	9	2	0	0.0407	0.0298	0.0998	146.8	167.0	HLbalEde1,HLcamDro2,HLdidVir1,HLmanJav2,HLnotEug3,HLoryCun3,bosTau9,canFam5,dasNov3,equCab3,eriEur2,felCat9,mm39,monDom5,rheMac10,rn7,susScr11
ENSG00000235300_core_1	ENSG00000235300	SKAP1-AS2	U_ENSG00000235300.5	chr17	48307441	48307569	+	128	128.0	antisense	ENSG00000141293	17	16	16	16	7	0	0.0234	0.0203	0.0687	120.9	128.0	HLbalEde1,HLcamDro2,HLdidVir1,HLeleMax1,HLmanJav2,HLnotEug3,HLpteVam2,bosTau9,canFam5,dasNov3,equCab3,eriEur2,mm39,monDom5,rheMac10,rn7,susScr11
ENSG00000235478_core_1	ENSG00000235478		U_ENSG00000235478.7	chr22	17119638	17120166	+	528	528.0	antisense	ENSG00000183307	18	18	18	16	15	14	0.0103	0.0055	0.0346	410.6	478.0	HLbalEde1,HLcamDro2,HLdidVir1,HLeleMax1,HLmanJav2,HLnotEug3,HLoryCun3,HLpteVam2,bosTau9,canFam5,dasNov3,equCab3,felCat9,mm39,monDom5,rheMac10,rn7,susScr11
ENSG00000235527_core_2	ENSG00000235527	HIPK1-AS1	U_ENSG00000235527.8	chr1	113929050	113929518	-	468	468.0	antisense	ENSG00000118655,ENSG00000163349	19	19	17	14	13	7	0.0195	0.0125	0.05	341.2	383.0	HLbalEde1,HLcamDro2,HLdidVir1,HLeleMax1,HLmanJav2,HLnotEug3,HLoryCun3,HLpteVam2,bosTau9,canFam5,dasNov3,equCab3,eriEur2,felCat9,mm39,monDom5,rheMac10,rn7,susScr11
ENSG00000235563_core_1	ENSG00000235563		U_ENSG00000235563.2	chr1	53114655	53114943	+	288	288.0	antisense	ENSG00000162383	19	14	14	13	11	1	0.0333	0.016	0.0988	219.1	235.0	HLbalEde1,HLcamDro2,HLdidVir1,HLeleMax1,HLmanJav2,HLnotEug3,HLoryCun3,HLpteVam2,bosTau9,canFam5,dasNov3,equCab3,eriEur2,felCat9,mm39,monDom5,rheMac10,rn7,susScr11
ENSG00000235830_core_1	ENSG00000235830	SRGAP3-AS4	U_ENSG00000235830.3	chr3	9256758	9257000	+	242	242.0	antisense	ENSG00000196220	17	16	14	10	5	0	0.0322	0.028	0.0967	191.0	199.0	HLbalEde1,HLcamDro2,HLdidVir1,HLeleMax1,HLmanJav2,HLnotEug3,HLoryCun3,HLpteVam2,bosTau9,canFam5,dasNov3,equCab3,felCat9,mm39,rheMac10,rn7,susScr11
ENSG00000235831_core_3	ENSG00000235831	BHLHE40-AS1	U_ENSG00000235831.9	chr3	4979851	4980099	-	248	248.0	antisense	ENSG00000134107	18	14	11	10	9	0	0.0297	0.0203	0.0579	224.3	240.5	HLbalEde1,HLcamDro2,HLdidVir1,HLeleMax1,HLmanJav2,HLnotEug3,HLoryCun3,HLpteVam2,bosTau9,canFam5,dasNov3,equCab3,felCat9,mm39,monDom5,rheMac10,rn7,susScr11
ENSG00000235902_core_1	ENSG00000235902		U_ENSG00000235902.1	chr4	185665964	185666187	+	223	223.0	antisense	ENSG00000154556	19	16	15	13	5	0	0.0325	0.0242	0.0884	179.5	203.0	HLbalEde1,HLcamDro2,HLdidVir1,HLeleMax1,HLmanJav2,HLnotEug3,HLoryCun3,HLpteVam2,bosTau9,canFam5,dasNov3,equCab3,eriEur2,felCat9,mm39,monDom5,rheMac10,rn7,susScr11
ENSG00000235903_core_1	ENSG00000235903		U_ENSG00000235903.12	chr13	46052576	46052904	+	328	328.0	antisense	ENSG00000080618,ENSG00000123200,ENSG00000136167	17	14	14	12	8	1	0.0305	0.0219	0.0852	219.8	211.0	HLbalEde1,HLcamDro2,HLeleMax1,HLmanJav2,HLnotEug3,HLoryCun3,HLpteVam2,bosTau9,canFam5,dasNov3,equCab3,eriEur2,felCat9,mm39,rheMac10,rn7,susScr11
ENSG00000235919_core_2	ENSG00000235919	ASH1L-AS1	U_ENSG00000235919.6	chr1	155562980	155563647	+	667	667.0	antisense+sense	ENSG00000116539,ENSG00000125459	18	16	16	16	14	7	0.0182	0.0124	0.0659	445.5	465.0	HLbalEde1,HLcamDro2,HLdidVir1,HLeleMax1,HLmanJav2,HLoryCun3,HLpteVam2,bosTau9,canFam5,dasNov3,equCab3,eriEur2,felCat9,mm39,monDom5,rheMac10,rn7,susScr11
ENSG00000235927_core_1	ENSG00000235927	NEXN-AS1	U_ENSG00000235927.4	chr1	77888331	77888739	-	408	408.0	antisense	ENSG00000162614	17	14	12	11	7	2	0.03	0.0211	0.0905	200.5	179.0	HLbalEde1,HLcamDro2,HLdidVir1,HLeleMax1,HLmanJav2,HLnotEug3,HLoryCun3,HLpteVam2,bosTau9,canFam5,dasNov3,equCab3,eriEur2,felCat9,rheMac10,rn7,susScr11
ENSG00000236107_core_1	ENSG00000236107	SCN1A-AS1	U_ENSG00000236107.12	chr2	166199649	166199818	+	169	169.0	antisense	ENSG00000144285,ENSG00000169432	17	16	16	16	13	0	0.0217	0.0163	0.0868	148.0	168.0	HLbalEde1,HLcamDro2,HLdidVir1,HLeleMax1,HLnotEug3,HLoryCun3,HLpteVam2,bosTau9,canFam5,equCab3,eriEur2,felCat9,mm39,monDom5,rheMac10,rn7,susScr11
ENSG00000236200_core_2	ENSG00000236200	KDM4A-AS1	U_ENSG00000236200.8	chr1	43707164	43707365	-	201	201.0	antisense	ENSG00000066135,ENSG00000126091	18	11	4	1	1	0	0.0489	0.0458	0.0787	176.7	181.5	HLbalEde1,HLcamDro2,HLdidVir1,HLeleMax1,HLmanJav2,HLoryCun3,HLpteVam2,bosTau9,canFam5,dasNov3,equCab3,eriEur2,felCat9,mm39,monDom5,rheMac10,rn7,susScr11
ENSG00000236526_core_1	ENSG00000236526		U_ENSG00000236526.2	chr20	11918416	11918584	-	168	168.0	antisense	ENSG00000132640	19	19	19	19	18	0	0.0168	0.017	0.0201	157.6	169.0	HLbalEde1,HLcamDro2,HLdidVir1,HLeleMax1,HLmanJav2,HLnotEug3,HLoryCun3,HLpteVam2,bosTau9,canFam5,dasNov3,equCab3,eriEur2,felCat9,mm39,monDom5,rheMac10,rn7,susScr11
ENSG00000236536_core_1	ENSG00000236536		U_ENSG00000236536.3	chr7	19117837	19118104	+	267	267.0	near_coding_5kb	.	18	14	14	14	14	1	0.0238	0.0138	0.0741	221.8	242.0	HLbalEde1,HLcamDro2,HLeleMax1,HLmanJav2,HLnotEug3,HLoryCun3,HLpteVam2,bosTau9,canFam5,dasNov3,equCab3,eriEur2,felCat9,mm39,monDom5,rheMac10,rn7,susScr11
ENSG00000236618_core_1	ENSG00000236618	PITPNA-AS1	U_ENSG00000236618.4	chr17	1516894	1517062	+	168	168.0	antisense	ENSG00000174238	17	10	5	1	1	0	0.0485	0.0477	0.0844	145.5	153.0	HLbalEde1,HLcamDro2,HLeleMax1,HLmanJav2,HLnotEug3,HLoryCun3,HLpteVam2,bosTau9,canFam5,dasNov3,equCab3,eriEur2,felCat9,mm39,rheMac10,rn7,susScr11
ENSG00000236643_core_1	ENSG00000236643		U_ENSG00000236643.2	chr9	124771566	124771773	+	207	207.0	antisense	ENSG00000148200	19	16	16	16	13	0	0.0285	0.0167	0.0988	188.5	206.0	HLbalEde1,HLcamDro2,HLdidVir1,HLeleMax1,HLmanJav2,HLnotEug3,HLoryCun3,HLpteVam2,bosTau9,canFam5,dasNov3,equCab3,eriEur2,felCat9,mm39,monDom5,rheMac10,rn7,susScr11
ENSG00000236753_core_5	ENSG00000236753	MKLN1-AS	U_ENSG00000236753.8	chr7	131327589	131328197	-	608	608.0	antisense	ENSG00000128585	18	17	16	15	14	14	0.0168	0.0064	0.099	451.5	499.0	HLbalEde1,HLcamDro2,HLeleMax1,HLmanJav2,HLnotEug3,HLoryCun3,HLpteVam2,bosTau9,canFam5,dasNov3,equCab3,eriEur2,felCat9,mm39,monDom5,rheMac10,rn7,susScr11
ENSG00000236838_core_1	ENSG00000236838		U_ENSG00000236838.3	chr17	2214370	2214538	+	168	168.0	antisense	ENSG00000070366	17	14	10	6	0	0	0.0395	0.0363	0.0719	132.2	142.0	HLbalEde1,HLcamDro2,HLdidVir1,HLeleMax1,HLmanJav2,HLnotEug3,HLoryCun3,HLpteVam2,bosTau9,canFam5,dasNov3,equCab3,eriEur2,mm39,monDom5,rn7,susScr11
ENSG00000236859_core_1	ENSG00000236859	NIFK-AS1	U_ENSG00000236859.9	chr2	121649359	121649911	+	552	552.0	antisense	ENSG00000074054,ENSG00000155438	18	17	17	17	14	11	0.0157	0.0092	0.0874	444.4	484.5	HLbalEde1,HLcamDro2,HLdidVir1,HLeleMax1,HLmanJav2,HLnotEug3,HLoryCun3,HLpteVam2,bosTau9,canFam5,dasNov3,equCab3,eriEur2,felCat9,monDom5,rheMac10,rn7,susScr11
ENSG00000236866_core_2	ENSG00000236866	TENT5C-DT	U_ENSG00000236866.6	chr1	117606523	117606654	-	131	131.0	antisense	ENSG00000183508	17	11	7	3	0	0	0.0496	0.0442	0.0978	117.7	123.0	HLbalEde1,HLcamDro2,HLeleMax1,HLmanJav2,HLnotEug3,HLoryCun3,HLpteVam2,bosTau9,canFam5,dasNov3,equCab3,eriEur2,felCat9,mm39,rheMac10,rn7,susScr11
ENSG00000236882_core_1	ENSG00000236882	LINC01554	U_ENSG00000236882.10	chr5	95858860	95859148	+	288	288.0	intergenic	.	17	15	15	14	12	1	0.0232	0.017	0.0835	245.5	265.0	HLbalEde1,HLcamDro2,HLeleMax1,HLmanJav2,HLoryCun3,HLpteVam2,bosTau9,canFam5,dasNov3,equCab3,eriEur2,felCat9,mm39,monDom5,rheMac10,rn7,susScr11
ENSG00000236908_core_1	ENSG00000236908	LINC02827	U_ENSG00000236908.3	chr12	3320025	3320433	+	408	408.0	intergenic	.	17	8	7	5	1	1	0.0495	0.0524	0.097	188.8	161.0	HLbalEde1,HLcamDro2,HLdidVir1,HLeleMax1,HLnotEug3,HLoryCun3,HLpteVam2,canFam5,dasNov3,equCab3,eriEur2,felCat9,mm39,monDom5,rheMac10,rn7,susScr11
ENSG00000236914_core_3	ENSG00000236914	LINC01852	U_ENSG00000236914.5	chr15	38072439	38072990	-	551	551.0	intergenic	.	19	18	17	17	15	12	0.015	0.0072	0.0803	393.2	384.0	HLbalEde1,HLcamDro2,HLdidVir1,HLeleMax1,HLmanJav2,HLnotEug3,HLoryCun3,HLpteVam2,bosTau9,canFam5,dasNov3,equCab3,eriEur2,felCat9,mm39,monDom5,rheMac10,rn7,susScr11
ENSG00000237149_core_2	ENSG00000237149		U_ENSG00000237149.6	chr10	75407254	75407720	+	466	466.0	antisense	ENSG00000165655	18	17	15	14	14	3	0.0188	0.0108	0.0672	403.0	434.5	HLbalEde1,HLcamDro2,HLeleMax1,HLmanJav2,HLnotEug3,HLoryCun3,HLpteVam2,bosTau9,canFam5,dasNov3,equCab3,eriEur2,felCat9,mm39,monDom5,rheMac10,rn7,susScr11
ENSG00000237179_core_1	ENSG00000237179	LINC01797	U_ENSG00000237179.7	chr2	66696407	66696615	-	208	208.0	intergenic	.	17	16	16	16	16	1	0.0154	0.0114	0.0688	188.0	206.0	HLbalEde1,HLcamDro2,HLdidVir1,HLeleMax1,HLmanJav2,HLnotEug3,HLoryCun3,HLpteVam2,bosTau9,dasNov3,equCab3,eriEur2,felCat9,monDom5,rheMac10,rn7,susScr11
ENSG00000237188_core_6	ENSG00000237188		U_ENSG00000237188.6	chr1	147286377	147286500	+	123	123.0	antisense+sense	ENSG00000131778,ENSG00000131781	17	16	13	5	0	0	0.0352	0.0332	0.0566	115.3	121.0	HLbalEde1,HLcamDro2,HLeleMax1,HLmanJav2,HLnotEug3,HLoryCun3,HLpteVam2,bosTau9,canFam5,equCab3,eriEur2,felCat9,mm39,monDom5,rheMac10,rn7,susScr11
ENSG00000237298_core_4	ENSG00000237298	TTN-AS1	U_ENSG00000237298.12	chr2	178777813	178777981	+	168	168.0	antisense	ENSG00000155657	17	17	17	17	11	0	0.0193	0.0182	0.0268	153.3	160.0	HLbalEde1,HLcamDro2,HLdidVir1,HLeleMax1,HLmanJav2,HLnotEug3,HLpteVam2,bosTau9,canFam5,dasNov3,equCab3,eriEur2,mm39,monDom5,rheMac10,rn7,susScr11
ENSG00000237380_core_2	ENSG00000237380	HOXD-AS2	U_ENSG00000237380.8	chr2	176136731	176137013	-	282	282.0	antisense	ENSG00000128652,ENSG00000128709,ENSG00000175879	19	15	15	15	15	1	0.0271	0.0116	0.0977	253.5	279.0	HLbalEde1,HLcamDro2,HLdidVir1,HLeleMax1,HLmanJav2,HLnotEug3,HLoryCun3,HLpteVam2,bosTau9,canFam5,dasNov3,equCab3,eriEur2,felCat9,mm39,monDom5,rheMac10,rn7,susScr11
ENSG00000237499_core_2	ENSG00000237499	WAKMAR2	U_ENSG00000237499.8	chr6	137824329	137824497	-	168	168.0	antisense	ENSG00000118503	17	14	10	4	1	0	0.0389	0.0383	0.065	158.2	163.0	HLbalEde1,HLcamDro2,HLdidVir1,HLeleMax1,HLmanJav2,HLnotEug3,HLoryCun3,bosTau9,canFam5,equCab3,eriEur2,felCat9,mm39,monDom5,rheMac10,rn7,susScr11
ENSG00000237594_core_1	ENSG00000237594		U_ENSG00000237594.2	chr21	31559404	31559595	+	191	191.0	antisense	ENSG00000156299	19	16	16	16	15	0	0.0242	0.0181	0.0596	190.5	191.0	HLbalEde1,HLcamDro2,HLdidVir1,HLeleMax1,HLmanJav2,HLnotEug3,HLoryCun3,HLpteVam2,bosTau9,canFam5,dasNov3,equCab3,eriEur2,felCat9,mm39,monDom5,rheMac10,rn7,susScr11
ENSG00000237720_core_1	ENSG00000237720		U_ENSG00000237720.3	chr2	2707469	2707957	-	488	488.0	intergenic	.	19	18	18	17	16	12	0.014	0.008	0.0772	390.5	466.0	HLbalEde1,HLcamDro2,HLdidVir1,HLeleMax1,HLmanJav2,HLnotEug3,HLoryCun3,HLpteVam2,bosTau9,canFam5,dasNov3,equCab3,eriEur2,felCat9,mm39,monDom5,rheMac10,rn7,susScr11
ENSG00000237737_core_3	ENSG00000237737	DCTN1-AS1	U_ENSG00000237737.6	chr2	74391988	74392376	+	388	388.0	antisense	ENSG00000204843	17	16	16	13	5	1	0.0256	0.0222	0.0724	245.9	257.0	HLbalEde1,HLcamDro2,HLdidVir1,HLeleMax1,HLmanJav2,HLoryCun3,HLpteVam2,bosTau9,canFam5,dasNov3,equCab3,eriEur2,felCat9,mm39,rheMac10,rn7,susScr11
ENSG00000237753_core_4	ENSG00000237753	SLC20A1-DT	U_ENSG00000237753.3	chr2	112645088	112645737	-	649	649.0	near_coding_5kb	.	17	15	15	15	15	10	0.0147	0.0068	0.0668	586.1	650.0	HLbalEde1,HLcamDro2,HLdidVir1,HLeleMax1,HLmanJav2,HLoryCun3,HLpteVam2,bosTau9,canFam5,dasNov3,equCab3,eriEur2,felCat9,mm39,rheMac10,rn7,susScr11
ENSG00000237773_core_2	ENSG00000237773		U_ENSG00000237773.9	chr7	17299104	17299288	-	184	184.0	antisense	ENSG00000106546	19	19	17	13	8	0	0.0254	0.0207	0.0409	176.1	179.0	HLbalEde1,HLcamDro2,HLdidVir1,HLeleMax1,HLmanJav2,HLnotEug3,HLoryCun3,HLpteVam2,bosTau9,canFam5,dasNov3,equCab3,eriEur2,felCat9,mm39,monDom5,rheMac10,rn7,susScr11
ENSG00000237877_core_2	ENSG00000237877	LINC01473	U_ENSG00000237877.9	chr2	186485916	186486199	-	283	283.0	near_coding_5kb	.	18	16	13	12	9	1	0.0273	0.0206	0.0551	249.6	274.0	HLbalEde1,HLcamDro2,HLdidVir1,HLeleMax1,HLmanJav2,HLnotEug3,HLoryCun3,HLpteVam2,bosTau9,canFam5,dasNov3,equCab3,felCat9,mm39,monDom5,rheMac10,rn7,susScr11
ENSG00000237886_core_1	ENSG00000237886	NALT1	U_ENSG00000237886.3	chr9	136546229	136546371	+	142	142.0	near_coding_5kb	.	17	14	14	11	0	0	0.0377	0.0286	0.0865	127.6	140.0	HLbalEde1,HLcamDro2,HLeleMax1,HLmanJav2,HLoryCun3,HLpteVam2,bosTau9,canFam5,dasNov3,equCab3,eriEur2,felCat9,mm39,monDom5,rheMac10,rn7,susScr11
ENSG00000237938_core_1	ENSG00000237938		U_ENSG00000237938.5	chr1	15722718	15722987	-	269	269.0	antisense	ENSG00000116786,ENSG00000162461	18	17	16	13	11	0	0.0258	0.019	0.0835	200.6	212.0	HLbalEde1,HLcamDro2,HLdidVir1,HLeleMax1,HLmanJav2,HLnotEug3,HLoryCun3,HLpteVam2,bosTau9,canFam5,dasNov3,equCab3,eriEur2,felCat9,mm39,monDom5,rheMac10,susScr11
ENSG00000238043_core_1	ENSG00000238043		U_ENSG00000238043.2	chr3	193960471	193960695	+	224	224.0	intergenic	.	17	17	17	17	17	1	0.013	0.0114	0.0193	198.1	223.0	HLbalEde1,HLcamDro2,HLeleMax1,HLmanJav2,HLnotEug3,HLoryCun3,HLpteVam2,bosTau9,canFam5,dasNov3,equCab3,eriEur2,felCat9,mm39,rheMac10,rn7,susScr11
ENSG00000238169_core_1	ENSG00000238169		U_ENSG00000238169.3	chr13	25189979	25190547	+	568	568.0	antisense	ENSG00000165566	17	13	12	10	9	2	0.0292	0.016	0.0851	320.7	311.0	HLbalEde1,HLcamDro2,HLdidVir1,HLeleMax1,HLmanJav2,HLoryCun3,HLpteVam2,bosTau9,canFam5,dasNov3,equCab3,eriEur2,felCat9,mm39,rheMac10,rn7,susScr11
ENSG00000239219_core_1	ENSG00000239219	FHL1P1	U_ENSG00000239219.3	chr3	169966443	169966734	-	291	291.0	antisense	ENSG00000008952	18	12	10	6	5	0	0.0371	0.0382	0.0592	173.4	158.5	HLbalEde1,HLcamDro2,HLeleMax1,HLmanJav2,HLnotEug3,HLoryCun3,HLpteVam2,bosTau9,canFam5,dasNov3,equCab3,eriEur2,felCat9,mm39,monDom5,rheMac10,rn7,susScr11
ENSG00000239569_core_2	ENSG00000239569	KMT2E-AS1	U_ENSG00000239569.6	chr7	105012660	105013053	-	393	393.0	antisense	ENSG00000005483,ENSG00000187416	19	19	19	19	18	18	0.0078	0.0066	0.0249	377.8	394.0	HLbalEde1,HLcamDro2,HLdidVir1,HLeleMax1,HLmanJav2,HLnotEug3,HLoryCun3,HLpteVam2,bosTau9,canFam5,dasNov3,equCab3,eriEur2,felCat9,mm39,monDom5,rheMac10,rn7,susScr11
ENSG00000239636_core_1	ENSG00000239636	TFAP2E-AS1	U_ENSG00000239636.4	chr1	35574483	35574698	-	215	215.0	antisense	ENSG00000116819	17	8	7	6	1	0	0.0518	0.054	0.0916	176.3	182.0	HLbalEde1,HLcamDro2,HLdidVir1,HLeleMax1,HLmanJav2,HLoryCun3,HLpteVam2,bosTau9,canFam5,dasNov3,equCab3,eriEur2,felCat9,mm39,rheMac10,rn7,susScr11
ENSG00000239636_core_2	ENSG00000239636	TFAP2E-AS1	U_ENSG00000239636.4	chr1	35577412	35577808	-	396	396.0	antisense	ENSG00000116819	18	17	15	10	6	0	0.031	0.025	0.0852	295.8	317.0	HLbalEde1,HLcamDro2,HLdidVir1,HLmanJav2,HLnotEug3,HLoryCun3,HLpteVam2,bosTau9,canFam5,dasNov3,equCab3,eriEur2,felCat9,mm39,monDom5,rheMac10,rn7,susScr11
ENSG00000240057_core_1	ENSG00000240057	NEPRO-AS1	U_ENSG00000240057.9	chr3	113019547	113019706	+	159	159.0	antisense	ENSG00000163608	18	16	14	11	1	0	0.0327	0.0281	0.0669	142.2	151.0	HLbalEde1,HLcamDro2,HLdidVir1,HLeleMax1,HLmanJav2,HLnotEug3,HLpteVam2,bosTau9,canFam5,dasNov3,equCab3,eriEur2,felCat9,mm39,monDom5,rheMac10,rn7,susScr11
ENSG00000240423_core_1	ENSG00000240423	LINC00636	U_ENSG00000240423.4	chr3	107927872	107928307	+	435	435.0	intergenic	.	18	13	11	9	3	0	0.0401	0.0319	0.083	198.3	163.0	HLbalEde1,HLcamDro2,HLdidVir1,HLeleMax1,HLmanJav2,HLoryCun3,HLpteVam2,bosTau9,canFam5,dasNov3,equCab3,eriEur2,felCat9,mm39,monDom5,rheMac10,rn7,susScr11
ENSG00000240497_core_1	ENSG00000240497		U_ENSG00000240497.4	chr3	171460221	171461269	+	1048	1048.0	antisense	ENSG00000154310	19	19	18	18	17	13	0.0089	0.0032	0.046	741.6	913.0	HLbalEde1,HLcamDro2,HLdidVir1,HLeleMax1,HLmanJav2,HLnotEug3,HLoryCun3,HLpteVam2,bosTau9,canFam5,dasNov3,equCab3,eriEur2,felCat9,mm39,monDom5,rheMac10,rn7,susScr11
ENSG00000240790_core_1	ENSG00000240790	SND1-DT	U_ENSG00000240790.4	chr7	127651759	127652012	-	253	253.0	near_coding_5kb	.	18	17	17	16	15	1	0.0186	0.0148	0.0597	232.2	249.0	HLbalEde1,HLcamDro2,HLdidVir1,HLeleMax1,HLmanJav2,HLnotEug3,HLpteVam2,bosTau9,canFam5,dasNov3,equCab3,eriEur2,felCat9,mm39,monDom5,rheMac10,rn7,susScr11
ENSG00000240990_core_1	ENSG00000240990	HOXA11-AS	U_ENSG00000240990.10	chr7	27184746	27184994	+	248	248.0	antisense	ENSG00000005073	19	12	12	12	12	8	0.0314	0.0124	0.0797	212.5	216.0	HLbalEde1,HLcamDro2,HLdidVir1,HLeleMax1,HLmanJav2,HLnotEug3,HLoryCun3,HLpteVam2,bosTau9,canFam5,dasNov3,equCab3,eriEur2,felCat9,mm39,monDom5,rheMac10,rn7,susScr11
ENSG00000240990_core_2	ENSG00000240990	HOXA11-AS	U_ENSG00000240990.10	chr7	27186108	27186263	+	155	155.0	antisense	ENSG00000005073	18	14	14	14	4	0	0.0353	0.0246	0.084	139.0	147.5	HLbalEde1,HLcamDro2,HLdidVir1,HLeleMax1,HLmanJav2,HLnotEug3,HLoryCun3,HLpteVam2,bosTau9,canFam5,dasNov3,equCab3,eriEur2,felCat9,mm39,rheMac10,rn7,susScr11
ENSG00000240990_core_4	ENSG00000240990	HOXA11-AS	U_ENSG00000240990.10	chr7	27188867	27189235	+	368	368.0	antisense	ENSG00000005073	18	14	14	14	13	9	0.0226	0.01	0.0809	322.7	349.5	HLbalEde1,HLcamDro2,HLdidVir1,HLeleMax1,HLmanJav2,HLnotEug3,HLoryCun3,HLpteVam2,bosTau9,canFam5,dasNov3,equCab3,eriEur2,felCat9,mm39,rheMac10,rn7,susScr11
ENSG00000241158_core_1	ENSG00000241158		U_ENSG00000241158.7	chr3	64561481	64561689	+	208	208.0	antisense	ENSG00000163638	19	19	19	16	9	0	0.0229	0.0208	0.0372	191.9	199.0	HLbalEde1,HLcamDro2,HLdidVir1,HLeleMax1,HLmanJav2,HLnotEug3,HLoryCun3,HLpteVam2,bosTau9,canFam5,dasNov3,equCab3,eriEur2,felCat9,mm39,monDom5,rheMac10,rn7,susScr11
ENSG00000241269_core_1	ENSG00000241269		U_ENSG00000241269.1	chr7	5420335	5420672	+	337	337.0	antisense	ENSG00000182095	19	14	11	8	2	0	0.0407	0.034	0.08	225.2	204.0	HLbalEde1,HLcamDro2,HLdidVir1,HLeleMax1,HLmanJav2,HLnotEug3,HLoryCun3,HLpteVam2,bosTau9,canFam5,dasNov3,equCab3,eriEur2,felCat9,mm39,monDom5,rheMac10,rn7,susScr11
ENSG00000241313_core_1	ENSG00000241313		U_ENSG00000241313.3	chr3	149658529	149658708	+	179	179.0	antisense	ENSG00000018408	18	17	16	16	12	0	0.0216	0.017	0.0665	173.7	177.0	HLbalEde1,HLcamDro2,HLdidVir1,HLeleMax1,HLmanJav2,HLoryCun3,HLpteVam2,bosTau9,canFam5,dasNov3,equCab3,eriEur2,felCat9,mm39,monDom5,rheMac10,rn7,susScr11
ENSG00000241648_core_1	ENSG00000241648		U_ENSG00000241648.1	chr3	85800802	85800951	-	149	149.0	antisense	ENSG00000175161	18	16	14	1	1	0	0.0376	0.0338	0.0657	85.8	82.0	HLbalEde1,HLcamDro2,HLdidVir1,HLeleMax1,HLmanJav2,HLnotEug3,HLoryCun3,HLpteVam2,bosTau9,canFam5,dasNov3,equCab3,eriEur2,felCat9,mm39,rheMac10,rn7,susScr11
ENSG00000242012_core_1	ENSG00000242012		U_ENSG00000242012.2	chr3	182365161	182365335	+	174	174.0	intergenic	.	18	18	18	17	16	0	0.0156	0.013	0.0365	169.4	174.0	HLbalEde1,HLcamDro2,HLdidVir1,HLeleMax1,HLmanJav2,HLnotEug3,HLpteVam2,bosTau9,canFam5,dasNov3,equCab3,eriEur2,felCat9,mm39,monDom5,rheMac10,rn7,susScr11
ENSG00000242268_core_1	ENSG00000242268	LINC02082	U_ENSG00000242268.4	chr3	168891016	168891142	+	126	126.0	intergenic	.	18	17	15	12	1	0	0.0287	0.0215	0.0711	124.6	126.0	HLbalEde1,HLcamDro2,HLdidVir1,HLeleMax1,HLmanJav2,HLoryCun3,HLpteVam2,bosTau9,canFam5,dasNov3,equCab3,eriEur2,felCat9,mm39,monDom5,rheMac10,rn7,susScr11
ENSG00000243593_core_1	ENSG00000243593	LINC02049	U_ENSG00000243593.2	chr3	120907721	120907929	-	208	208.0	near_coding_5kb	.	17	15	14	13	3	0	0.0285	0.025	0.0589	185.8	199.0	HLcamDro2,HLdidVir1,HLeleMax1,HLmanJav2,HLoryCun3,HLpteVam2,bosTau9,canFam5,dasNov3,equCab3,eriEur2,felCat9,mm39,monDom5,rheMac10,rn7,susScr11
ENSG00000244161_core_2	ENSG00000244161	FLNB-AS1	U_ENSG00000244161.1	chr3	58164747	58165035	-	288	288.0	antisense	ENSG00000136068	17	10	9	8	7	1	0.0434	0.0328	0.0987	179.5	167.0	HLbalEde1,HLcamDro2,HLdidVir1,HLeleMax1,HLnotEug3,HLoryCun3,HLpteVam2,canFam5,dasNov3,equCab3,eriEur2,felCat9,mm39,monDom5,rheMac10,rn7,susScr11
ENSG00000244184_core_1	ENSG00000244184	PELP1-DT	U_ENSG00000244184.2	chr17	4704134	4704370	+	236	236.0	antisense	ENSG00000141456	19	19	18	16	9	0	0.0228	0.0201	0.0485	222.5	231.0	HLbalEde1,HLcamDro2,HLdidVir1,HLeleMax1,HLmanJav2,HLnotEug3,HLoryCun3,HLpteVam2,bosTau9,canFam5,dasNov3,equCab3,eriEur2,felCat9,mm39,monDom5,rheMac10,rn7,susScr11
ENSG00000244300_core_1	ENSG00000244300	GATA2-AS1	U_ENSG00000244300.4	chr3	128489778	128490069	+	291	291.0	antisense	ENSG00000179348	18	15	12	10	8	1	0.0315	0.0226	0.0923	238.7	250.0	HLbalEde1,HLcamDro2,HLdidVir1,HLeleMax1,HLmanJav2,HLnotEug3,HLoryCun3,HLpteVam2,bosTau9,canFam5,dasNov3,equCab3,eriEur2,felCat9,mm39,rheMac10,rn7,susScr11
ENSG00000244380_core_1	ENSG00000244380		U_ENSG00000244380.2	chr3	48446375	48446632	-	257	257.0	antisense+sense	ENSG00000164051,ENSG00000232112	19	17	13	8	1	1	0.0362	0.0358	0.0868	224.3	242.0	HLbalEde1,HLcamDro2,HLdidVir1,HLeleMax1,HLmanJav2,HLnotEug3,HLoryCun3,HLpteVam2,bosTau9,canFam5,dasNov3,equCab3,eriEur2,felCat9,mm39,monDom5,rheMac10,rn7,susScr11
ENSG00000244586_core_2	ENSG00000244586		U_ENSG00000244586.1	chr3	55487989	55488216	+	227	227.0	antisense	ENSG00000114251	17	17	17	16	14	1	0.0172	0.0152	0.0336	213.7	220.0	HLbalEde1,HLcamDro2,HLdidVir1,HLeleMax1,HLmanJav2,HLoryCun3,HLpteVam2,bosTau9,canFam5,equCab3,eriEur2,felCat9,mm39,monDom5,rheMac10,rn7,susScr11
ENSG00000244953_core_1	ENSG00000244953		U_ENSG00000244953.1	chr11	43943988	43944596	-	608	608.0	antisense	ENSG00000187479	18	16	12	10	9	5	0.0301	0.0216	0.0941	360.2	372.5	HLbalEde1,HLcamDro2,HLdidVir1,HLeleMax1,HLmanJav2,HLoryCun3,HLpteVam2,bosTau9,canFam5,dasNov3,equCab3,eriEur2,felCat9,mm39,monDom5,rheMac10,rn7,susScr11
ENSG00000245330_core_2	ENSG00000245330	DEPTOR-AS1	U_ENSG00000245330.5	chr8	119873431	119874479	-	1048	1048.0	antisense	ENSG00000155792	19	19	18	17	15	12	0.0128	0.0088	0.0448	593.1	511.0	HLbalEde1,HLcamDro2,HLdidVir1,HLeleMax1,HLmanJav2,HLnotEug3,HLoryCun3,HLpteVam2,bosTau9,canFam5,dasNov3,equCab3,eriEur2,felCat9,mm39,monDom5,rheMac10,rn7,susScr11
ENSG00000245384_core_1	ENSG00000245384		U_ENSG00000245384.3	chr4	104490847	104491060	+	213	213.0	antisense	ENSG00000168772	17	17	17	17	16	3	0.0108	0.0102	0.0213	213.0	213.0	HLbalEde1,HLcamDro2,HLdidVir1,HLeleMax1,HLmanJav2,HLnotEug3,HLoryCun3,HLpteVam2,bosTau9,canFam5,equCab3,felCat9,mm39,monDom5,rheMac10,rn7,susScr11
ENSG00000245556_core_2	ENSG00000245556		U_ENSG00000245556.6	chr5	78360312	78360532	-	220	220.0	near_coding_5kb	.	19	16	14	11	1	0	0.0333	0.028	0.0759	150.3	144.0	HLbalEde1,HLcamDro2,HLdidVir1,HLeleMax1,HLmanJav2,HLnotEug3,HLoryCun3,HLpteVam2,bosTau9,canFam5,dasNov3,equCab3,eriEur2,felCat9,mm39,monDom5,rheMac10,rn7,susScr11
ENSG00000245719_core_2	ENSG00000245719	SKOR1-AS1	U_ENSG00000245719.2	chr15	67834853	67835341	-	488	488.0	antisense	ENSG00000188779	18	15	12	9	8	1	0.0315	0.0282	0.0727	317.8	307.0	HLbalEde1,HLcamDro2,HLdidVir1,HLeleMax1,HLmanJav2,HLnotEug3,HLoryCun3,HLpteVam2,bosTau9,canFam5,dasNov3,equCab3,eriEur2,felCat9,mm39,monDom5,rheMac10,susScr11
ENSG00000245864_core_1	ENSG00000245864	MEF2C-AS2	U_ENSG00000245864.6	chr5	88676072	88676263	+	191	191.0	antisense	ENSG00000081189	19	19	19	19	16	0	0.015	0.0135	0.0242	188.4	189.0	HLbalEde1,HLcamDro2,HLdidVir1,HLeleMax1,HLmanJav2,HLnotEug3,HLoryCun3,HLpteVam2,bosTau9,canFam5,dasNov3,equCab3,eriEur2,felCat9,mm39,monDom5,rheMac10,rn7,susScr11
ENSG00000245937_core_5	ENSG00000245937	SLC12A2-DT	U_ENSG00000245937.11	chr5	128082824	128083104	-	280	280.0	antisense	ENSG00000230561	18	17	17	15	12	1	0.0221	0.019	0.0504	258.5	274.5	HLbalEde1,HLcamDro2,HLeleMax1,HLmanJav2,HLnotEug3,HLoryCun3,HLpteVam2,bosTau9,canFam5,dasNov3,equCab3,eriEur2,felCat9,mm39,monDom5,rheMac10,rn7,susScr11
ENSG00000246560_core_1	ENSG00000246560		U_ENSG00000246560.4	chr4	102827911	102828185	+	274	274.0	antisense	ENSG00000109332	18	16	15	15	14	1	0.0211	0.014	0.0636	270.5	272.5	HLbalEde1,HLcamDro2,HLdidVir1,HLeleMax1,HLmanJav2,HLnotEug3,HLoryCun3,HLpteVam2,bosTau9,canFam5,dasNov3,equCab3,felCat9,mm39,monDom5,rheMac10,rn7,susScr11
ENSG00000246662_core_1	ENSG00000246662	CIBAR1-DT	U_ENSG00000246662.7	chr8	93346698	93346826	-	128	128.0	antisense	ENSG00000188343	17	16	15	11	0	0	0.0317	0.028	0.0628	113.2	128.0	HLbalEde1,HLcamDro2,HLdidVir1,HLeleMax1,HLmanJav2,HLnotEug3,HLoryCun3,bosTau9,canFam5,dasNov3,equCab3,felCat9,mm39,monDom5,rheMac10,rn7,susScr11
ENSG00000246662_core_4	ENSG00000246662	CIBAR1-DT	U_ENSG00000246662.7	chr8	93700121	93700433	-	312	312.0	antisense	ENSG00000188343	18	18	18	10	3	1	0.0273	0.0288	0.0395	281.5	291.0	HLbalEde1,HLcamDro2,HLdidVir1,HLeleMax1,HLmanJav2,HLnotEug3,HLoryCun3,HLpteVam2,bosTau9,dasNov3,equCab3,eriEur2,felCat9,mm39,monDom5,rheMac10,rn7,susScr11
ENSG00000246777_core_1	ENSG00000246777	DYNC1LI2-DT	U_ENSG00000246777.1	chr16	66751791	66751999	+	208	208.0	antisense	ENSG00000249961	18	17	15	13	8	0	0.0248	0.0206	0.0536	194.9	199.0	HLbalEde1,HLcamDro2,HLdidVir1,HLeleMax1,HLmanJav2,HLoryCun3,HLpteVam2,bosTau9,canFam5,dasNov3,equCab3,eriEur2,felCat9,mm39,monDom5,rheMac10,rn7,susScr11
ENSG00000246982_core_3	ENSG00000246982	BRPF3-AS1	U_ENSG00000246982.8	chr6	36197095	36197226	-	131	131.0	antisense	ENSG00000096070,ENSG00000112062,ENSG00000156711	19	18	18	15	7	0	0.0248	0.0211	0.0636	128.6	129.0	HLbalEde1,HLcamDro2,HLdidVir1,HLeleMax1,HLmanJav2,HLnotEug3,HLoryCun3,HLpteVam2,bosTau9,canFam5,dasNov3,equCab3,eriEur2,felCat9,mm39,monDom5,rheMac10,rn7,susScr11
ENSG00000247011_core_1	ENSG00000247011		U_ENSG00000247011.3	chr17	50935357	50935645	-	288	288.0	intergenic	.	17	13	12	12	6	0	0.0331	0.0232	0.0888	193.8	195.0	HLbalEde1,HLcamDro2,HLdidVir1,HLeleMax1,HLmanJav2,HLoryCun3,HLpteVam2,bosTau9,canFam5,dasNov3,equCab3,eriEur2,felCat9,monDom5,rheMac10,rn7,susScr11
ENSG00000247011_core_3	ENSG00000247011		U_ENSG00000247011.3	chr17	50944482	50944713	-	231	231.0	intergenic	.	17	17	17	13	3	0	0.0257	0.0273	0.0362	208.5	216.0	HLbalEde1,HLcamDro2,HLdidVir1,HLeleMax1,HLmanJav2,HLoryCun3,HLpteVam2,bosTau9,canFam5,dasNov3,equCab3,eriEur2,felCat9,mm39,rheMac10,rn7,susScr11
ENSG00000247240_core_1	ENSG00000247240		U_ENSG00000247240.11	chr15	74461273	74461721	+	448	448.0	near_coding_5kb	.	17	14	10	9	5	0	0.0323	0.0259	0.0644	272.4	238.0	HLbalEde1,HLcamDro2,HLdidVir1,HLeleMax1,HLmanJav2,HLoryCun3,HLpteVam2,bosTau9,canFam5,dasNov3,equCab3,felCat9,mm39,monDom5,rheMac10,rn7,susScr11
ENSG00000247363_core_1	ENSG00000247363	NUP107-DT	U_ENSG00000247363.4	chr12	68686837	68687045	-	208	208.0	antisense	ENSG00000111581	17	14	9	6	1	0	0.0389	0.0366	0.0693	155.0	160.0	HLbalEde1,HLcamDro2,HLeleMax1,HLmanJav2,HLnotEug3,HLoryCun3,HLpteVam2,bosTau9,canFam5,dasNov3,equCab3,eriEur2,felCat9,mm39,rheMac10,rn7,susScr11
ENSG00000247400_core_1	ENSG00000247400	DNAJC3-DT	U_ENSG00000247400.7	chr13	95676661	95676945	-	284	284.0	near_coding_5kb	.	18	18	16	15	10	1	0.0224	0.0188	0.0471	259.3	265.0	HLbalEde1,HLcamDro2,HLdidVir1,HLeleMax1,HLnotEug3,HLoryCun3,HLpteVam2,bosTau9,canFam5,dasNov3,equCab3,eriEur2,felCat9,mm39,monDom5,rheMac10,rn7,susScr11
ENSG00000247416_core_3	ENSG00000247416	NCAM1-AS2	U_ENSG00000247416.6	chr11	112963327	112963488	-	161	161.0	antisense	ENSG00000149294	19	8	6	2	1	0	0.0536	0.0559	0.0921	148.2	157.0	HLbalEde1,HLcamDro2,HLdidVir1,HLeleMax1,HLmanJav2,HLnotEug3,HLoryCun3,HLpteVam2,bosTau9,canFam5,dasNov3,equCab3,eriEur2,felCat9,mm39,monDom5,rheMac10,rn7,susScr11
ENSG00000248050_core_3	ENSG00000248050	SYBU-AS1	U_ENSG00000248050.1	chr8	109647689	109647937	+	248	248.0	antisense	ENSG00000147642	18	18	18	17	15	1	0.016	0.0136	0.0344	214.9	209.5	HLbalEde1,HLcamDro2,HLdidVir1,HLeleMax1,HLmanJav2,HLnotEug3,HLoryCun3,bosTau9,canFam5,dasNov3,equCab3,eriEur2,felCat9,mm39,monDom5,rheMac10,rn7,susScr11
ENSG00000248514_core_1	ENSG00000248514		U_ENSG00000248514.1	chr5	181205361	181205609	-	248	248.0	near_coding_5kb	.	17	16	16	13	9	1	0.0236	0.0196	0.0598	216.6	237.0	HLbalEde1,HLcamDro2,HLdidVir1,HLeleMax1,HLmanJav2,HLoryCun3,HLpteVam2,bosTau9,canFam5,dasNov3,equCab3,eriEur2,felCat9,mm39,rheMac10,rn7,susScr11
ENSG00000248636_core_1	ENSG00000248636	PRKAB1-AS1	U_ENSG00000248636.8	chr12	119668020	119668308	-	288	288.0	antisense	ENSG00000111725,ENSG00000183273,ENSG00000224982	18	14	13	6	2	0	0.0378	0.0339	0.085	224.0	230.5	HLbalEde1,HLcamDro2,HLdidVir1,HLeleMax1,HLmanJav2,HLoryCun3,HLpteVam2,bosTau9,canFam5,dasNov3,equCab3,eriEur2,felCat9,mm39,monDom5,rheMac10,rn7,susScr11
ENSG00000248719_core_1	ENSG00000248719		U_ENSG00000248719.3	chr4	80182616	80182784	-	168	168.0	antisense	ENSG00000152784	17	16	15	14	8	0	0.0233	0.0205	0.0517	129.5	130.0	HLbalEde1,HLcamDro2,HLdidVir1,HLeleMax1,HLmanJav2,HLnotEug3,HLoryCun3,HLpteVam2,bosTau9,canFam5,equCab3,eriEur2,felCat9,monDom5,rheMac10,rn7,susScr11
ENSG00000248918_core_1	ENSG00000248918		U_ENSG00000248918.3	chr5	50969657	50969954	+	297	297.0	intergenic	.	17	15	14	12	7	1	0.0292	0.0222	0.0806	233.1	273.0	HLbalEde1,HLcamDro2,HLeleMax1,HLmanJav2,HLnotEug3,HLoryCun3,HLpteVam2,bosTau9,canFam5,dasNov3,equCab3,eriEur2,felCat9,mm39,monDom5,rheMac10,susScr11
ENSG00000248932_core_1	ENSG00000248932	COPB2-DT	U_ENSG00000248932.9	chr3	139389839	139390247	+	408	408.0	antisense	ENSG00000114113,ENSG00000114115,ENSG00000163864	19	16	11	8	5	0	0.035	0.0319	0.0958	269.8	264.0	HLbalEde1,HLcamDro2,HLdidVir1,HLeleMax1,HLmanJav2,HLnotEug3,HLoryCun3,HLpteVam2,bosTau9,canFam5,dasNov3,equCab3,eriEur2,felCat9,mm39,monDom5,rheMac10,rn7,susScr11
ENSG00000248980_core_1	ENSG00000248980		U_ENSG00000248980.1	chr4	176320226	176320434	-	208	208.0	antisense	ENSG00000129128	19	16	12	4	2	0	0.0385	0.0367	0.0698	188.0	188.0	HLbalEde1,HLcamDro2,HLdidVir1,HLeleMax1,HLmanJav2,HLnotEug3,HLoryCun3,HLpteVam2,bosTau9,canFam5,dasNov3,equCab3,eriEur2,felCat9,mm39,monDom5,rheMac10,rn7,susScr11
ENSG00000249007_core_1	ENSG00000249007		U_ENSG00000249007.1	chr1	202014885	202015278	+	393	393.0	sense_overlapping	ENSG00000163435	17	16	16	15	7	0	0.0236	0.0212	0.0572	204.6	195.0	HLbalEde1,HLcamDro2,HLdidVir1,HLeleMax1,HLmanJav2,HLoryCun3,HLpteVam2,bosTau9,canFam5,dasNov3,equCab3,eriEur2,felCat9,monDom5,rheMac10,rn7,susScr11
ENSG00000249085_core_1	ENSG00000249085		U_ENSG00000249085.3	chr5	72816209	72816565	-	356	356.0	antisense	ENSG00000083312	18	18	17	16	9	1	0.021	0.0203	0.0429	294.8	296.5	HLbalEde1,HLcamDro2,HLdidVir1,HLeleMax1,HLmanJav2,HLoryCun3,HLpteVam2,bosTau9,canFam5,dasNov3,equCab3,eriEur2,felCat9,mm39,monDom5,rheMac10,rn7,susScr11
ENSG00000249252_core_1	ENSG00000249252		U_ENSG00000249252.6	chr4	15004924	15005117	-	193	193.0	antisense	ENSG00000137449,ENSG00000163145	18	13	4	1	1	0	0.046	0.0441	0.0736	152.7	154.5	HLbalEde1,HLcamDro2,HLdidVir1,HLeleMax1,HLmanJav2,HLnotEug3,HLpteVam2,bosTau9,canFam5,dasNov3,equCab3,eriEur2,felCat9,mm39,monDom5,rheMac10,rn7,susScr11
ENSG00000249637_core_1	ENSG00000249637	ANKHD1-DT	U_ENSG00000249637.5	chr5	140401173	140401455	-	282	282.0	antisense	ENSG00000113073	19	18	16	13	13	0	0.0237	0.0158	0.0673	220.0	256.0	HLbalEde1,HLcamDro2,HLdidVir1,HLeleMax1,HLmanJav2,HLnotEug3,HLoryCun3,HLpteVam2,bosTau9,canFam5,dasNov3,equCab3,eriEur2,felCat9,mm39,monDom5,rheMac10,rn7,susScr11
ENSG00000249641_core_4	ENSG00000249641	HOXC13-AS	U_ENSG00000249641.3	chr12	53939557	53939692	-	135	135.0	antisense	ENSG00000123364	17	13	13	10	8	0	0.0342	0.0228	0.0866	121.5	135.0	HLbalEde1,HLcamDro2,HLdidVir1,HLeleMax1,HLmanJav2,HLnotEug3,HLoryCun3,HLpteVam2,bosTau9,canFam5,dasNov3,equCab3,eriEur2,mm39,rheMac10,rn7,susScr11
ENSG00000249669_core_1	ENSG00000249669	CARMN	U_ENSG00000249669.13	chr5	149428882	149429039	+	157	157.0	near_coding_5kb	.	17	17	17	16	7	0	0.0215	0.0201	0.0315	146.1	152.0	HLbalEde1,HLcamDro2,HLeleMax1,HLmanJav2,HLnotEug3,HLoryCun3,bosTau9,canFam5,dasNov3,equCab3,eriEur2,felCat9,mm39,monDom5,rheMac10,rn7,susScr11
ENSG00000249699_core_1	ENSG00000249699		U_ENSG00000249699.2	chr4	27276916	27277084	+	168	168.0	intergenic	.	18	18	18	15	11	0	0.0213	0.0183	0.0344	161.9	168.0	HLbalEde1,HLcamDro2,HLdidVir1,HLeleMax1,HLmanJav2,HLnotEug3,HLoryCun3,HLpteVam2,bosTau9,canFam5,dasNov3,equCab3,eriEur2,mm39,monDom5,rheMac10,rn7,susScr11
ENSG00000249725_core_1	ENSG00000249725		U_ENSG00000249725.2	chr3	133037711	133038194	-	483	483.0	near_coding_5kb	.	17	15	14	13	12	8	0.022	0.0103	0.09	405.6	457.0	HLbalEde1,HLcamDro2,HLeleMax1,HLmanJav2,HLoryCun3,HLpteVam2,bosTau9,canFam5,dasNov3,equCab3,eriEur2,felCat9,mm39,monDom5,rheMac10,rn7,susScr11
ENSG00000249996_core_1	ENSG00000249996	PPIC-AS1	U_ENSG00000249996.2	chr5	123036470	123036626	+	156	156.0	antisense	ENSG00000168938	19	13	13	11	1	0	0.0377	0.0268	0.0825	132.6	147.0	HLbalEde1,HLcamDro2,HLdidVir1,HLeleMax1,HLmanJav2,HLnotEug3,HLoryCun3,HLpteVam2,bosTau9,canFam5,dasNov3,equCab3,eriEur2,felCat9,mm39,monDom5,rheMac10,rn7,susScr11
ENSG00000250073_core_1	ENSG00000250073	ESAM-AS1	U_ENSG00000250073.5	chr11	124758987	124759395	+	408	408.0	antisense	ENSG00000149564	18	11	10	6	3	0	0.0465	0.0359	0.0976	219.6	177.5	HLbalEde1,HLcamDro2,HLdidVir1,HLeleMax1,HLmanJav2,HLnotEug3,HLoryCun3,HLpteVam2,bosTau9,canFam5,dasNov3,equCab3,eriEur2,felCat9,mm39,monDom5,rheMac10,rn7
ENSG00000250107_core_1	ENSG00000250107	CACNA1G-AS1	U_ENSG00000250107.2	chr17	50556690	50557018	-	328	328.0	antisense	ENSG00000006283	17	15	14	12	6	1	0.0289	0.0251	0.0953	206.8	175.0	HLbalEde1,HLcamDro2,HLdidVir1,HLnotEug3,HLoryCun3,HLpteVam2,bosTau9,canFam5,dasNov3,equCab3,eriEur2,felCat9,mm39,monDom5,rheMac10,rn7,susScr11
ENSG00000250135_core_1	ENSG00000250135		U_ENSG00000250135.1	chr1	32170852	32171180	+	328	328.0	sense_overlapping	ENSG00000025800	17	16	16	16	14	10	0.0154	0.0093	0.0737	252.0	249.0	HLbalEde1,HLcamDro2,HLdidVir1,HLeleMax1,HLmanJav2,HLoryCun3,HLpteVam2,bosTau9,canFam5,dasNov3,equCab3,felCat9,mm39,monDom5,rheMac10,rn7,susScr11
ENSG00000250220_core_1	ENSG00000250220		U_ENSG00000250220.2	chr4	73259084	73259372	+	288	288.0	near_coding_5kb	.	18	18	18	17	15	3	0.0148	0.0122	0.0323	270.6	288.5	HLbalEde1,HLcamDro2,HLdidVir1,HLeleMax1,HLmanJav2,HLoryCun3,HLpteVam2,bosTau9,canFam5,dasNov3,equCab3,eriEur2,felCat9,mm39,monDom5,rheMac10,rn7,susScr11
ENSG00000250326_core_1	ENSG00000250326		U_ENSG00000250326.3	chr4	143184549	143184757	-	208	208.0	near_coding_5kb	.	19	18	13	6	1	0	0.0353	0.0362	0.0532	187.5	183.0	HLbalEde1,HLcamDro2,HLdidVir1,HLeleMax1,HLmanJav2,HLnotEug3,HLoryCun3,HLpteVam2,bosTau9,canFam5,dasNov3,equCab3,eriEur2,felCat9,mm39,monDom5,rheMac10,rn7,susScr11
ENSG00000250467_core_1	ENSG00000250467		U_ENSG00000250467.2	chr4	41748425	41748553	+	128	128.0	antisense	ENSG00000109132	19	19	16	15	13	0	0.0239	0.0192	0.0429	117.9	128.0	HLbalEde1,HLcamDro2,HLdidVir1,HLeleMax1,HLmanJav2,HLnotEug3,HLoryCun3,HLpteVam2,bosTau9,canFam5,dasNov3,equCab3,eriEur2,felCat9,mm39,monDom5,rheMac10,rn7,susScr11
ENSG00000250600_core_2	ENSG00000250600		U_ENSG00000250600.3	chr5	10441762	10441936	-	174	174.0	antisense	ENSG00000145491,ENSG00000145495	17	14	11	2	1	0	0.0402	0.0381	0.0629	154.5	165.0	HLbalEde1,HLcamDro2,HLeleMax1,HLmanJav2,HLnotEug3,HLoryCun3,HLpteVam2,bosTau9,canFam5,dasNov3,equCab3,eriEur2,felCat9,mm39,rheMac10,rn7,susScr11
ENSG00000250616_core_1	ENSG00000250616	YPEL3-DT	U_ENSG00000250616.5	chr16	30096442	30096650	+	208	208.0	antisense	ENSG00000090238,ENSG00000102886	17	3	0	0	0	0	0.058	0.0603	0.0709	186.2	202.0	HLbalEde1,HLcamDro2,HLdidVir1,HLeleMax1,HLmanJav2,HLnotEug3,HLoryCun3,HLpteVam2,bosTau9,canFam5,equCab3,eriEur2,felCat9,mm39,monDom5,rn7,susScr11
ENSG00000250734_core_1	ENSG00000250734		U_ENSG00000250734.2	chr1	151612037	151612359	-	322	322.0	antisense	ENSG00000143376	18	17	17	17	17	13	0.0121	0.0088	0.0658	298.0	320.0	HLbalEde1,HLcamDro2,HLdidVir1,HLeleMax1,HLmanJav2,HLnotEug3,HLoryCun3,HLpteVam2,bosTau9,canFam5,equCab3,eriEur2,felCat9,mm39,monDom5,rheMac10,rn7,susScr11
ENSG00000250740_core_1	ENSG00000250740		U_ENSG00000250740.1	chr4	105927061	105927297	-	236	236.0	antisense	ENSG00000168743	18	13	10	7	2	0	0.0416	0.0347	0.098	169.1	164.0	HLbalEde1,HLcamDro2,HLdidVir1,HLeleMax1,HLmanJav2,HLoryCun3,HLpteVam2,bosTau9,canFam5,dasNov3,equCab3,eriEur2,felCat9,mm39,monDom5,rheMac10,rn7,susScr11
ENSG00000250742_core_1	ENSG00000250742	LINC02381	U_ENSG00000250742.7	chr12	54126310	54126612	+	302	302.0	antisense	ENSG00000123415	17	15	14	11	7	1	0.0285	0.0205	0.067	211.2	230.0	HLbalEde1,HLcamDro2,HLdidVir1,HLmanJav2,HLnotEug3,HLoryCun3,HLpteVam2,bosTau9,canFam5,dasNov3,equCab3,eriEur2,felCat9,mm39,rheMac10,rn7,susScr11
ENSG00000250742_core_4	ENSG00000250742	LINC02381	U_ENSG00000250742.7	chr12	54146331	54146739	+	408	408.0	antisense	ENSG00000123415	19	19	19	19	19	13	0.0095	0.0083	0.015	344.4	371.0	HLbalEde1,HLcamDro2,HLdidVir1,HLeleMax1,HLmanJav2,HLnotEug3,HLoryCun3,HLpteVam2,bosTau9,canFam5,dasNov3,equCab3,eriEur2,felCat9,mm39,monDom5,rheMac10,rn7,susScr11
ENSG00000250899_core_1	ENSG00000250899		U_ENSG00000250899.3	chr12	3041516	3042044	+	528	528.0	near_coding_5kb	.	18	15	13	10	8	1	0.0316	0.0233	0.0928	298.9	251.5	HLbalEde1,HLcamDro2,HLeleMax1,HLmanJav2,HLnotEug3,HLoryCun3,HLpteVam2,bosTau9,canFam5,dasNov3,equCab3,eriEur2,felCat9,mm39,monDom5,rheMac10,rn7,susScr11
ENSG00000251151_core_4	ENSG00000251151	HOXC-AS3	U_ENSG00000251151.3	chr12	53984963	53985083	-	120	120.0	antisense	ENSG00000180818,ENSG00000273049	18	18	18	17	0	0	0.0246	0.0243	0.0304	119.3	120.0	HLbalEde1,HLcamDro2,HLdidVir1,HLeleMax1,HLmanJav2,HLnotEug3,HLoryCun3,HLpteVam2,bosTau9,canFam5,dasNov3,equCab3,eriEur2,felCat9,mm39,rheMac10,rn7,susScr11
ENSG00000251391_core_1	ENSG00000251391		U_ENSG00000251391.6	chr5	66322840	66322982	+	142	142.0	intergenic	.	18	13	13	12	2	0	0.0365	0.0259	0.0818	119.3	141.5	HLbalEde1,HLcamDro2,HLdidVir1,HLeleMax1,HLmanJav2,HLnotEug3,HLoryCun3,HLpteVam2,bosTau9,canFam5,dasNov3,equCab3,felCat9,mm39,monDom5,rheMac10,rn7,susScr11
ENSG00000251396_core_4	ENSG00000251396		U_ENSG00000251396.10	chr8	60516663	60516795	-	132	132.0	near_coding_5kb	.	17	12	10	1	0	0	0.0469	0.0389	0.0807	125.9	129.0	HLbalEde1,HLcamDro2,HLeleMax1,HLmanJav2,HLnotEug3,HLoryCun3,HLpteVam2,bosTau9,canFam5,dasNov3,equCab3,eriEur2,felCat9,mm39,rheMac10,rn7,susScr11
ENSG00000251562_core_6	ENSG00000251562	MALAT1	U_ENSG00000251562.13	chr11	65505924	65506332	+	408	408.0	intergenic	.	17	17	17	17	16	9	0.0107	0.0092	0.0224	318.6	328.0	HLbalEde1,HLcamDro2,HLmanJav2,HLnotEug3,HLoryCun3,HLpteVam2,bosTau9,canFam5,dasNov3,equCab3,eriEur2,felCat9,mm39,monDom5,rheMac10,rn7,susScr11
ENSG00000251621_core_1	ENSG00000251621		U_ENSG00000251621.1	chr2	161424054	161424240	+	186	186.0	sense_overlapping	ENSG00000136535,ENSG00000144290	19	19	19	19	18	0	0.0143	0.0131	0.0215	173.8	182.0	HLbalEde1,HLcamDro2,HLdidVir1,HLeleMax1,HLmanJav2,HLnotEug3,HLoryCun3,HLpteVam2,bosTau9,canFam5,dasNov3,equCab3,eriEur2,felCat9,mm39,monDom5,rheMac10,rn7,susScr11
ENSG00000251867_core_2	ENSG00000251867		U_ENSG00000251867.4	chr8	80485277	80485645	-	368	368.0	antisense	ENSG00000205189	18	18	18	18	18	13	0.0091	0.009	0.0122	298.6	318.5	HLbalEde1,HLcamDro2,HLeleMax1,HLmanJav2,HLnotEug3,HLoryCun3,HLpteVam2,bosTau9,canFam5,dasNov3,equCab3,eriEur2,felCat9,mm39,monDom5,rheMac10,rn7,susScr11
ENSG00000253102_core_1	ENSG00000253102	LRRC59-AS1	U_ENSG00000253102.2	chr17	50397239	50397821	+	582	582.0	antisense	ENSG00000108829	19	18	17	17	15	11	0.0152	0.0081	0.0668	409.9	431.0	HLbalEde1,HLcamDro2,HLdidVir1,HLeleMax1,HLmanJav2,HLnotEug3,HLoryCun3,HLpteVam2,bosTau9,canFam5,dasNov3,equCab3,eriEur2,felCat9,mm39,monDom5,rheMac10,rn7,susScr11
ENSG00000253123_core_5	ENSG00000253123		U_ENSG00000253123.5	chr8	37329638	37330166	-	528	528.0	unknown	.	19	18	18	17	16	15	0.0127	0.0069	0.0677	343.1	356.0	HLbalEde1,HLcamDro2,HLdidVir1,HLeleMax1,HLmanJav2,HLnotEug3,HLoryCun3,HLpteVam2,bosTau9,canFam5,dasNov3,equCab3,eriEur2,felCat9,mm39,monDom5,rheMac10,rn7,susScr11
ENSG00000253123_core_6	ENSG00000253123		U_ENSG00000253123.5	chr8	37330838	37331086	-	248	248.0	unknown	.	17	15	15	15	10	1	0.0235	0.0148	0.0799	206.4	235.0	HLbalEde1,HLcamDro2,HLdidVir1,HLeleMax1,HLmanJav2,HLnotEug3,HLpteVam2,bosTau9,dasNov3,equCab3,eriEur2,felCat9,mm39,monDom5,rheMac10,rn7,susScr11
ENSG00000253187_core_1	ENSG00000253187	HOXA10-AS	U_ENSG00000253187.3	chr7	27166270	27166638	+	368	368.0	antisense	ENSG00000078399,ENSG00000253293,ENSG00000257184	18	15	14	14	9	1	0.0276	0.0202	0.0924	287.4	319.0	HLbalEde1,HLcamDro2,HLdidVir1,HLeleMax1,HLmanJav2,HLoryCun3,HLpteVam2,bosTau9,canFam5,dasNov3,equCab3,eriEur2,felCat9,mm39,monDom5,rheMac10,rn7,susScr11
ENSG00000253230_core_1	ENSG00000253230	MIR124-1HG	U_ENSG00000253230.12	chr8	9905158	9905365	-	207	207.0	intergenic	.	17	13	11	10	5	0	0.0343	0.0241	0.0733	175.1	204.0	HLbalEde1,HLcamDro2,HLeleMax1,HLmanJav2,HLnotEug3,HLoryCun3,bosTau9,canFam5,dasNov3,equCab3,eriEur2,felCat9,mm39,monDom5,rheMac10,rn7,susScr11
ENSG00000253308_core_1	ENSG00000253308		U_ENSG00000253308.3	chr7	27239287	27239695	-	408	408.0	near_coding_5kb	.	17	15	15	14	11	1	0.0234	0.0137	0.0811	313.8	373.0	HLbalEde1,HLcamDro2,HLeleMax1,HLmanJav2,HLnotEug3,HLoryCun3,HLpteVam2,bosTau9,canFam5,dasNov3,equCab3,eriEur2,felCat9,mm39,rheMac10,rn7,susScr11
ENSG00000253320_core_1	ENSG00000253320	MAILR	U_ENSG00000253320.8	chr8	102864350	102864623	+	273	273.0	antisense	ENSG00000155096	19	19	18	16	10	1	0.0215	0.0199	0.0454	259.1	267.0	HLbalEde1,HLcamDro2,HLdidVir1,HLeleMax1,HLmanJav2,HLnotEug3,HLoryCun3,HLpteVam2,bosTau9,canFam5,dasNov3,equCab3,eriEur2,felCat9,mm39,monDom5,rheMac10,rn7,susScr11
ENSG00000253327_core_1	ENSG00000253327	RAD21-AS1	U_ENSG00000253327.2	chr8	116874503	116874985	+	482	482.0	antisense	ENSG00000164754	19	19	19	19	19	16	0.0074	0.0062	0.0141	434.6	476.0	HLbalEde1,HLcamDro2,HLdidVir1,HLeleMax1,HLmanJav2,HLnotEug3,HLoryCun3,HLpteVam2,bosTau9,canFam5,dasNov3,equCab3,eriEur2,felCat9,mm39,monDom5,rheMac10,rn7,susScr11
ENSG00000253420_core_1	ENSG00000253420		U_ENSG00000253420.1	chr8	105662493	105662741	-	248	248.0	antisense	ENSG00000169946	19	19	19	17	13	0	0.0197	0.0178	0.0344	190.6	172.0	HLbalEde1,HLcamDro2,HLdidVir1,HLeleMax1,HLmanJav2,HLnotEug3,HLoryCun3,HLpteVam2,bosTau9,canFam5,dasNov3,equCab3,eriEur2,felCat9,mm39,monDom5,rheMac10,rn7,susScr11
ENSG00000253445_core_2	ENSG00000253445		U_ENSG00000253445.2	chr5	172686057	172686342	-	285	285.0	antisense	ENSG00000214357	19	17	17	16	11	1	0.0226	0.0186	0.076	203.4	230.0	HLbalEde1,HLcamDro2,HLdidVir1,HLeleMax1,HLmanJav2,HLnotEug3,HLoryCun3,HLpteVam2,bosTau9,canFam5,dasNov3,equCab3,eriEur2,felCat9,mm39,monDom5,rheMac10,rn7,susScr11
ENSG00000253477_core_1	ENSG00000253477		U_ENSG00000253477.6	chr8	103501440	103501676	-	236	236.0	antisense+sense	ENSG00000176406,ENSG00000285982	19	15	15	15	15	1	0.0249	0.0133	0.0976	208.5	240.0	HLbalEde1,HLcamDro2,HLdidVir1,HLeleMax1,HLmanJav2,HLnotEug3,HLoryCun3,HLpteVam2,bosTau9,canFam5,dasNov3,equCab3,eriEur2,felCat9,mm39,monDom5,rheMac10,rn7,susScr11
ENSG00000253513_core_1	ENSG00000253513	SQLE-DT	U_ENSG00000253513.2	chr8	124998057	124998225	-	168	168.0	near_coding_5kb	.	17	7	2	0	0	0	0.0532	0.0525	0.073	159.5	168.0	HLbalEde1,HLcamDro2,HLeleMax1,HLmanJav2,HLnotEug3,HLoryCun3,HLpteVam2,bosTau9,canFam5,dasNov3,equCab3,eriEur2,felCat9,mm39,monDom5,rn7,susScr11
ENSG00000253549_core_1	ENSG00000253549		U_ENSG00000253549.7	chr8	85441669	85441797	-	128	128.0	antisense	ENSG00000104267,ENSG00000164879	17	10	8	3	1	0	0.048	0.0408	0.0983	113.0	116.0	HLbalEde1,HLcamDro2,HLdidVir1,HLeleMax1,HLmanJav2,HLnotEug3,HLpteVam2,bosTau9,canFam5,dasNov3,equCab3,felCat9,mm39,monDom5,rheMac10,rn7,susScr11
ENSG00000253653_core_1	ENSG00000253653		U_ENSG00000253653.1	chr5	157266487	157266625	-	138	138.0	antisense	ENSG00000055163	19	16	13	10	0	0	0.0366	0.0287	0.0894	132.3	136.0	HLbalEde1,HLcamDro2,HLdidVir1,HLeleMax1,HLmanJav2,HLnotEug3,HLoryCun3,HLpteVam2,bosTau9,canFam5,dasNov3,equCab3,eriEur2,felCat9,mm39,monDom5,rheMac10,rn7,susScr11
ENSG00000253688_core_1	ENSG00000253688		U_ENSG00000253688.3	chr8	48556302	48556441	-	139	139.0	intergenic	.	19	16	15	11	5	0	0.0344	0.0241	0.0909	111.7	130.0	HLbalEde1,HLcamDro2,HLdidVir1,HLeleMax1,HLmanJav2,HLnotEug3,HLoryCun3,HLpteVam2,bosTau9,canFam5,dasNov3,equCab3,eriEur2,felCat9,mm39,monDom5,rheMac10,rn7,susScr11
ENSG00000253744_core_1	ENSG00000253744		U_ENSG00000253744.1	chr5	66144155	66144419	-	264	264.0	antisense	ENSG00000153914	18	18	18	18	17	8	0.0121	0.0107	0.023	250.9	262.5	HLbalEde1,HLcamDro2,HLdidVir1,HLeleMax1,HLmanJav2,HLoryCun3,HLpteVam2,bosTau9,canFam5,dasNov3,equCab3,eriEur2,felCat9,mm39,monDom5,rheMac10,rn7,susScr11
ENSG00000253806_core_1	ENSG00000253806		U_ENSG00000253806.1	chr8	142727282	142727446	-	164	164.0	antisense	ENSG00000130193	18	18	17	16	7	0	0.0219	0.0202	0.0416	153.6	164.0	HLbalEde1,HLcamDro2,HLdidVir1,HLeleMax1,HLmanJav2,HLoryCun3,HLpteVam2,bosTau9,canFam5,dasNov3,equCab3,eriEur2,felCat9,mm39,monDom5,rheMac10,rn7,susScr11
ENSG00000253809_core_1	ENSG00000253809		U_ENSG00000253809.1	chr6	70241983	70242150	+	167	167.0	antisense	ENSG00000112280	19	16	15	15	4	0	0.0306	0.026	0.0647	143.5	159.0	HLbalEde1,HLcamDro2,HLdidVir1,HLeleMax1,HLmanJav2,HLnotEug3,HLoryCun3,HLpteVam2,bosTau9,canFam5,dasNov3,equCab3,eriEur2,felCat9,mm39,monDom5,rheMac10,rn7,susScr11
ENSG00000253837_core_1	ENSG00000253837	LOXL2-AS1	U_ENSG00000253837.1	chr8	23336850	23337457	+	607	607.0	antisense	ENSG00000134013	17	8	6	4	3	1	0.0543	0.0504	0.0986	223.1	169.0	HLbalEde1,HLcamDro2,HLdidVir1,HLeleMax1,HLmanJav2,HLnotEug3,HLpteVam2,bosTau9,canFam5,dasNov3,equCab3,eriEur2,felCat9,mm39,monDom5,rheMac10,susScr11
ENSG00000254024_core_2	ENSG00000254024	GRHL2-DT	U_ENSG00000254024.2	chr8	101492743	101492991	-	248	248.0	antisense	ENSG00000083307	19	19	19	19	14	1	0.0158	0.0126	0.0298	228.1	232.0	HLbalEde1,HLcamDro2,HLdidVir1,HLeleMax1,HLmanJav2,HLnotEug3,HLoryCun3,HLpteVam2,bosTau9,canFam5,dasNov3,equCab3,eriEur2,felCat9,mm39,monDom5,rheMac10,rn7,susScr11
ENSG00000254041_core_1	ENSG00000254041		U_ENSG00000254041.1	chr8	105143099	105143267	-	168	168.0	antisense	ENSG00000169946	18	16	16	12	10	0	0.029	0.0189	0.0829	138.3	155.5	HLbalEde1,HLcamDro2,HLdidVir1,HLeleMax1,HLmanJav2,HLnotEug3,HLoryCun3,HLpteVam2,bosTau9,canFam5,dasNov3,equCab3,eriEur2,felCat9,mm39,rheMac10,rn7,susScr11
ENSG00000254048_core_1	ENSG00000254048		U_ENSG00000254048.2	chr8	58991804	58992052	-	248	248.0	sense_overlapping	ENSG00000198846	18	18	16	12	9	1	0.0234	0.0188	0.0491	217.2	240.5	HLbalEde1,HLcamDro2,HLdidVir1,HLeleMax1,HLmanJav2,HLnotEug3,HLoryCun3,HLpteVam2,bosTau9,canFam5,dasNov3,equCab3,eriEur2,felCat9,monDom5,rheMac10,rn7,susScr11
ENSG00000254102_core_1	ENSG00000254102		U_ENSG00000254102.3	chr8	64575820	64576308	-	488	488.0	antisense	ENSG00000180828	17	12	11	10	8	0	0.0347	0.0223	0.0883	271.2	298.0	HLbalEde1,HLcamDro2,HLeleMax1,HLmanJav2,HLnotEug3,HLoryCun3,HLpteVam2,bosTau9,canFam5,dasNov3,equCab3,eriEur2,felCat9,monDom5,rheMac10,rn7,susScr11
ENSG00000254154_core_17	ENSG00000254154	CRYZL2P-SEC16B	U_ENSG00000254154.9	chr1	178022439	178022644	-	205	205.0	sense_overlapping	ENSG00000120341	17	15	15	14	11	0	0.0263	0.018	0.0813	179.6	204.0	HLbalEde1,HLcamDro2,HLdidVir1,HLeleMax1,HLmanJav2,HLnotEug3,bosTau9,canFam5,dasNov3,equCab3,eriEur2,felCat9,mm39,monDom5,rheMac10,rn7,susScr11
ENSG00000254208_core_1	ENSG00000254208		U_ENSG00000254208.1	chr8	85177590	85177718	-	128	128.0	antisense	ENSG00000133740	19	5	4	3	1	0	0.0602	0.0618	0.0938	102.4	107.0	HLbalEde1,HLcamDro2,HLdidVir1,HLeleMax1,HLmanJav2,HLnotEug3,HLoryCun3,HLpteVam2,bosTau9,canFam5,dasNov3,equCab3,eriEur2,felCat9,mm39,monDom5,rheMac10,rn7,susScr11
ENSG00000254333_core_1	ENSG00000254333	NDST1-AS1	U_ENSG00000254333.2	chr5	150486013	150486141	-	128	128.0	antisense	ENSG00000070614	19	5	2	2	1	0	0.0603	0.0652	0.0811	104.7	103.0	HLbalEde1,HLcamDro2,HLdidVir1,HLeleMax1,HLmanJav2,HLnotEug3,HLoryCun3,HLpteVam2,bosTau9,canFam5,dasNov3,equCab3,eriEur2,felCat9,mm39,monDom5,rheMac10,rn7,susScr11
ENSG00000254369_core_1	ENSG00000254369	HOXA-AS3	U_ENSG00000254369.7	chr7	27152294	27152462	+	168	168.0	antisense	ENSG00000105997,ENSG00000106004,ENSG00000106006,ENSG00000197576	17	16	16	15	12	0	0.0233	0.0159	0.0945	151.8	166.0	HLbalEde1,HLcamDro2,HLeleMax1,HLmanJav2,HLnotEug3,HLoryCun3,HLpteVam2,bosTau9,canFam5,dasNov3,equCab3,felCat9,mm39,monDom5,rheMac10,rn7,susScr11
ENSG00000254377_core_2	ENSG00000254377	MIR124-2HG	U_ENSG00000254377.9	chr8	64378058	64378489	+	431	431.0	intergenic	.	19	18	16	12	8	3	0.0258	0.0269	0.07	255.2	224.0	HLbalEde1,HLcamDro2,HLdidVir1,HLeleMax1,HLmanJav2,HLnotEug3,HLoryCun3,HLpteVam2,bosTau9,canFam5,dasNov3,equCab3,eriEur2,felCat9,mm39,monDom5,rheMac10,rn7,susScr11
ENSG00000254401_core_1	ENSG00000254401		U_ENSG00000254401.2	chr11	11182358	11182566	+	208	208.0	intergenic	.	19	17	8	4	0	0	0.0398	0.0407	0.0597	131.8	129.0	HLbalEde1,HLcamDro2,HLdidVir1,HLeleMax1,HLmanJav2,HLnotEug3,HLoryCun3,HLpteVam2,bosTau9,canFam5,dasNov3,equCab3,eriEur2,felCat9,mm39,monDom5,rheMac10,rn7,susScr11
ENSG00000254452_core_1	ENSG00000254452		U_ENSG00000254452.1	chr11	66276778	66276963	-	185	185.0	antisense	ENSG00000174903	19	18	16	16	14	0	0.0228	0.0163	0.0697	173.3	185.0	HLbalEde1,HLcamDro2,HLdidVir1,HLeleMax1,HLmanJav2,HLnotEug3,HLoryCun3,HLpteVam2,bosTau9,canFam5,dasNov3,equCab3,eriEur2,felCat9,mm39,monDom5,rheMac10,rn7,susScr11
ENSG00000254473_core_1	ENSG00000254473		U_ENSG00000254473.3	chr9	83708092	83708453	+	361	361.0	near_coding_5kb	.	18	15	15	13	12	1	0.0249	0.0183	0.0544	298.6	344.0	HLbalEde1,HLcamDro2,HLeleMax1,HLmanJav2,HLnotEug3,HLoryCun3,HLpteVam2,bosTau9,canFam5,dasNov3,equCab3,eriEur2,felCat9,mm39,monDom5,rheMac10,rn7,susScr11
ENSG00000254693_core_1	ENSG00000254693	CD82-AS1	U_ENSG00000254693.1	chr11	44605112	44605320	-	208	208.0	antisense	ENSG00000085117	17	10	8	6	2	0	0.0459	0.0422	0.0895	141.1	152.0	HLbalEde1,HLcamDro2,HLdidVir1,HLeleMax1,HLmanJav2,HLnotEug3,HLoryCun3,HLpteVam2,bosTau9,canFam5,equCab3,felCat9,mm39,monDom5,rheMac10,rn7,susScr11
ENSG00000254733_core_2	ENSG00000254733		U_ENSG00000254733.2	chr11	86432418	86432642	+	224	224.0	antisense	ENSG00000151376	19	19	17	12	0	0	0.029	0.0243	0.0499	140.3	153.0	HLbalEde1,HLcamDro2,HLdidVir1,HLeleMax1,HLmanJav2,HLnotEug3,HLoryCun3,HLpteVam2,bosTau9,canFam5,dasNov3,equCab3,eriEur2,felCat9,mm39,monDom5,rheMac10,rn7,susScr11
ENSG00000254802_core_2	ENSG00000254802		U_ENSG00000254802.2	chr8	60961374	60961582	-	208	208.0	intergenic	.	17	16	16	13	7	0	0.0262	0.0205	0.0722	179.6	201.0	HLbalEde1,HLcamDro2,HLdidVir1,HLmanJav2,HLnotEug3,HLoryCun3,HLpteVam2,bosTau9,canFam5,dasNov3,equCab3,eriEur2,felCat9,mm39,monDom5,rn7,susScr11
ENSG00000254837_core_1	ENSG00000254837	LIPT2-AS1	U_ENSG00000254837.3	chr11	74493405	74493973	+	568	568.0	antisense+sense	ENSG00000077514,ENSG00000175536	19	19	19	19	15	9	0.0124	0.0101	0.0234	350.6	347.0	HLbalEde1,HLcamDro2,HLdidVir1,HLeleMax1,HLmanJav2,HLnotEug3,HLoryCun3,HLpteVam2,bosTau9,canFam5,dasNov3,equCab3,eriEur2,felCat9,mm39,monDom5,rheMac10,rn7,susScr11
ENSG00000254860_core_1	ENSG00000254860	TMEM9B-AS1	U_ENSG00000254860.8	chr11	8964960	8965148	+	188	188.0	antisense	ENSG00000175348,ENSG00000175352	17	14	12	10	1	0	0.0356	0.0266	0.0819	177.0	184.0	HLbalEde1,HLcamDro2,HLdidVir1,HLeleMax1,HLmanJav2,HLoryCun3,HLpteVam2,bosTau9,canFam5,dasNov3,equCab3,eriEur2,felCat9,mm39,rheMac10,rn7,susScr11
ENSG00000254862_core_2	ENSG00000254862	LGR4-AS1	U_ENSG00000254862.6	chr11	27472777	27472923	+	146	146.0	antisense	ENSG00000148943,ENSG00000205213	18	18	16	11	0	0	0.0306	0.0276	0.0479	139.3	143.5	HLbalEde1,HLcamDro2,HLdidVir1,HLeleMax1,HLmanJav2,HLnotEug3,HLoryCun3,HLpteVam2,bosTau9,dasNov3,equCab3,eriEur2,felCat9,mm39,monDom5,rheMac10,rn7,susScr11
ENSG00000254928_core_1	ENSG00000254928		U_ENSG00000254928.2	chr11	74457279	74457567	+	288	288.0	antisense	ENSG00000175538	19	19	19	19	19	10	0.0108	0.0099	0.0182	274.2	282.0	HLbalEde1,HLcamDro2,HLdidVir1,HLeleMax1,HLmanJav2,HLnotEug3,HLoryCun3,HLpteVam2,bosTau9,canFam5,dasNov3,equCab3,eriEur2,felCat9,mm39,monDom5,rheMac10,rn7,susScr11
ENSG00000254933_core_2	ENSG00000254933		U_ENSG00000254933.1	chr11	76194640	76194946	+	306	306.0	antisense	ENSG00000085741	19	19	19	19	19	15	0.0097	0.009	0.0156	270.8	273.0	HLbalEde1,HLcamDro2,HLdidVir1,HLeleMax1,HLmanJav2,HLnotEug3,HLoryCun3,HLpteVam2,bosTau9,canFam5,dasNov3,equCab3,eriEur2,felCat9,mm39,monDom5,rheMac10,rn7,susScr11
ENSG00000254980_core_1	ENSG00000254980		U_ENSG00000254980.1	chr11	111514485	111515013	-	528	528.0	antisense+sense	ENSG00000137707,ENSG00000183644	18	18	18	17	15	9	0.0125	0.0104	0.031	397.2	409.0	HLbalEde1,HLcamDro2,HLdidVir1,HLeleMax1,HLmanJav2,HLnotEug3,HLoryCun3,HLpteVam2,bosTau9,canFam5,dasNov3,equCab3,eriEur2,felCat9,mm39,rheMac10,rn7,susScr11
ENSG00000255114_core_1	ENSG00000255114	HYOU1-AS1	U_ENSG00000255114.1	chr11	119044267	119044555	+	288	288.0	antisense	ENSG00000149428	18	17	16	13	8	1	0.0261	0.0204	0.0779	207.6	221.5	HLbalEde1,HLcamDro2,HLdidVir1,HLeleMax1,HLmanJav2,HLnotEug3,HLoryCun3,HLpteVam2,bosTau9,canFam5,dasNov3,equCab3,eriEur2,felCat9,monDom5,rheMac10,rn7,susScr11
ENSG00000255135_core_2	ENSG00000255135	EMSY-DT	U_ENSG00000255135.6	chr11	76444375	76444681	-	306	306.0	near_coding_5kb	.	19	14	14	8	5	1	0.036	0.0312	0.0848	223.4	241.0	HLbalEde1,HLcamDro2,HLdidVir1,HLeleMax1,HLmanJav2,HLnotEug3,HLoryCun3,HLpteVam2,bosTau9,canFam5,dasNov3,equCab3,eriEur2,felCat9,mm39,monDom5,rheMac10,rn7,susScr11
ENSG00000255191_core_1	ENSG00000255191		U_ENSG00000255191.1	chr11	69985955	69986166	+	211	211.0	sense_overlapping	ENSG00000131620	17	16	16	12	9	0	0.0243	0.02	0.0558	201.8	208.0	HLbalEde1,HLcamDro2,HLdidVir1,HLeleMax1,HLmanJav2,HLoryCun3,HLpteVam2,bosTau9,canFam5,dasNov3,equCab3,felCat9,mm39,monDom5,rheMac10,rn7,susScr11
ENSG00000255197_core_3	ENSG00000255197	SLC39A13-AS1	U_ENSG00000255197.8	chr11	47409035	47409271	-	236	236.0	antisense+sense	ENSG00000066336,ENSG00000165915	18	14	14	14	9	1	0.0305	0.0195	0.0905	196.3	198.0	HLbalEde1,HLcamDro2,HLdidVir1,HLeleMax1,HLmanJav2,HLnotEug3,HLoryCun3,HLpteVam2,bosTau9,canFam5,equCab3,eriEur2,felCat9,mm39,monDom5,rheMac10,rn7,susScr11
ENSG00000255198_core_1	ENSG00000255198	SNHG9	U_ENSG00000255198.7	chr16	1964765	1965129	+	364	364.0	antisense	ENSG00000140988	18	16	15	12	4	0	0.0292	0.0239	0.0697	258.6	272.5	HLbalEde1,HLcamDro2,HLdidVir1,HLeleMax1,HLmanJav2,HLnotEug3,HLoryCun3,HLpteVam2,bosTau9,canFam5,dasNov3,equCab3,eriEur2,felCat9,mm39,rheMac10,rn7,susScr11
ENSG00000255224_core_1	ENSG00000255224		U_ENSG00000255224.3	chr8	144078297	144079105	-	808	808.0	antisense	ENSG00000178896	17	14	13	11	10	4	0.025	0.0175	0.0548	361.5	268.0	HLbalEde1,HLcamDro2,HLeleMax1,HLmanJav2,HLnotEug3,HLoryCun3,HLpteVam2,bosTau9,canFam5,dasNov3,eriEur2,felCat9,mm39,monDom5,rheMac10,rn7,susScr11
ENSG00000255234_core_1	ENSG00000255234	CCDC90B-AS1	U_ENSG00000255234.7	chr11	83286167	83286547	+	380	380.0	antisense	ENSG00000137500	17	15	14	12	11	1	0.0253	0.0142	0.0929	321.6	358.0	HLbalEde1,HLcamDro2,HLeleMax1,HLmanJav2,HLoryCun3,HLpteVam2,bosTau9,canFam5,dasNov3,equCab3,eriEur2,felCat9,mm39,monDom5,rheMac10,rn7,susScr11
ENSG00000255250_core_1	ENSG00000255250		U_ENSG00000255250.3	chr11	86672123	86672451	+	328	328.0	antisense	ENSG00000151376	17	17	17	16	11	2	0.0169	0.0127	0.0366	319.4	325.0	HLbalEde1,HLcamDro2,HLeleMax1,HLmanJav2,HLnotEug3,HLoryCun3,HLpteVam2,bosTau9,dasNov3,equCab3,eriEur2,felCat9,mm39,monDom5,rheMac10,rn7,susScr11
ENSG00000255355_core_1	ENSG00000255355	PATL1-DT	U_ENSG00000255355.2	chr11	59669318	59669542	+	224	224.0	near_coding_5kb	.	17	9	9	9	4	0	0.0459	0.025	0.0932	172.8	215.0	HLbalEde1,HLcamDro2,HLeleMax1,HLmanJav2,HLnotEug3,HLoryCun3,HLpteVam2,bosTau9,canFam5,dasNov3,equCab3,eriEur2,felCat9,mm39,rheMac10,rn7,susScr11
ENSG00000255384_core_4	ENSG00000255384		U_ENSG00000255384.2	chr11	118434918	118435166	-	248	248.0	antisense	ENSG00000167283,ENSG00000285827	17	16	16	16	15	4	0.015	0.0111	0.0586	237.6	248.0	HLbalEde1,HLcamDro2,HLdidVir1,HLeleMax1,HLmanJav2,HLnotEug3,HLoryCun3,HLpteVam2,canFam5,dasNov3,equCab3,eriEur2,felCat9,mm39,rheMac10,rn7,susScr11
ENSG00000255390_core_3	ENSG00000255390	DCHS1-AS1	U_ENSG00000255390.1	chr11	6622107	6622270	+	163	163.0	antisense	ENSG00000166341	17	16	14	11	8	0	0.0263	0.0202	0.0506	126.1	153.0	HLbalEde1,HLcamDro2,HLdidVir1,HLmanJav2,HLnotEug3,HLoryCun3,HLpteVam2,bosTau9,canFam5,dasNov3,eriEur2,felCat9,mm39,monDom5,rheMac10,rn7,susScr11
ENSG00000255451_core_1	ENSG00000255451		U_ENSG00000255451.2	chr11	44470984	44471192	+	208	208.0	intergenic	.	17	17	17	16	8	0	0.0198	0.0203	0.0307	171.8	182.0	HLbalEde1,HLcamDro2,HLeleMax1,HLmanJav2,HLoryCun3,HLpteVam2,bosTau9,canFam5,dasNov3,equCab3,eriEur2,felCat9,mm39,monDom5,rheMac10,rn7,susScr11
ENSG00000255467_core_1	ENSG00000255467		U_ENSG00000255467.1	chr11	108121371	108121659	-	288	288.0	antisense	ENSG00000075239,ENSG00000166266	17	16	15	13	6	0	0.026	0.0216	0.08	237.8	252.0	HLbalEde1,HLcamDro2,HLdidVir1,HLeleMax1,HLmanJav2,HLoryCun3,HLpteVam2,bosTau9,canFam5,dasNov3,equCab3,eriEur2,felCat9,mm39,rheMac10,rn7,susScr11
ENSG00000255717_core_4	ENSG00000255717	SNHG1	U_ENSG00000255717.10	chr11	62855158	62855806	-	648	648.0	antisense	ENSG00000168003	18	14	13	13	13	2	0.0246	0.0133	0.0631	423.9	468.5	HLbalEde1,HLcamDro2,HLdidVir1,HLeleMax1,HLmanJav2,HLoryCun3,HLpteVam2,bosTau9,canFam5,dasNov3,equCab3,eriEur2,felCat9,mm39,monDom5,rheMac10,rn7,susScr11
ENSG00000255808_core_1	ENSG00000255808	PDE2A-AS1	U_ENSG00000255808.1	chr11	72643276	72643484	+	208	208.0	antisense	ENSG00000186642	19	14	13	13	9	0	0.0329	0.0203	0.093	176.8	192.0	HLbalEde1,HLcamDro2,HLdidVir1,HLeleMax1,HLmanJav2,HLnotEug3,HLoryCun3,HLpteVam2,bosTau9,canFam5,dasNov3,equCab3,eriEur2,felCat9,mm39,monDom5,rheMac10,rn7,susScr11
ENSG00000255856_core_1	ENSG00000255856		U_ENSG00000255856.2	chr12	122007526	122007814	-	288	288.0	antisense	ENSG00000110987	17	9	7	5	1	0	0.049	0.042	0.0952	166.9	152.0	HLbalEde1,HLcamDro2,HLdidVir1,HLeleMax1,HLnotEug3,HLoryCun3,HLpteVam2,bosTau9,canFam5,dasNov3,equCab3,eriEur2,felCat9,mm39,rheMac10,rn7,susScr11
ENSG00000255931_core_1	ENSG00000255931		U_ENSG00000255931.3	chr11	61505761	61505987	+	226	226.0	near_coding_5kb	.	17	17	17	16	16	1	0.0142	0.0125	0.0329	208.6	217.0	HLbalEde1,HLcamDro2,HLeleMax1,HLmanJav2,HLoryCun3,HLpteVam2,bosTau9,canFam5,dasNov3,equCab3,eriEur2,felCat9,mm39,monDom5,rheMac10,rn7,susScr11
ENSG00000255966_core_1	ENSG00000255966	GAPDH-DT	U_ENSG00000255966.2	chr12	6533546	6533754	-	208	208.0	antisense	ENSG00000010292	17	9	8	6	1	0	0.0452	0.0414	0.0925	162.6	171.0	HLbalEde1,HLcamDro2,HLdidVir1,HLeleMax1,HLmanJav2,HLoryCun3,HLpteVam2,bosTau9,canFam5,dasNov3,equCab3,eriEur2,felCat9,mm39,monDom5,rn7,susScr11
ENSG00000256034_core_2	ENSG00000256034		U_ENSG00000256034.1	chr11	73760810	73760970	+	160	160.0	antisense	ENSG00000175582	19	18	15	15	7	0	0.0258	0.0213	0.0561	157.1	158.0	HLbalEde1,HLcamDro2,HLdidVir1,HLeleMax1,HLmanJav2,HLnotEug3,HLoryCun3,HLpteVam2,bosTau9,canFam5,dasNov3,equCab3,eriEur2,felCat9,mm39,monDom5,rheMac10,rn7,susScr11
ENSG00000256092_core_1	ENSG00000256092	SBNO1-AS1	U_ENSG00000256092.5	chr12	123363947	123364555	+	608	608.0	antisense	ENSG00000139697	17	14	14	14	13	5	0.0244	0.0161	0.0808	329.9	380.0	HLbalEde1,HLcamDro2,HLdidVir1,HLeleMax1,HLmanJav2,HLnotEug3,HLoryCun3,HLpteVam2,bosTau9,canFam5,dasNov3,equCab3,felCat9,mm39,monDom5,rheMac10,susScr11
ENSG00000256100_core_1	ENSG00000256100		U_ENSG00000256100.1	chr11	63986245	63986413	+	168	168.0	sense_overlapping	ENSG00000167770,ENSG00000176340	18	14	14	8	0	0	0.0359	0.0304	0.0674	156.7	160.0	HLbalEde1,HLcamDro2,HLdidVir1,HLeleMax1,HLmanJav2,HLnotEug3,HLoryCun3,HLpteVam2,bosTau9,canFam5,dasNov3,equCab3,eriEur2,felCat9,mm39,rheMac10,rn7,susScr11
ENSG00000256262_core_1	ENSG00000256262	USP30-AS1	U_ENSG00000256262.4	chr12	109052330	109052658	-	328	328.0	antisense	ENSG00000135093	17	15	12	9	7	1	0.0296	0.0264	0.0689	249.1	265.0	HLbalEde1,HLcamDro2,HLdidVir1,HLeleMax1,HLnotEug3,HLoryCun3,HLpteVam2,bosTau9,canFam5,dasNov3,equCab3,eriEur2,felCat9,mm39,rheMac10,rn7,susScr11
ENSG00000256312_core_3	ENSG00000256312		U_ENSG00000256312.2	chr12	132196121	132196437	+	316	316.0	antisense	ENSG00000182870	17	12	10	4	1	0	0.0465	0.0361	0.0948	190.8	208.0	HLbalEde1,HLcamDro2,HLdidVir1,HLeleMax1,HLmanJav2,HLnotEug3,HLpteVam2,bosTau9,canFam5,dasNov3,equCab3,felCat9,mm39,monDom5,rheMac10,rn7,susScr11
ENSG00000256362_core_2	ENSG00000256362	LINC02375	U_ENSG00000256362.3	chr12	127344256	127344400	-	144	144.0	intergenic	.	17	15	14	11	1	0	0.0325	0.0282	0.0681	138.6	144.0	HLbalEde1,HLcamDro2,HLdidVir1,HLmanJav2,HLnotEug3,HLoryCun3,HLpteVam2,bosTau9,canFam5,dasNov3,equCab3,eriEur2,felCat9,mm39,monDom5,rheMac10,susScr11
ENSG00000256389_core_2	ENSG00000256389		U_ENSG00000256389.2	chr12	17695582	17696030	+	448	448.0	intergenic	.	19	19	19	19	19	15	0.0086	0.0083	0.0138	261.1	248.0	HLbalEde1,HLcamDro2,HLdidVir1,HLeleMax1,HLmanJav2,HLnotEug3,HLoryCun3,HLpteVam2,bosTau9,canFam5,dasNov3,equCab3,eriEur2,felCat9,mm39,monDom5,rheMac10,rn7,susScr11
ENSG00000256564_core_1	ENSG00000256564		U_ENSG00000256564.1	chr12	16573617	16573825	+	208	208.0	antisense+sense	ENSG00000008394,ENSG00000048540	19	19	19	19	16	0	0.0171	0.0169	0.0269	183.5	198.0	HLbalEde1,HLcamDro2,HLdidVir1,HLeleMax1,HLmanJav2,HLnotEug3,HLoryCun3,HLpteVam2,bosTau9,canFam5,dasNov3,equCab3,eriEur2,felCat9,mm39,monDom5,rheMac10,rn7,susScr11
ENSG00000256628_core_1	ENSG00000256628	ZBTB11-AS1	U_ENSG00000256628.5	chr3	101676500	101677348	+	848	848.0	antisense	ENSG00000066422	19	19	19	18	16	8	0.0126	0.0128	0.0344	411.2	262.0	HLbalEde1,HLcamDro2,HLdidVir1,HLeleMax1,HLmanJav2,HLnotEug3,HLoryCun3,HLpteVam2,bosTau9,canFam5,dasNov3,equCab3,eriEur2,felCat9,mm39,monDom5,rheMac10,rn7,susScr11
ENSG00000256654_core_1	ENSG00000256654		U_ENSG00000256654.5	chr12	4909946	4910472	+	526	526.0	sense_overlapping	ENSG00000111262	19	19	19	18	15	14	0.0101	0.0061	0.035	442.8	520.0	HLbalEde1,HLcamDro2,HLdidVir1,HLeleMax1,HLmanJav2,HLnotEug3,HLoryCun3,HLpteVam2,bosTau9,canFam5,dasNov3,equCab3,eriEur2,felCat9,mm39,monDom5,rheMac10,rn7,susScr11
ENSG00000256699_core_1	ENSG00000256699		U_ENSG00000256699.1	chr12	129208680	129208928	+	248	248.0	antisense	ENSG00000151952	17	12	9	7	1	0	0.0476	0.0357	0.0946	181.7	182.0	HLbalEde1,HLcamDro2,HLdidVir1,HLeleMax1,HLmanJav2,HLnotEug3,HLoryCun3,HLpteVam2,bosTau9,canFam5,dasNov3,equCab3,felCat9,mm39,rheMac10,rn7,susScr11
ENSG00000256717_core_1	ENSG00000256717	LINC02698	U_ENSG00000256717.2	chr11	115659459	115659724	+	265	265.0	intergenic	.	18	18	17	16	11	1	0.0217	0.019	0.0436	189.2	179.0	HLbalEde1,HLcamDro2,HLdidVir1,HLeleMax1,HLmanJav2,HLnotEug3,HLoryCun3,bosTau9,canFam5,dasNov3,equCab3,eriEur2,felCat9,mm39,monDom5,rheMac10,rn7,susScr11
ENSG00000256879_core_1	ENSG00000256879	PDE3A-AS1	U_ENSG00000256879.2	chr12	20361586	20361714	-	128	128.0	antisense	ENSG00000172572	17	16	12	6	0	0	0.0349	0.0316	0.0586	125.8	129.0	HLbalEde1,HLcamDro2,HLdidVir1,HLeleMax1,HLmanJav2,HLnotEug3,HLpteVam2,bosTau9,canFam5,dasNov3,equCab3,eriEur2,felCat9,mm39,monDom5,rheMac10,susScr11
ENSG00000256940_core_1	ENSG00000256940	PPP1R14B-AS1	U_ENSG00000256940.5	chr11	64245916	64246089	+	173	173.0	antisense	ENSG00000173457	17	13	11	8	1	0	0.0371	0.0306	0.0737	149.2	166.0	HLbalEde1,HLcamDro2,HLeleMax1,HLmanJav2,HLnotEug3,HLoryCun3,HLpteVam2,bosTau9,canFam5,dasNov3,equCab3,eriEur2,felCat9,mm39,rheMac10,rn7,susScr11
ENSG00000257002_core_1	ENSG00000257002	CHRM1-AS1	U_ENSG00000257002.2	chr11	62910680	62910808	+	128	128.0	antisense	ENSG00000168539	19	18	18	16	7	0	0.0264	0.0216	0.0918	114.8	124.0	HLbalEde1,HLcamDro2,HLdidVir1,HLeleMax1,HLmanJav2,HLnotEug3,HLoryCun3,HLpteVam2,bosTau9,canFam5,dasNov3,equCab3,eriEur2,felCat9,mm39,monDom5,rheMac10,rn7,susScr11
ENSG00000257052_core_1	ENSG00000257052	PRPF19-DT	U_ENSG00000257052.2	chr11	60906705	60907353	+	648	648.0	near_coding_5kb	.	19	14	14	11	7	1	0.0323	0.0262	0.0931	278.9	291.0	HLbalEde1,HLcamDro2,HLdidVir1,HLeleMax1,HLmanJav2,HLnotEug3,HLoryCun3,HLpteVam2,bosTau9,canFam5,dasNov3,equCab3,eriEur2,felCat9,mm39,monDom5,rheMac10,rn7,susScr11
ENSG00000257084_core_1	ENSG00000257084	MIR200CHG	U_ENSG00000257084.3	chr12	6962423	6962911	+	488	488.0	near_coding_5kb	.	17	15	14	11	8	1	0.0286	0.0216	0.0827	271.0	253.0	HLbalEde1,HLcamDro2,HLeleMax1,HLmanJav2,HLnotEug3,HLoryCun3,HLpteVam2,bosTau9,canFam5,dasNov3,equCab3,eriEur2,felCat9,mm39,rheMac10,rn7,susScr11
ENSG00000257135_core_1	ENSG00000257135	ODC1-DT	U_ENSG00000257135.9	chr2	10448808	10448936	+	128	128.0	near_coding_5kb	.	18	7	3	1	0	0	0.0556	0.0572	0.0808	117.2	121.0	HLbalEde1,HLcamDro2,HLdidVir1,HLeleMax1,HLmanJav2,HLnotEug3,HLoryCun3,HLpteVam2,bosTau9,canFam5,equCab3,eriEur2,felCat9,mm39,monDom5,rheMac10,rn7,susScr11
ENSG00000257167_core_2	ENSG00000257167	TMPO-AS1	U_ENSG00000257167.4	chr12	98515289	98515657	-	368	368.0	antisense	ENSG00000120802	19	18	18	18	18	13	0.0147	0.0089	0.0996	329.8	364.0	HLbalEde1,HLcamDro2,HLdidVir1,HLeleMax1,HLmanJav2,HLnotEug3,HLoryCun3,HLpteVam2,bosTau9,canFam5,dasNov3,equCab3,eriEur2,felCat9,mm39,monDom5,rheMac10,rn7,susScr11
ENSG00000257178_core_1	ENSG00000257178		U_ENSG00000257178.5	chr17	48580051	48580499	-	448	448.0	sense_overlapping	ENSG00000120093	18	16	16	16	16	13	0.0148	0.0076	0.0658	356.8	397.0	HLbalEde1,HLcamDro2,HLdidVir1,HLeleMax1,HLmanJav2,HLoryCun3,HLpteVam2,bosTau9,canFam5,dasNov3,equCab3,eriEur2,felCat9,mm39,monDom5,rheMac10,rn7,susScr11
ENSG00000257178_core_2	ENSG00000257178		U_ENSG00000257178.5	chr17	48581571	48582179	-	608	608.0	sense_overlapping	ENSG00000120093	19	17	17	16	12	10	0.0176	0.0091	0.0549	438.5	548.0	HLbalEde1,HLcamDro2,HLdidVir1,HLeleMax1,HLmanJav2,HLnotEug3,HLoryCun3,HLpteVam2,bosTau9,canFam5,dasNov3,equCab3,eriEur2,felCat9,mm39,monDom5,rheMac10,rn7,susScr11
ENSG00000257225_core_3	ENSG00000257225		U_ENSG00000257225.1	chr12	42464937	42465385	+	448	448.0	antisense+sense	ENSG00000134283,ENSG00000139174	17	16	15	14	13	3	0.0197	0.0115	0.0866	275.5	248.0	HLbalEde1,HLcamDro2,HLdidVir1,HLeleMax1,HLmanJav2,HLoryCun3,HLpteVam2,bosTau9,canFam5,dasNov3,equCab3,eriEur2,felCat9,mm39,rheMac10,rn7,susScr11
ENSG00000257242_core_1	ENSG00000257242	LINC01619	U_ENSG00000257242.10	chr12	91985529	91985737	-	208	208.0	sense_overlapping	ENSG00000133639	18	17	16	15	14	0	0.0207	0.0143	0.0815	160.2	166.0	HLbalEde1,HLcamDro2,HLdidVir1,HLeleMax1,HLmanJav2,HLoryCun3,HLpteVam2,bosTau9,canFam5,dasNov3,equCab3,eriEur2,felCat9,mm39,monDom5,rheMac10,rn7,susScr11
ENSG00000257285_core_1	ENSG00000257285		U_ENSG00000257285.8	chr14	22929612	22929752	+	140	140.0	antisense	ENSG00000092036,ENSG00000259132	19	19	14	8	0	0	0.0334	0.0308	0.0472	125.6	126.0	HLbalEde1,HLcamDro2,HLdidVir1,HLeleMax1,HLmanJav2,HLnotEug3,HLoryCun3,HLpteVam2,bosTau9,canFam5,dasNov3,equCab3,eriEur2,felCat9,mm39,monDom5,rheMac10,rn7,susScr11
ENSG00000257298_core_1	ENSG00000257298		U_ENSG00000257298.1	chr12	50185653	50186501	-	848	848.0	sense_overlapping	ENSG00000050405	17	16	16	16	14	7	0.0165	0.0104	0.0917	412.7	476.0	HLbalEde1,HLcamDro2,HLeleMax1,HLmanJav2,HLnotEug3,HLoryCun3,HLpteVam2,bosTau9,canFam5,dasNov3,equCab3,eriEur2,felCat9,mm39,rheMac10,rn7,susScr11
ENSG00000257303_core_2	ENSG00000257303	CNPY2-AS1	U_ENSG00000257303.5	chr12	56316135	56316623	+	488	488.0	antisense	ENSG00000062485,ENSG00000135473,ENSG00000144785,ENSG00000257727	17	14	14	12	11	1	0.0255	0.0156	0.0787	281.2	287.0	HLbalEde1,HLcamDro2,HLeleMax1,HLmanJav2,HLnotEug3,HLoryCun3,HLpteVam2,bosTau9,canFam5,dasNov3,equCab3,eriEur2,felCat9,mm39,rheMac10,rn7,susScr11
ENSG00000257476_core_1	ENSG00000257476	LINC02459	U_ENSG00000257476.2	chr12	114238512	114238720	-	208	208.0	intergenic	.	17	16	16	10	4	0	0.0287	0.0247	0.0754	164.1	185.0	HLbalEde1,HLcamDro2,HLdidVir1,HLeleMax1,HLmanJav2,HLpteVam2,bosTau9,canFam5,dasNov3,equCab3,eriEur2,felCat9,mm39,monDom5,rheMac10,rn7,susScr11
ENSG00000257526_core_1	ENSG00000257526		U_ENSG00000257526.4	chr12	76559919	76560233	+	314	314.0	near_coding_5kb	.	19	12	9	9	4	0	0.0415	0.0433	0.0725	232.9	240.0	HLbalEde1,HLcamDro2,HLdidVir1,HLeleMax1,HLmanJav2,HLnotEug3,HLoryCun3,HLpteVam2,bosTau9,canFam5,dasNov3,equCab3,eriEur2,felCat9,mm39,monDom5,rheMac10,rn7,susScr11
ENSG00000257550_core_1	ENSG00000257550		U_ENSG00000257550.2	chr12	53517018	53517386	+	368	332.4	antisense	ENSG00000170653,ENSG00000267281	18	18	17	17	17	14	0.0109	0.0081	0.043	278.6	284.0	HLbalEde1,HLcamDro2,HLdidVir1,HLeleMax1,HLmanJav2,HLnotEug3,HLoryCun3,HLpteVam2,bosTau9,canFam5,dasNov3,equCab3,eriEur2,felCat9,mm39,rheMac10,rn7,susScr11
ENSG00000257557_core_1	ENSG00000257557	PPP1R12A-AS1	U_ENSG00000257557.3	chr12	79935060	79935658	+	598	598.0	antisense	ENSG00000058272	19	19	19	19	19	14	0.0084	0.0068	0.0181	515.1	578.0	HLbalEde1,HLcamDro2,HLdidVir1,HLeleMax1,HLmanJav2,HLnotEug3,HLoryCun3,HLpteVam2,bosTau9,canFam5,dasNov3,equCab3,eriEur2,felCat9,mm39,monDom5,rheMac10,rn7,susScr11
ENSG00000257599_core_1	ENSG00000257599	OVCH1-AS1	U_ENSG00000257599.6	chr12	29389453	29389821	+	368	368.0	antisense	ENSG00000187950	17	16	16	14	12	1	0.0217	0.0141	0.0921	333.6	356.0	HLbalEde1,HLcamDro2,HLdidVir1,HLeleMax1,HLmanJav2,HLoryCun3,HLpteVam2,bosTau9,canFam5,dasNov3,equCab3,eriEur2,felCat9,mm39,rheMac10,rn7,susScr11
ENSG00000257607_core_1	ENSG00000257607		U_ENSG00000257607.1	chr7	1057878	1058166	-	288	288.0	antisense+sense	ENSG00000146540,ENSG00000164849	17	14	14	12	11	1	0.0243	0.0128	0.0798	243.4	262.0	HLbalEde1,HLcamDro2,HLdidVir1,HLeleMax1,HLmanJav2,HLnotEug3,HLoryCun3,HLpteVam2,bosTau9,canFam5,equCab3,felCat9,mm39,monDom5,rheMac10,rn7,susScr11
ENSG00000257622_core_1	ENSG00000257622		U_ENSG00000257622.1	chr14	105155737	105155989	-	252	252.0	sense_overlapping	ENSG00000183828,ENSG00000184916	19	19	19	19	19	10	0.0114	0.0099	0.0175	236.3	252.0	HLbalEde1,HLcamDro2,HLdidVir1,HLeleMax1,HLmanJav2,HLnotEug3,HLoryCun3,HLpteVam2,bosTau9,canFam5,dasNov3,equCab3,eriEur2,felCat9,mm39,monDom5,rheMac10,rn7,susScr11
ENSG00000257860_core_1	ENSG00000257860	C12orf42-AS1	U_ENSG00000257860.7	chr12	103178209	103178697	+	488	488.0	intergenic	.	17	12	12	12	10	8	0.0313	0.0114	0.0836	250.2	271.0	HLbalEde1,HLcamDro2,HLeleMax1,HLmanJav2,HLnotEug3,HLoryCun3,HLpteVam2,bosTau9,canFam5,dasNov3,equCab3,felCat9,mm39,monDom5,rheMac10,rn7,susScr11
ENSG00000257913_core_1	ENSG00000257913	DDN-AS1	U_ENSG00000257913.5	chr12	49018471	49018959	+	488	488.0	antisense	ENSG00000167548,ENSG00000181418,ENSG00000181929	18	16	14	12	11	7	0.0238	0.0146	0.0674	320.7	319.0	HLbalEde1,HLcamDro2,HLdidVir1,HLeleMax1,HLmanJav2,HLnotEug3,HLoryCun3,HLpteVam2,bosTau9,canFam5,dasNov3,equCab3,eriEur2,felCat9,mm39,rheMac10,rn7,susScr11
ENSG00000257935_core_1	ENSG00000257935	LHX5-AS1	U_ENSG00000257935.5	chr12	113467649	113467824	+	175	175.0	antisense	ENSG00000089116	17	14	13	13	10	0	0.0297	0.0192	0.0879	167.5	179.0	HLbalEde1,HLcamDro2,HLdidVir1,HLeleMax1,HLmanJav2,HLoryCun3,bosTau9,canFam5,dasNov3,equCab3,eriEur2,felCat9,mm39,monDom5,rheMac10,rn7,susScr11
ENSG00000258017_core_1	ENSG00000258017	TUBA1B-AS1	U_ENSG00000258017.4	chr12	49131228	49131381	+	153	153.0	antisense	ENSG00000123416,ENSG00000167552	19	18	16	12	1	0	0.0297	0.0276	0.0554	134.8	146.0	HLbalEde1,HLcamDro2,HLdidVir1,HLeleMax1,HLmanJav2,HLnotEug3,HLoryCun3,HLpteVam2,bosTau9,canFam5,dasNov3,equCab3,eriEur2,felCat9,mm39,monDom5,rheMac10,rn7,susScr11
ENSG00000258038_core_2	ENSG00000258038		U_ENSG00000258038.7	chr14	29245336	29245511	+	175	175.0	intergenic	.	17	8	7	4	1	0	0.0547	0.0521	0.0998	140.2	158.0	HLbalEde1,HLcamDro2,HLdidVir1,HLeleMax1,HLmanJav2,HLoryCun3,HLpteVam2,bosTau9,canFam5,equCab3,eriEur2,felCat9,mm39,monDom5,rheMac10,rn7,susScr11
ENSG00000258057_core_3	ENSG00000258057	BCDIN3D-AS1	U_ENSG00000258057.7	chr12	49838505	49838673	+	168	168.0	antisense	ENSG00000167566,ENSG00000186666	18	16	16	15	8	0	0.0268	0.0214	0.0716	149.8	163.5	HLbalEde1,HLcamDro2,HLdidVir1,HLeleMax1,HLmanJav2,HLoryCun3,HLpteVam2,bosTau9,canFam5,dasNov3,equCab3,eriEur2,felCat9,mm39,monDom5,rheMac10,rn7,susScr11
ENSG00000258107_core_1	ENSG00000258107		U_ENSG00000258107.4	chr14	29390125	29390453	+	328	328.0	intergenic	.	19	19	19	19	19	17	0.0082	0.0074	0.0164	270.5	280.0	HLbalEde1,HLcamDro2,HLdidVir1,HLeleMax1,HLmanJav2,HLnotEug3,HLoryCun3,HLpteVam2,bosTau9,canFam5,dasNov3,equCab3,eriEur2,felCat9,mm39,monDom5,rheMac10,rn7,susScr11
ENSG00000258197_core_2	ENSG00000258197	NKX2-2-AS1	U_ENSG00000258197.2	chr20	21512641	21513409	+	768	768.0	antisense	ENSG00000125820	18	17	15	15	14	11	0.0175	0.0073	0.0819	467.5	478.5	HLbalEde1,HLcamDro2,HLdidVir1,HLeleMax1,HLmanJav2,HLoryCun3,HLpteVam2,bosTau9,canFam5,dasNov3,equCab3,eriEur2,felCat9,mm39,monDom5,rheMac10,rn7,susScr11
ENSG00000258253_core_1	ENSG00000258253		U_ENSG00000258253.1	chr12	52401991	52402253	+	262	262.0	antisense	ENSG00000161849,ENSG00000161850	17	15	13	11	4	0	0.0321	0.0285	0.079	159.4	149.0	HLbalEde1,HLcamDro2,HLdidVir1,HLeleMax1,HLmanJav2,HLnotEug3,HLoryCun3,HLpteVam2,bosTau9,canFam5,dasNov3,equCab3,felCat9,mm39,rheMac10,rn7,susScr11
ENSG00000258377_core_1	ENSG00000258377		U_ENSG00000258377.2	chr14	49620748	49620968	-	220	220.0	antisense	ENSG00000168282	19	18	17	13	5	0	0.0267	0.0227	0.0578	169.6	172.0	HLbalEde1,HLcamDro2,HLdidVir1,HLeleMax1,HLmanJav2,HLnotEug3,HLoryCun3,HLpteVam2,bosTau9,canFam5,dasNov3,equCab3,eriEur2,felCat9,mm39,monDom5,rheMac10,rn7,susScr11
ENSG00000258413_core_2	ENSG00000258413		U_ENSG00000258413.3	chr14	55271929	55272078	-	149	149.0	antisense	ENSG00000178974,ENSG00000258469	17	14	13	10	2	0	0.0312	0.0257	0.0551	144.1	148.0	HLbalEde1,HLcamDro2,HLdidVir1,HLeleMax1,HLmanJav2,HLoryCun3,HLpteVam2,bosTau9,canFam5,dasNov3,equCab3,eriEur2,felCat9,mm39,rheMac10,rn7,susScr11
ENSG00000258425_core_1	ENSG00000258425		U_ENSG00000258425.1	chr14	74552260	74552413	+	153	153.0	antisense	ENSG00000119681	17	16	15	15	10	0	0.0257	0.0188	0.096	139.8	152.0	HLbalEde1,HLcamDro2,HLeleMax1,HLmanJav2,HLoryCun3,HLpteVam2,bosTau9,canFam5,dasNov3,equCab3,eriEur2,felCat9,mm39,monDom5,rheMac10,rn7,susScr11
ENSG00000258520_core_1	ENSG00000258520		U_ENSG00000258520.1	chr14	69260339	69260567	-	228	228.0	antisense	ENSG00000081177,ENSG00000100626	18	17	17	16	16	0	0.0175	0.0121	0.0883	222.2	228.0	HLbalEde1,HLcamDro2,HLdidVir1,HLeleMax1,HLmanJav2,HLoryCun3,HLpteVam2,bosTau9,canFam5,dasNov3,equCab3,eriEur2,felCat9,mm39,monDom5,rheMac10,rn7,susScr11
ENSG00000258583_core_1	ENSG00000258583		U_ENSG00000258583.8	chr14	58646710	58646878	+	168	168.0	sense_overlapping	ENSG00000165617	18	18	17	17	14	0	0.0192	0.0173	0.0437	158.6	163.0	HLbalEde1,HLcamDro2,HLdidVir1,HLeleMax1,HLmanJav2,HLnotEug3,HLpteVam2,bosTau9,canFam5,dasNov3,equCab3,eriEur2,felCat9,mm39,monDom5,rheMac10,rn7,susScr11
ENSG00000258634_core_2	ENSG00000258634		U_ENSG00000258634.3	chr1	110059059	110059347	+	288	288.0	antisense+sense	ENSG00000143093,ENSG00000156150	17	17	16	14	11	1	0.0202	0.0174	0.0404	223.1	229.0	HLbalEde1,HLcamDro2,HLdidVir1,HLeleMax1,HLmanJav2,HLnotEug3,HLoryCun3,bosTau9,canFam5,dasNov3,equCab3,felCat9,mm39,monDom5,rheMac10,rn7,susScr11
ENSG00000258634_core_4	ENSG00000258634		U_ENSG00000258634.3	chr1	110061379	110061667	+	288	288.0	antisense+sense	ENSG00000143093,ENSG00000156150	17	12	11	10	9	1	0.035	0.0198	0.092	199.8	203.0	HLbalEde1,HLcamDro2,HLdidVir1,HLeleMax1,HLmanJav2,HLnotEug3,HLoryCun3,bosTau9,canFam5,dasNov3,equCab3,eriEur2,felCat9,mm39,monDom5,rheMac10,rn7
ENSG00000258727_core_5	ENSG00000258727		U_ENSG00000258727.2	chr14	23567688	23567838	+	150	150.0	antisense	ENSG00000092051,ENSG00000213983	17	13	10	5	1	0	0.0429	0.0368	0.0974	106.9	120.0	HLbalEde1,HLcamDro2,HLdidVir1,HLeleMax1,HLmanJav2,HLnotEug3,HLoryCun3,HLpteVam2,bosTau9,canFam5,dasNov3,equCab3,eriEur2,felCat9,monDom5,rheMac10,susScr11
ENSG00000258738_core_1	ENSG00000258738		U_ENSG00000258738.1	chr14	34874422	34875030	+	608	608.0	antisense	ENSG00000198604	18	18	17	17	16	16	0.0087	0.0048	0.0432	517.4	566.5	HLbalEde1,HLcamDro2,HLdidVir1,HLeleMax1,HLmanJav2,HLoryCun3,HLpteVam2,bosTau9,canFam5,dasNov3,equCab3,eriEur2,felCat9,mm39,monDom5,rheMac10,rn7,susScr11
ENSG00000258752_core_1	ENSG00000258752		U_ENSG00000258752.3	chr14	89349456	89349704	+	248	248.0	antisense	ENSG00000053254	19	19	19	19	19	13	0.0098	0.0093	0.0137	239.6	244.0	HLbalEde1,HLcamDro2,HLdidVir1,HLeleMax1,HLmanJav2,HLnotEug3,HLoryCun3,HLpteVam2,bosTau9,canFam5,dasNov3,equCab3,eriEur2,felCat9,mm39,monDom5,rheMac10,rn7,susScr11
ENSG00000258910_core_1	ENSG00000258910	LINC01956	U_ENSG00000258910.4	chr2	118835049	118835494	-	445	445.0	intergenic	.	17	16	16	15	12	5	0.0196	0.0109	0.0932	364.5	419.0	HLbalEde1,HLcamDro2,HLeleMax1,HLmanJav2,HLnotEug3,HLoryCun3,HLpteVam2,bosTau9,canFam5,dasNov3,equCab3,eriEur2,felCat9,mm39,rheMac10,rn7,susScr11
ENSG00000258920_core_1	ENSG00000258920		U_ENSG00000258920.1	chr14	89417433	89417796	+	363	363.0	antisense	ENSG00000053254	19	17	17	12	12	9	0.0217	0.0117	0.0715	287.5	353.0	HLbalEde1,HLcamDro2,HLdidVir1,HLeleMax1,HLmanJav2,HLnotEug3,HLoryCun3,HLpteVam2,bosTau9,canFam5,dasNov3,equCab3,eriEur2,felCat9,mm39,monDom5,rheMac10,rn7,susScr11
ENSG00000258924_core_2	ENSG00000258924		U_ENSG00000258924.4	chr17	28381202	28381655	+	453	453.0	antisense+sense	ENSG00000004139,ENSG00000109072,ENSG00000244045,ENSG00000273171,ENSG00000274529	19	19	19	19	18	17	0.0072	0.0057	0.0206	403.6	452.0	HLbalEde1,HLcamDro2,HLdidVir1,HLeleMax1,HLmanJav2,HLnotEug3,HLoryCun3,HLpteVam2,bosTau9,canFam5,dasNov3,equCab3,eriEur2,felCat9,mm39,monDom5,rheMac10,rn7,susScr11
ENSG00000258944_core_1	ENSG00000258944		U_ENSG00000258944.1	chr14	73272500	73272628	-	128	128.0	antisense	ENSG00000100767	18	17	17	13	0	0	0.0286	0.0276	0.0556	122.7	127.0	HLbalEde1,HLcamDro2,HLdidVir1,HLeleMax1,HLmanJav2,HLnotEug3,HLoryCun3,HLpteVam2,bosTau9,dasNov3,equCab3,eriEur2,felCat9,mm39,monDom5,rheMac10,rn7,susScr11
ENSG00000258945_core_1	ENSG00000258945		U_ENSG00000258945.3	chr14	85529003	85529205	+	202	202.0	near_coding_5kb	.	19	14	13	11	2	0	0.0379	0.0255	0.0895	180.7	189.0	HLbalEde1,HLcamDro2,HLdidVir1,HLeleMax1,HLmanJav2,HLnotEug3,HLoryCun3,HLpteVam2,bosTau9,canFam5,dasNov3,equCab3,eriEur2,felCat9,mm39,monDom5,rheMac10,rn7,susScr11
ENSG00000258952_core_2	ENSG00000258952	SALRNA1	U_ENSG00000258952.2	chr14	60642303	60642511	+	208	208.0	near_coding_5kb	.	17	15	14	10	1	0	0.0356	0.025	0.0969	186.2	203.0	HLbalEde1,HLcamDro2,HLeleMax1,HLmanJav2,HLnotEug3,HLoryCun3,HLpteVam2,bosTau9,canFam5,dasNov3,equCab3,eriEur2,felCat9,mm39,rheMac10,rn7,susScr11
ENSG00000259083_core_1	ENSG00000259083		U_ENSG00000259083.2	chr14	39174904	39175272	-	368	368.0	antisense	ENSG00000100941	19	19	18	18	15	3	0.0154	0.0117	0.0448	334.7	329.0	HLbalEde1,HLcamDro2,HLdidVir1,HLeleMax1,HLmanJav2,HLnotEug3,HLoryCun3,HLpteVam2,bosTau9,canFam5,dasNov3,equCab3,eriEur2,felCat9,mm39,monDom5,rheMac10,rn7,susScr11
ENSG00000259119_core_2	ENSG00000259119		U_ENSG00000259119.1	chr14	98926077	98926525	-	448	448.0	intergenic	.	18	16	14	14	14	13	0.0204	0.008	0.0858	344.1	397.0	HLbalEde1,HLcamDro2,HLeleMax1,HLmanJav2,HLnotEug3,HLoryCun3,HLpteVam2,bosTau9,canFam5,dasNov3,equCab3,eriEur2,felCat9,mm39,monDom5,rheMac10,rn7,susScr11
ENSG00000259172_core_4	ENSG00000259172		U_ENSG00000259172.2	chr15	101305107	101305555	+	448	448.0	antisense	ENSG00000140479	18	11	11	11	9	1	0.0355	0.019	0.0991	225.3	199.0	HLbalEde1,HLcamDro2,HLdidVir1,HLeleMax1,HLmanJav2,HLnotEug3,HLoryCun3,HLpteVam2,bosTau9,canFam5,dasNov3,equCab3,eriEur2,felCat9,mm39,monDom5,rheMac10,susScr11
ENSG00000259238_core_1	ENSG00000259238		U_ENSG00000259238.1	chr15	59689096	59689344	+	248	248.0	antisense	ENSG00000140299	19	17	15	15	10	0	0.0269	0.0183	0.0792	214.2	242.0	HLbalEde1,HLcamDro2,HLdidVir1,HLeleMax1,HLmanJav2,HLnotEug3,HLoryCun3,HLpteVam2,bosTau9,canFam5,dasNov3,equCab3,eriEur2,felCat9,mm39,monDom5,rheMac10,rn7,susScr11
ENSG00000259278_core_1	ENSG00000259278		U_ENSG00000259278.3	chr15	39025643	39025971	+	328	328.0	intergenic	.	19	18	18	17	15	2	0.0183	0.0131	0.0706	216.2	200.0	HLbalEde1,HLcamDro2,HLdidVir1,HLeleMax1,HLmanJav2,HLnotEug3,HLoryCun3,HLpteVam2,bosTau9,canFam5,dasNov3,equCab3,eriEur2,felCat9,mm39,monDom5,rheMac10,rn7,susScr11
ENSG00000259285_core_1	ENSG00000259285		U_ENSG00000259285.1	chr15	58065304	58065742	+	438	438.0	antisense	ENSG00000128918	17	15	15	13	13	10	0.0212	0.009	0.0904	351.5	432.0	HLbalEde1,HLcamDro2,HLeleMax1,HLmanJav2,HLoryCun3,HLpteVam2,bosTau9,canFam5,dasNov3,equCab3,eriEur2,felCat9,mm39,monDom5,rheMac10,rn7,susScr11
ENSG00000259426_core_3	ENSG00000259426		U_ENSG00000259426.7	chr15	69462148	69462771	-	623	623.0	antisense	ENSG00000137807,ENSG00000137818,ENSG00000137819	18	10	10	8	1	1	0.0416	0.0344	0.0813	269.1	262.0	HLbalEde1,HLcamDro2,HLdidVir1,HLeleMax1,HLmanJav2,HLnotEug3,HLoryCun3,HLpteVam2,bosTau9,canFam5,dasNov3,equCab3,felCat9,mm39,monDom5,rheMac10,rn7,susScr11
ENSG00000259439_core_2	ENSG00000259439	LINC01833	U_ENSG00000259439.4	chr2	44938927	44939135	-	208	208.0	near_coding_5kb	.	19	16	16	15	5	0	0.0318	0.0257	0.0875	190.4	198.0	HLbalEde1,HLcamDro2,HLdidVir1,HLeleMax1,HLmanJav2,HLnotEug3,HLoryCun3,HLpteVam2,bosTau9,canFam5,dasNov3,equCab3,eriEur2,felCat9,mm39,monDom5,rheMac10,rn7,susScr11
ENSG00000259577_core_1	ENSG00000259577	CERNA1	U_ENSG00000259577.3	chr15	52204901	52205149	+	248	248.0	antisense	ENSG00000069966,ENSG00000128833	18	17	17	17	15	6	0.0156	0.0108	0.0622	214.9	240.5	HLbalEde1,HLcamDro2,HLeleMax1,HLmanJav2,HLnotEug3,HLoryCun3,HLpteVam2,bosTau9,canFam5,dasNov3,equCab3,eriEur2,felCat9,mm39,monDom5,rheMac10,rn7,susScr11
ENSG00000259583_core_2	ENSG00000259583		U_ENSG00000259583.5	chr15	100893738	100894026	-	288	288.0	antisense	ENSG00000154237,ENSG00000184254	17	12	12	12	9	1	0.029	0.0199	0.0748	235.1	260.0	HLbalEde1,HLcamDro2,HLdidVir1,HLeleMax1,HLmanJav2,HLoryCun3,HLpteVam2,bosTau9,canFam5,dasNov3,equCab3,eriEur2,felCat9,mm39,monDom5,rheMac10,susScr11
ENSG00000259583_core_5	ENSG00000259583		U_ENSG00000259583.5	chr15	100918907	100919391	-	484	484.0	antisense	ENSG00000154237,ENSG00000184254	17	16	15	15	12	3	0.0203	0.0172	0.0566	336.6	343.0	HLbalEde1,HLcamDro2,HLdidVir1,HLeleMax1,HLmanJav2,HLnotEug3,HLoryCun3,bosTau9,canFam5,dasNov3,equCab3,felCat9,mm39,monDom5,rheMac10,rn7,susScr11
ENSG00000259589_core_1	ENSG00000259589		U_ENSG00000259589.2	chr15	63713465	63713626	+	161	161.0	antisense	ENSG00000103657	17	16	16	16	8	0	0.0242	0.0201	0.0922	149.8	161.0	HLbalEde1,HLcamDro2,HLdidVir1,HLeleMax1,HLmanJav2,HLnotEug3,HLoryCun3,HLpteVam2,canFam5,dasNov3,equCab3,eriEur2,felCat9,monDom5,rheMac10,rn7,susScr11
ENSG00000259642_core_2	ENSG00000259642	ST20-AS1	U_ENSG00000259642.3	chr15	79923530	79924418	+	888	888.0	antisense	ENSG00000259332	17	16	16	16	16	16	0.0099	0.007	0.0556	652.2	680.0	HLbalEde1,HLcamDro2,HLeleMax1,HLmanJav2,HLnotEug3,HLoryCun3,HLpteVam2,bosTau9,canFam5,dasNov3,equCab3,eriEur2,felCat9,mm39,rheMac10,rn7,susScr11
ENSG00000259663_core_2	ENSG00000259663	ISL1-DT	U_ENSG00000259663.3	chr5	51383128	51383263	-	135	135.0	near_coding_5kb	.	19	10	7	7	3	0	0.0492	0.0466	0.0857	115.2	117.0	HLbalEde1,HLcamDro2,HLdidVir1,HLeleMax1,HLmanJav2,HLnotEug3,HLoryCun3,HLpteVam2,bosTau9,canFam5,dasNov3,equCab3,eriEur2,felCat9,mm39,monDom5,rheMac10,rn7,susScr11
ENSG00000259700_core_1	ENSG00000259700		U_ENSG00000259700.4	chr15	48811054	48811502	+	448	448.0	unknown	.	18	18	17	17	17	9	0.0135	0.0101	0.0481	376.3	390.5	HLbalEde1,HLcamDro2,HLeleMax1,HLmanJav2,HLnotEug3,HLoryCun3,HLpteVam2,bosTau9,canFam5,dasNov3,equCab3,eriEur2,felCat9,mm39,monDom5,rheMac10,rn7,susScr11
ENSG00000259705_core_1	ENSG00000259705		U_ENSG00000259705.2	chr15	48646265	48646553	+	288	288.0	near_coding_5kb	.	17	10	4	3	1	0	0.0489	0.0484	0.0777	192.2	207.0	HLbalEde1,HLcamDro2,HLdidVir1,HLeleMax1,HLmanJav2,HLnotEug3,HLoryCun3,HLpteVam2,canFam5,dasNov3,equCab3,felCat9,mm39,monDom5,rheMac10,rn7,susScr11
ENSG00000259721_core_2	ENSG00000259721		U_ENSG00000259721.1	chr15	32717839	32718327	-	488	488.0	antisense	ENSG00000166923	18	18	18	18	14	11	0.0117	0.0072	0.0293	421.2	450.0	HLbalEde1,HLcamDro2,HLdidVir1,HLeleMax1,HLmanJav2,HLoryCun3,HLpteVam2,bosTau9,canFam5,dasNov3,equCab3,eriEur2,felCat9,mm39,monDom5,rheMac10,rn7,susScr11
ENSG00000259826_core_3	ENSG00000259826	CDK13-DT	U_ENSG00000259826.2	chr7	39948929	39949937	-	1008	1008.0	near_coding_5kb	.	17	17	17	17	16	14	0.007	0.0053	0.0226	733.1	736.0	HLbalEde1,HLcamDro2,HLeleMax1,HLmanJav2,HLoryCun3,HLpteVam2,bosTau9,canFam5,dasNov3,equCab3,eriEur2,felCat9,mm39,monDom5,rheMac10,rn7,susScr11
ENSG00000259843_core_2	ENSG00000259843	HEATR3-AS1	U_ENSG00000259843.3	chr16	50066151	50066311	-	160	160.0	antisense	ENSG00000155393	18	13	11	9	6	0	0.0344	0.0304	0.0632	137.3	147.0	HLbalEde1,HLcamDro2,HLdidVir1,HLmanJav2,HLnotEug3,HLoryCun3,HLpteVam2,bosTau9,canFam5,dasNov3,equCab3,eriEur2,felCat9,mm39,monDom5,rheMac10,rn7,susScr11
ENSG00000259863_core_2	ENSG00000259863	SH3RF3-AS1	U_ENSG00000259863.2	chr2	109128683	109128912	-	229	229.0	near_coding_5kb	.	18	13	10	7	4	0	0.0398	0.0382	0.0781	185.8	198.0	HLbalEde1,HLcamDro2,HLdidVir1,HLeleMax1,HLmanJav2,HLoryCun3,HLpteVam2,bosTau9,canFam5,dasNov3,equCab3,eriEur2,felCat9,mm39,monDom5,rheMac10,rn7,susScr11
ENSG00000259976_core_1	ENSG00000259976		U_ENSG00000259976.3	chr3	114315866	114315994	-	128	128.0	sense_overlapping	ENSG00000181722	17	16	15	10	1	0	0.0312	0.0279	0.0529	107.5	121.0	HLcamDro2,HLdidVir1,HLeleMax1,HLmanJav2,HLnotEug3,HLoryCun3,HLpteVam2,bosTau9,canFam5,dasNov3,equCab3,felCat9,mm39,monDom5,rheMac10,rn7,susScr11
ENSG00000259976_core_4	ENSG00000259976		U_ENSG00000259976.3	chr3	114321866	114322034	-	168	168.0	sense_overlapping	ENSG00000181722	17	13	13	9	1	0	0.0369	0.0297	0.0735	139.6	155.0	HLbalEde1,HLcamDro2,HLdidVir1,HLeleMax1,HLmanJav2,HLoryCun3,HLpteVam2,bosTau9,canFam5,dasNov3,equCab3,eriEur2,felCat9,mm39,rheMac10,rn7,susScr11
ENSG00000259992_core_3	ENSG00000259992		U_ENSG00000259992.1	chr16	75555803	75555973	-	170	170.0	antisense+sense	ENSG00000034713,ENSG00000065457,ENSG00000205084,ENSG00000260092	17	16	16	16	13	0	0.0209	0.0174	0.0689	168.8	170.0	HLbalEde1,HLcamDro2,HLeleMax1,HLmanJav2,HLnotEug3,HLoryCun3,HLpteVam2,bosTau9,canFam5,dasNov3,equCab3,eriEur2,felCat9,mm39,rheMac10,rn7,susScr11
ENSG00000260063_core_1	ENSG00000260063		U_ENSG00000260063.2	chr1	26692295	26692903	-	608	608.0	antisense	ENSG00000117713	18	18	17	15	13	10	0.0144	0.0074	0.0401	362.2	410.0	HLbalEde1,HLcamDro2,HLdidVir1,HLeleMax1,HLmanJav2,HLnotEug3,HLoryCun3,HLpteVam2,bosTau9,canFam5,dasNov3,equCab3,eriEur2,felCat9,mm39,rheMac10,rn7,susScr11
ENSG00000260063_core_3	ENSG00000260063		U_ENSG00000260063.2	chr1	26695215	26695903	-	688	688.0	antisense	ENSG00000117713	18	18	18	18	17	13	0.0084	0.006	0.0233	413.3	427.5	HLbalEde1,HLcamDro2,HLdidVir1,HLeleMax1,HLmanJav2,HLoryCun3,HLpteVam2,bosTau9,canFam5,dasNov3,equCab3,eriEur2,felCat9,mm39,monDom5,rheMac10,rn7,susScr11
ENSG00000260101_core_3	ENSG00000260101	AFTPH-DT	U_ENSG00000260101.3	chr2	64524394	64524789	-	395	395.0	antisense	ENSG00000119844	19	18	17	17	16	14	0.0131	0.0071	0.0542	345.7	392.0	HLbalEde1,HLcamDro2,HLdidVir1,HLeleMax1,HLmanJav2,HLnotEug3,HLoryCun3,HLpteVam2,bosTau9,canFam5,dasNov3,equCab3,eriEur2,felCat9,mm39,monDom5,rheMac10,rn7,susScr11
ENSG00000260107_core_2	ENSG00000260107		U_ENSG00000260107.1	chr16	1998149	1998318	+	169	169.0	antisense	ENSG00000167962	18	14	14	13	6	0	0.0316	0.0211	0.0791	152.3	170.5	HLbalEde1,HLcamDro2,HLdidVir1,HLeleMax1,HLmanJav2,HLnotEug3,HLpteVam2,bosTau9,canFam5,dasNov3,equCab3,eriEur2,felCat9,mm39,monDom5,rheMac10,rn7,susScr11
ENSG00000260111_core_2	ENSG00000260111		U_ENSG00000260111.1	chr16	70399122	70399400	+	278	278.0	antisense	ENSG00000157350	18	17	12	10	4	0	0.0312	0.0289	0.0521	203.4	198.5	HLbalEde1,HLcamDro2,HLdidVir1,HLeleMax1,HLmanJav2,HLoryCun3,HLpteVam2,bosTau9,canFam5,dasNov3,equCab3,eriEur2,felCat9,mm39,monDom5,rheMac10,rn7,susScr11
ENSG00000260122_core_1	ENSG00000260122		U_ENSG00000260122.1	chr12	51809752	51810160	-	408	408.0	antisense	ENSG00000196876	18	16	16	15	15	11	0.0192	0.0088	0.0931	255.9	247.5	HLbalEde1,HLcamDro2,HLdidVir1,HLeleMax1,HLmanJav2,HLnotEug3,HLoryCun3,HLpteVam2,bosTau9,canFam5,dasNov3,equCab3,eriEur2,felCat9,mm39,rheMac10,rn7,susScr11
ENSG00000260233_core_4	ENSG00000260233	ZNRD2-DT	U_ENSG00000260233.5	chr11	65570023	65570518	-	495	495.0	antisense	ENSG00000173465,ENSG00000176973	19	19	19	16	14	7	0.0154	0.0106	0.0382	410.7	443.0	HLbalEde1,HLcamDro2,HLdidVir1,HLeleMax1,HLmanJav2,HLnotEug3,HLoryCun3,HLpteVam2,bosTau9,canFam5,dasNov3,equCab3,eriEur2,felCat9,mm39,monDom5,rheMac10,rn7,susScr11
ENSG00000260236_core_3	ENSG00000260236	PTPN23-DT	U_ENSG00000260236.3	chr3	47380452	47381140	-	688	688.0	antisense	ENSG00000076201	19	15	13	12	10	3	0.0302	0.0196	0.0868	339.7	370.0	HLbalEde1,HLcamDro2,HLdidVir1,HLeleMax1,HLmanJav2,HLnotEug3,HLoryCun3,HLpteVam2,bosTau9,canFam5,dasNov3,equCab3,eriEur2,felCat9,mm39,monDom5,rheMac10,rn7,susScr11
ENSG00000260259_core_1	ENSG00000260259	LINC02166	U_ENSG00000260259.2	chr16	89686489	89686737	-	248	248.0	antisense	ENSG00000185324	18	16	14	12	3	0	0.0322	0.0274	0.0812	217.9	239.5	HLbalEde1,HLcamDro2,HLdidVir1,HLeleMax1,HLmanJav2,HLnotEug3,HLoryCun3,bosTau9,canFam5,dasNov3,equCab3,eriEur2,felCat9,mm39,monDom5,rheMac10,rn7,susScr11
ENSG00000260267_core_5	ENSG00000260267		U_ENSG00000260267.1	chr16	31458808	31459696	-	888	888.0	antisense	ENSG00000140691	18	18	18	17	17	15	0.0088	0.0063	0.0342	719.9	879.0	HLbalEde1,HLcamDro2,HLdidVir1,HLeleMax1,HLnotEug3,HLoryCun3,HLpteVam2,bosTau9,canFam5,dasNov3,equCab3,eriEur2,felCat9,mm39,monDom5,rheMac10,rn7,susScr11
ENSG00000260274_core_2	ENSG00000260274		U_ENSG00000260274.3	chr15	75368224	75368752	+	528	528.0	antisense	ENSG00000140400,ENSG00000169375	19	18	18	17	17	12	0.0132	0.009	0.0559	432.3	459.0	HLbalEde1,HLcamDro2,HLdidVir1,HLeleMax1,HLmanJav2,HLnotEug3,HLoryCun3,HLpteVam2,bosTau9,canFam5,dasNov3,equCab3,eriEur2,felCat9,mm39,monDom5,rheMac10,rn7,susScr11
ENSG00000260278_core_1	ENSG00000260278		U_ENSG00000260278.2	chr4	78775527	78775895	-	368	368.0	near_coding_5kb	.	19	11	9	9	8	1	0.0384	0.0485	0.0953	223.4	234.0	HLbalEde1,HLcamDro2,HLdidVir1,HLeleMax1,HLmanJav2,HLnotEug3,HLoryCun3,HLpteVam2,bosTau9,canFam5,dasNov3,equCab3,eriEur2,felCat9,mm39,monDom5,rheMac10,rn7,susScr11
ENSG00000260352_core_1	ENSG00000260352	SMG1-DT	U_ENSG00000260352.2	chr16	18925951	18926199	+	248	248.0	antisense	ENSG00000157106	19	19	19	19	19	12	0.0102	0.0098	0.0131	241.8	244.0	HLbalEde1,HLcamDro2,HLdidVir1,HLeleMax1,HLmanJav2,HLnotEug3,HLoryCun3,HLpteVam2,bosTau9,canFam5,dasNov3,equCab3,eriEur2,felCat9,mm39,monDom5,rheMac10,rn7,susScr11
ENSG00000260367_core_1	ENSG00000260367		U_ENSG00000260367.2	chr16	28974560	28974928	-	368	368.0	antisense	ENSG00000169682	19	15	14	13	12	1	0.0284	0.0146	0.0796	326.5	335.0	HLbalEde1,HLcamDro2,HLdidVir1,HLeleMax1,HLmanJav2,HLnotEug3,HLoryCun3,HLpteVam2,bosTau9,canFam5,dasNov3,equCab3,eriEur2,felCat9,mm39,monDom5,rheMac10,rn7,susScr11
ENSG00000260394_core_1	ENSG00000260394	STUB1-DT	U_ENSG00000260394.3	chr16	678758	679286	-	528	528.0	antisense	ENSG00000103266	17	15	12	10	8	2	0.0272	0.0203	0.0756	398.7	459.0	HLbalEde1,HLcamDro2,HLdidVir1,HLeleMax1,HLmanJav2,HLnotEug3,HLoryCun3,HLpteVam2,bosTau9,canFam5,equCab3,felCat9,mm39,monDom5,rheMac10,rn7,susScr11
ENSG00000260417_core_3	ENSG00000260417		U_ENSG00000260417.1	chr16	85593785	85594233	+	448	448.0	sense_overlapping	ENSG00000131149	18	18	17	16	14	6	0.0141	0.0111	0.0401	310.1	285.5	HLbalEde1,HLcamDro2,HLdidVir1,HLeleMax1,HLmanJav2,HLnotEug3,HLpteVam2,bosTau9,canFam5,dasNov3,equCab3,eriEur2,felCat9,mm39,monDom5,rheMac10,rn7,susScr11
ENSG00000260572_core_1	ENSG00000260572	PPM1L-DT	U_ENSG00000260572.2	chr3	160754754	160755122	-	368	368.0	near_coding_5kb	.	19	18	15	7	2	1	0.0321	0.0329	0.0515	322.9	338.0	HLbalEde1,HLcamDro2,HLdidVir1,HLeleMax1,HLmanJav2,HLnotEug3,HLoryCun3,HLpteVam2,bosTau9,canFam5,dasNov3,equCab3,eriEur2,felCat9,mm39,monDom5,rheMac10,rn7,susScr11
ENSG00000260593_core_2	ENSG00000260593		U_ENSG00000260593.1	chr16	71626654	71626816	-	162	162.0	antisense	ENSG00000140832	17	10	7	3	1	0	0.0445	0.0453	0.0704	134.2	134.0	HLbalEde1,HLdidVir1,HLeleMax1,HLmanJav2,HLnotEug3,HLoryCun3,HLpteVam2,bosTau9,canFam5,dasNov3,equCab3,eriEur2,felCat9,mm39,rheMac10,rn7,susScr11
ENSG00000260651_core_1	ENSG00000260651		U_ENSG00000260651.1	chr4	102500911	102501239	-	328	328.0	near_coding_5kb	.	17	16	16	14	9	2	0.0242	0.0199	0.0914	274.1	318.0	HLbalEde1,HLcamDro2,HLdidVir1,HLeleMax1,HLmanJav2,HLoryCun3,HLpteVam2,bosTau9,canFam5,dasNov3,equCab3,felCat9,mm39,monDom5,rheMac10,rn7,susScr11
ENSG00000260664_core_2	ENSG00000260664		U_ENSG00000260664.5	chr16	72427828	72428116	+	288	288.0	intergenic	.	18	18	18	18	17	15	0.0096	0.0083	0.0256	270.1	285.5	HLbalEde1,HLcamDro2,HLdidVir1,HLeleMax1,HLmanJav2,HLnotEug3,HLoryCun3,HLpteVam2,bosTau9,canFam5,dasNov3,equCab3,eriEur2,felCat9,mm39,rheMac10,rn7,susScr11
ENSG00000260738_core_1	ENSG00000260738	LINC00554	U_ENSG00000260738.1	chr13	99996981	99997829	-	848	848.0	intergenic	.	19	17	15	15	13	9	0.0212	0.0155	0.0792	472.2	390.0	HLbalEde1,HLcamDro2,HLdidVir1,HLeleMax1,HLmanJav2,HLnotEug3,HLoryCun3,HLpteVam2,bosTau9,canFam5,dasNov3,equCab3,eriEur2,felCat9,mm39,monDom5,rheMac10,rn7,susScr11
ENSG00000260804_core_1	ENSG00000260804	LINC01963	U_ENSG00000260804.4	chr2	216245687	216245935	+	248	248.0	intergenic	.	18	12	11	9	2	0	0.0416	0.0302	0.0804	184.8	186.0	HLbalEde1,HLcamDro2,HLdidVir1,HLeleMax1,HLmanJav2,HLoryCun3,HLpteVam2,bosTau9,canFam5,dasNov3,equCab3,eriEur2,felCat9,mm39,monDom5,rheMac10,rn7,susScr11
ENSG00000260805_core_3	ENSG00000260805		U_ENSG00000260805.4	chr1	212558603	212559211	-	608	608.0	intergenic	.	18	18	18	18	17	13	0.0102	0.0078	0.0214	474.7	497.5	HLbalEde1,HLcamDro2,HLeleMax1,HLmanJav2,HLnotEug3,HLoryCun3,HLpteVam2,bosTau9,canFam5,dasNov3,equCab3,eriEur2,felCat9,mm39,monDom5,rheMac10,rn7,susScr11
ENSG00000260806_core_2	ENSG00000260806		U_ENSG00000260806.2	chr14	96501654	96502262	-	608	608.0	antisense	ENSG00000090060	19	19	17	13	10	1	0.0223	0.0176	0.0433	493.4	570.0	HLbalEde1,HLcamDro2,HLdidVir1,HLeleMax1,HLmanJav2,HLnotEug3,HLoryCun3,HLpteVam2,bosTau9,canFam5,dasNov3,equCab3,eriEur2,felCat9,mm39,monDom5,rheMac10,rn7,susScr11
ENSG00000260808_core_1	ENSG00000260808		U_ENSG00000260808.1	chr11	68612898	68613141	-	243	243.0	antisense	ENSG00000110075	17	12	9	3	0	0	0.0463	0.0361	0.0972	125.5	119.0	HLbalEde1,HLdidVir1,HLeleMax1,HLmanJav2,HLoryCun3,HLpteVam2,bosTau9,canFam5,dasNov3,equCab3,eriEur2,felCat9,mm39,monDom5,rheMac10,rn7,susScr11
ENSG00000260898_core_1	ENSG00000260898		U_ENSG00000260898.7	chr15	72783594	72784002	+	408	408.0	antisense	ENSG00000159322	19	19	19	19	16	8	0.0135	0.0106	0.0242	354.1	374.0	HLbalEde1,HLcamDro2,HLdidVir1,HLeleMax1,HLmanJav2,HLnotEug3,HLoryCun3,HLpteVam2,bosTau9,canFam5,dasNov3,equCab3,eriEur2,felCat9,mm39,monDom5,rheMac10,rn7,susScr11
ENSG00000260899_core_1	ENSG00000260899		U_ENSG00000260899.1	chr16	30741740	30741908	+	168	168.0	sense_overlapping	ENSG00000080603,ENSG00000156873,ENSG00000281991,ENSG00000282034	18	18	18	18	16	0	0.0168	0.0158	0.0275	169.1	169.0	HLbalEde1,HLcamDro2,HLdidVir1,HLeleMax1,HLmanJav2,HLnotEug3,HLoryCun3,HLpteVam2,bosTau9,canFam5,dasNov3,equCab3,eriEur2,felCat9,mm39,rheMac10,rn7,susScr11
ENSG00000260899_core_2	ENSG00000260899		U_ENSG00000260899.1	chr16	30748205	30748490	+	285	285.0	sense_overlapping	ENSG00000080603,ENSG00000156873,ENSG00000281991,ENSG00000282034	17	15	13	13	10	1	0.0278	0.0174	0.084	267.1	283.0	HLbalEde1,HLcamDro2,HLdidVir1,HLeleMax1,HLmanJav2,HLoryCun3,HLpteVam2,bosTau9,canFam5,dasNov3,equCab3,eriEur2,felCat9,mm39,rheMac10,rn7,susScr11
ENSG00000260899_core_4	ENSG00000260899		U_ENSG00000260899.1	chr16	30751105	30751266	+	161	161.0	sense_overlapping	ENSG00000080603,ENSG00000156873,ENSG00000281991,ENSG00000282034	19	19	19	19	16	0	0.0182	0.0177	0.0281	157.2	161.0	HLbalEde1,HLcamDro2,HLdidVir1,HLeleMax1,HLmanJav2,HLnotEug3,HLoryCun3,HLpteVam2,bosTau9,canFam5,dasNov3,equCab3,eriEur2,felCat9,mm39,monDom5,rheMac10,rn7,susScr11
ENSG00000260992_core_1	ENSG00000260992	DOCK9-DT	U_ENSG00000260992.1	chr13	99087978	99088506	+	528	528.0	near_coding_5kb	.	17	12	12	10	8	1	0.0355	0.0211	0.093	282.7	245.0	HLbalEde1,HLcamDro2,HLeleMax1,HLmanJav2,HLnotEug3,HLoryCun3,bosTau9,canFam5,dasNov3,equCab3,eriEur2,felCat9,mm39,monDom5,rheMac10,rn7,susScr11
ENSG00000261018_core_1	ENSG00000261018		U_ENSG00000261018.1	chr9	133611826	133612354	-	528	528.0	near_coding_5kb	.	18	11	10	7	7	3	0.0454	0.038	0.095	280.2	252.0	HLbalEde1,HLcamDro2,HLdidVir1,HLeleMax1,HLmanJav2,HLnotEug3,HLpteVam2,bosTau9,canFam5,dasNov3,equCab3,eriEur2,felCat9,mm39,monDom5,rheMac10,rn7,susScr11
ENSG00000261054_core_1	ENSG00000261054	SYNM-AS2	U_ENSG00000261054.1	chr15	99129421	99129829	-	408	408.0	antisense	ENSG00000182253	18	17	16	13	11	0	0.0227	0.018	0.0595	303.1	335.5	HLbalEde1,HLcamDro2,HLdidVir1,HLeleMax1,HLmanJav2,HLnotEug3,HLoryCun3,bosTau9,canFam5,dasNov3,equCab3,eriEur2,felCat9,mm39,monDom5,rheMac10,rn7,susScr11
ENSG00000261054_core_2	ENSG00000261054	SYNM-AS2	U_ENSG00000261054.1	chr15	99131516	99131724	-	208	208.0	antisense	ENSG00000182253	17	13	12	11	9	0	0.0346	0.0186	0.0971	184.9	200.0	HLbalEde1,HLdidVir1,HLeleMax1,HLmanJav2,HLnotEug3,HLoryCun3,HLpteVam2,canFam5,dasNov3,equCab3,eriEur2,felCat9,mm39,monDom5,rheMac10,rn7,susScr11
ENSG00000261168_core_1	ENSG00000261168		U_ENSG00000261168.1	chr1	151131002	151131570	-	568	568.0	near_coding_5kb	.	17	17	16	15	13	6	0.0157	0.0118	0.0432	467.7	482.0	HLbalEde1,HLcamDro2,HLeleMax1,HLmanJav2,HLnotEug3,HLoryCun3,bosTau9,canFam5,dasNov3,equCab3,eriEur2,felCat9,mm39,monDom5,rheMac10,rn7,susScr11
ENSG00000261173_core_1	ENSG00000261173	DNAJA2-DT	U_ENSG00000261173.3	chr16	46973819	46974125	+	306	306.0	near_coding_5kb	.	17	10	10	7	2	1	0.0424	0.0336	0.0902	252.9	276.0	HLbalEde1,HLcamDro2,HLdidVir1,HLeleMax1,HLmanJav2,HLnotEug3,HLoryCun3,bosTau9,canFam5,dasNov3,equCab3,eriEur2,felCat9,mm39,rheMac10,rn7,susScr11
ENSG00000261183_core_2	ENSG00000261183	SPINT1-AS1	U_ENSG00000261183.8	chr15	40844467	40844636	-	169	169.0	antisense	ENSG00000166145	17	9	5	3	2	0	0.0504	0.0489	0.0862	142.5	154.0	HLbalEde1,HLcamDro2,HLdidVir1,HLeleMax1,HLmanJav2,HLoryCun3,HLpteVam2,bosTau9,canFam5,dasNov3,equCab3,eriEur2,felCat9,mm39,rheMac10,rn7,susScr11
ENSG00000261257_core_1	ENSG00000261257		U_ENSG00000261257.2	chr11	126101125	126101533	-	408	408.0	intergenic	.	19	19	18	18	18	13	0.0115	0.0082	0.0402	295.4	311.0	HLbalEde1,HLcamDro2,HLdidVir1,HLeleMax1,HLmanJav2,HLnotEug3,HLoryCun3,HLpteVam2,bosTau9,canFam5,dasNov3,equCab3,eriEur2,felCat9,mm39,monDom5,rheMac10,rn7,susScr11
ENSG00000261351_core_3	ENSG00000261351		U_ENSG00000261351.2	chr15	66490149	66490637	-	488	488.0	antisense+sense	ENSG00000169032,ENSG00000174446	17	17	17	16	10	2	0.0176	0.0181	0.0376	236.2	163.0	HLbalEde1,HLcamDro2,HLdidVir1,HLeleMax1,HLmanJav2,HLnotEug3,HLoryCun3,HLpteVam2,bosTau9,canFam5,dasNov3,equCab3,felCat9,mm39,monDom5,rheMac10,rn7
ENSG00000261373_core_1	ENSG00000261373	VPS9D1-AS1	U_ENSG00000261373.1	chr16	89716470	89716661	+	191	191.0	antisense	ENSG00000075399	18	15	13	12	7	0	0.0321	0.0232	0.0877	160.4	169.0	HLbalEde1,HLcamDro2,HLeleMax1,HLmanJav2,HLnotEug3,HLoryCun3,HLpteVam2,bosTau9,canFam5,dasNov3,equCab3,eriEur2,felCat9,mm39,monDom5,rheMac10,rn7,susScr11
ENSG00000261423_core_1	ENSG00000261423	TMEM202-AS1	U_ENSG00000261423.4	chr15	72473929	72474177	-	248	248.0	antisense	ENSG00000187806	17	12	10	9	1	0	0.0367	0.0288	0.0666	220.9	239.0	HLbalEde1,HLcamDro2,HLeleMax1,HLmanJav2,HLoryCun3,HLpteVam2,bosTau9,canFam5,dasNov3,equCab3,eriEur2,felCat9,mm39,monDom5,rheMac10,rn7,susScr11
ENSG00000261437_core_3	ENSG00000261437		U_ENSG00000261437.2	chr8	94638850	94639178	-	328	328.0	near_coding_5kb	.	17	17	15	15	11	1	0.0196	0.0154	0.0424	273.2	311.0	HLbalEde1,HLcamDro2,HLeleMax1,HLmanJav2,HLnotEug3,HLoryCun3,HLpteVam2,bosTau9,canFam5,dasNov3,equCab3,eriEur2,felCat9,mm39,rheMac10,rn7,susScr11
ENSG00000261485_core_1	ENSG00000261485		U_ENSG00000261485.2	chr13	28137969	28138417	-	448	448.0	intergenic	.	18	18	14	14	14	10	0.0167	0.0098	0.0475	368.6	381.5	HLbalEde1,HLcamDro2,HLdidVir1,HLeleMax1,HLmanJav2,HLnotEug3,HLoryCun3,bosTau9,canFam5,dasNov3,equCab3,eriEur2,felCat9,mm39,monDom5,rheMac10,rn7,susScr11
ENSG00000261513_core_2	ENSG00000261513		U_ENSG00000261513.1	chr16	71723715	71724141	+	426	426.0	antisense	ENSG00000040199	18	16	15	15	12	7	0.0208	0.0114	0.0847	300.6	346.5	HLbalEde1,HLcamDro2,HLdidVir1,HLeleMax1,HLmanJav2,HLnotEug3,HLoryCun3,bosTau9,canFam5,dasNov3,equCab3,eriEur2,felCat9,mm39,monDom5,rheMac10,rn7,susScr11
ENSG00000261684_core_3	ENSG00000261684		U_ENSG00000261684.3	chr15	42528326	42528501	-	175	175.0	antisense	ENSG00000092531	19	17	15	10	4	0	0.0318	0.0278	0.0658	143.6	171.0	HLbalEde1,HLcamDro2,HLdidVir1,HLeleMax1,HLmanJav2,HLnotEug3,HLoryCun3,HLpteVam2,bosTau9,canFam5,dasNov3,equCab3,eriEur2,felCat9,mm39,monDom5,rheMac10,rn7,susScr11
ENSG00000261722_core_1	ENSG00000261722		U_ENSG00000261722.2	chr16	79211413	79211861	-	448	448.0	antisense	ENSG00000186153	18	18	18	17	17	7	0.0129	0.0124	0.0328	322.2	331.5	HLbalEde1,HLcamDro2,HLdidVir1,HLeleMax1,HLmanJav2,HLnotEug3,HLoryCun3,bosTau9,canFam5,dasNov3,equCab3,eriEur2,felCat9,mm39,monDom5,rheMac10,rn7,susScr11
ENSG00000261770_core_1	ENSG00000261770		U_ENSG00000261770.1	chr19	27757361	27757489	-	128	128.0	intergenic	.	18	17	15	10	0	0	0.0313	0.0283	0.0501	116.3	123.5	HLbalEde1,HLcamDro2,HLdidVir1,HLeleMax1,HLmanJav2,HLnotEug3,HLoryCun3,HLpteVam2,bosTau9,canFam5,dasNov3,equCab3,eriEur2,felCat9,mm39,monDom5,rn7,susScr11
ENSG00000261771_core_1	ENSG00000261771	DNAAF4-CCPG1	U_ENSG00000261771.5	chr15	55371792	55371974	-	182	182.0	antisense+sense	ENSG00000069943,ENSG00000256061,ENSG00000260916,ENSG00000261652	18	18	18	17	12	0	0.0191	0.0186	0.0354	168.6	182.0	HLbalEde1,HLcamDro2,HLdidVir1,HLeleMax1,HLmanJav2,HLnotEug3,HLpteVam2,bosTau9,canFam5,dasNov3,equCab3,eriEur2,felCat9,mm39,monDom5,rheMac10,rn7,susScr11
ENSG00000261790_core_1	ENSG00000261790		U_ENSG00000261790.2	chr16	1985643	1986051	-	408	408.0	antisense	ENSG00000127554,ENSG00000127561	18	16	14	13	12	5	0.0243	0.014	0.0943	266.3	276.5	HLbalEde1,HLcamDro2,HLdidVir1,HLeleMax1,HLmanJav2,HLnotEug3,HLoryCun3,HLpteVam2,bosTau9,canFam5,equCab3,eriEur2,felCat9,mm39,monDom5,rheMac10,rn7,susScr11
ENSG00000261803_core_2	ENSG00000261803	LINC02140	U_ENSG00000261803.3	chr16	54370650	54370794	-	144	144.0	intergenic	.	18	18	17	17	7	0	0.0217	0.0207	0.0444	138.9	144.0	HLbalEde1,HLcamDro2,HLdidVir1,HLeleMax1,HLmanJav2,HLnotEug3,HLoryCun3,HLpteVam2,canFam5,dasNov3,equCab3,eriEur2,felCat9,mm39,monDom5,rheMac10,rn7,susScr11
ENSG00000261807_core_1	ENSG00000261807	LINC02141	U_ENSG00000261807.2	chr16	60047947	60048475	+	528	528.0	intergenic	.	17	11	6	2	1	1	0.052	0.0433	0.095	161.4	149.0	HLbalEde1,HLcamDro2,HLeleMax1,HLnotEug3,HLoryCun3,HLpteVam2,bosTau9,canFam5,dasNov3,equCab3,eriEur2,felCat9,mm39,monDom5,rheMac10,rn7,susScr11
ENSG00000261840_core_1	ENSG00000261840		U_ENSG00000261840.6	chr16	30697922	30698450	-	528	528.0	antisense	ENSG00000080603	18	18	18	18	18	17	0.0066	0.0059	0.012	508.4	522.0	HLbalEde1,HLcamDro2,HLdidVir1,HLeleMax1,HLmanJav2,HLnotEug3,HLoryCun3,HLpteVam2,bosTau9,canFam5,dasNov3,equCab3,eriEur2,felCat9,mm39,rheMac10,rn7,susScr11
ENSG00000261898_core_1	ENSG00000261898		U_ENSG00000261898.2	chr17	4731755	4732054	-	299	299.0	antisense	ENSG00000161920	18	17	14	13	9	0	0.025	0.0196	0.0569	204.4	192.0	HLbalEde1,HLcamDro2,HLeleMax1,HLmanJav2,HLnotEug3,HLoryCun3,HLpteVam2,bosTau9,canFam5,dasNov3,equCab3,eriEur2,felCat9,mm39,monDom5,rheMac10,rn7,susScr11
ENSG00000262049_core_1	ENSG00000262049		U_ENSG00000262049.3	chr17	81701509	81701717	-	208	208.0	antisense	ENSG00000185359	18	16	14	10	4	0	0.0337	0.0231	0.0978	167.2	176.5	HLbalEde1,HLcamDro2,HLdidVir1,HLeleMax1,HLmanJav2,HLnotEug3,HLpteVam2,bosTau9,canFam5,dasNov3,equCab3,eriEur2,felCat9,mm39,monDom5,rheMac10,rn7,susScr11
ENSG00000262585_core_4	ENSG00000262585	LINC01979	U_ENSG00000262585.2	chr17	79919150	79919758	-	608	608.0	intergenic	.	17	15	15	12	7	6	0.0251	0.0214	0.0896	329.8	340.0	HLbalEde1,HLcamDro2,HLeleMax1,HLmanJav2,HLnotEug3,HLoryCun3,bosTau9,canFam5,dasNov3,equCab3,eriEur2,felCat9,mm39,monDom5,rheMac10,rn7,susScr11
ENSG00000262712_core_2	ENSG00000262712		U_ENSG00000262712.1	chr16	4337250	4337738	-	488	488.0	antisense+sense	ENSG00000126603,ENSG00000217930	19	19	18	18	18	12	0.0113	0.0089	0.0412	371.6	391.0	HLbalEde1,HLcamDro2,HLdidVir1,HLeleMax1,HLmanJav2,HLnotEug3,HLoryCun3,HLpteVam2,bosTau9,canFam5,dasNov3,equCab3,eriEur2,felCat9,mm39,monDom5,rheMac10,rn7,susScr11
ENSG00000262880_core_4	ENSG00000262880		U_ENSG00000262880.1	chr17	7442593	7442754	+	161	161.0	sense_overlapping	ENSG00000161958,ENSG00000181284,ENSG00000181323,ENSG00000184560,ENSG00000283439	18	18	18	17	13	0	0.0185	0.0156	0.0306	141.2	154.0	HLcamDro2,HLdidVir1,HLeleMax1,HLmanJav2,HLnotEug3,HLoryCun3,HLpteVam2,bosTau9,canFam5,dasNov3,equCab3,eriEur2,felCat9,mm39,monDom5,rheMac10,rn7,susScr11
ENSG00000263004_core_3	ENSG00000263004	AKAP1-DT	U_ENSG00000263004.4	chr17	57084935	57085127	-	192	192.0	antisense	ENSG00000121057	17	16	16	15	4	0	0.0253	0.0223	0.0662	184.9	193.0	HLbalEde1,HLcamDro2,HLeleMax1,HLmanJav2,HLnotEug3,HLoryCun3,HLpteVam2,bosTau9,canFam5,dasNov3,equCab3,eriEur2,felCat9,mm39,rheMac10,rn7,susScr11
ENSG00000263126_core_1	ENSG00000263126		U_ENSG00000263126.1	chr16	67882820	67883228	+	408	408.0	sense_overlapping	ENSG00000038358,ENSG00000188038	19	17	17	17	15	13	0.0164	0.008	0.0841	310.3	329.0	HLbalEde1,HLcamDro2,HLdidVir1,HLeleMax1,HLmanJav2,HLnotEug3,HLoryCun3,HLpteVam2,bosTau9,canFam5,dasNov3,equCab3,eriEur2,felCat9,mm39,monDom5,rheMac10,rn7,susScr11
ENSG00000263126_core_3	ENSG00000263126		U_ENSG00000263126.1	chr16	67884060	67884468	+	408	408.0	sense_overlapping	ENSG00000038358,ENSG00000188038	19	18	17	16	15	8	0.0167	0.0107	0.0516	270.8	284.0	HLbalEde1,HLcamDro2,HLdidVir1,HLeleMax1,HLmanJav2,HLnotEug3,HLoryCun3,HLpteVam2,bosTau9,canFam5,dasNov3,equCab3,eriEur2,felCat9,mm39,monDom5,rheMac10,rn7,susScr11
ENSG00000263126_core_4	ENSG00000263126		U_ENSG00000263126.1	chr16	67884740	67885068	+	328	328.0	sense_overlapping	ENSG00000038358,ENSG00000188038	19	19	18	18	16	1	0.0152	0.0125	0.044	298.9	320.0	HLbalEde1,HLcamDro2,HLdidVir1,HLeleMax1,HLmanJav2,HLnotEug3,HLoryCun3,HLpteVam2,bosTau9,canFam5,dasNov3,equCab3,eriEur2,felCat9,mm39,monDom5,rheMac10,rn7,susScr11
ENSG00000263126_core_6	ENSG00000263126		U_ENSG00000263126.1	chr16	67885980	67886308	+	328	328.0	sense_overlapping	ENSG00000038358,ENSG00000188038	17	17	16	16	15	2	0.0151	0.0131	0.0403	249.8	249.0	HLbalEde1,HLcamDro2,HLeleMax1,HLmanJav2,HLoryCun3,HLpteVam2,bosTau9,canFam5,dasNov3,equCab3,eriEur2,felCat9,mm39,monDom5,rheMac10,rn7,susScr11
ENSG00000263146_core_1	ENSG00000263146		U_ENSG00000263146.4	chr18	78976901	78977349	-	448	448.0	near_coding_5kb	.	18	14	14	14	5	1	0.0298	0.0222	0.0709	289.6	264.5	HLbalEde1,HLcamDro2,HLdidVir1,HLeleMax1,HLmanJav2,HLnotEug3,HLoryCun3,HLpteVam2,bosTau9,canFam5,dasNov3,equCab3,eriEur2,felCat9,mm39,rheMac10,rn7,susScr11
ENSG00000263412_core_5	ENSG00000263412	NFE2L1-DT	U_ENSG00000263412.4	chr17	48047556	48048444	-	888	888.0	antisense	ENSG00000082641	18	17	17	15	15	12	0.0159	0.0073	0.0915	571.9	683.5	HLbalEde1,HLcamDro2,HLdidVir1,HLeleMax1,HLnotEug3,HLoryCun3,HLpteVam2,bosTau9,canFam5,dasNov3,equCab3,eriEur2,felCat9,mm39,monDom5,rheMac10,rn7,susScr11
ENSG00000263707_core_1	ENSG00000263707		U_ENSG00000263707.1	chr17	12990148	12990326	-	178	178.0	antisense	ENSG00000006740	17	7	6	2	1	0	0.0569	0.0593	0.099	149.7	161.0	HLbalEde1,HLcamDro2,HLdidVir1,HLmanJav2,HLnotEug3,HLoryCun3,HLpteVam2,canFam5,dasNov3,equCab3,eriEur2,felCat9,mm39,monDom5,rheMac10,rn7,susScr11
ENSG00000263717_core_1	ENSG00000263717		U_ENSG00000263717.1	chr17	32519076	32519350	-	274	274.0	sense_overlapping	ENSG00000176658	18	7	5	0	0	0	0.0566	0.0536	0.0911	198.9	198.0	HLbalEde1,HLcamDro2,HLdidVir1,HLeleMax1,HLmanJav2,HLnotEug3,HLoryCun3,HLpteVam2,bosTau9,canFam5,dasNov3,equCab3,felCat9,mm39,monDom5,rheMac10,rn7,susScr11
ENSG00000263798_core_7	ENSG00000263798		U_ENSG00000263798.2	chr17	47980592	47980798	+	206	206.0	antisense+sense	ENSG00000108439,ENSG00000108465,ENSG00000167183	18	18	18	18	17	0	0.0141	0.0129	0.0209	193.5	206.0	HLbalEde1,HLcamDro2,HLdidVir1,HLeleMax1,HLmanJav2,HLoryCun3,HLpteVam2,bosTau9,canFam5,dasNov3,equCab3,eriEur2,felCat9,mm39,monDom5,rheMac10,rn7,susScr11
ENSG00000263823_core_1	ENSG00000263823		U_ENSG00000263823.3	chr18	31942654	31943662	+	1008	1008.0	antisense	ENSG00000153339	18	17	17	17	17	13	0.0119	0.0074	0.0847	569.4	517.0	HLbalEde1,HLcamDro2,HLdidVir1,HLeleMax1,HLmanJav2,HLoryCun3,HLpteVam2,bosTau9,canFam5,dasNov3,equCab3,eriEur2,felCat9,mm39,monDom5,rheMac10,rn7,susScr11
ENSG00000263826_core_2	ENSG00000263826		U_ENSG00000263826.1	chr3	186782971	186783539	-	568	568.0	antisense	ENSG00000156976	17	16	15	15	15	8	0.0162	0.0103	0.0649	391.5	404.0	HLbalEde1,HLcamDro2,HLeleMax1,HLmanJav2,HLoryCun3,HLpteVam2,bosTau9,canFam5,dasNov3,equCab3,eriEur2,felCat9,mm39,monDom5,rheMac10,rn7,susScr11
ENSG00000263843_core_1	ENSG00000263843	MIF4GD-DT	U_ENSG00000263843.1	chr17	75271608	75271856	+	248	248.0	antisense	ENSG00000125454	17	15	6	2	1	1	0.0428	0.0411	0.0981	227.5	237.0	HLbalEde1,HLcamDro2,HLeleMax1,HLmanJav2,HLnotEug3,HLoryCun3,HLpteVam2,bosTau9,canFam5,dasNov3,equCab3,eriEur2,felCat9,mm39,rheMac10,rn7,susScr11
ENSG00000263884_core_1	ENSG00000263884		U_ENSG00000263884.3	chr18	268118	268486	+	368	368.0	near_coding_5kb	.	17	14	12	12	11	1	0.0305	0.0182	0.0955	349.4	364.0	HLbalEde1,HLcamDro2,HLdidVir1,HLeleMax1,HLmanJav2,HLnotEug3,HLoryCun3,HLpteVam2,bosTau9,canFam5,equCab3,eriEur2,felCat9,monDom5,rheMac10,rn7,susScr11
ENSG00000263917_core_2	ENSG00000263917		U_ENSG00000263917.1	chr18	32037115	32037269	+	154	154.0	sense_overlapping	ENSG00000101695,ENSG00000134758	18	17	16	16	12	0	0.0234	0.0174	0.0831	140.5	154.0	HLbalEde1,HLcamDro2,HLdidVir1,HLeleMax1,HLmanJav2,HLnotEug3,HLpteVam2,bosTau9,canFam5,dasNov3,equCab3,eriEur2,felCat9,mm39,monDom5,rheMac10,rn7,susScr11
ENSG00000264066_core_1	ENSG00000264066		U_ENSG00000264066.8	chr17	28861310	28861758	-	448	448.0	antisense	ENSG00000132591	19	19	19	19	17	13	0.0107	0.0089	0.0251	367.4	373.0	HLbalEde1,HLcamDro2,HLdidVir1,HLeleMax1,HLmanJav2,HLnotEug3,HLoryCun3,HLpteVam2,bosTau9,canFam5,dasNov3,equCab3,eriEur2,felCat9,mm39,monDom5,rheMac10,rn7,susScr11
ENSG00000264448_core_1	ENSG00000264448		U_ENSG00000264448.5	chr8	93916074	93916602	-	528	528.0	antisense	ENSG00000164951	17	16	14	11	9	3	0.0252	0.0178	0.0712	329.6	306.0	HLbalEde1,HLcamDro2,HLdidVir1,HLeleMax1,HLmanJav2,HLoryCun3,HLpteVam2,bosTau9,canFam5,dasNov3,equCab3,eriEur2,felCat9,mm39,rheMac10,rn7,susScr11
ENSG00000264545_core_3	ENSG00000264545		U_ENSG00000264545.2	chr9	21818034	21818202	+	168	168.0	antisense+sense	ENSG00000099810,ENSG00000147883,ENSG00000147889	17	17	17	17	14	0	0.0164	0.0154	0.0223	163.9	168.0	HLbalEde1,HLcamDro2,HLdidVir1,HLeleMax1,HLmanJav2,HLoryCun3,HLpteVam2,bosTau9,canFam5,dasNov3,equCab3,eriEur2,felCat9,mm39,monDom5,rheMac10,rn7
ENSG00000264578_core_1	ENSG00000264578		U_ENSG00000264578.1	chr8	41620997	41621245	-	248	248.0	antisense	ENSG00000158669	18	14	11	5	1	0	0.0384	0.0318	0.081	185.3	193.5	HLcamDro2,HLdidVir1,HLeleMax1,HLmanJav2,HLnotEug3,HLoryCun3,HLpteVam2,bosTau9,canFam5,dasNov3,equCab3,eriEur2,felCat9,mm39,monDom5,rheMac10,rn7,susScr11
ENSG00000264772_core_3	ENSG00000264772		U_ENSG00000264772.6	chr17	7576523	7576692	+	169	169.0	sense_overlapping	ENSG00000129226,ENSG00000161960,ENSG00000277957	17	17	17	17	16	0	0.0167	0.0165	0.0201	166.6	169.0	HLbalEde1,HLcamDro2,HLeleMax1,HLmanJav2,HLnotEug3,HLoryCun3,HLpteVam2,bosTau9,canFam5,dasNov3,equCab3,eriEur2,felCat9,mm39,rheMac10,rn7,susScr11
ENSG00000264772_core_6	ENSG00000264772		U_ENSG00000264772.6	chr17	7578344	7578512	+	168	168.0	sense_overlapping	ENSG00000129226,ENSG00000161960,ENSG00000277957	19	19	19	19	19	0	0.0149	0.0145	0.0179	162.7	167.0	HLbalEde1,HLcamDro2,HLdidVir1,HLeleMax1,HLmanJav2,HLnotEug3,HLoryCun3,HLpteVam2,bosTau9,canFam5,dasNov3,equCab3,eriEur2,felCat9,mm39,monDom5,rheMac10,rn7,susScr11
ENSG00000264772_core_7	ENSG00000264772		U_ENSG00000264772.6	chr17	7579504	7579832	+	328	328.0	sense_overlapping	ENSG00000129226,ENSG00000161960,ENSG00000277957	19	19	17	16	14	1	0.0181	0.0122	0.0485	268.9	287.0	HLbalEde1,HLcamDro2,HLdidVir1,HLeleMax1,HLmanJav2,HLnotEug3,HLoryCun3,HLpteVam2,bosTau9,canFam5,dasNov3,equCab3,eriEur2,felCat9,mm39,monDom5,rheMac10,rn7,susScr11
ENSG00000264982_core_2	ENSG00000264982		U_ENSG00000264982.1	chr18	32287836	32288084	+	248	248.0	antisense	ENSG00000141441	19	19	19	19	18	5	0.0116	0.0107	0.0241	228.3	240.0	HLbalEde1,HLcamDro2,HLdidVir1,HLeleMax1,HLmanJav2,HLnotEug3,HLoryCun3,HLpteVam2,bosTau9,canFam5,dasNov3,equCab3,eriEur2,felCat9,mm39,monDom5,rheMac10,rn7,susScr11
ENSG00000264985_core_1	ENSG00000264985		U_ENSG00000264985.4	chr17	73516600	73517069	+	469	469.0	antisense	ENSG00000069188	17	15	14	14	14	9	0.0191	0.0098	0.0669	295.0	290.0	HLbalEde1,HLcamDro2,HLeleMax1,HLmanJav2,HLoryCun3,HLpteVam2,bosTau9,canFam5,dasNov3,equCab3,eriEur2,felCat9,mm39,monDom5,rheMac10,rn7,susScr11
ENSG00000264985_core_2	ENSG00000264985		U_ENSG00000264985.4	chr17	73518261	73518389	+	128	128.0	antisense	ENSG00000069188	18	14	12	6	1	0	0.0386	0.0336	0.0743	118.5	127.0	HLbalEde1,HLcamDro2,HLdidVir1,HLeleMax1,HLmanJav2,HLoryCun3,HLpteVam2,bosTau9,canFam5,dasNov3,equCab3,eriEur2,felCat9,mm39,monDom5,rheMac10,rn7,susScr11
ENSG00000265008_core_1	ENSG00000265008		U_ENSG00000265008.1	chr18	32091919	32092119	-	200	200.0	antisense	ENSG00000134758	17	17	14	10	5	0	0.0291	0.0248	0.05	183.7	195.0	HLcamDro2,HLeleMax1,HLmanJav2,HLnotEug3,HLoryCun3,HLpteVam2,bosTau9,canFam5,dasNov3,equCab3,eriEur2,felCat9,mm39,monDom5,rheMac10,rn7,susScr11
ENSG00000265142_core_1	ENSG00000265142	MIR133A1HG	U_ENSG00000265142.9	chr18	21828844	21829052	-	208	208.0	antisense	ENSG00000101752	17	17	17	16	6	0	0.022	0.0216	0.0367	197.5	204.0	HLbalEde1,HLcamDro2,HLdidVir1,HLeleMax1,HLmanJav2,HLnotEug3,HLoryCun3,HLpteVam2,bosTau9,canFam5,dasNov3,equCab3,eriEur2,felCat9,monDom5,rheMac10,susScr11
ENSG00000265148_core_2	ENSG00000265148	TSPOAP1-AS1	U_ENSG00000265148.8	chr17	58415465	58415614	+	149	149.0	antisense	ENSG00000108375,ENSG00000213246,ENSG00000285897	19	19	19	19	16	0	0.0173	0.0156	0.0252	140.4	149.0	HLbalEde1,HLcamDro2,HLdidVir1,HLeleMax1,HLmanJav2,HLnotEug3,HLoryCun3,HLpteVam2,bosTau9,canFam5,dasNov3,equCab3,eriEur2,felCat9,mm39,monDom5,rheMac10,rn7,susScr11
ENSG00000265313_core_1	ENSG00000265313	LINC01476	U_ENSG00000265313.9	chr17	59425323	59425531	-	208	208.0	antisense	ENSG00000175155	18	16	15	11	11	0	0.0253	0.0168	0.0662	161.9	170.0	HLbalEde1,HLcamDro2,HLdidVir1,HLeleMax1,HLmanJav2,HLnotEug3,HLoryCun3,HLpteVam2,bosTau9,canFam5,dasNov3,equCab3,eriEur2,felCat9,monDom5,rheMac10,rn7,susScr11
ENSG00000265666_core_1	ENSG00000265666	RARA-AS1	U_ENSG00000265666.1	chr17	40341172	40341620	-	448	448.0	antisense	ENSG00000131759	18	16	16	15	15	10	0.0157	0.0092	0.0532	342.5	381.0	HLbalEde1,HLcamDro2,HLdidVir1,HLeleMax1,HLmanJav2,HLnotEug3,HLoryCun3,HLpteVam2,bosTau9,canFam5,dasNov3,equCab3,eriEur2,felCat9,mm39,rheMac10,rn7,susScr11
ENSG00000265666_core_2	ENSG00000265666	RARA-AS1	U_ENSG00000265666.1	chr17	40342356	40342684	-	328	328.0	antisense	ENSG00000131759	18	17	17	15	14	10	0.018	0.0094	0.0999	303.3	328.0	HLbalEde1,HLcamDro2,HLdidVir1,HLmanJav2,HLnotEug3,HLoryCun3,HLpteVam2,bosTau9,canFam5,dasNov3,equCab3,eriEur2,felCat9,mm39,monDom5,rheMac10,rn7,susScr11
ENSG00000265750_core_1	ENSG00000265750		U_ENSG00000265750.1	chr18	24159620	24159748	-	128	128.0	antisense+sense	ENSG00000141447,ENSG00000154040	19	19	19	7	0	0	0.031	0.0308	0.0381	125.7	128.0	HLbalEde1,HLcamDro2,HLdidVir1,HLeleMax1,HLmanJav2,HLnotEug3,HLoryCun3,HLpteVam2,bosTau9,canFam5,dasNov3,equCab3,eriEur2,felCat9,mm39,monDom5,rheMac10,rn7,susScr11
ENSG00000266036_core_1	ENSG00000266036	SLC9A3R1-AS1	U_ENSG00000266036.2	chr17	74748689	74748912	-	223	223.0	antisense	ENSG00000109062,ENSG00000172794	17	16	13	12	11	0	0.0255	0.0186	0.0615	203.9	211.0	HLbalEde1,HLcamDro2,HLeleMax1,HLmanJav2,HLnotEug3,HLoryCun3,HLpteVam2,bosTau9,canFam5,dasNov3,equCab3,eriEur2,felCat9,mm39,rheMac10,rn7,susScr11
ENSG00000266053_core_1	ENSG00000266053		U_ENSG00000266053.4	chr18	9136454	9136645	-	191	191.0	antisense	ENSG00000101745,ENSG00000178127	19	14	10	8	1	0	0.0419	0.0399	0.0848	167.3	178.0	HLbalEde1,HLcamDro2,HLdidVir1,HLeleMax1,HLmanJav2,HLnotEug3,HLoryCun3,HLpteVam2,bosTau9,canFam5,dasNov3,equCab3,eriEur2,felCat9,mm39,monDom5,rheMac10,rn7,susScr11
ENSG00000266208_core_2	ENSG00000266208	GJD3-AS1	U_ENSG00000266208.2	chr17	40363082	40363887	+	805	805.0	antisense	ENSG00000183153	18	18	18	16	16	15	0.0098	0.007	0.04	491.7	420.0	HLbalEde1,HLcamDro2,HLeleMax1,HLmanJav2,HLnotEug3,HLoryCun3,HLpteVam2,bosTau9,canFam5,dasNov3,equCab3,eriEur2,felCat9,mm39,monDom5,rheMac10,rn7,susScr11
ENSG00000266283_core_1	ENSG00000266283		U_ENSG00000266283.2	chr18	22200728	22200856	-	128	128.0	antisense	ENSG00000141448	18	13	12	10	1	0	0.0387	0.0296	0.0742	121.1	125.5	HLbalEde1,HLcamDro2,HLdidVir1,HLeleMax1,HLmanJav2,HLnotEug3,HLoryCun3,HLpteVam2,bosTau9,canFam5,dasNov3,equCab3,eriEur2,felCat9,mm39,monDom5,rheMac10,rn7
ENSG00000266402_core_2	ENSG00000266402	SNHG25	U_ENSG00000266402.6	chr17	64146229	64146710	+	481	481.0	near_coding_5kb	.	18	17	16	15	14	1	0.0198	0.0155	0.0568	359.4	343.0	HLbalEde1,HLcamDro2,HLdidVir1,HLeleMax1,HLmanJav2,HLnotEug3,HLoryCun3,HLpteVam2,bosTau9,canFam5,dasNov3,equCab3,felCat9,mm39,monDom5,rheMac10,rn7,susScr11
ENSG00000266441_core_1	ENSG00000266441		U_ENSG00000266441.2	chr18	6729776	6729969	-	193	193.0	antisense	ENSG00000088756	18	17	17	16	12	0	0.0207	0.0167	0.061	185.6	190.0	HLbalEde1,HLcamDro2,HLdidVir1,HLeleMax1,HLnotEug3,HLoryCun3,HLpteVam2,bosTau9,canFam5,dasNov3,equCab3,eriEur2,felCat9,mm39,monDom5,rheMac10,rn7,susScr11
ENSG00000266718_core_1	ENSG00000266718		U_ENSG00000266718.3	chr17	32495853	32496261	+	408	408.0	antisense	ENSG00000176658	17	15	13	9	1	1	0.0345	0.0287	0.0944	322.6	361.0	HLbalEde1,HLcamDro2,HLdidVir1,HLeleMax1,HLmanJav2,HLnotEug3,HLpteVam2,canFam5,dasNov3,equCab3,eriEur2,felCat9,mm39,monDom5,rheMac10,rn7,susScr11
ENSG00000266929_core_1	ENSG00000266929		U_ENSG00000266929.1	chr17	42538338	42538485	+	147	147.0	sense_overlapping	ENSG00000068120,ENSG00000108784,ENSG00000108786	18	16	16	16	15	0	0.024	0.0174	0.0955	144.9	147.0	HLbalEde1,HLcamDro2,HLdidVir1,HLeleMax1,HLmanJav2,HLnotEug3,HLoryCun3,HLpteVam2,bosTau9,canFam5,dasNov3,equCab3,eriEur2,felCat9,mm39,rheMac10,rn7,susScr11
ENSG00000267009_core_2	ENSG00000267009		U_ENSG00000267009.6	chr17	68515393	68515576	+	183	183.0	antisense+sense	ENSG00000070540,ENSG00000108946,ENSG00000141337	18	17	17	16	14	0	0.0199	0.0169	0.0516	164.2	180.0	HLbalEde1,HLcamDro2,HLeleMax1,HLmanJav2,HLnotEug3,HLoryCun3,HLpteVam2,bosTau9,canFam5,dasNov3,equCab3,eriEur2,felCat9,mm39,monDom5,rheMac10,rn7,susScr11
ENSG00000267009_core_3	ENSG00000267009		U_ENSG00000267009.6	chr17	68522755	68522926	+	171	171.0	antisense+sense	ENSG00000070540,ENSG00000108946,ENSG00000141337	19	19	19	18	12	0	0.0203	0.0198	0.032	152.7	149.0	HLbalEde1,HLcamDro2,HLdidVir1,HLeleMax1,HLmanJav2,HLnotEug3,HLoryCun3,HLpteVam2,bosTau9,canFam5,dasNov3,equCab3,eriEur2,felCat9,mm39,monDom5,rheMac10,rn7,susScr11
ENSG00000267042_core_1	ENSG00000267042		U_ENSG00000267042.2	chr17	42680010	42680298	+	288	288.0	antisense	ENSG00000184451	18	18	18	17	17	14	0.0113	0.0088	0.04	271.9	288.0	HLbalEde1,HLcamDro2,HLeleMax1,HLmanJav2,HLnotEug3,HLoryCun3,HLpteVam2,bosTau9,canFam5,dasNov3,equCab3,eriEur2,felCat9,mm39,monDom5,rheMac10,rn7,susScr11
ENSG00000267090_core_1	ENSG00000267090		U_ENSG00000267090.1	chr19	38385561	38385733	+	172	172.0	antisense	ENSG00000179168	18	15	14	11	1	0	0.0337	0.0264	0.0924	154.8	157.0	HLbalEde1,HLcamDro2,HLdidVir1,HLeleMax1,HLmanJav2,HLoryCun3,HLpteVam2,bosTau9,canFam5,dasNov3,equCab3,eriEur2,felCat9,mm39,monDom5,rheMac10,rn7,susScr11
ENSG00000267124_core_1	ENSG00000267124		U_ENSG00000267124.2	chr19	306165	306413	+	248	248.0	antisense	ENSG00000105556	19	16	16	12	6	0	0.0304	0.0243	0.081	212.8	229.0	HLbalEde1,HLcamDro2,HLdidVir1,HLeleMax1,HLmanJav2,HLnotEug3,HLoryCun3,HLpteVam2,bosTau9,canFam5,dasNov3,equCab3,eriEur2,felCat9,mm39,monDom5,rheMac10,rn7,susScr11
ENSG00000267146_core_1	ENSG00000267146		U_ENSG00000267146.1	chr18	56873614	56873862	-	248	248.0	antisense	ENSG00000091157	19	19	19	19	19	18	0.0089	0.0086	0.0136	242.1	247.0	HLbalEde1,HLcamDro2,HLdidVir1,HLeleMax1,HLmanJav2,HLnotEug3,HLoryCun3,HLpteVam2,bosTau9,canFam5,dasNov3,equCab3,eriEur2,felCat9,mm39,monDom5,rheMac10,rn7,susScr11
ENSG00000267204_core_3	ENSG00000267204		U_ENSG00000267204.1	chr19	32104164	32105292	-	1128	1128.0	intergenic	.	19	17	15	14	9	9	0.023	0.0206	0.0696	445.4	330.0	HLbalEde1,HLcamDro2,HLdidVir1,HLeleMax1,HLmanJav2,HLnotEug3,HLoryCun3,HLpteVam2,bosTau9,canFam5,dasNov3,equCab3,eriEur2,felCat9,mm39,monDom5,rheMac10,rn7,susScr11
ENSG00000267223_core_1	ENSG00000267223		U_ENSG00000267223.2	chr19	30228512	30228680	-	168	168.0	antisense	ENSG00000198597	19	19	18	14	9	0	0.0233	0.0204	0.0451	157.5	168.0	HLbalEde1,HLcamDro2,HLdidVir1,HLeleMax1,HLmanJav2,HLnotEug3,HLoryCun3,HLpteVam2,bosTau9,canFam5,dasNov3,equCab3,eriEur2,felCat9,mm39,monDom5,rheMac10,rn7,susScr11
ENSG00000267226_core_1	ENSG00000267226		U_ENSG00000267226.3	chr18	58671549	58671757	-	208	208.0	antisense	ENSG00000172175	17	17	17	16	12	0	0.0198	0.0179	0.0379	198.6	208.0	HLbalEde1,HLcamDro2,HLdidVir1,HLeleMax1,HLmanJav2,HLoryCun3,HLpteVam2,bosTau9,dasNov3,equCab3,eriEur2,felCat9,mm39,monDom5,rheMac10,rn7,susScr11
ENSG00000267277_core_1	ENSG00000267277		U_ENSG00000267277.3	chr19	11374668	11374946	-	278	278.0	antisense	ENSG00000173928	18	17	16	16	16	1	0.018	0.0134	0.0675	266.8	273.0	HLbalEde1,HLcamDro2,HLdidVir1,HLeleMax1,HLmanJav2,HLnotEug3,HLoryCun3,HLpteVam2,bosTau9,canFam5,dasNov3,equCab3,felCat9,mm39,monDom5,rheMac10,rn7,susScr11
ENSG00000267348_core_1	ENSG00000267348		U_ENSG00000267348.3	chr19	45076509	45076796	-	287	287.0	antisense	ENSG00000007047,ENSG00000142252	19	13	13	13	7	1	0.0348	0.0243	0.0867	207.4	235.0	HLbalEde1,HLcamDro2,HLdidVir1,HLeleMax1,HLmanJav2,HLnotEug3,HLoryCun3,HLpteVam2,bosTau9,canFam5,dasNov3,equCab3,eriEur2,felCat9,mm39,monDom5,rheMac10,rn7,susScr11
ENSG00000267365_core_3	ENSG00000267365	KCNJ2-AS1	U_ENSG00000267365.2	chr17	70168756	70169324	-	568	568.0	antisense	ENSG00000123700	18	16	16	14	13	5	0.0219	0.0136	0.0761	309.6	265.5	HLbalEde1,HLcamDro2,HLdidVir1,HLeleMax1,HLmanJav2,HLnotEug3,HLoryCun3,HLpteVam2,bosTau9,canFam5,dasNov3,equCab3,eriEur2,felCat9,mm39,rheMac10,rn7,susScr11
ENSG00000267387_core_1	ENSG00000267387		U_ENSG00000267387.1	chr19	10089089	10089697	-	608	608.0	antisense	ENSG00000130813	18	16	14	12	9	0	0.0288	0.0202	0.075	246.7	276.5	HLbalEde1,HLcamDro2,HLdidVir1,HLeleMax1,HLmanJav2,HLoryCun3,HLpteVam2,bosTau9,canFam5,dasNov3,equCab3,eriEur2,felCat9,mm39,monDom5,rheMac10,rn7,susScr11
ENSG00000267391_core_1	ENSG00000267391	MIR122HG	U_ENSG00000267391.8	chr18	58445903	58446231	+	328	328.0	intergenic	.	18	15	15	14	8	0	0.0282	0.021	0.0816	235.0	259.0	HLbalEde1,HLcamDro2,HLdidVir1,HLeleMax1,HLmanJav2,HLnotEug3,HLoryCun3,HLpteVam2,bosTau9,canFam5,dasNov3,equCab3,felCat9,mm39,monDom5,rheMac10,rn7,susScr11
ENSG00000267391_core_3	ENSG00000267391	MIR122HG	U_ENSG00000267391.8	chr18	58450834	58451122	+	288	288.0	intergenic	.	17	13	11	9	5	1	0.0371	0.0288	0.0877	173.9	182.0	HLbalEde1,HLcamDro2,HLdidVir1,HLeleMax1,HLmanJav2,HLnotEug3,HLoryCun3,HLpteVam2,bosTau9,canFam5,dasNov3,equCab3,eriEur2,felCat9,rheMac10,rn7,susScr11
ENSG00000267405_core_1	ENSG00000267405		U_ENSG00000267405.2	chr17	44794558	44795006	-	448	448.0	near_coding_5kb	.	17	14	14	13	12	4	0.0229	0.0135	0.0731	257.2	247.0	HLbalEde1,HLeleMax1,HLmanJav2,HLnotEug3,HLoryCun3,HLpteVam2,bosTau9,canFam5,dasNov3,equCab3,eriEur2,felCat9,mm39,monDom5,rheMac10,rn7,susScr11
ENSG00000267413_core_1	ENSG00000267413		U_ENSG00000267413.2	chr18	39841424	39841792	-	368	368.0	intergenic	.	17	17	16	16	15	7	0.0131	0.0103	0.0405	307.7	314.0	HLbalEde1,HLcamDro2,HLeleMax1,HLmanJav2,HLoryCun3,HLpteVam2,bosTau9,canFam5,dasNov3,equCab3,eriEur2,felCat9,mm39,monDom5,rheMac10,rn7,susScr11
ENSG00000267439_core_3	ENSG00000267439		U_ENSG00000267439.2	chr19	35752784	35753415	-	631	631.0	antisense	ENSG00000205155,ENSG00000267796	19	17	17	15	14	11	0.0185	0.0066	0.0904	369.4	446.0	HLbalEde1,HLcamDro2,HLdidVir1,HLeleMax1,HLmanJav2,HLnotEug3,HLoryCun3,HLpteVam2,bosTau9,canFam5,dasNov3,equCab3,eriEur2,felCat9,mm39,monDom5,rheMac10,rn7,susScr11
ENSG00000267465_core_1	ENSG00000267465	LINC03103	U_ENSG00000267465.8	chr19	31592408	31592936	+	528	528.0	intergenic	.	19	19	19	18	18	14	0.0106	0.0082	0.0345	411.7	438.0	HLbalEde1,HLcamDro2,HLdidVir1,HLeleMax1,HLmanJav2,HLnotEug3,HLoryCun3,HLpteVam2,bosTau9,canFam5,dasNov3,equCab3,eriEur2,felCat9,mm39,monDom5,rheMac10,rn7,susScr11
ENSG00000267519_core_12	ENSG00000267519	MIR23AHG	U_ENSG00000267519.7	chr19	13835680	13836608	-	928	928.0	antisense	ENSG00000132003	18	16	15	15	14	10	0.0172	0.0096	0.0576	394.1	419.5	HLbalEde1,HLcamDro2,HLdidVir1,HLeleMax1,HLmanJav2,HLnotEug3,HLoryCun3,HLpteVam2,bosTau9,canFam5,equCab3,eriEur2,felCat9,mm39,monDom5,rheMac10,rn7,susScr11
ENSG00000267519_core_16	ENSG00000267519	MIR23AHG	U_ENSG00000267519.7	chr19	13839320	13840048	-	728	728.0	antisense	ENSG00000132003	17	17	16	15	13	11	0.0128	0.0054	0.0476	535.6	548.0	HLbalEde1,HLcamDro2,HLdidVir1,HLmanJav2,HLnotEug3,HLoryCun3,HLpteVam2,bosTau9,canFam5,equCab3,eriEur2,felCat9,mm39,monDom5,rheMac10,rn7,susScr11
ENSG00000267546_core_1	ENSG00000267546		U_ENSG00000267546.3	chr17	76550922	76551163	-	241	241.0	antisense+sense	ENSG00000161544,ENSG00000214140	18	11	11	9	3	0	0.0424	0.0325	0.087	168.8	178.5	HLbalEde1,HLcamDro2,HLdidVir1,HLeleMax1,HLmanJav2,HLoryCun3,HLpteVam2,bosTau9,canFam5,dasNov3,equCab3,eriEur2,felCat9,mm39,monDom5,rheMac10,rn7,susScr11
ENSG00000267577_core_3	ENSG00000267577	DNAAF3-AS1	U_ENSG00000267577.2	chr19	55161045	55161214	+	169	169.0	antisense	ENSG00000129990,ENSG00000167646,ENSG00000267110	17	13	12	12	7	0	0.0357	0.0236	0.0996	132.7	148.0	HLbalEde1,HLcamDro2,HLdidVir1,HLeleMax1,HLmanJav2,HLnotEug3,HLpteVam2,bosTau9,canFam5,dasNov3,equCab3,eriEur2,felCat9,mm39,rheMac10,rn7,susScr11
ENSG00000267580_core_1	ENSG00000267580		U_ENSG00000267580.1	chr19	33300173	33300421	+	248	248.0	antisense	ENSG00000245848	17	15	15	15	13	1	0.0221	0.0133	0.0972	182.6	176.0	HLbalEde1,HLcamDro2,HLeleMax1,HLmanJav2,HLoryCun3,HLpteVam2,bosTau9,canFam5,dasNov3,equCab3,eriEur2,felCat9,mm39,monDom5,rheMac10,rn7,susScr11
ENSG00000267598_core_1	ENSG00000267598		U_ENSG00000267598.1	chr19	13153672	13154193	-	521	521.0	antisense	ENSG00000160888	19	17	16	16	16	12	0.0175	0.0069	0.0985	414.4	449.0	HLbalEde1,HLcamDro2,HLdidVir1,HLeleMax1,HLmanJav2,HLnotEug3,HLoryCun3,HLpteVam2,bosTau9,canFam5,dasNov3,equCab3,eriEur2,felCat9,mm39,monDom5,rheMac10,rn7,susScr11
ENSG00000267607_core_1	ENSG00000267607	ICAM4-AS1	U_ENSG00000267607.2	chr19	10289141	10289326	-	185	185.0	antisense	ENSG00000090339,ENSG00000105371	18	13	10	4	1	0	0.0449	0.034	0.0877	140.2	139.5	HLbalEde1,HLcamDro2,HLeleMax1,HLmanJav2,HLnotEug3,HLoryCun3,HLpteVam2,bosTau9,canFam5,dasNov3,equCab3,eriEur2,felCat9,mm39,monDom5,rheMac10,rn7,susScr11
ENSG00000267610_core_2	ENSG00000267610		U_ENSG00000267610.2	chr19	13070566	13070974	-	408	408.0	antisense	ENSG00000008441	18	18	18	17	14	3	0.0162	0.0131	0.0399	237.7	226.5	HLbalEde1,HLcamDro2,HLdidVir1,HLeleMax1,HLmanJav2,HLnotEug3,HLoryCun3,HLpteVam2,bosTau9,canFam5,equCab3,eriEur2,felCat9,mm39,monDom5,rheMac10,rn7,susScr11
ENSG00000267707_core_1	ENSG00000267707		U_ENSG00000267707.2	chr18	37247165	37247373	+	208	208.0	antisense	ENSG00000101489	19	19	19	19	19	1	0.0107	0.0104	0.0127	205.3	207.0	HLbalEde1,HLcamDro2,HLdidVir1,HLeleMax1,HLmanJav2,HLnotEug3,HLoryCun3,HLpteVam2,bosTau9,canFam5,dasNov3,equCab3,eriEur2,felCat9,mm39,monDom5,rheMac10,rn7,susScr11
ENSG00000267723_core_3	ENSG00000267723		U_ENSG00000267723.2	chr19	14293261	14293389	-	128	128.0	intergenic	.	17	13	13	8	0	0	0.0389	0.0319	0.0792	109.1	116.0	HLbalEde1,HLcamDro2,HLdidVir1,HLeleMax1,HLnotEug3,HLoryCun3,HLpteVam2,canFam5,dasNov3,equCab3,eriEur2,felCat9,mm39,monDom5,rheMac10,rn7,susScr11
ENSG00000267757_core_1	ENSG00000267757	EML2-AS1	U_ENSG00000267757.5	chr19	45641804	45642052	+	248	248.0	antisense	ENSG00000125746	17	14	14	14	13	1	0.0251	0.015	0.0881	208.6	233.0	HLbalEde1,HLcamDro2,HLeleMax1,HLmanJav2,HLnotEug3,HLoryCun3,HLpteVam2,bosTau9,canFam5,dasNov3,equCab3,eriEur2,felCat9,mm39,rheMac10,rn7,susScr11
ENSG00000267760_core_1	ENSG00000267760		U_ENSG00000267760.2	chr19	30660840	30661118	-	278	278.0	antisense	ENSG00000198597	17	15	15	15	11	0	0.0235	0.0169	0.0844	227.2	246.0	HLbalEde1,HLcamDro2,HLdidVir1,HLeleMax1,HLmanJav2,HLnotEug3,HLoryCun3,HLpteVam2,bosTau9,canFam5,dasNov3,equCab3,eriEur2,felCat9,mm39,rn7,susScr11
ENSG00000267765_core_1	ENSG00000267765		U_ENSG00000267765.1	chr17	42699294	42699422	-	128	128.0	antisense+sense	ENSG00000108797,ENSG00000184451	19	16	14	9	1	0	0.0369	0.0305	0.0872	117.5	124.0	HLbalEde1,HLcamDro2,HLdidVir1,HLeleMax1,HLmanJav2,HLnotEug3,HLoryCun3,HLpteVam2,bosTau9,canFam5,dasNov3,equCab3,eriEur2,felCat9,mm39,monDom5,rheMac10,rn7,susScr11
ENSG00000267778_core_1	ENSG00000267778	CBARP-DT	U_ENSG00000267778.2	chr19	1229187	1229315	+	128	128.0	antisense	ENSG00000099625	17	14	14	9	0	0	0.0366	0.0279	0.098	124.6	125.0	HLbalEde1,HLcamDro2,HLdidVir1,HLeleMax1,HLmanJav2,HLoryCun3,HLpteVam2,bosTau9,canFam5,equCab3,eriEur2,felCat9,mm39,monDom5,rheMac10,rn7,susScr11
ENSG00000268055_core_1	ENSG00000268055		U_ENSG00000268055.3	chr19	38537113	38537293	-	180	180.0	antisense	ENSG00000196218	17	14	12	11	1	0	0.034	0.0252	0.099	159.4	169.0	HLbalEde1,HLcamDro2,HLeleMax1,HLmanJav2,HLnotEug3,HLoryCun3,HLpteVam2,bosTau9,canFam5,dasNov3,equCab3,eriEur2,felCat9,mm39,rheMac10,rn7,susScr11
ENSG00000268066_core_1	ENSG00000268066	FMR1-AS1	U_ENSG00000268066.6	chrX	147911459	147911817	-	358	358.0	near_coding_5kb	.	17	15	15	14	11	1	0.0233	0.0182	0.0602	293.4	287.0	HLbalEde1,HLcamDro2,HLdidVir1,HLeleMax1,HLmanJav2,HLpteVam2,bosTau9,canFam5,dasNov3,equCab3,eriEur2,felCat9,mm39,monDom5,rheMac10,rn7,susScr11
ENSG00000268093_core_1	ENSG00000268093		U_ENSG00000268093.1	chr19	48619271	48619678	-	407	407.0	antisense	ENSG00000063176	18	17	15	13	9	5	0.0226	0.0174	0.0612	334.6	371.5	HLbalEde1,HLcamDro2,HLdidVir1,HLeleMax1,HLmanJav2,HLnotEug3,HLpteVam2,bosTau9,canFam5,dasNov3,equCab3,eriEur2,felCat9,mm39,monDom5,rheMac10,rn7,susScr11
ENSG00000268218_core_1	ENSG00000268218		U_ENSG00000268218.1	chr16	89268143	89268591	+	448	448.0	antisense	ENSG00000167522	18	16	14	12	12	1	0.0241	0.0169	0.0624	289.8	294.0	HLbalEde1,HLcamDro2,HLeleMax1,HLmanJav2,HLnotEug3,HLoryCun3,HLpteVam2,bosTau9,canFam5,dasNov3,equCab3,eriEur2,felCat9,mm39,monDom5,rheMac10,rn7,susScr11
ENSG00000268388_core_2	ENSG00000268388	FENDRR	U_ENSG00000268388.7	chr16	86508751	86509049	-	298	298.0	near_coding_5kb	.	19	18	16	16	16	6	0.0188	0.0106	0.0981	273.9	293.0	HLbalEde1,HLcamDro2,HLdidVir1,HLeleMax1,HLmanJav2,HLnotEug3,HLoryCun3,HLpteVam2,bosTau9,canFam5,dasNov3,equCab3,eriEur2,felCat9,mm39,monDom5,rheMac10,rn7,susScr11
ENSG00000268403_core_1	ENSG00000268403	ZNF143-AS1	U_ENSG00000268403.4	chr11	9459854	9460662	-	808	808.0	antisense	ENSG00000166478	18	14	13	12	10	9	0.0299	0.0106	0.0952	439.2	515.0	HLbalEde1,HLcamDro2,HLdidVir1,HLeleMax1,HLmanJav2,HLnotEug3,HLoryCun3,HLpteVam2,bosTau9,canFam5,dasNov3,equCab3,felCat9,mm39,monDom5,rheMac10,rn7,susScr11
ENSG00000268471_core_1	ENSG00000268471	MIR4453HG	U_ENSG00000268471.7	chr4	152536299	152537067	+	768	768.0	near_coding_5kb	.	19	19	18	18	16	14	0.0108	0.0061	0.0404	541.2	575.0	HLbalEde1,HLcamDro2,HLdidVir1,HLeleMax1,HLmanJav2,HLnotEug3,HLoryCun3,HLpteVam2,bosTau9,canFam5,dasNov3,equCab3,eriEur2,felCat9,mm39,monDom5,rheMac10,rn7,susScr11
ENSG00000268584_core_1	ENSG00000268584		U_ENSG00000268584.2	chr10	73626035	73626283	+	248	248.0	antisense	ENSG00000166348	17	15	15	11	8	0	0.0283	0.0203	0.0829	217.9	235.0	HLbalEde1,HLcamDro2,HLdidVir1,HLeleMax1,HLmanJav2,HLpteVam2,bosTau9,canFam5,dasNov3,equCab3,eriEur2,felCat9,mm39,monDom5,rheMac10,rn7,susScr11
ENSG00000268592_core_1	ENSG00000268592	RAET1E-AS1	U_ENSG00000268592.4	chr6	149863853	149864382	+	529	529.0	antisense	ENSG00000120256,ENSG00000164520,ENSG00000203722	18	18	18	13	12	9	0.0163	0.0095	0.0378	402.4	450.0	HLbalEde1,HLcamDro2,HLdidVir1,HLeleMax1,HLmanJav2,HLnotEug3,HLoryCun3,HLpteVam2,bosTau9,canFam5,equCab3,eriEur2,felCat9,mm39,monDom5,rheMac10,rn7,susScr11
ENSG00000268670_core_1	ENSG00000268670		U_ENSG00000268670.1	chr19	4061751	4061999	-	248	248.0	sense_overlapping	ENSG00000178951	18	15	12	6	3	0	0.0376	0.033	0.0864	198.4	200.0	HLbalEde1,HLcamDro2,HLdidVir1,HLeleMax1,HLmanJav2,HLnotEug3,HLpteVam2,bosTau9,canFam5,dasNov3,equCab3,eriEur2,felCat9,mm39,monDom5,rheMac10,rn7,susScr11
ENSG00000268812_core_1	ENSG00000268812	LIF-AS2	U_ENSG00000268812.3	chr22	30246364	30246652	+	288	288.0	antisense	ENSG00000128342	18	14	13	11	10	1	0.0294	0.0178	0.068	214.0	207.0	HLbalEde1,HLcamDro2,HLdidVir1,HLeleMax1,HLmanJav2,HLoryCun3,HLpteVam2,bosTau9,canFam5,dasNov3,equCab3,eriEur2,felCat9,mm39,monDom5,rheMac10,rn7,susScr11
ENSG00000268858_core_2	ENSG00000268858		U_ENSG00000268858.3	chr20	63862101	63862509	-	408	408.0	antisense	ENSG00000101150,ENSG00000183260	18	18	18	17	17	14	0.0097	0.0066	0.0355	369.4	401.5	HLbalEde1,HLcamDro2,HLdidVir1,HLeleMax1,HLmanJav2,HLoryCun3,HLpteVam2,bosTau9,canFam5,dasNov3,equCab3,eriEur2,felCat9,mm39,monDom5,rheMac10,rn7,susScr11
ENSG00000268858_core_5	ENSG00000268858		U_ENSG00000268858.3	chr20	63865084	63865452	-	368	368.0	antisense	ENSG00000101150,ENSG00000183260	19	19	19	18	14	1	0.0167	0.0145	0.0333	332.8	363.0	HLbalEde1,HLcamDro2,HLdidVir1,HLeleMax1,HLmanJav2,HLnotEug3,HLoryCun3,HLpteVam2,bosTau9,canFam5,dasNov3,equCab3,eriEur2,felCat9,mm39,monDom5,rheMac10,rn7,susScr11
ENSG00000269176_core_1	ENSG00000269176		U_ENSG00000269176.2	chr11	62786297	62786745	-	448	448.0	antisense+sense	ENSG00000162227,ENSG00000168569	17	15	11	10	3	1	0.0319	0.0287	0.0567	192.6	189.0	HLbalEde1,HLcamDro2,HLdidVir1,HLeleMax1,HLmanJav2,HLoryCun3,HLpteVam2,bosTau9,canFam5,dasNov3,equCab3,felCat9,mm39,monDom5,rheMac10,rn7,susScr11
ENSG00000269210_core_2	ENSG00000269210		U_ENSG00000269210.4	chr2	38959976	38960304	-	328	328.0	antisense	ENSG00000214694	17	16	15	15	15	4	0.0153	0.0118	0.0532	204.4	194.0	HLbalEde1,HLcamDro2,HLdidVir1,HLeleMax1,HLmanJav2,HLoryCun3,HLpteVam2,bosTau9,canFam5,dasNov3,equCab3,felCat9,mm39,monDom5,rheMac10,rn7,susScr11
ENSG00000269256_core_1	ENSG00000269256		U_ENSG00000269256.2	chr10	76553701	76553949	-	248	248.0	antisense	ENSG00000148655	18	14	12	10	5	1	0.0329	0.0261	0.0772	194.6	217.0	HLbalEde1,HLcamDro2,HLdidVir1,HLeleMax1,HLmanJav2,HLnotEug3,HLoryCun3,HLpteVam2,bosTau9,canFam5,dasNov3,equCab3,eriEur2,felCat9,mm39,monDom5,rheMac10,rn7
ENSG00000269275_core_1	ENSG00000269275		U_ENSG00000269275.1	chr19	55377677	55377965	-	288	288.0	antisense	ENSG00000160472	18	18	13	11	7	0	0.0283	0.0231	0.0499	192.6	183.5	HLbalEde1,HLcamDro2,HLdidVir1,HLeleMax1,HLmanJav2,HLnotEug3,HLoryCun3,HLpteVam2,bosTau9,canFam5,dasNov3,equCab3,eriEur2,felCat9,mm39,rheMac10,rn7,susScr11
ENSG00000269439_core_2	ENSG00000269439		U_ENSG00000269439.8	chr19	17511429	17511889	-	460	460.0	antisense	ENSG00000130304,ENSG00000130313	17	16	16	16	16	12	0.0126	0.0092	0.057	414.2	443.0	HLbalEde1,HLcamDro2,HLdidVir1,HLeleMax1,HLmanJav2,HLoryCun3,HLpteVam2,bosTau9,canFam5,dasNov3,equCab3,eriEur2,felCat9,mm39,rheMac10,rn7,susScr11
ENSG00000269583_core_1	ENSG00000269583		U_ENSG00000269583.1	chr19	43575398	43575560	+	162	162.0	antisense	ENSG00000073050,ENSG00000268361	18	18	15	13	1	0	0.0286	0.0244	0.0445	145.7	154.5	HLbalEde1,HLcamDro2,HLeleMax1,HLmanJav2,HLnotEug3,HLoryCun3,HLpteVam2,bosTau9,canFam5,dasNov3,equCab3,eriEur2,felCat9,mm39,monDom5,rheMac10,rn7,susScr11
ENSG00000269883_core_2	ENSG00000269883		U_ENSG00000269883.1	chr14	77141402	77142210	+	808	808.0	antisense+sense	ENSG00000165548,ENSG00000177108	19	18	17	16	15	13	0.0135	0.0064	0.0584	479.1	476.0	HLbalEde1,HLcamDro2,HLdidVir1,HLeleMax1,HLmanJav2,HLnotEug3,HLoryCun3,HLpteVam2,bosTau9,canFam5,dasNov3,equCab3,eriEur2,felCat9,mm39,monDom5,rheMac10,rn7,susScr11
ENSG00000269893_core_1	ENSG00000269893	SNHG8	U_ENSG00000269893.11	chr4	118278562	118279137	+	575	575.0	antisense	ENSG00000164099	19	16	16	13	12	4	0.0229	0.0124	0.0639	491.8	570.0	HLbalEde1,HLcamDro2,HLdidVir1,HLeleMax1,HLmanJav2,HLnotEug3,HLoryCun3,HLpteVam2,bosTau9,canFam5,dasNov3,equCab3,eriEur2,felCat9,mm39,monDom5,rheMac10,rn7,susScr11
ENSG00000269961_core_2	ENSG00000269961		U_ENSG00000269961.2	chr5	65925464	65925591	-	127	127.0	antisense	ENSG00000112851	18	14	13	3	0	0	0.0408	0.0353	0.0736	123.0	125.5	HLbalEde1,HLcamDro2,HLdidVir1,HLeleMax1,HLmanJav2,HLnotEug3,HLoryCun3,HLpteVam2,bosTau9,canFam5,dasNov3,equCab3,felCat9,mm39,monDom5,rheMac10,rn7,susScr11
ENSG00000270012_core_1	ENSG00000270012		U_ENSG00000270012.1	chrX	49273413	49273701	+	288	288.0	sense_overlapping	ENSG00000049769	18	16	16	15	14	6	0.0182	0.0107	0.0778	243.0	252.5	HLbalEde1,HLcamDro2,HLdidVir1,HLeleMax1,HLmanJav2,HLoryCun3,HLpteVam2,bosTau9,canFam5,dasNov3,equCab3,eriEur2,felCat9,mm39,monDom5,rheMac10,rn7,susScr11
ENSG00000270059_core_1	ENSG00000270059		U_ENSG00000270059.1	chr3	65359349	65359597	-	248	248.0	sense_overlapping	ENSG00000151276	19	18	17	16	16	2	0.0166	0.0118	0.0532	214.7	243.0	HLbalEde1,HLcamDro2,HLdidVir1,HLeleMax1,HLmanJav2,HLnotEug3,HLoryCun3,HLpteVam2,bosTau9,canFam5,dasNov3,equCab3,eriEur2,felCat9,mm39,monDom5,rheMac10,rn7,susScr11
ENSG00000270060_core_1	ENSG00000270060		U_ENSG00000270060.1	chr11	47168280	47168506	-	226	226.0	sense_overlapping	ENSG00000149182	17	12	12	7	1	0	0.0403	0.0339	0.0875	195.1	212.0	HLbalEde1,HLcamDro2,HLeleMax1,HLmanJav2,HLnotEug3,HLoryCun3,HLpteVam2,bosTau9,canFam5,dasNov3,equCab3,eriEur2,felCat9,mm39,monDom5,rheMac10,susScr11
ENSG00000270111_core_3	ENSG00000270111		U_ENSG00000270111.5	chr10	10462288	10462426	-	138	138.0	intergenic	.	19	19	19	19	13	0	0.0199	0.0191	0.0252	137.8	137.0	HLbalEde1,HLcamDro2,HLdidVir1,HLeleMax1,HLmanJav2,HLnotEug3,HLoryCun3,HLpteVam2,bosTau9,canFam5,dasNov3,equCab3,eriEur2,felCat9,mm39,monDom5,rheMac10,rn7,susScr11
ENSG00000270141_core_1	ENSG00000270141	TERC	U_ENSG00000270141.5	chr3	169764692	169764980	-	288	288.0	near_coding_5kb	.	17	15	15	15	15	11	0.0177	0.0097	0.071	260.5	282.0	HLbalEde1,HLcamDro2,HLdidVir1,HLmanJav2,HLnotEug3,HLoryCun3,HLpteVam2,bosTau9,canFam5,dasNov3,equCab3,eriEur2,felCat9,mm39,rheMac10,rn7,susScr11
ENSG00000270175_core_2	ENSG00000270175		U_ENSG00000270175.2	chr12	53500647	53501535	-	888	888.0	antisense	ENSG00000139546	18	18	18	18	16	15	0.0067	0.004	0.0238	735.4	877.5	HLbalEde1,HLcamDro2,HLdidVir1,HLeleMax1,HLmanJav2,HLnotEug3,HLoryCun3,HLpteVam2,bosTau9,canFam5,dasNov3,equCab3,eriEur2,felCat9,mm39,rheMac10,rn7,susScr11
ENSG00000270177_core_1	ENSG00000270177	PPP2CA-DT	U_ENSG00000270177.2	chr5	134226175	134227143	+	968	968.0	near_coding_5kb	.	19	19	18	17	17	15	0.0116	0.008	0.0452	679.7	684.0	HLbalEde1,HLcamDro2,HLdidVir1,HLeleMax1,HLmanJav2,HLnotEug3,HLoryCun3,HLpteVam2,bosTau9,canFam5,dasNov3,equCab3,eriEur2,felCat9,mm39,monDom5,rheMac10,rn7,susScr11
ENSG00000270182_core_1	ENSG00000270182		U_ENSG00000270182.1	chr7	27158543	27158871	+	328	328.0	near_coding_5kb	.	17	15	13	12	10	0	0.0257	0.0143	0.0716	269.0	317.0	HLbalEde1,HLcamDro2,HLdidVir1,HLeleMax1,HLmanJav2,HLnotEug3,HLoryCun3,HLpteVam2,bosTau9,canFam5,dasNov3,equCab3,felCat9,mm39,monDom5,rheMac10,rn7
ENSG00000270194_core_2	ENSG00000270194	GOLGA4-AS1	U_ENSG00000270194.2	chr3	37242794	37243882	-	1088	1088.0	antisense	ENSG00000144674	18	17	17	17	17	15	0.0106	0.0056	0.083	765.2	796.0	HLbalEde1,HLcamDro2,HLdidVir1,HLeleMax1,HLmanJav2,HLoryCun3,HLpteVam2,bosTau9,canFam5,dasNov3,equCab3,eriEur2,felCat9,mm39,monDom5,rheMac10,rn7,susScr11
ENSG00000270361_core_1	ENSG00000270361		U_ENSG00000270361.2	chr1	154936999	154937727	+	728	728.0	antisense	ENSG00000163344	17	11	8	6	3	0	0.0449	0.0427	0.0978	232.7	258.0	HLbalEde1,HLcamDro2,HLeleMax1,HLmanJav2,HLnotEug3,HLoryCun3,HLpteVam2,bosTau9,canFam5,dasNov3,equCab3,felCat9,mm39,monDom5,rheMac10,rn7,susScr11
ENSG00000270362_core_1	ENSG00000270362	HMGN3-AS1	U_ENSG00000270362.3	chr6	79233776	79233984	+	208	208.0	antisense	ENSG00000118418	17	15	15	11	7	0	0.0268	0.0203	0.0661	184.8	201.0	HLbalEde1,HLcamDro2,HLdidVir1,HLeleMax1,HLoryCun3,HLpteVam2,bosTau9,canFam5,dasNov3,equCab3,eriEur2,felCat9,mm39,monDom5,rheMac10,rn7,susScr11
ENSG00000270403_core_1	ENSG00000270403		U_ENSG00000270403.2	chr11	117668366	117668654	+	288	288.0	antisense	ENSG00000177103	17	13	13	11	5	1	0.0368	0.0273	0.0899	204.7	204.0	HLbalEde1,HLcamDro2,HLeleMax1,HLmanJav2,HLoryCun3,HLpteVam2,bosTau9,canFam5,dasNov3,equCab3,eriEur2,felCat9,mm39,monDom5,rheMac10,rn7,susScr11
ENSG00000270607_core_1	ENSG00000270607	LEISA1	U_ENSG00000270607.1	chr11	19711931	19712579	-	648	648.0	antisense	ENSG00000166833	18	13	12	12	11	1	0.0294	0.0161	0.0661	242.7	209.5	HLbalEde1,HLcamDro2,HLdidVir1,HLmanJav2,HLnotEug3,HLoryCun3,HLpteVam2,bosTau9,canFam5,dasNov3,equCab3,eriEur2,felCat9,mm39,monDom5,rheMac10,rn7,susScr11
ENSG00000270673_core_1	ENSG00000270673		U_ENSG00000270673.3	chr8	63167895	63168983	-	1088	1088.0	antisense	ENSG00000185728	19	19	18	18	18	18	0.0072	0.0056	0.0411	728.9	656.0	HLbalEde1,HLcamDro2,HLdidVir1,HLeleMax1,HLmanJav2,HLnotEug3,HLoryCun3,HLpteVam2,bosTau9,canFam5,dasNov3,equCab3,eriEur2,felCat9,mm39,monDom5,rheMac10,rn7,susScr11
ENSG00000270820_core_1	ENSG00000270820	USP34-DT	U_ENSG00000270820.9	chr2	61471352	61471808	+	456	456.0	antisense	ENSG00000082898	19	18	18	17	14	5	0.017	0.0133	0.0592	363.1	418.0	HLbalEde1,HLcamDro2,HLdidVir1,HLeleMax1,HLmanJav2,HLnotEug3,HLoryCun3,HLpteVam2,bosTau9,canFam5,dasNov3,equCab3,eriEur2,felCat9,mm39,monDom5,rheMac10,rn7,susScr11
ENSG00000270823_core_1	ENSG00000270823		U_ENSG00000270823.1	chr7	130498099	130498347	-	248	248.0	antisense	ENSG00000106484	18	14	13	13	9	1	0.0292	0.02	0.0981	176.9	166.5	HLbalEde1,HLcamDro2,HLeleMax1,HLmanJav2,HLnotEug3,HLoryCun3,HLpteVam2,bosTau9,canFam5,dasNov3,equCab3,eriEur2,felCat9,mm39,monDom5,rheMac10,rn7,susScr11
ENSG00000270866_core_1	ENSG00000270866		U_ENSG00000270866.2	chr8	76403857	76404345	+	488	488.0	intergenic	.	18	18	17	17	15	11	0.012	0.008	0.0418	308.4	303.0	HLbalEde1,HLcamDro2,HLdidVir1,HLeleMax1,HLnotEug3,HLoryCun3,HLpteVam2,bosTau9,canFam5,dasNov3,equCab3,eriEur2,felCat9,mm39,monDom5,rheMac10,rn7,susScr11
ENSG00000271155_core_3	ENSG00000271155		U_ENSG00000271155.1	chr9	95506954	95507442	+	488	488.0	antisense	ENSG00000185920	18	17	16	15	15	14	0.0143	0.007	0.0561	424.7	481.5	HLbalEde1,HLcamDro2,HLdidVir1,HLeleMax1,HLmanJav2,HLoryCun3,HLpteVam2,bosTau9,canFam5,dasNov3,equCab3,eriEur2,felCat9,mm39,monDom5,rheMac10,rn7,susScr11
ENSG00000271360_core_1	ENSG00000271360		U_ENSG00000271360.1	chr10	11611464	11612112	+	648	648.0	antisense	ENSG00000148429	19	19	18	18	17	15	0.0103	0.0065	0.0491	503.5	486.0	HLbalEde1,HLcamDro2,HLdidVir1,HLeleMax1,HLmanJav2,HLnotEug3,HLoryCun3,HLpteVam2,bosTau9,canFam5,dasNov3,equCab3,eriEur2,felCat9,mm39,monDom5,rheMac10,rn7,susScr11
ENSG00000271380_core_1	ENSG00000271380	PYGO2-AS1	U_ENSG00000271380.1	chr1	154961864	154962192	+	328	328.0	antisense	ENSG00000160691,ENSG00000163348	18	17	17	17	11	1	0.0205	0.0176	0.0567	299.7	314.5	HLbalEde1,HLcamDro2,HLeleMax1,HLmanJav2,HLnotEug3,HLoryCun3,HLpteVam2,bosTau9,canFam5,dasNov3,equCab3,eriEur2,felCat9,mm39,monDom5,rheMac10,rn7,susScr11
ENSG00000271387_core_1	ENSG00000271387	C1orf21-DT	U_ENSG00000271387.2	chr1	184386271	184386759	-	488	488.0	near_coding_5kb	.	19	19	18	14	11	4	0.0205	0.0148	0.0414	339.1	337.0	HLbalEde1,HLcamDro2,HLdidVir1,HLeleMax1,HLmanJav2,HLnotEug3,HLoryCun3,HLpteVam2,bosTau9,canFam5,dasNov3,equCab3,eriEur2,felCat9,mm39,monDom5,rheMac10,rn7,susScr11
ENSG00000271398_core_1	ENSG00000271398		U_ENSG00000271398.1	chr1	28247183	28247471	+	288	288.0	near_coding_5kb	.	19	16	16	16	16	1	0.0217	0.0136	0.0773	245.6	274.0	HLbalEde1,HLcamDro2,HLdidVir1,HLeleMax1,HLmanJav2,HLnotEug3,HLoryCun3,HLpteVam2,bosTau9,canFam5,dasNov3,equCab3,eriEur2,felCat9,mm39,monDom5,rheMac10,rn7,susScr11
ENSG00000271434_core_4	ENSG00000271434		U_ENSG00000271434.3	chr10	124449819	124449978	+	159	159.0	unknown	.	19	13	13	12	5	0	0.0353	0.0224	0.085	138.7	156.0	HLbalEde1,HLcamDro2,HLdidVir1,HLeleMax1,HLmanJav2,HLnotEug3,HLoryCun3,HLpteVam2,bosTau9,canFam5,dasNov3,equCab3,eriEur2,felCat9,mm39,monDom5,rheMac10,rn7,susScr11
ENSG00000271474_core_2	ENSG00000271474		U_ENSG00000271474.2	chr4	95549203	95550211	+	1008	1008.0	antisense	ENSG00000182168	19	19	18	16	14	8	0.0145	0.0117	0.0455	503.9	378.0	HLbalEde1,HLcamDro2,HLdidVir1,HLeleMax1,HLmanJav2,HLnotEug3,HLoryCun3,HLpteVam2,bosTau9,canFam5,dasNov3,equCab3,eriEur2,felCat9,mm39,monDom5,rheMac10,rn7,susScr11
ENSG00000271714_core_2	ENSG00000271714	FAM169A-AS1	U_ENSG00000271714.1	chr5	74866172	74866460	+	288	288.0	antisense	ENSG00000198780	17	17	15	15	12	2	0.0194	0.0167	0.0497	239.2	272.0	HLbalEde1,HLcamDro2,HLdidVir1,HLeleMax1,HLmanJav2,HLnotEug3,HLoryCun3,bosTau9,canFam5,dasNov3,equCab3,eriEur2,felCat9,mm39,monDom5,rn7,susScr11
ENSG00000271776_core_1	ENSG00000271776		U_ENSG00000271776.1	chr13	78596208	78596576	+	368	368.0	antisense	ENSG00000152192	18	16	15	12	11	1	0.0271	0.0161	0.0991	309.4	336.0	HLbalEde1,HLcamDro2,HLdidVir1,HLeleMax1,HLmanJav2,HLnotEug3,HLoryCun3,HLpteVam2,bosTau9,canFam5,dasNov3,equCab3,eriEur2,felCat9,mm39,rheMac10,rn7,susScr11
ENSG00000271857_core_1	ENSG00000271857		U_ENSG00000271857.2	chr6	45421597	45421885	-	288	288.0	antisense	ENSG00000124813	17	16	16	16	16	8	0.0136	0.0101	0.0607	282.7	290.0	HLbalEde1,HLcamDro2,HLeleMax1,HLmanJav2,HLoryCun3,HLpteVam2,bosTau9,canFam5,dasNov3,equCab3,eriEur2,felCat9,mm39,monDom5,rheMac10,rn7,susScr11
ENSG00000271858_core_1	ENSG00000271858		U_ENSG00000271858.5	chr3	50365573	50365940	+	367	367.0	antisense+sense	ENSG00000007402,ENSG00000272104	18	15	15	12	7	2	0.0288	0.0219	0.0855	221.4	217.0	HLbalEde1,HLcamDro2,HLdidVir1,HLeleMax1,HLmanJav2,HLnotEug3,HLoryCun3,HLpteVam2,bosTau9,canFam5,dasNov3,equCab3,felCat9,mm39,monDom5,rheMac10,rn7,susScr11
ENSG00000271858_core_2	ENSG00000271858		U_ENSG00000271858.5	chr3	50367795	50368001	+	206	206.0	antisense+sense	ENSG00000007402,ENSG00000272104	17	14	13	8	4	0	0.0353	0.032	0.0851	115.6	107.0	HLcamDro2,HLdidVir1,HLeleMax1,HLmanJav2,HLnotEug3,HLoryCun3,HLpteVam2,bosTau9,canFam5,dasNov3,equCab3,eriEur2,felCat9,mm39,monDom5,rheMac10,rn7
ENSG00000271894_core_1	ENSG00000271894		U_ENSG00000271894.2	chr2	56372343	56372478	+	135	135.0	sense_overlapping	ENSG00000055813	17	17	15	10	0	0	0.0292	0.0241	0.044	93.1	106.0	HLbalEde1,HLcamDro2,HLdidVir1,HLmanJav2,HLnotEug3,HLoryCun3,HLpteVam2,bosTau9,canFam5,dasNov3,equCab3,eriEur2,felCat9,mm39,monDom5,rheMac10,susScr11
ENSG00000271894_core_2	ENSG00000271894		U_ENSG00000271894.2	chr2	56375815	56375935	+	120	120.0	sense_overlapping	ENSG00000055813	17	17	17	17	3	0	0.0213	0.0212	0.0272	119.9	120.0	HLcamDro2,HLdidVir1,HLeleMax1,HLmanJav2,HLoryCun3,HLpteVam2,bosTau9,canFam5,dasNov3,equCab3,eriEur2,felCat9,mm39,monDom5,rheMac10,rn7,susScr11
ENSG00000271931_core_1	ENSG00000271931	PNRC1-DT	U_ENSG00000271931.1	chr6	89080379	89080627	-	248	248.0	near_coding_5kb	.	19	16	15	15	11	1	0.0281	0.0196	0.0757	210.3	225.0	HLbalEde1,HLcamDro2,HLdidVir1,HLeleMax1,HLmanJav2,HLnotEug3,HLoryCun3,HLpteVam2,bosTau9,canFam5,dasNov3,equCab3,eriEur2,felCat9,mm39,monDom5,rheMac10,rn7,susScr11
ENSG00000271969_core_1	ENSG00000271969		U_ENSG00000271969.1	chr12	6965028	6965276	+	248	248.0	antisense	ENSG00000215021	18	15	15	12	6	0	0.0315	0.0237	0.0744	202.1	194.5	HLbalEde1,HLcamDro2,HLeleMax1,HLmanJav2,HLnotEug3,HLoryCun3,HLpteVam2,bosTau9,canFam5,dasNov3,equCab3,eriEur2,felCat9,mm39,monDom5,rheMac10,rn7,susScr11
ENSG00000271989_core_1	ENSG00000271989		U_ENSG00000271989.1	chr1	10430149	10430597	-	448	448.0	antisense	ENSG00000175279,ENSG00000251503	17	17	17	13	10	1	0.019	0.0148	0.0367	298.1	307.0	HLbalEde1,HLcamDro2,HLdidVir1,HLeleMax1,HLmanJav2,HLoryCun3,HLpteVam2,bosTau9,canFam5,dasNov3,equCab3,eriEur2,felCat9,mm39,rheMac10,rn7,susScr11
ENSG00000271991_core_1	ENSG00000271991	TTC32-DT	U_ENSG00000271991.4	chr2	19901412	19902380	+	968	968.0	antisense	ENSG00000183891	18	16	15	15	13	10	0.0211	0.009	0.0799	574.2	657.0	HLbalEde1,HLcamDro2,HLdidVir1,HLeleMax1,HLmanJav2,HLnotEug3,HLoryCun3,HLpteVam2,bosTau9,canFam5,dasNov3,equCab3,felCat9,mm39,monDom5,rheMac10,rn7,susScr11
ENSG00000272004_core_1	ENSG00000272004		U_ENSG00000272004.2	chr1	1659066	1659452	+	386	386.0	antisense	ENSG00000189339	18	16	11	3	1	1	0.0373	0.0382	0.0551	339.6	347.5	HLbalEde1,HLcamDro2,HLdidVir1,HLeleMax1,HLmanJav2,HLnotEug3,HLoryCun3,HLpteVam2,bosTau9,canFam5,equCab3,eriEur2,felCat9,mm39,monDom5,rheMac10,rn7,susScr11
ENSG00000272008_core_1	ENSG00000272008		U_ENSG00000272008.2	chr6	87151877	87152685	-	808	808.0	antisense	ENSG00000188994	19	16	15	15	13	9	0.0256	0.0104	0.0933	477.9	471.0	HLbalEde1,HLcamDro2,HLdidVir1,HLeleMax1,HLmanJav2,HLnotEug3,HLoryCun3,HLpteVam2,bosTau9,canFam5,dasNov3,equCab3,eriEur2,felCat9,mm39,monDom5,rheMac10,rn7,susScr11
ENSG00000272023_core_1	ENSG00000272023		U_ENSG00000272023.2	chr5	132998620	132998766	+	146	146.0	antisense	ENSG00000155329	19	19	18	17	12	0	0.0201	0.0169	0.0417	138.1	146.0	HLbalEde1,HLcamDro2,HLdidVir1,HLeleMax1,HLmanJav2,HLnotEug3,HLoryCun3,HLpteVam2,bosTau9,canFam5,dasNov3,equCab3,eriEur2,felCat9,mm39,monDom5,rheMac10,rn7,susScr11
ENSG00000272043_core_2	ENSG00000272043		U_ENSG00000272043.3	chr8	122780464	122781072	+	608	608.0	near_coding_5kb	.	18	17	16	15	15	8	0.0168	0.0111	0.0613	395.6	362.5	HLbalEde1,HLcamDro2,HLdidVir1,HLeleMax1,HLmanJav2,HLnotEug3,HLoryCun3,HLpteVam2,bosTau9,canFam5,dasNov3,equCab3,eriEur2,felCat9,mm39,rheMac10,rn7,susScr11
ENSG00000272078_core_8	ENSG00000272078		U_ENSG00000272078.1	chr1	10650610	10651018	+	408	408.0	antisense	ENSG00000130940	18	17	17	17	17	8	0.0137	0.0107	0.0586	298.0	334.5	HLbalEde1,HLcamDro2,HLdidVir1,HLeleMax1,HLmanJav2,HLnotEug3,HLoryCun3,HLpteVam2,bosTau9,canFam5,dasNov3,equCab3,eriEur2,felCat9,monDom5,rheMac10,rn7,susScr11
ENSG00000272078_core_12	ENSG00000272078		U_ENSG00000272078.1	chr1	10653250	10653578	+	328	328.0	antisense	ENSG00000130940	17	17	16	15	14	2	0.016	0.0112	0.0468	243.8	248.0	HLbalEde1,HLcamDro2,HLdidVir1,HLeleMax1,HLmanJav2,HLoryCun3,HLpteVam2,bosTau9,canFam5,dasNov3,equCab3,eriEur2,felCat9,mm39,rheMac10,rn7,susScr11
ENSG00000272081_core_2	ENSG00000272081	FCHO2-DT	U_ENSG00000272081.2	chr5	72955657	72955923	-	266	266.0	near_coding_5kb	.	19	13	11	11	10	0	0.034	0.0199	0.078	242.0	261.0	HLbalEde1,HLcamDro2,HLdidVir1,HLeleMax1,HLmanJav2,HLnotEug3,HLoryCun3,HLpteVam2,bosTau9,canFam5,dasNov3,equCab3,eriEur2,felCat9,mm39,monDom5,rheMac10,rn7,susScr11
ENSG00000272084_core_2	ENSG00000272084		U_ENSG00000272084.1	chr1	19073263	19073631	-	368	368.0	sense_overlapping	ENSG00000127481	18	14	11	8	5	1	0.0388	0.0359	0.0992	247.1	251.0	HLbalEde1,HLcamDro2,HLdidVir1,HLeleMax1,HLmanJav2,HLnotEug3,HLpteVam2,bosTau9,canFam5,dasNov3,equCab3,eriEur2,felCat9,mm39,monDom5,rheMac10,rn7,susScr11
ENSG00000272084_core_3	ENSG00000272084		U_ENSG00000272084.1	chr1	19074223	19075151	-	928	928.0	sense_overlapping	ENSG00000127481	19	19	16	15	12	7	0.0179	0.0134	0.0472	469.6	401.0	HLbalEde1,HLcamDro2,HLdidVir1,HLeleMax1,HLmanJav2,HLnotEug3,HLoryCun3,HLpteVam2,bosTau9,canFam5,dasNov3,equCab3,eriEur2,felCat9,mm39,monDom5,rheMac10,rn7,susScr11
ENSG00000272086_core_1	ENSG00000272086		U_ENSG00000272086.3	chr5	32173999	32174447	+	448	448.0	antisense	ENSG00000113384	17	17	17	17	17	15	0.0078	0.0077	0.0106	435.3	439.0	HLbalEde1,HLcamDro2,HLdidVir1,HLmanJav2,HLoryCun3,HLpteVam2,bosTau9,canFam5,dasNov3,equCab3,eriEur2,felCat9,mm39,monDom5,rheMac10,rn7,susScr11
ENSG00000272092_core_1	ENSG00000272092		U_ENSG00000272092.1	chr8	38382523	38383131	+	608	608.0	near_coding_5kb	.	18	15	15	15	9	1	0.026	0.0204	0.0775	428.6	512.0	HLbalEde1,HLcamDro2,HLdidVir1,HLeleMax1,HLmanJav2,HLoryCun3,HLpteVam2,bosTau9,canFam5,dasNov3,equCab3,eriEur2,felCat9,mm39,monDom5,rheMac10,rn7,susScr11
ENSG00000272157_core_1	ENSG00000272157		U_ENSG00000272157.3	chr8	24956250	24956818	+	568	568.0	antisense	ENSG00000277586	19	19	19	19	18	17	0.0075	0.0058	0.0238	423.4	448.0	HLbalEde1,HLcamDro2,HLdidVir1,HLeleMax1,HLmanJav2,HLnotEug3,HLoryCun3,HLpteVam2,bosTau9,canFam5,dasNov3,equCab3,eriEur2,felCat9,mm39,monDom5,rheMac10,rn7,susScr11
ENSG00000272163_core_2	ENSG00000272163		U_ENSG00000272163.3	chr8	24913629	24913997	-	368	368.0	antisense	ENSG00000104722	18	18	18	18	18	16	0.0071	0.0063	0.0122	358.6	368.0	HLbalEde1,HLcamDro2,HLeleMax1,HLmanJav2,HLnotEug3,HLoryCun3,HLpteVam2,bosTau9,canFam5,dasNov3,equCab3,eriEur2,felCat9,mm39,monDom5,rheMac10,rn7,susScr11
ENSG00000272192_core_1	ENSG00000272192		U_ENSG00000272192.3	chr8	65842265	65842713	+	448	448.0	antisense	ENSG00000205268	19	19	16	14	14	8	0.0182	0.0108	0.0485	365.5	415.0	HLbalEde1,HLcamDro2,HLdidVir1,HLeleMax1,HLmanJav2,HLnotEug3,HLoryCun3,HLpteVam2,bosTau9,canFam5,dasNov3,equCab3,eriEur2,felCat9,mm39,monDom5,rheMac10,rn7,susScr11
ENSG00000272195_core_2	ENSG00000272195	EFCAB2-AS1	U_ENSG00000272195.2	chr1	244970891	244971109	-	218	218.0	antisense	ENSG00000203666	17	15	14	13	8	0	0.0283	0.0215	0.0928	200.9	215.0	HLbalEde1,HLcamDro2,HLeleMax1,HLmanJav2,HLoryCun3,HLpteVam2,bosTau9,canFam5,dasNov3,equCab3,eriEur2,felCat9,mm39,monDom5,rheMac10,rn7,susScr11
ENSG00000272205_core_2	ENSG00000272205	POU2F1-DT	U_ENSG00000272205.3	chr1	167220372	167220495	-	123	123.0	near_coding_5kb	.	17	5	2	1	0	0	0.0605	0.0616	0.0967	92.8	101.0	HLbalEde1,HLcamDro2,HLdidVir1,HLeleMax1,HLmanJav2,HLoryCun3,HLpteVam2,bosTau9,canFam5,dasNov3,equCab3,felCat9,mm39,monDom5,rheMac10,rn7,susScr11
ENSG00000272269_core_2	ENSG00000272269	NUP153-AS1	U_ENSG00000272269.3	chr6	17706613	17707061	+	448	448.0	antisense	ENSG00000124789	18	18	18	16	16	8	0.0137	0.012	0.0368	313.9	244.0	HLbalEde1,HLcamDro2,HLdidVir1,HLeleMax1,HLmanJav2,HLoryCun3,HLpteVam2,bosTau9,canFam5,dasNov3,equCab3,eriEur2,felCat9,mm39,monDom5,rheMac10,rn7,susScr11
ENSG00000272288_core_1	ENSG00000272288	ILRUN-AS1	U_ENSG00000272288.9	chr6	34696396	34696524	+	128	128.0	antisense	ENSG00000196821	18	16	16	15	10	0	0.0286	0.0195	0.0913	119.5	126.0	HLbalEde1,HLcamDro2,HLdidVir1,HLeleMax1,HLmanJav2,HLoryCun3,HLpteVam2,bosTau9,canFam5,dasNov3,equCab3,eriEur2,felCat9,mm39,monDom5,rheMac10,rn7,susScr11
ENSG00000272374_core_4	ENSG00000272374	SCUBE3-AS1	U_ENSG00000272374.1	chr6	35223302	35223750	-	448	448.0	antisense	ENSG00000146197	18	14	13	10	10	6	0.0267	0.0142	0.07	319.5	361.0	HLbalEde1,HLcamDro2,HLdidVir1,HLeleMax1,HLmanJav2,HLoryCun3,HLpteVam2,bosTau9,canFam5,dasNov3,equCab3,eriEur2,felCat9,mm39,monDom5,rheMac10,rn7,susScr11
ENSG00000272476_core_1	ENSG00000272476		U_ENSG00000272476.1	chr6	107957772	107959260	+	1488	1488.0	antisense	ENSG00000025796	18	18	18	18	17	15	0.0075	0.0058	0.0205	558.6	529.0	HLbalEde1,HLcamDro2,HLdidVir1,HLeleMax1,HLmanJav2,HLnotEug3,HLoryCun3,HLpteVam2,bosTau9,canFam5,dasNov3,equCab3,felCat9,mm39,monDom5,rheMac10,rn7,susScr11
ENSG00000272525_core_1	ENSG00000272525		U_ENSG00000272525.3	chr5	73497866	73498834	-	968	968.0	antisense	ENSG00000145741	18	17	17	16	14	13	0.0126	0.0046	0.0826	716.1	818.5	HLbalEde1,HLcamDro2,HLdidVir1,HLeleMax1,HLmanJav2,HLnotEug3,HLoryCun3,HLpteVam2,bosTau9,canFam5,dasNov3,equCab3,felCat9,mm39,monDom5,rheMac10,rn7,susScr11
ENSG00000272589_core_1	ENSG00000272589		U_ENSG00000272589.1	chr10	73797821	73797964	-	143	143.0	antisense	ENSG00000214655	19	19	19	19	14	0	0.0191	0.0176	0.0261	139.8	143.0	HLbalEde1,HLcamDro2,HLdidVir1,HLeleMax1,HLmanJav2,HLnotEug3,HLoryCun3,HLpteVam2,bosTau9,canFam5,dasNov3,equCab3,eriEur2,felCat9,mm39,monDom5,rheMac10,rn7,susScr11
ENSG00000272599_core_1	ENSG00000272599		U_ENSG00000272599.2	chr10	73125037	73125245	-	208	208.0	antisense	ENSG00000166321	18	18	18	18	16	0	0.0158	0.0146	0.0244	194.7	199.5	HLbalEde1,HLcamDro2,HLdidVir1,HLeleMax1,HLmanJav2,HLnotEug3,HLoryCun3,HLpteVam2,bosTau9,canFam5,dasNov3,equCab3,eriEur2,felCat9,mm39,rheMac10,rn7,susScr11
ENSG00000272631_core_1	ENSG00000272631		U_ENSG00000272631.2	chr10	86755834	86756276	-	442	442.0	antisense	ENSG00000107779,ENSG00000122367	19	17	16	15	8	1	0.0271	0.0217	0.083	348.8	411.0	HLbalEde1,HLcamDro2,HLdidVir1,HLeleMax1,HLmanJav2,HLnotEug3,HLoryCun3,HLpteVam2,bosTau9,canFam5,dasNov3,equCab3,eriEur2,felCat9,mm39,monDom5,rheMac10,rn7,susScr11
ENSG00000272663_core_2	ENSG00000272663	PPP1R21-DT	U_ENSG00000272663.2	chr2	48440298	48440671	-	373	373.0	antisense	ENSG00000162869	19	19	19	16	14	5	0.0171	0.0121	0.0377	293.0	343.0	HLbalEde1,HLcamDro2,HLdidVir1,HLeleMax1,HLmanJav2,HLnotEug3,HLoryCun3,HLpteVam2,bosTau9,canFam5,dasNov3,equCab3,eriEur2,felCat9,mm39,monDom5,rheMac10,rn7,susScr11
ENSG00000272677_core_1	ENSG00000272677	HNRNPD-DT	U_ENSG00000272677.4	chr4	82374393	82374681	+	288	288.0	antisense	ENSG00000138668	17	17	16	11	5	1	0.0265	0.0235	0.0487	270.4	281.0	HLbalEde1,HLcamDro2,HLeleMax1,HLmanJav2,HLoryCun3,HLpteVam2,bosTau9,canFam5,dasNov3,equCab3,eriEur2,felCat9,mm39,monDom5,rheMac10,rn7,susScr11
ENSG00000272686_core_1	ENSG00000272686	WASL-DT	U_ENSG00000272686.2	chr7	123749308	123749516	+	208	208.0	near_coding_5kb	.	18	10	9	5	1	0	0.0475	0.0421	0.0998	174.5	176.5	HLbalEde1,HLcamDro2,HLeleMax1,HLmanJav2,HLnotEug3,HLoryCun3,HLpteVam2,bosTau9,canFam5,dasNov3,equCab3,eriEur2,felCat9,mm39,monDom5,rheMac10,rn7,susScr11
ENSG00000272711_core_2	ENSG00000272711	HK2-DT	U_ENSG00000272711.1	chr2	74833259	74833867	-	608	608.0	near_coding_5kb	.	19	16	16	16	15	1	0.0251	0.0171	0.0815	250.7	235.0	HLbalEde1,HLcamDro2,HLdidVir1,HLeleMax1,HLmanJav2,HLnotEug3,HLoryCun3,HLpteVam2,bosTau9,canFam5,dasNov3,equCab3,eriEur2,felCat9,mm39,monDom5,rheMac10,rn7,susScr11
ENSG00000272729_core_1	ENSG00000272729		U_ENSG00000272729.1	chr2	176164748	176165156	-	408	408.0	antisense	ENSG00000128652	19	16	16	13	13	7	0.0248	0.012	0.0925	302.3	358.0	HLbalEde1,HLcamDro2,HLdidVir1,HLeleMax1,HLmanJav2,HLnotEug3,HLoryCun3,HLpteVam2,bosTau9,canFam5,dasNov3,equCab3,eriEur2,felCat9,mm39,monDom5,rheMac10,rn7,susScr11
ENSG00000272762_core_2	ENSG00000272762		U_ENSG00000272762.5	chr3	51971491	51971698	-	207	207.0	antisense+sense	ENSG00000090097,ENSG00000114779,ENSG00000248487	19	19	19	18	16	0	0.0159	0.0142	0.0376	196.3	205.0	HLbalEde1,HLcamDro2,HLdidVir1,HLeleMax1,HLmanJav2,HLnotEug3,HLoryCun3,HLpteVam2,bosTau9,canFam5,dasNov3,equCab3,eriEur2,felCat9,mm39,monDom5,rheMac10,rn7,susScr11
ENSG00000272763_core_2	ENSG00000272763	LINC03057	U_ENSG00000272763.2	chr17	48646772	48647020	-	248	248.0	near_coding_5kb	.	18	16	15	12	10	0	0.0256	0.018	0.0565	219.2	240.0	HLbalEde1,HLcamDro2,HLdidVir1,HLeleMax1,HLmanJav2,HLnotEug3,HLoryCun3,HLpteVam2,bosTau9,canFam5,dasNov3,equCab3,eriEur2,felCat9,mm39,monDom5,rheMac10,susScr11
ENSG00000272768_core_1	ENSG00000272768		U_ENSG00000272768.2	chr7	44885512	44886040	+	528	528.0	antisense	ENSG00000146676	18	16	14	14	4	1	0.0291	0.0254	0.0618	271.9	229.5	HLbalEde1,HLcamDro2,HLdidVir1,HLeleMax1,HLmanJav2,HLnotEug3,HLoryCun3,bosTau9,canFam5,dasNov3,equCab3,eriEur2,felCat9,mm39,monDom5,rheMac10,rn7,susScr11
ENSG00000272800_core_1	ENSG00000272800		U_ENSG00000272800.4	chr2	183214647	183214855	+	208	208.0	intergenic	.	17	17	17	14	14	0	0.0186	0.0152	0.0378	192.6	203.0	HLbalEde1,HLcamDro2,HLdidVir1,HLeleMax1,HLmanJav2,HLnotEug3,HLoryCun3,HLpteVam2,canFam5,dasNov3,equCab3,felCat9,mm39,monDom5,rheMac10,rn7,susScr11
ENSG00000272801_core_1	ENSG00000272801		U_ENSG00000272801.1	chr7	27152367	27152598	-	231	231.0	sense_overlapping	ENSG00000105997,ENSG00000106006	19	19	19	19	15	1	0.0137	0.0113	0.0245	226.6	231.0	HLbalEde1,HLcamDro2,HLdidVir1,HLeleMax1,HLmanJav2,HLnotEug3,HLoryCun3,HLpteVam2,bosTau9,canFam5,dasNov3,equCab3,eriEur2,felCat9,mm39,monDom5,rheMac10,rn7,susScr11
ENSG00000272817_core_1	ENSG00000272817		U_ENSG00000272817.1	chr10	91908896	91909105	+	209	209.0	antisense	ENSG00000174721	18	17	15	12	6	0	0.0268	0.0229	0.0536	188.2	198.5	HLbalEde1,HLcamDro2,HLeleMax1,HLmanJav2,HLnotEug3,HLoryCun3,HLpteVam2,bosTau9,canFam5,dasNov3,equCab3,eriEur2,felCat9,mm39,monDom5,rheMac10,rn7,susScr11
ENSG00000272841_core_1	ENSG00000272841		U_ENSG00000272841.1	chr6	160991414	160992222	-	808	808.0	antisense	ENSG00000085511	18	17	17	17	17	16	0.0107	0.0049	0.0921	652.5	718.5	HLbalEde1,HLcamDro2,HLdidVir1,HLeleMax1,HLmanJav2,HLnotEug3,HLoryCun3,HLpteVam2,bosTau9,canFam5,dasNov3,equCab3,felCat9,mm39,monDom5,rheMac10,rn7,susScr11
ENSG00000272844_core_1	ENSG00000272844		U_ENSG00000272844.1	chr3	112990785	112991073	-	288	288.0	antisense	ENSG00000163607	17	16	15	11	3	1	0.0273	0.0243	0.0502	256.0	273.0	HLbalEde1,HLcamDro2,HLeleMax1,HLmanJav2,HLnotEug3,HLoryCun3,HLpteVam2,bosTau9,canFam5,dasNov3,equCab3,eriEur2,felCat9,mm39,monDom5,rheMac10,susScr11
ENSG00000272853_core_2	ENSG00000272853		U_ENSG00000272853.3	chr10	14878506	14878668	-	162	162.0	antisense	ENSG00000187522	18	1	1	1	0	0	0.0595	0.0578	0.0754	146.4	147.5	HLbalEde1,HLcamDro2,HLdidVir1,HLeleMax1,HLmanJav2,HLnotEug3,HLoryCun3,bosTau9,canFam5,dasNov3,equCab3,eriEur2,felCat9,mm39,monDom5,rheMac10,rn7,susScr11
ENSG00000272884_core_1	ENSG00000272884		U_ENSG00000272884.1	chr17	7439505	7439793	+	288	288.0	sense_overlapping	ENSG00000161958,ENSG00000170175	18	18	18	17	15	15	0.0117	0.008	0.0346	266.4	285.0	HLcamDro2,HLdidVir1,HLeleMax1,HLmanJav2,HLnotEug3,HLoryCun3,HLpteVam2,bosTau9,canFam5,dasNov3,equCab3,eriEur2,felCat9,mm39,monDom5,rheMac10,rn7,susScr11
ENSG00000272884_core_6	ENSG00000272884		U_ENSG00000272884.1	chr17	7442593	7442821	+	228	228.0	sense_overlapping	ENSG00000161958,ENSG00000170175	18	18	18	18	17	2	0.0131	0.0112	0.0219	201.2	219.0	HLcamDro2,HLdidVir1,HLeleMax1,HLmanJav2,HLnotEug3,HLoryCun3,HLpteVam2,bosTau9,canFam5,dasNov3,equCab3,eriEur2,felCat9,mm39,monDom5,rheMac10,rn7,susScr11
ENSG00000272884_core_8	ENSG00000272884		U_ENSG00000272884.1	chr17	7444813	7445541	+	728	728.0	sense_overlapping	ENSG00000161958,ENSG00000170175	18	17	16	16	15	15	0.0114	0.0048	0.0616	581.1	640.0	HLcamDro2,HLdidVir1,HLeleMax1,HLmanJav2,HLnotEug3,HLoryCun3,HLpteVam2,bosTau9,canFam5,dasNov3,equCab3,eriEur2,felCat9,mm39,monDom5,rheMac10,rn7,susScr11
ENSG00000272894_core_1	ENSG00000272894	MIOS-DT	U_ENSG00000272894.6	chr7	7566711	7566919	-	208	208.0	antisense	ENSG00000164654	17	16	16	14	2	0	0.0251	0.0227	0.0537	199.4	204.0	HLbalEde1,HLcamDro2,HLdidVir1,HLeleMax1,HLmanJav2,HLoryCun3,HLpteVam2,bosTau9,canFam5,dasNov3,equCab3,eriEur2,felCat9,mm39,rheMac10,rn7,susScr11
ENSG00000272906_core_1	ENSG00000272906		U_ENSG00000272906.2	chr1	179881815	179882663	-	848	848.0	antisense	ENSG00000143337,ENSG00000293564	18	18	18	18	18	16	0.0063	0.0057	0.0122	637.5	671.0	HLbalEde1,HLcamDro2,HLdidVir1,HLeleMax1,HLmanJav2,HLoryCun3,HLpteVam2,bosTau9,canFam5,dasNov3,equCab3,eriEur2,felCat9,mm39,monDom5,rheMac10,rn7,susScr11
ENSG00000272933_core_1	ENSG00000272933		U_ENSG00000272933.1	chr10	102642972	102643540	-	568	568.0	antisense	ENSG00000171206	17	17	17	16	14	14	0.0093	0.0051	0.0319	506.6	570.0	HLbalEde1,HLcamDro2,HLdidVir1,HLmanJav2,HLnotEug3,HLoryCun3,HLpteVam2,bosTau9,canFam5,equCab3,eriEur2,felCat9,mm39,monDom5,rheMac10,rn7,susScr11
ENSG00000272933_core_2	ENSG00000272933		U_ENSG00000272933.1	chr10	102643852	102644060	-	208	208.0	antisense	ENSG00000171206	19	19	18	16	16	0	0.0156	0.0117	0.041	208.4	211.0	HLbalEde1,HLcamDro2,HLdidVir1,HLeleMax1,HLmanJav2,HLnotEug3,HLoryCun3,HLpteVam2,bosTau9,canFam5,dasNov3,equCab3,eriEur2,felCat9,mm39,monDom5,rheMac10,rn7,susScr11
ENSG00000272944_core_2	ENSG00000272944		U_ENSG00000272944.1	chr2	221572905	221573593	+	688	688.0	antisense	ENSG00000116106	17	15	15	14	9	1	0.0265	0.0184	0.0891	345.2	337.0	HLbalEde1,HLcamDro2,HLdidVir1,HLeleMax1,HLmanJav2,HLoryCun3,HLpteVam2,bosTau9,canFam5,dasNov3,equCab3,eriEur2,felCat9,mm39,rheMac10,rn7,susScr11
ENSG00000273010_core_1	ENSG00000273010		U_ENSG00000273010.1	chr1	110963781	110964269	+	488	488.0	antisense	ENSG00000121931	18	15	10	10	8	1	0.0311	0.0258	0.0654	335.1	316.5	HLbalEde1,HLcamDro2,HLdidVir1,HLeleMax1,HLmanJav2,HLoryCun3,HLpteVam2,bosTau9,canFam5,dasNov3,equCab3,eriEur2,felCat9,mm39,monDom5,rheMac10,rn7,susScr11
ENSG00000273015_core_5	ENSG00000273015		U_ENSG00000273015.3	chr12	45726972	45727740	-	768	768.0	near_coding_5kb	.	19	18	18	18	15	11	0.0126	0.008	0.0552	554.9	700.0	HLbalEde1,HLcamDro2,HLdidVir1,HLeleMax1,HLmanJav2,HLnotEug3,HLoryCun3,HLpteVam2,bosTau9,canFam5,dasNov3,equCab3,eriEur2,felCat9,mm39,monDom5,rheMac10,rn7,susScr11
ENSG00000273046_core_2	ENSG00000273046		U_ENSG00000273046.1	chr12	54034532	54035140	+	608	608.0	sense_overlapping	ENSG00000172789,ENSG00000197757,ENSG00000198353,ENSG00000273049	18	16	15	15	11	5	0.0216	0.0149	0.0641	332.8	344.0	HLbalEde1,HLcamDro2,HLdidVir1,HLeleMax1,HLmanJav2,HLnotEug3,HLoryCun3,HLpteVam2,bosTau9,canFam5,dasNov3,equCab3,eriEur2,felCat9,mm39,rheMac10,rn7,susScr11
ENSG00000273061_core_1	ENSG00000273061	CDC37L1-DT	U_ENSG00000273061.4	chr9	4679629	4679807	-	178	178.0	antisense	ENSG00000106993	19	18	16	13	1	0	0.0286	0.0257	0.0518	153.2	158.0	HLbalEde1,HLcamDro2,HLdidVir1,HLeleMax1,HLmanJav2,HLnotEug3,HLoryCun3,HLpteVam2,bosTau9,canFam5,dasNov3,equCab3,eriEur2,felCat9,mm39,monDom5,rheMac10,rn7,susScr11
ENSG00000273062_core_2	ENSG00000273062	RALGPS2-AS1	U_ENSG00000273062.1	chr1	178724917	178725485	-	568	568.0	antisense	ENSG00000116191	17	17	17	16	13	10	0.0127	0.0072	0.0323	440.4	487.0	HLbalEde1,HLcamDro2,HLdidVir1,HLeleMax1,HLmanJav2,HLnotEug3,bosTau9,canFam5,dasNov3,equCab3,eriEur2,felCat9,mm39,monDom5,rheMac10,rn7,susScr11
ENSG00000273082_core_1	ENSG00000273082		U_ENSG00000273082.2	chr22	33921290	33921523	+	233	233.0	antisense	ENSG00000133424	18	17	16	11	11	0	0.0238	0.0152	0.0503	231.5	233.0	HLbalEde1,HLcamDro2,HLdidVir1,HLeleMax1,HLmanJav2,HLnotEug3,HLoryCun3,bosTau9,canFam5,dasNov3,equCab3,eriEur2,felCat9,mm39,monDom5,rheMac10,rn7,susScr11
ENSG00000273082_core_2	ENSG00000273082		U_ENSG00000273082.2	chr22	33922406	33922661	+	255	255.0	antisense	ENSG00000133424	17	14	13	12	8	1	0.0282	0.0208	0.073	194.9	200.0	HLbalEde1,HLcamDro2,HLdidVir1,HLeleMax1,HLmanJav2,HLnotEug3,HLoryCun3,HLpteVam2,bosTau9,canFam5,dasNov3,equCab3,eriEur2,felCat9,rheMac10,rn7,susScr11
ENSG00000273189_core_2	ENSG00000273189		U_ENSG00000273189.1	chr19	49487016	49487584	+	568	568.0	sense_overlapping	ENSG00000090554,ENSG00000142541	19	16	16	14	14	1	0.0251	0.0148	0.0929	350.5	342.0	HLbalEde1,HLcamDro2,HLdidVir1,HLeleMax1,HLmanJav2,HLnotEug3,HLoryCun3,HLpteVam2,bosTau9,canFam5,dasNov3,equCab3,eriEur2,felCat9,mm39,monDom5,rheMac10,rn7,susScr11
ENSG00000273209_core_1	ENSG00000273209		U_ENSG00000273209.2	chr2	202032661	202033029	-	368	368.0	near_coding_5kb	.	18	15	15	15	13	1	0.0236	0.0158	0.0864	292.4	325.5	HLbalEde1,HLcamDro2,HLdidVir1,HLeleMax1,HLnotEug3,HLoryCun3,HLpteVam2,bosTau9,canFam5,dasNov3,equCab3,eriEur2,felCat9,mm39,monDom5,rheMac10,rn7,susScr11
ENSG00000273209_core_2	ENSG00000273209		U_ENSG00000273209.2	chr2	202033221	202033537	-	316	316.0	near_coding_5kb	.	19	10	9	8	5	1	0.0483	0.0479	0.0977	202.2	208.0	HLbalEde1,HLcamDro2,HLdidVir1,HLeleMax1,HLmanJav2,HLnotEug3,HLoryCun3,HLpteVam2,bosTau9,canFam5,dasNov3,equCab3,eriEur2,felCat9,mm39,monDom5,rheMac10,rn7,susScr11
ENSG00000273244_core_2	ENSG00000273244		U_ENSG00000273244.1	chr22	16692010	16692139	-	129	129.0	intergenic	.	18	14	13	8	1	0	0.0387	0.0318	0.0717	119.4	129.0	HLbalEde1,HLcamDro2,HLeleMax1,HLmanJav2,HLnotEug3,HLoryCun3,HLpteVam2,bosTau9,canFam5,dasNov3,equCab3,eriEur2,felCat9,mm39,monDom5,rheMac10,rn7,susScr11
ENSG00000273247_core_1	ENSG00000273247		U_ENSG00000273247.8	chr4	139453786	139453992	-	206	206.0	antisense	ENSG00000164134,ENSG00000172007	18	16	15	10	7	0	0.0312	0.0262	0.0886	193.6	207.5	HLbalEde1,HLcamDro2,HLdidVir1,HLeleMax1,HLmanJav2,HLnotEug3,HLoryCun3,HLpteVam2,bosTau9,canFam5,dasNov3,equCab3,felCat9,mm39,monDom5,rheMac10,rn7,susScr11
ENSG00000273248_core_1	ENSG00000273248		U_ENSG00000273248.3	chr10	75408966	75409574	-	608	608.0	intergenic	.	19	17	14	14	8	6	0.0257	0.0228	0.0859	326.5	240.0	HLbalEde1,HLcamDro2,HLdidVir1,HLeleMax1,HLmanJav2,HLnotEug3,HLoryCun3,HLpteVam2,bosTau9,canFam5,dasNov3,equCab3,eriEur2,felCat9,mm39,monDom5,rheMac10,rn7,susScr11
ENSG00000273249_core_2	ENSG00000273249		U_ENSG00000273249.2	chr9	134135323	134135772	-	449	449.0	antisense	ENSG00000196363	17	16	16	15	3	1	0.0246	0.0236	0.0564	384.1	422.0	HLbalEde1,HLcamDro2,HLeleMax1,HLmanJav2,HLnotEug3,HLpteVam2,bosTau9,canFam5,dasNov3,equCab3,eriEur2,felCat9,mm39,monDom5,rheMac10,rn7,susScr11
ENSG00000273314_core_1	ENSG00000273314		U_ENSG00000273314.1	chr7	148698456	148698584	-	128	128.0	antisense	ENSG00000055130	17	6	5	1	1	0	0.0561	0.0632	0.0868	114.5	116.0	HLbalEde1,HLcamDro2,HLdidVir1,HLeleMax1,HLmanJav2,HLoryCun3,HLpteVam2,bosTau9,canFam5,dasNov3,equCab3,felCat9,mm39,monDom5,rheMac10,rn7,susScr11
ENSG00000273329_core_2	ENSG00000273329		U_ENSG00000273329.3	chr7	129611427	129611661	-	234	234.0	near_coding_5kb	.	19	19	18	16	12	0	0.0223	0.0192	0.0414	221.3	229.0	HLbalEde1,HLcamDro2,HLdidVir1,HLeleMax1,HLmanJav2,HLnotEug3,HLoryCun3,HLpteVam2,bosTau9,canFam5,dasNov3,equCab3,eriEur2,felCat9,mm39,monDom5,rheMac10,rn7,susScr11
ENSG00000273333_core_1	ENSG00000273333		U_ENSG00000273333.2	chr6	32185617	32185882	-	265	265.0	sense_overlapping	ENSG00000204304	18	18	18	17	17	2	0.0135	0.0118	0.0314	215.0	217.5	HLbalEde1,HLcamDro2,HLdidVir1,HLmanJav2,HLnotEug3,HLoryCun3,HLpteVam2,bosTau9,canFam5,dasNov3,equCab3,eriEur2,felCat9,mm39,monDom5,rheMac10,rn7,susScr11
ENSG00000273355_core_1	ENSG00000273355		U_ENSG00000273355.3	chr18	812416	813144	+	728	728.0	antisense	ENSG00000176105	17	17	17	17	16	14	0.0088	0.0068	0.0299	607.5	666.0	HLbalEde1,HLcamDro2,HLeleMax1,HLmanJav2,HLoryCun3,HLpteVam2,bosTau9,canFam5,dasNov3,equCab3,eriEur2,felCat9,mm39,monDom5,rheMac10,rn7,susScr11
ENSG00000273356_core_2	ENSG00000273356	LINC02019	U_ENSG00000273356.1	chr3	50671508	50671796	+	288	288.0	near_coding_5kb	.	17	14	14	14	11	1	0.0264	0.0165	0.0901	198.6	207.0	HLbalEde1,HLcamDro2,HLeleMax1,HLmanJav2,HLnotEug3,HLoryCun3,HLpteVam2,bosTau9,canFam5,dasNov3,equCab3,eriEur2,felCat9,monDom5,rheMac10,rn7,susScr11
ENSG00000273391_core_1	ENSG00000273391		U_ENSG00000273391.2	chr7	139359069	139360237	-	1168	1168.0	antisense	ENSG00000146963,ENSG00000269955	19	19	19	19	16	16	0.0091	0.0064	0.0287	713.3	689.0	HLbalEde1,HLcamDro2,HLdidVir1,HLeleMax1,HLmanJav2,HLnotEug3,HLoryCun3,HLpteVam2,bosTau9,canFam5,dasNov3,equCab3,eriEur2,felCat9,mm39,monDom5,rheMac10,rn7,susScr11
ENSG00000273406_core_1	ENSG00000273406		U_ENSG00000273406.2	chr1	120069826	120069994	+	168	168.0	antisense	ENSG00000134250	19	13	9	2	1	0	0.0449	0.0429	0.0924	144.7	153.0	HLbalEde1,HLcamDro2,HLdidVir1,HLeleMax1,HLmanJav2,HLnotEug3,HLoryCun3,HLpteVam2,bosTau9,canFam5,dasNov3,equCab3,eriEur2,felCat9,mm39,monDom5,rheMac10,rn7,susScr11
ENSG00000273433_core_2	ENSG00000273433		U_ENSG00000273433.1	chr7	27152358	27152561	-	203	203.0	sense_overlapping	ENSG00000105997,ENSG00000106004,ENSG00000106006,ENSG00000197576	19	19	19	17	15	0	0.017	0.0134	0.0374	197.8	203.0	HLbalEde1,HLcamDro2,HLdidVir1,HLeleMax1,HLmanJav2,HLnotEug3,HLoryCun3,HLpteVam2,bosTau9,canFam5,dasNov3,equCab3,eriEur2,felCat9,mm39,monDom5,rheMac10,rn7,susScr11
ENSG00000273456_core_1	ENSG00000273456		U_ENSG00000273456.3	chr2	202375064	202375392	-	328	328.0	antisense	ENSG00000204217	17	17	16	15	12	1	0.0182	0.0143	0.0446	273.8	281.0	HLbalEde1,HLcamDro2,HLdidVir1,HLeleMax1,HLmanJav2,HLoryCun3,bosTau9,canFam5,dasNov3,equCab3,eriEur2,felCat9,mm39,monDom5,rheMac10,rn7,susScr11
ENSG00000273618_core_1	ENSG00000273618		U_ENSG00000273618.1	chr14	23531481	23531809	+	328	328.0	antisense	ENSG00000136367	18	18	18	15	12	2	0.0177	0.0138	0.0373	220.6	234.0	HLbalEde1,HLcamDro2,HLdidVir1,HLeleMax1,HLmanJav2,HLnotEug3,HLpteVam2,bosTau9,canFam5,dasNov3,equCab3,eriEur2,felCat9,mm39,monDom5,rheMac10,rn7,susScr11
ENSG00000273637_core_1	ENSG00000273637		U_ENSG00000273637.1	chr1	38839332	38839624	-	292	292.0	sense_overlapping	ENSG00000116954,ENSG00000131233,ENSG00000214114	18	18	18	17	14	2	0.0169	0.0168	0.0327	225.1	228.5	HLcamDro2,HLdidVir1,HLeleMax1,HLmanJav2,HLnotEug3,HLoryCun3,HLpteVam2,bosTau9,canFam5,dasNov3,equCab3,eriEur2,felCat9,mm39,monDom5,rheMac10,rn7,susScr11
ENSG00000273637_core_2	ENSG00000273637		U_ENSG00000273637.1	chr1	38856878	38857021	-	143	143.0	sense_overlapping	ENSG00000116954,ENSG00000131233,ENSG00000214114	17	17	17	15	11	0	0.0218	0.0189	0.0354	121.2	131.0	HLbalEde1,HLcamDro2,HLdidVir1,HLeleMax1,HLmanJav2,HLnotEug3,HLoryCun3,HLpteVam2,bosTau9,canFam5,dasNov3,equCab3,eriEur2,felCat9,mm39,monDom5,rn7
ENSG00000273702_core_2	ENSG00000273702		U_ENSG00000273702.2	chr17	59619213	59619621	-	408	408.0	antisense	ENSG00000141367	19	19	19	19	16	12	0.0119	0.0098	0.026	397.4	405.0	HLbalEde1,HLcamDro2,HLdidVir1,HLeleMax1,HLmanJav2,HLnotEug3,HLoryCun3,HLpteVam2,bosTau9,canFam5,dasNov3,equCab3,eriEur2,felCat9,mm39,monDom5,rheMac10,rn7,susScr11
ENSG00000273702_core_3	ENSG00000273702		U_ENSG00000273702.2	chr17	59619733	59619981	-	248	248.0	antisense	ENSG00000141367	17	17	17	17	16	2	0.0119	0.0112	0.0202	226.9	238.0	HLbalEde1,HLdidVir1,HLeleMax1,HLmanJav2,HLnotEug3,HLoryCun3,HLpteVam2,bosTau9,canFam5,dasNov3,equCab3,eriEur2,mm39,monDom5,rheMac10,rn7,susScr11
ENSG00000273828_core_2	ENSG00000273828		U_ENSG00000273828.3	chr20	46393435	46393723	+	288	288.0	antisense	ENSG00000062598	18	15	14	13	8	0	0.0307	0.0207	0.0948	220.3	240.5	HLbalEde1,HLcamDro2,HLdidVir1,HLeleMax1,HLmanJav2,HLoryCun3,HLpteVam2,bosTau9,canFam5,dasNov3,equCab3,eriEur2,felCat9,mm39,monDom5,rheMac10,rn7,susScr11
ENSG00000274021_core_1	ENSG00000274021		U_ENSG00000274021.1	chr12	89351334	89351702	+	368	368.0	antisense	ENSG00000139318	17	13	13	12	11	1	0.0278	0.0157	0.078	266.9	284.0	HLbalEde1,HLcamDro2,HLdidVir1,HLeleMax1,HLmanJav2,HLnotEug3,HLoryCun3,HLpteVam2,bosTau9,canFam5,dasNov3,equCab3,eriEur2,felCat9,rheMac10,rn7,susScr11
ENSG00000274021_core_2	ENSG00000274021		U_ENSG00000274021.1	chr12	89351814	89353182	+	1368	1368.0	antisense	ENSG00000139318	19	19	19	19	19	18	0.0048	0.0044	0.0109	767.6	567.0	HLbalEde1,HLcamDro2,HLdidVir1,HLeleMax1,HLmanJav2,HLnotEug3,HLoryCun3,HLpteVam2,bosTau9,canFam5,dasNov3,equCab3,eriEur2,felCat9,mm39,monDom5,rheMac10,rn7,susScr11
ENSG00000274265_core_1	ENSG00000274265		U_ENSG00000274265.6	chr1	149175831	149176159	+	328	328.0	intergenic	.	19	16	13	11	6	2	0.032	0.0239	0.0998	137.4	105.0	HLbalEde1,HLcamDro2,HLdidVir1,HLeleMax1,HLmanJav2,HLnotEug3,HLoryCun3,HLpteVam2,bosTau9,canFam5,dasNov3,equCab3,eriEur2,felCat9,mm39,monDom5,rheMac10,rn7,susScr11
ENSG00000274270_core_2	ENSG00000274270		U_ENSG00000274270.2	chr13	50126495	50127303	+	808	808.0	intergenic	.	17	15	15	11	9	6	0.0229	0.0164	0.0601	386.1	385.0	HLbalEde1,HLcamDro2,HLeleMax1,HLmanJav2,HLnotEug3,HLoryCun3,HLpteVam2,bosTau9,canFam5,dasNov3,equCab3,eriEur2,felCat9,mm39,rheMac10,rn7,susScr11
ENSG00000274425_core_1	ENSG00000274425		U_ENSG00000274425.1	chr19	10333475	10334003	+	528	528.0	antisense	ENSG00000076662,ENSG00000161847	19	18	18	18	18	8	0.0138	0.0103	0.0688	361.1	353.0	HLbalEde1,HLcamDro2,HLdidVir1,HLeleMax1,HLmanJav2,HLnotEug3,HLoryCun3,HLpteVam2,bosTau9,canFam5,dasNov3,equCab3,eriEur2,felCat9,mm39,monDom5,rheMac10,rn7,susScr11
ENSG00000274536_core_1	ENSG00000274536	MIR223HG	U_ENSG00000274536.10	chrX	66018823	66019067	+	244	244.0	near_coding_5kb	.	17	16	16	14	13	1	0.0197	0.0152	0.0506	200.5	208.0	HLbalEde1,HLcamDro2,HLdidVir1,HLeleMax1,HLmanJav2,HLpteVam2,bosTau9,canFam5,dasNov3,equCab3,eriEur2,felCat9,mm39,monDom5,rheMac10,rn7,susScr11
ENSG00000274554_core_2	ENSG00000274554		U_ENSG00000274554.1	chr12	116951054	116951222	-	168	168.0	antisense	ENSG00000174989	17	16	13	12	2	0	0.0312	0.0242	0.0904	152.8	156.0	HLbalEde1,HLcamDro2,HLdidVir1,HLmanJav2,HLnotEug3,HLoryCun3,HLpteVam2,bosTau9,canFam5,dasNov3,equCab3,eriEur2,felCat9,monDom5,rheMac10,rn7,susScr11
ENSG00000275016_core_1	ENSG00000275016		U_ENSG00000275016.5	chr15	95825945	95826113	+	168	168.0	intergenic	.	19	18	18	14	9	0	0.0242	0.0207	0.0505	150.3	165.0	HLbalEde1,HLcamDro2,HLdidVir1,HLeleMax1,HLmanJav2,HLnotEug3,HLoryCun3,HLpteVam2,bosTau9,canFam5,dasNov3,equCab3,eriEur2,felCat9,mm39,monDom5,rheMac10,rn7,susScr11
ENSG00000275038_core_2	ENSG00000275038		U_ENSG00000275038.2	chr5	171307783	171308751	-	968	968.0	antisense	ENSG00000164438	17	16	15	14	14	11	0.0152	0.0079	0.0728	677.2	563.0	HLbalEde1,HLcamDro2,HLdidVir1,HLeleMax1,HLmanJav2,HLnotEug3,HLoryCun3,bosTau9,canFam5,dasNov3,equCab3,felCat9,mm39,monDom5,rheMac10,rn7,susScr11
ENSG00000275180_core_1	ENSG00000275180		U_ENSG00000275180.3	chr12	62603272	62603960	+	688	688.0	near_coding_5kb	.	19	18	18	18	18	16	0.0116	0.0062	0.0976	593.9	628.0	HLbalEde1,HLcamDro2,HLdidVir1,HLeleMax1,HLmanJav2,HLnotEug3,HLoryCun3,HLpteVam2,bosTau9,canFam5,dasNov3,equCab3,eriEur2,felCat9,mm39,monDom5,rheMac10,rn7,susScr11
ENSG00000275202_core_2	ENSG00000275202		U_ENSG00000275202.1	chr13	48975652	48975900	-	248	248.0	antisense	ENSG00000102531	19	16	15	12	4	1	0.0291	0.0224	0.069	207.9	239.0	HLbalEde1,HLcamDro2,HLdidVir1,HLeleMax1,HLmanJav2,HLnotEug3,HLoryCun3,HLpteVam2,bosTau9,canFam5,dasNov3,equCab3,eriEur2,felCat9,mm39,monDom5,rheMac10,rn7,susScr11
ENSG00000275454_core_2	ENSG00000275454		U_ENSG00000275454.1	chr15	75640159	75640767	+	608	608.0	antisense	ENSG00000177971	18	15	15	14	12	4	0.0258	0.0164	0.0886	350.5	316.5	HLbalEde1,HLcamDro2,HLdidVir1,HLeleMax1,HLmanJav2,HLnotEug3,HLoryCun3,HLpteVam2,bosTau9,canFam5,dasNov3,equCab3,eriEur2,felCat9,monDom5,rheMac10,rn7,susScr11
ENSG00000275457_core_1	ENSG00000275457		U_ENSG00000275457.2	chr20	21303049	21303377	-	328	328.0	antisense	ENSG00000088930	18	17	17	17	14	1	0.0193	0.0178	0.0614	302.8	319.0	HLbalEde1,HLcamDro2,HLeleMax1,HLmanJav2,HLnotEug3,HLoryCun3,HLpteVam2,bosTau9,canFam5,dasNov3,equCab3,eriEur2,felCat9,mm39,monDom5,rheMac10,rn7,susScr11
ENSG00000275481_core_1	ENSG00000275481		U_ENSG00000275481.1	chr12	46390335	46390703	+	368	368.0	intergenic	.	17	12	10	10	7	1	0.0345	0.0243	0.0978	225.6	236.0	HLbalEde1,HLcamDro2,HLdidVir1,HLeleMax1,HLmanJav2,HLnotEug3,HLpteVam2,bosTau9,canFam5,dasNov3,equCab3,eriEur2,felCat9,mm39,monDom5,rheMac10,susScr11
ENSG00000275484_core_1	ENSG00000275484		U_ENSG00000275484.1	chr11	67374415	67374823	+	408	408.0	sense_overlapping	ENSG00000172613	18	15	15	14	12	2	0.0219	0.0138	0.0553	258.9	262.5	HLbalEde1,HLcamDro2,HLdidVir1,HLeleMax1,HLmanJav2,HLnotEug3,HLoryCun3,HLpteVam2,bosTau9,canFam5,dasNov3,equCab3,eriEur2,felCat9,mm39,rheMac10,rn7,susScr11
ENSG00000275516_core_1	ENSG00000275516		U_ENSG00000275516.2	chr17	79952096	79952544	+	448	448.0	antisense	ENSG00000167291	17	9	6	2	1	1	0.0518	0.0477	0.0983	214.9	204.0	HLbalEde1,HLcamDro2,HLdidVir1,HLeleMax1,HLmanJav2,HLnotEug3,HLoryCun3,HLpteVam2,bosTau9,dasNov3,equCab3,eriEur2,felCat9,mm39,rheMac10,rn7,susScr11
ENSG00000275719_core_1	ENSG00000275719		U_ENSG00000275719.1	chr19	46788494	46788982	+	488	488.0	antisense	ENSG00000105281	17	15	15	15	12	2	0.0204	0.0122	0.0767	372.0	430.0	HLbalEde1,HLcamDro2,HLeleMax1,HLmanJav2,HLnotEug3,HLoryCun3,HLpteVam2,bosTau9,canFam5,dasNov3,equCab3,eriEur2,felCat9,mm39,rheMac10,rn7,susScr11
ENSG00000275850_core_2	ENSG00000275850		U_ENSG00000275850.1	chr12	3172176	3172984	+	808	808.0	sense_overlapping	ENSG00000011105	17	15	15	14	10	5	0.0229	0.0182	0.0846	395.0	363.0	HLbalEde1,HLcamDro2,HLeleMax1,HLmanJav2,HLoryCun3,HLpteVam2,bosTau9,canFam5,dasNov3,equCab3,eriEur2,felCat9,mm39,monDom5,rheMac10,rn7,susScr11
ENSG00000276012_core_2	ENSG00000276012		U_ENSG00000276012.1	chr13	101722880	101723005	+	125	125.0	antisense+sense	ENSG00000102466,ENSG00000198542	19	17	17	11	1	0	0.0309	0.0261	0.0692	104.8	117.0	HLbalEde1,HLcamDro2,HLdidVir1,HLeleMax1,HLmanJav2,HLnotEug3,HLoryCun3,HLpteVam2,bosTau9,canFam5,dasNov3,equCab3,eriEur2,felCat9,mm39,monDom5,rheMac10,rn7,susScr11
ENSG00000276116_core_1	ENSG00000276116		U_ENSG00000276116.3	chr14	65411602	65412650	-	1048	1048.0	antisense	ENSG00000033170	19	17	17	17	17	14	0.011	0.0038	0.0584	803.1	957.0	HLbalEde1,HLcamDro2,HLdidVir1,HLeleMax1,HLmanJav2,HLnotEug3,HLoryCun3,HLpteVam2,bosTau9,canFam5,dasNov3,equCab3,eriEur2,felCat9,mm39,monDom5,rheMac10,rn7,susScr11
ENSG00000276131_core_1	ENSG00000276131		U_ENSG00000276131.1	chr16	58392239	58392727	-	488	488.0	antisense	ENSG00000181938	17	15	15	15	13	7	0.0182	0.0134	0.0548	351.6	360.0	HLbalEde1,HLcamDro2,HLdidVir1,HLeleMax1,HLnotEug3,HLoryCun3,HLpteVam2,bosTau9,canFam5,dasNov3,equCab3,felCat9,mm39,monDom5,rheMac10,rn7,susScr11
ENSG00000276436_core_1	ENSG00000276436		U_ENSG00000276436.1	chr13	49792965	49793213	+	248	248.0	near_coding_5kb	.	18	17	15	14	9	0	0.0247	0.021	0.0527	225.7	231.5	HLbalEde1,HLcamDro2,HLdidVir1,HLeleMax1,HLmanJav2,HLnotEug3,HLoryCun3,HLpteVam2,bosTau9,canFam5,equCab3,eriEur2,felCat9,mm39,monDom5,rheMac10,rn7,susScr11
ENSG00000276687_core_1	ENSG00000276687		U_ENSG00000276687.2	chr6	906969	907337	-	368	368.0	intergenic	.	17	16	16	14	10	1	0.0212	0.017	0.0559	295.1	348.0	HLbalEde1,HLcamDro2,HLdidVir1,HLeleMax1,HLmanJav2,HLoryCun3,HLpteVam2,bosTau9,canFam5,dasNov3,equCab3,eriEur2,felCat9,monDom5,rheMac10,rn7,susScr11
ENSG00000276727_core_1	ENSG00000276727		U_ENSG00000276727.2	chr12	57229550	57229758	-	208	208.0	antisense	ENSG00000182199	17	15	9	6	0	0	0.0373	0.0363	0.0566	180.5	197.0	HLcamDro2,HLdidVir1,HLeleMax1,HLmanJav2,HLnotEug3,HLoryCun3,HLpteVam2,bosTau9,canFam5,dasNov3,equCab3,felCat9,mm39,monDom5,rheMac10,rn7,susScr11
ENSG00000276728_core_1	ENSG00000276728		U_ENSG00000276728.3	chr17	45147472	45148000	-	528	528.0	antisense	ENSG00000186834	19	18	18	17	16	9	0.0159	0.0109	0.0759	379.9	404.0	HLbalEde1,HLcamDro2,HLdidVir1,HLeleMax1,HLmanJav2,HLnotEug3,HLoryCun3,HLpteVam2,bosTau9,canFam5,dasNov3,equCab3,eriEur2,felCat9,mm39,monDom5,rheMac10,rn7,susScr11
ENSG00000276744_core_1	ENSG00000276744		U_ENSG00000276744.1	chr15	75453059	75453907	-	848	848.0	sense_overlapping	ENSG00000169375	19	17	17	17	13	5	0.0209	0.0144	0.0926	551.4	619.0	HLbalEde1,HLcamDro2,HLdidVir1,HLeleMax1,HLmanJav2,HLnotEug3,HLoryCun3,HLpteVam2,bosTau9,canFam5,dasNov3,equCab3,eriEur2,felCat9,mm39,monDom5,rheMac10,rn7,susScr11
ENSG00000277182_core_1	ENSG00000277182		U_ENSG00000277182.3	chr17	38749474	38749762	+	288	288.0	antisense	ENSG00000277258	17	13	11	8	6	1	0.0359	0.0336	0.071	216.5	231.0	HLbalEde1,HLcamDro2,HLeleMax1,HLmanJav2,HLoryCun3,HLpteVam2,bosTau9,canFam5,dasNov3,equCab3,eriEur2,felCat9,mm39,monDom5,rheMac10,rn7,susScr11
ENSG00000277283_core_1	ENSG00000277283	RAB35-AS1	U_ENSG00000277283.2	chr12	120116986	120117434	+	448	448.0	antisense	ENSG00000111737	18	17	16	14	11	1	0.0218	0.0127	0.0676	388.6	435.0	HLbalEde1,HLcamDro2,HLdidVir1,HLeleMax1,HLmanJav2,HLoryCun3,HLpteVam2,bosTau9,canFam5,dasNov3,equCab3,eriEur2,felCat9,mm39,monDom5,rheMac10,rn7,susScr11
ENSG00000277368_core_1	ENSG00000277368		U_ENSG00000277368.3	chr13	26221901	26222669	+	768	768.0	antisense	ENSG00000127870	19	18	18	18	17	10	0.0132	0.0094	0.0517	581.1	626.0	HLbalEde1,HLcamDro2,HLdidVir1,HLeleMax1,HLmanJav2,HLnotEug3,HLoryCun3,HLpteVam2,bosTau9,canFam5,dasNov3,equCab3,eriEur2,felCat9,mm39,monDom5,rheMac10,rn7,susScr11
ENSG00000277449_core_3	ENSG00000277449		U_ENSG00000277449.2	chr20	50189997	50190254	-	257	257.0	antisense	ENSG00000172216	18	15	12	7	5	0	0.0375	0.0367	0.0892	204.5	221.0	HLbalEde1,HLcamDro2,HLdidVir1,HLeleMax1,HLmanJav2,HLnotEug3,HLoryCun3,HLpteVam2,bosTau9,canFam5,dasNov3,equCab3,eriEur2,felCat9,mm39,monDom5,rheMac10,susScr11
ENSG00000277453_core_1	ENSG00000277453		U_ENSG00000277453.1	chr19	40426194	40426602	+	408	408.0	near_coding_5kb	.	17	13	12	12	10	1	0.031	0.0162	0.0966	286.3	303.0	HLbalEde1,HLcamDro2,HLeleMax1,HLmanJav2,HLoryCun3,HLpteVam2,bosTau9,canFam5,dasNov3,equCab3,eriEur2,felCat9,mm39,monDom5,rheMac10,rn7,susScr11
ENSG00000277459_core_1	ENSG00000277459		U_ENSG00000277459.1	chr11	102109889	102110377	-	488	488.0	antisense	ENSG00000137693	17	16	14	14	12	6	0.0203	0.0146	0.0671	344.8	384.0	HLbalEde1,HLcamDro2,HLdidVir1,HLeleMax1,HLmanJav2,HLnotEug3,HLoryCun3,HLpteVam2,bosTau9,canFam5,equCab3,felCat9,mm39,monDom5,rheMac10,rn7,susScr11
ENSG00000277581_core_1	ENSG00000277581		U_ENSG00000277581.1	chr20	38962631	38962919	+	288	288.0	sense_overlapping	ENSG00000101452	18	16	16	16	13	1	0.0229	0.0152	0.0775	256.2	280.5	HLbalEde1,HLcamDro2,HLeleMax1,HLmanJav2,HLnotEug3,HLoryCun3,HLpteVam2,bosTau9,canFam5,dasNov3,equCab3,eriEur2,felCat9,mm39,monDom5,rheMac10,rn7,susScr11
ENSG00000277597_core_1	ENSG00000277597		U_ENSG00000277597.3	chr17	1684814	1685062	+	248	248.0	antisense	ENSG00000174231	19	15	14	13	9	0	0.033	0.0204	0.0881	205.4	214.0	HLbalEde1,HLcamDro2,HLdidVir1,HLeleMax1,HLmanJav2,HLnotEug3,HLoryCun3,HLpteVam2,bosTau9,canFam5,dasNov3,equCab3,eriEur2,felCat9,mm39,monDom5,rheMac10,rn7,susScr11
ENSG00000277837_core_7	ENSG00000277837		U_ENSG00000277837.1	chr18	57431492	57432020	+	528	528.0	near_coding_5kb	.	18	18	18	18	18	15	0.009	0.0086	0.0139	338.8	326.5	HLbalEde1,HLcamDro2,HLeleMax1,HLmanJav2,HLnotEug3,HLoryCun3,HLpteVam2,bosTau9,canFam5,dasNov3,equCab3,eriEur2,felCat9,mm39,monDom5,rheMac10,rn7,susScr11
ENSG00000277954_core_1	ENSG00000277954		U_ENSG00000277954.1	chr16	79202971	79203179	-	208	208.0	antisense	ENSG00000186153	17	15	15	14	13	0	0.0205	0.0144	0.0621	174.5	196.0	HLbalEde1,HLcamDro2,HLeleMax1,HLmanJav2,HLnotEug3,HLoryCun3,HLpteVam2,bosTau9,canFam5,dasNov3,equCab3,eriEur2,felCat9,monDom5,rheMac10,rn7,susScr11
ENSG00000277969_core_3	ENSG00000277969		U_ENSG00000277969.3	chr17	38703602	38704210	+	608	608.0	near_coding_5kb	.	17	16	15	13	11	7	0.0199	0.0112	0.0774	304.3	273.0	HLbalEde1,HLcamDro2,HLdidVir1,HLeleMax1,HLmanJav2,HLoryCun3,HLpteVam2,bosTau9,canFam5,dasNov3,equCab3,eriEur2,felCat9,mm39,rheMac10,rn7,susScr11
ENSG00000278058_core_1	ENSG00000278058		U_ENSG00000278058.2	chr16	79606014	79606502	+	488	488.0	antisense	ENSG00000178573	18	16	15	11	7	1	0.0298	0.0262	0.0852	307.9	300.0	HLbalEde1,HLcamDro2,HLdidVir1,HLeleMax1,HLmanJav2,HLnotEug3,HLoryCun3,HLpteVam2,bosTau9,canFam5,dasNov3,equCab3,eriEur2,felCat9,mm39,rheMac10,rn7,susScr11
ENSG00000278156_core_1	ENSG00000278156		U_ENSG00000278156.4	chr13	44576957	44577177	+	220	220.0	antisense	ENSG00000102804	18	18	16	15	14	1	0.0182	0.0124	0.0471	212.7	219.5	HLbalEde1,HLcamDro2,HLdidVir1,HLeleMax1,HLmanJav2,HLnotEug3,HLoryCun3,bosTau9,canFam5,dasNov3,equCab3,eriEur2,felCat9,mm39,monDom5,rheMac10,rn7,susScr11
ENSG00000278177_core_1	ENSG00000278177		U_ENSG00000278177.1	chr13	93226949	93227277	-	328	328.0	antisense	ENSG00000183098	19	18	18	17	15	7	0.0163	0.011	0.0663	260.4	275.0	HLbalEde1,HLcamDro2,HLdidVir1,HLeleMax1,HLmanJav2,HLnotEug3,HLoryCun3,HLpteVam2,bosTau9,canFam5,dasNov3,equCab3,eriEur2,felCat9,mm39,monDom5,rheMac10,rn7,susScr11
ENSG00000278376_core_1	ENSG00000278376		U_ENSG00000278376.3	chr11	118791104	118791432	+	328	328.0	antisense	ENSG00000110367	19	19	18	16	16	1	0.0171	0.0129	0.0479	279.6	290.0	HLbalEde1,HLcamDro2,HLdidVir1,HLeleMax1,HLmanJav2,HLnotEug3,HLoryCun3,HLpteVam2,bosTau9,canFam5,dasNov3,equCab3,eriEur2,felCat9,mm39,monDom5,rheMac10,rn7,susScr11
ENSG00000278709_core_1	ENSG00000278709		U_ENSG00000278709.2	chr20	57710195	57710443	+	248	248.0	antisense	ENSG00000124225	18	15	15	6	3	1	0.0345	0.0342	0.0675	204.2	211.0	HLbalEde1,HLcamDro2,HLdidVir1,HLeleMax1,HLmanJav2,HLnotEug3,HLpteVam2,bosTau9,canFam5,dasNov3,equCab3,eriEur2,felCat9,mm39,monDom5,rheMac10,rn7,susScr11
ENSG00000278709_core_5	ENSG00000278709		U_ENSG00000278709.2	chr20	57712035	57712443	+	408	408.0	antisense	ENSG00000124225	18	14	13	11	8	1	0.0312	0.0229	0.0823	245.2	245.0	HLbalEde1,HLcamDro2,HLdidVir1,HLeleMax1,HLmanJav2,HLnotEug3,HLoryCun3,bosTau9,canFam5,dasNov3,equCab3,eriEur2,felCat9,mm39,monDom5,rheMac10,rn7,susScr11
ENSG00000278713_core_1	ENSG00000278713		U_ENSG00000278713.1	chr16	29863079	29863327	+	248	248.0	antisense	ENSG00000103502	19	14	12	11	6	0	0.0334	0.0253	0.0693	194.3	221.0	HLbalEde1,HLcamDro2,HLdidVir1,HLeleMax1,HLmanJav2,HLnotEug3,HLoryCun3,HLpteVam2,bosTau9,canFam5,dasNov3,equCab3,eriEur2,felCat9,mm39,monDom5,rheMac10,rn7,susScr11
ENSG00000278743_core_2	ENSG00000278743		U_ENSG00000278743.3	chr12	25385680	25386248	-	568	568.0	intergenic	.	17	15	15	12	11	8	0.0208	0.013	0.0701	388.1	464.0	HLbalEde1,HLcamDro2,HLeleMax1,HLmanJav2,HLnotEug3,HLoryCun3,HLpteVam2,bosTau9,canFam5,dasNov3,equCab3,eriEur2,felCat9,mm39,rheMac10,rn7,susScr11
ENSG00000278899_core_2	ENSG00000278899		U_ENSG00000278899.2	chr6	149717900	149718788	+	888	888.0	antisense	ENSG00000131023	19	19	19	19	19	15	0.0086	0.0079	0.0164	455.2	432.0	HLbalEde1,HLcamDro2,HLdidVir1,HLeleMax1,HLmanJav2,HLnotEug3,HLoryCun3,HLpteVam2,bosTau9,canFam5,dasNov3,equCab3,eriEur2,felCat9,mm39,monDom5,rheMac10,rn7,susScr11
ENSG00000278921_core_2	ENSG00000278921	EPB41L4A-DT	U_ENSG00000278921.2	chr5	112420142	112420630	+	488	488.0	near_coding_5kb	.	18	18	18	18	15	8	0.0123	0.0106	0.0242	391.2	401.0	HLbalEde1,HLcamDro2,HLeleMax1,HLmanJav2,HLnotEug3,HLoryCun3,HLpteVam2,bosTau9,canFam5,dasNov3,equCab3,eriEur2,felCat9,mm39,monDom5,rheMac10,rn7,susScr11
ENSG00000279088_core_1	ENSG00000279088		U_ENSG00000279088.3	chr10	73744216	73744402	-	186	186.0	antisense	ENSG00000176986	18	17	17	12	6	0	0.0274	0.0262	0.0522	159.7	169.5	HLbalEde1,HLcamDro2,HLdidVir1,HLeleMax1,HLmanJav2,HLnotEug3,HLoryCun3,HLpteVam2,bosTau9,canFam5,equCab3,eriEur2,felCat9,mm39,monDom5,rheMac10,rn7,susScr11
ENSG00000279151_core_1	ENSG00000279151		U_ENSG00000279151.2	chr1	16701555	16701695	+	140	140.0	intergenic	.	17	7	4	1	1	0	0.0556	0.0568	0.0801	121.6	132.0	HLbalEde1,HLcamDro2,HLdidVir1,HLeleMax1,HLmanJav2,HLoryCun3,HLpteVam2,bosTau9,dasNov3,equCab3,eriEur2,felCat9,mm39,monDom5,rheMac10,rn7,susScr11
ENSG00000279249_core_2	ENSG00000279249	SYNAGE	U_ENSG00000279249.5	chr16	49348484	49348852	+	368	368.0	near_coding_5kb	.	18	14	13	11	7	1	0.0349	0.0292	0.0943	206.8	180.5	HLbalEde1,HLcamDro2,HLdidVir1,HLeleMax1,HLmanJav2,HLoryCun3,HLpteVam2,bosTau9,canFam5,dasNov3,equCab3,eriEur2,felCat9,mm39,monDom5,rheMac10,rn7,susScr11
ENSG00000279393_core_1	ENSG00000279393		U_ENSG00000279393.1	chr13	28495476	28495684	+	208	208.0	near_coding_5kb	.	18	12	11	10	9	0	0.0376	0.0217	0.0923	154.3	157.5	HLbalEde1,HLcamDro2,HLdidVir1,HLeleMax1,HLmanJav2,HLnotEug3,HLoryCun3,HLpteVam2,bosTau9,canFam5,dasNov3,equCab3,eriEur2,felCat9,mm39,rheMac10,rn7,susScr11
ENSG00000279583_core_10	ENSG00000279583		U_ENSG00000279583.2	chr16	29595129	29595732	-	603	603.0	intergenic	.	19	19	19	18	12	11	0.0136	0.0081	0.036	482.7	546.0	HLbalEde1,HLcamDro2,HLdidVir1,HLeleMax1,HLmanJav2,HLnotEug3,HLoryCun3,HLpteVam2,bosTau9,canFam5,dasNov3,equCab3,eriEur2,felCat9,mm39,monDom5,rheMac10,rn7,susScr11
ENSG00000279738_core_2	ENSG00000279738		U_ENSG00000279738.1	chr22	37877947	37878515	+	568	568.0	sense_overlapping	ENSG00000100129	17	15	15	15	15	4	0.02	0.0121	0.0889	257.8	242.0	HLbalEde1,HLcamDro2,HLdidVir1,HLeleMax1,HLmanJav2,HLoryCun3,HLpteVam2,bosTau9,canFam5,dasNov3,equCab3,eriEur2,felCat9,monDom5,rheMac10,rn7,susScr11
ENSG00000279738_core_15	ENSG00000279738		U_ENSG00000279738.1	chr22	37889667	37890235	+	568	568.0	sense_overlapping	ENSG00000100129	17	12	8	6	3	0	0.0442	0.0477	0.0818	245.2	199.0	HLbalEde1,HLcamDro2,HLdidVir1,HLeleMax1,HLmanJav2,HLoryCun3,HLpteVam2,bosTau9,canFam5,dasNov3,equCab3,eriEur2,felCat9,mm39,monDom5,rn7,susScr11
ENSG00000279738_core_18	ENSG00000279738		U_ENSG00000279738.1	chr22	37893067	37893715	+	648	648.0	sense_overlapping	ENSG00000100129	18	16	14	13	13	5	0.0226	0.0136	0.0693	335.3	319.5	HLbalEde1,HLcamDro2,HLdidVir1,HLeleMax1,HLmanJav2,HLoryCun3,HLpteVam2,bosTau9,canFam5,dasNov3,equCab3,eriEur2,felCat9,mm39,monDom5,rheMac10,rn7,susScr11
ENSG00000279762_core_2	ENSG00000279762		U_ENSG00000279762.3	chr17	32443940	32444788	-	848	848.0	antisense	ENSG00000108671	18	18	18	18	15	14	0.0106	0.0074	0.0298	392.5	417.5	HLbalEde1,HLcamDro2,HLdidVir1,HLeleMax1,HLmanJav2,HLnotEug3,HLpteVam2,bosTau9,canFam5,dasNov3,equCab3,eriEur2,felCat9,mm39,monDom5,rheMac10,rn7,susScr11
ENSG00000280213_core_4	ENSG00000280213		U_ENSG00000280213.1	chr20	63955783	63956751	+	968	968.0	antisense	ENSG00000196700,ENSG00000198276	17	17	16	16	12	7	0.016	0.013	0.0467	547.1	583.0	HLbalEde1,HLcamDro2,HLdidVir1,HLeleMax1,HLmanJav2,HLoryCun3,HLpteVam2,bosTau9,canFam5,dasNov3,equCab3,eriEur2,felCat9,mm39,rheMac10,rn7,susScr11
ENSG00000280434_core_14	ENSG00000280434		U_ENSG00000280434.1	chr22	44147604	44148012	+	408	408.0	sense_overlapping	ENSG00000188677	17	16	16	16	8	1	0.0247	0.021	0.0931	243.5	248.0	HLbalEde1,HLcamDro2,HLdidVir1,HLeleMax1,HLmanJav2,HLoryCun3,HLpteVam2,bosTau9,canFam5,dasNov3,equCab3,eriEur2,felCat9,mm39,rheMac10,rn7,susScr11
ENSG00000280604_core_5	ENSG00000280604		U_ENSG00000280604.1	chr21	45916855	45917399	+	544	544.0	sense_overlapping	ENSG00000183570	17	12	11	8	2	0	0.0409	0.033	0.0893	281.1	260.0	HLbalEde1,HLcamDro2,HLdidVir1,HLeleMax1,HLmanJav2,HLnotEug3,HLpteVam2,bosTau9,canFam5,dasNov3,equCab3,felCat9,mm39,monDom5,rheMac10,rn7,susScr11
ENSG00000280620_core_1	ENSG00000280620	SCAANT1	U_ENSG00000280620.2	chr3	63911775	63912263	-	488	488.0	antisense	ENSG00000163635	19	19	19	19	15	11	0.0121	0.0081	0.0252	461.5	497.0	HLbalEde1,HLcamDro2,HLdidVir1,HLeleMax1,HLmanJav2,HLnotEug3,HLoryCun3,HLpteVam2,bosTau9,canFam5,dasNov3,equCab3,eriEur2,felCat9,mm39,monDom5,rheMac10,rn7,susScr11
ENSG00000280953_core_5	ENSG00000280953	LINC01163	U_ENSG00000280953.3	chr10	128316922	128317128	+	206	206.0	intergenic	.	17	8	7	0	0	0	0.0558	0.0512	0.0924	155.5	190.0	HLbalEde1,HLcamDro2,HLdidVir1,HLeleMax1,HLmanJav2,HLnotEug3,HLoryCun3,bosTau9,canFam5,dasNov3,equCab3,felCat9,mm39,monDom5,rheMac10,rn7,susScr11
ENSG00000281183_core_3	ENSG00000281183	NPTN-IT1	U_ENSG00000281183.1	chr15	73568966	73569254	-	288	288.0	sense_overlapping	ENSG00000156642	17	15	11	11	3	1	0.0344	0.027	0.088	236.1	240.0	HLbalEde1,HLcamDro2,HLdidVir1,HLeleMax1,HLmanJav2,HLnotEug3,HLoryCun3,HLpteVam2,bosTau9,canFam5,dasNov3,equCab3,felCat9,mm39,rheMac10,rn7,susScr11
ENSG00000281207_core_7	ENSG00000281207	SLFNL1-AS1	U_ENSG00000281207.1	chr1	41028532	41028712	+	180	180.0	antisense	ENSG00000010803,ENSG00000171790	17	14	13	11	9	0	0.033	0.0179	0.0984	142.9	145.0	HLbalEde1,HLcamDro2,HLdidVir1,HLmanJav2,HLnotEug3,HLoryCun3,bosTau9,canFam5,dasNov3,equCab3,eriEur2,felCat9,mm39,monDom5,rheMac10,rn7,susScr11
ENSG00000281344_core_69	ENSG00000281344	HELLPAR	U_ENSG00000281344.1	chr12	102388624	102388912	+	288	288.0	antisense	ENSG00000017427,ENSG00000183395	18	17	17	16	16	8	0.0144	0.0105	0.0553	261.0	279.0	HLbalEde1,HLcamDro2,HLdidVir1,HLeleMax1,HLmanJav2,HLoryCun3,HLpteVam2,bosTau9,canFam5,dasNov3,equCab3,eriEur2,felCat9,mm39,monDom5,rheMac10,rn7,susScr11
ENSG00000281358_core_1	ENSG00000281358	RASSF1-AS1	U_ENSG00000281358.2	chr3	50337584	50337832	+	248	248.0	antisense	ENSG00000068028	17	16	15	9	2	0	0.0328	0.0292	0.0967	227.5	226.0	HLbalEde1,HLcamDro2,HLeleMax1,HLmanJav2,HLoryCun3,HLpteVam2,bosTau9,canFam5,dasNov3,equCab3,eriEur2,felCat9,mm39,monDom5,rheMac10,rn7,susScr11
ENSG00000281376_core_1	ENSG00000281376	ABALON	U_ENSG00000281376.1	chr20	31722546	31722914	+	368	368.0	antisense	ENSG00000171552	19	18	18	17	15	12	0.0144	0.0089	0.0538	287.8	310.0	HLbalEde1,HLcamDro2,HLdidVir1,HLeleMax1,HLmanJav2,HLnotEug3,HLoryCun3,HLpteVam2,bosTau9,canFam5,dasNov3,equCab3,eriEur2,felCat9,mm39,monDom5,rheMac10,rn7,susScr11
ENSG00000281691_core_1	ENSG00000281691	RBM5-AS1	U_ENSG00000281691.1	chr3	50100380	50100588	-	208	208.0	antisense	ENSG00000003756,ENSG00000004534	19	19	19	19	15	3	0.0144	0.0125	0.0275	167.4	182.0	HLbalEde1,HLcamDro2,HLdidVir1,HLeleMax1,HLmanJav2,HLnotEug3,HLoryCun3,HLpteVam2,bosTau9,canFam5,dasNov3,equCab3,eriEur2,felCat9,mm39,monDom5,rheMac10,rn7,susScr11
ENSG00000282375_core_2	ENSG00000282375		U_ENSG00000282375.1	chr8	738787	739275	+	488	488.0	sense_overlapping	ENSG00000198010	17	16	14	12	7	1	0.0281	0.0244	0.089	345.3	374.0	HLbalEde1,HLcamDro2,HLdidVir1,HLeleMax1,HLmanJav2,HLoryCun3,bosTau9,canFam5,dasNov3,equCab3,eriEur2,felCat9,mm39,monDom5,rheMac10,rn7,susScr11
ENSG00000282527_core_1	ENSG00000282527		U_ENSG00000282527.3	chr3	97821741	97821979	-	238	238.0	antisense	ENSG00000113966	17	13	12	5	2	0	0.0437	0.0351	0.0999	165.0	166.0	HLbalEde1,HLcamDro2,HLdidVir1,HLeleMax1,HLmanJav2,HLnotEug3,HLoryCun3,HLpteVam2,bosTau9,canFam5,equCab3,felCat9,mm39,monDom5,rheMac10,rn7,susScr11
ENSG00000282907_core_1	ENSG00000282907		U_ENSG00000282907.1	chr16	574312	574720	+	408	408.0	sense_overlapping	ENSG00000007541,ENSG00000257108	18	16	14	12	8	6	0.0255	0.0222	0.0667	321.6	329.0	HLbalEde1,HLcamDro2,HLdidVir1,HLeleMax1,HLmanJav2,HLnotEug3,HLoryCun3,HLpteVam2,bosTau9,canFam5,dasNov3,equCab3,felCat9,mm39,monDom5,rheMac10,rn7,susScr11
ENSG00000282977_core_1	ENSG00000282977	PCBP2-OT1	U_ENSG00000282977.1	chr12	53464627	53464995	+	368	368.0	sense_overlapping	ENSG00000197111	19	19	19	19	19	19	0.0058	0.0058	0.006	366.7	367.0	HLbalEde1,HLcamDro2,HLdidVir1,HLeleMax1,HLmanJav2,HLnotEug3,HLoryCun3,HLpteVam2,bosTau9,canFam5,dasNov3,equCab3,eriEur2,felCat9,mm39,monDom5,rheMac10,rn7,susScr11
ENSG00000283095_core_2	ENSG00000283095		U_ENSG00000283095.1	chr10	131892719	131892989	+	270	270.0	intergenic	.	17	1	1	0	0	0	0.0751	0.071	0.0994	207.1	235.0	HLbalEde1,HLcamDro2,HLeleMax1,HLmanJav2,HLnotEug3,HLoryCun3,HLpteVam2,bosTau9,canFam5,dasNov3,eriEur2,felCat9,mm39,monDom5,rheMac10,rn7,susScr11
ENSG00000283096_core_1	ENSG00000283096		U_ENSG00000283096.1	chr10	78177007	78177335	+	328	328.0	intergenic	.	19	19	19	19	19	9	0.0113	0.0109	0.0189	284.5	284.0	HLbalEde1,HLcamDro2,HLdidVir1,HLeleMax1,HLmanJav2,HLnotEug3,HLoryCun3,HLpteVam2,bosTau9,canFam5,dasNov3,equCab3,eriEur2,felCat9,mm39,monDom5,rheMac10,rn7,susScr11
ENSG00000283240_core_1	ENSG00000283240		U_ENSG00000283240.2	chr12	16787988	16788156	+	168	168.0	intergenic	.	17	17	17	16	14	0	0.0192	0.0172	0.04	160.2	170.0	HLbalEde1,HLcamDro2,HLeleMax1,HLmanJav2,HLnotEug3,HLoryCun3,HLpteVam2,bosTau9,canFam5,dasNov3,equCab3,eriEur2,felCat9,monDom5,rheMac10,rn7,susScr11
ENSG00000283341_core_2	ENSG00000283341		U_ENSG00000283341.5	chr11	43644222	43644589	+	367	367.0	sense_overlapping	ENSG00000149084	18	15	14	12	12	1	0.0295	0.0141	0.0996	265.9	313.5	HLcamDro2,HLdidVir1,HLeleMax1,HLmanJav2,HLnotEug3,HLoryCun3,HLpteVam2,bosTau9,canFam5,dasNov3,equCab3,eriEur2,felCat9,mm39,monDom5,rheMac10,rn7,susScr11
ENSG00000283436_core_1	ENSG00000283436	LINC01958	U_ENSG00000283436.2	chr2	156695158	156695286	+	128	128.0	intergenic	.	18	18	18	14	6	0	0.0251	0.0212	0.0381	107.8	120.5	HLbalEde1,HLcamDro2,HLeleMax1,HLmanJav2,HLnotEug3,HLoryCun3,HLpteVam2,bosTau9,canFam5,dasNov3,equCab3,eriEur2,felCat9,mm39,monDom5,rheMac10,rn7,susScr11
ENSG00000283638_core_5	ENSG00000283638		U_ENSG00000283638.4	chrX	134172283	134173171	-	888	888.0	intergenic	.	17	16	16	14	14	14	0.0117	0.0038	0.0796	768.5	844.0	HLbalEde1,HLcamDro2,HLdidVir1,HLeleMax1,HLmanJav2,HLpteVam2,bosTau9,canFam5,dasNov3,equCab3,eriEur2,felCat9,mm39,monDom5,rheMac10,rn7,susScr11
ENSG00000283662_core_1	ENSG00000283662		U_ENSG00000283662.1	chr16	28259245	28259502	+	257	257.0	sense_overlapping	ENSG00000188322	18	17	14	14	12	1	0.0215	0.0135	0.0575	207.2	216.5	HLbalEde1,HLcamDro2,HLdidVir1,HLeleMax1,HLmanJav2,HLoryCun3,HLpteVam2,bosTau9,canFam5,dasNov3,equCab3,eriEur2,felCat9,mm39,monDom5,rheMac10,rn7,susScr11
ENSG00000283849_core_2	ENSG00000283849		U_ENSG00000283849.1	chr3	39153345	39153713	+	368	368.0	antisense	ENSG00000144655	17	17	17	16	15	9	0.0126	0.0089	0.0305	315.2	326.0	HLbalEde1,HLcamDro2,HLeleMax1,HLmanJav2,HLnotEug3,HLoryCun3,HLpteVam2,bosTau9,canFam5,dasNov3,equCab3,eriEur2,felCat9,mm39,rheMac10,rn7,susScr11
ENSG00000283999_core_3	ENSG00000283999		U_ENSG00000283999.2	chr1	110486885	110487085	+	200	200.0	intergenic	.	17	17	17	17	15	0	0.0149	0.0146	0.0219	199.6	200.0	HLbalEde1,HLcamDro2,HLeleMax1,HLmanJav2,HLnotEug3,HLoryCun3,bosTau9,canFam5,dasNov3,equCab3,eriEur2,felCat9,mm39,monDom5,rheMac10,rn7,susScr11
ENSG00000283999_core_4	ENSG00000283999		U_ENSG00000283999.2	chr1	110488578	110488746	+	168	168.0	intergenic	.	18	14	9	5	1	0	0.0408	0.038	0.071	132.6	139.5	HLbalEde1,HLcamDro2,HLdidVir1,HLeleMax1,HLmanJav2,HLnotEug3,HLoryCun3,bosTau9,canFam5,dasNov3,equCab3,eriEur2,felCat9,mm39,monDom5,rheMac10,rn7,susScr11
ENSG00000284430_core_6	ENSG00000284430		U_ENSG00000284430.2	chr19	31146696	31147210	+	514	514.0	intergenic	.	17	8	5	2	2	1	0.0529	0.0508	0.0873	220.9	197.0	HLbalEde1,HLcamDro2,HLdidVir1,HLeleMax1,HLmanJav2,HLnotEug3,HLoryCun3,HLpteVam2,bosTau9,canFam5,dasNov3,felCat9,mm39,monDom5,rheMac10,rn7,susScr11
ENSG00000284623_core_1	ENSG00000284623	LINC02786	U_ENSG00000284623.2	chr1	38136200	38136383	-	183	183.0	intergenic	.	18	12	10	7	1	0	0.0502	0.0356	0.0935	144.8	161.5	HLbalEde1,HLcamDro2,HLdidVir1,HLeleMax1,HLmanJav2,HLnotEug3,HLoryCun3,HLpteVam2,bosTau9,canFam5,dasNov3,equCab3,eriEur2,felCat9,monDom5,rheMac10,rn7,susScr11
ENSG00000284672_core_5	ENSG00000284672		U_ENSG00000284672.1	chr3	46811488	46811736	-	248	248.0	sense_overlapping	ENSG00000206549	17	15	10	9	3	1	0.0326	0.0281	0.0525	164.6	169.0	HLbalEde1,HLcamDro2,HLdidVir1,HLeleMax1,HLmanJav2,HLoryCun3,HLpteVam2,bosTau9,canFam5,dasNov3,equCab3,eriEur2,felCat9,mm39,rheMac10,rn7,susScr11
ENSG00000284675_core_2	ENSG00000284675		U_ENSG00000284675.2	chr16	73145649	73145839	+	190	190.0	antisense	ENSG00000140836	18	7	6	4	0	0	0.0608	0.0727	0.0971	153.9	152.0	HLbalEde1,HLcamDro2,HLdidVir1,HLeleMax1,HLmanJav2,HLnotEug3,HLpteVam2,bosTau9,canFam5,dasNov3,equCab3,eriEur2,felCat9,mm39,monDom5,rheMac10,rn7,susScr11
ENSG00000284705_core_4	ENSG00000284705		U_ENSG00000284705.2	chr1	36710063	36710511	+	448	448.0	intergenic	.	19	19	19	19	19	10	0.01	0.01	0.017	317.9	285.0	HLbalEde1,HLcamDro2,HLdidVir1,HLeleMax1,HLmanJav2,HLnotEug3,HLoryCun3,HLpteVam2,bosTau9,canFam5,dasNov3,equCab3,eriEur2,felCat9,mm39,monDom5,rheMac10,rn7,susScr11
ENSG00000284738_core_1	ENSG00000284738		U_ENSG00000284738.3	chr1	153923317	153923845	+	528	528.0	antisense	ENSG00000143614,ENSG00000198837	19	19	17	15	13	8	0.0181	0.0114	0.0455	303.8	322.0	HLbalEde1,HLcamDro2,HLdidVir1,HLeleMax1,HLmanJav2,HLnotEug3,HLoryCun3,HLpteVam2,bosTau9,canFam5,dasNov3,equCab3,eriEur2,felCat9,mm39,monDom5,rheMac10,rn7,susScr11
ENSG00000284747_core_2	ENSG00000284747		U_ENSG00000284747.1	chr1	8004491	8004979	+	488	488.0	antisense	ENSG00000116285	19	19	19	18	12	3	0.0169	0.0138	0.0342	353.8	348.0	HLbalEde1,HLcamDro2,HLdidVir1,HLeleMax1,HLmanJav2,HLnotEug3,HLoryCun3,HLpteVam2,bosTau9,canFam5,dasNov3,equCab3,eriEur2,felCat9,mm39,monDom5,rheMac10,rn7,susScr11
ENSG00000284839_core_1	ENSG00000284839		U_ENSG00000284839.2	chr7	32427809	32428137	+	328	328.0	antisense	ENSG00000154678	18	17	17	16	10	0	0.0213	0.019	0.0559	230.9	233.0	HLbalEde1,HLcamDro2,HLeleMax1,HLmanJav2,HLnotEug3,HLoryCun3,HLpteVam2,bosTau9,canFam5,dasNov3,equCab3,eriEur2,felCat9,mm39,monDom5,rheMac10,rn7,susScr11
ENSG00000284846_core_1	ENSG00000284846		U_ENSG00000284846.2	chr1	86821921	86822129	-	208	208.0	intergenic	.	17	14	14	12	6	0	0.0281	0.0238	0.0732	169.6	173.0	HLbalEde1,HLcamDro2,HLeleMax1,HLmanJav2,HLnotEug3,HLoryCun3,bosTau9,canFam5,dasNov3,equCab3,eriEur2,felCat9,mm39,monDom5,rheMac10,rn7,susScr11
ENSG00000285190_core_1	ENSG00000285190		U_ENSG00000285190.2	chr5	87412501	87413061	+	560	560.0	antisense	ENSG00000134480	18	14	13	10	3	0	0.0363	0.0268	0.0928	291.8	278.0	HLbalEde1,HLcamDro2,HLdidVir1,HLeleMax1,HLmanJav2,HLoryCun3,HLpteVam2,bosTau9,canFam5,dasNov3,equCab3,eriEur2,felCat9,mm39,monDom5,rheMac10,rn7,susScr11
ENSG00000285205_core_1	ENSG00000285205	GSC-DT	U_ENSG00000285205.2	chr14	94770350	94770598	+	248	248.0	near_coding_5kb	.	18	17	17	16	15	1	0.0176	0.013	0.066	221.9	228.0	HLbalEde1,HLcamDro2,HLdidVir1,HLeleMax1,HLmanJav2,HLnotEug3,HLoryCun3,HLpteVam2,bosTau9,canFam5,dasNov3,equCab3,eriEur2,felCat9,mm39,rheMac10,rn7,susScr11
ENSG00000285205_core_7	ENSG00000285205	GSC-DT	U_ENSG00000285205.2	chr14	94772950	94773278	+	328	328.0	near_coding_5kb	.	17	14	14	12	9	1	0.0275	0.0171	0.0898	228.8	254.0	HLbalEde1,HLcamDro2,HLdidVir1,HLmanJav2,HLnotEug3,HLoryCun3,HLpteVam2,bosTau9,canFam5,dasNov3,equCab3,eriEur2,felCat9,mm39,rheMac10,rn7,susScr11
ENSG00000285314_core_1	ENSG00000285314		U_ENSG00000285314.1	chr22	20979541	20979702	+	161	161.0	sense_overlapping	ENSG00000099949,ENSG00000183773	18	14	14	13	3	0	0.036	0.0251	0.0859	151.3	153.5	HLbalEde1,HLcamDro2,HLdidVir1,HLeleMax1,HLmanJav2,HLnotEug3,HLpteVam2,bosTau9,canFam5,dasNov3,equCab3,eriEur2,felCat9,mm39,monDom5,rheMac10,rn7,susScr11
ENSG00000285314_core_5	ENSG00000285314		U_ENSG00000285314.1	chr22	20991627	20991829	+	202	202.0	sense_overlapping	ENSG00000099949,ENSG00000183773	19	18	18	18	18	0	0.0167	0.0124	0.0878	194.8	202.0	HLbalEde1,HLcamDro2,HLdidVir1,HLeleMax1,HLmanJav2,HLnotEug3,HLoryCun3,HLpteVam2,bosTau9,canFam5,dasNov3,equCab3,eriEur2,felCat9,mm39,monDom5,rheMac10,rn7,susScr11
ENSG00000285314_core_10	ENSG00000285314		U_ENSG00000285314.1	chr22	20995962	20996112	+	150	150.0	sense_overlapping	ENSG00000099949,ENSG00000183773	19	19	19	19	18	0	0.0169	0.0164	0.0229	145.9	150.0	HLbalEde1,HLcamDro2,HLdidVir1,HLeleMax1,HLmanJav2,HLnotEug3,HLoryCun3,HLpteVam2,bosTau9,canFam5,dasNov3,equCab3,eriEur2,felCat9,mm39,monDom5,rheMac10,rn7,susScr11
ENSG00000285410_core_5	ENSG00000285410	GABPB1-IT1	U_ENSG00000285410.1	chr15	50354213	50354821	-	608	608.0	sense_overlapping	ENSG00000104064	19	19	19	18	18	12	0.0104	0.0066	0.0384	511.8	582.0	HLbalEde1,HLcamDro2,HLdidVir1,HLeleMax1,HLmanJav2,HLnotEug3,HLoryCun3,HLpteVam2,bosTau9,canFam5,dasNov3,equCab3,eriEur2,felCat9,mm39,monDom5,rheMac10,rn7,susScr11
ENSG00000285454_core_1	ENSG00000285454		U_ENSG00000285454.2	chr4	42151267	42151563	+	296	296.0	antisense	ENSG00000188848	19	17	15	13	8	1	0.0277	0.0221	0.0783	267.8	288.0	HLbalEde1,HLcamDro2,HLdidVir1,HLeleMax1,HLmanJav2,HLnotEug3,HLoryCun3,HLpteVam2,bosTau9,canFam5,dasNov3,equCab3,eriEur2,felCat9,mm39,monDom5,rheMac10,rn7,susScr11
ENSG00000285467_core_1	ENSG00000285467	DHRS4L1	U_ENSG00000285467.1	chr14	23970010	23970218	+	208	208.0	sense_overlapping	ENSG00000187630	17	17	17	16	1	0	0.0239	0.0232	0.0361	203.4	206.0	HLbalEde1,HLcamDro2,HLeleMax1,HLmanJav2,HLoryCun3,HLpteVam2,bosTau9,canFam5,dasNov3,equCab3,eriEur2,felCat9,mm39,monDom5,rheMac10,rn7,susScr11
ENSG00000285533_core_1	ENSG00000285533	RELA-DT	U_ENSG00000285533.5	chr11	65663383	65663683	+	300	300.0	near_coding_5kb	.	18	14	12	9	2	1	0.0336	0.0296	0.059	276.5	281.5	HLbalEde1,HLcamDro2,HLdidVir1,HLeleMax1,HLmanJav2,HLnotEug3,HLoryCun3,HLpteVam2,bosTau9,canFam5,dasNov3,equCab3,felCat9,mm39,monDom5,rheMac10,rn7,susScr11
ENSG00000285543_core_1	ENSG00000285543		U_ENSG00000285543.2	chr16	10215170	10215858	-	688	688.0	intergenic	.	17	15	12	11	7	1	0.0286	0.0233	0.0748	283.4	269.0	HLbalEde1,HLcamDro2,HLdidVir1,HLeleMax1,HLmanJav2,HLoryCun3,HLpteVam2,bosTau9,canFam5,dasNov3,equCab3,eriEur2,felCat9,mm39,monDom5,rheMac10,rn7
ENSG00000285587_core_1	ENSG00000285587		U_ENSG00000285587.2	chr10	116274302	116274697	+	395	395.0	antisense	ENSG00000151892	17	15	15	15	15	5	0.0205	0.0111	0.0914	318.3	371.0	HLbalEde1,HLcamDro2,HLdidVir1,HLeleMax1,HLmanJav2,HLoryCun3,HLpteVam2,bosTau9,canFam5,dasNov3,equCab3,eriEur2,felCat9,mm39,rheMac10,rn7,susScr11
ENSG00000285600_core_3	ENSG00000285600		U_ENSG00000285600.3	chr3	127628896	127629049	-	153	153.0	antisense	ENSG00000073111	17	15	12	5	1	0	0.0383	0.0344	0.0832	141.7	154.0	HLbalEde1,HLdidVir1,HLeleMax1,HLmanJav2,HLoryCun3,HLpteVam2,bosTau9,canFam5,dasNov3,equCab3,eriEur2,felCat9,mm39,monDom5,rheMac10,rn7,susScr11
ENSG00000285608_core_2	ENSG00000285608		U_ENSG00000285608.1	chr14	32157647	32157855	-	208	208.0	antisense	ENSG00000100852	17	17	16	15	9	0	0.022	0.0194	0.0487	162.8	166.0	HLbalEde1,HLcamDro2,HLeleMax1,HLmanJav2,HLnotEug3,HLoryCun3,HLpteVam2,bosTau9,canFam5,dasNov3,equCab3,felCat9,mm39,monDom5,rheMac10,rn7,susScr11
ENSG00000285611_core_2	ENSG00000285611		U_ENSG00000285611.3	chr2	60070915	60071043	+	128	128.0	intergenic	.	18	18	0	0	0	0	0.0451	0.0448	0.0499	56.0	56.0	HLbalEde1,HLcamDro2,HLdidVir1,HLeleMax1,HLmanJav2,HLnotEug3,HLoryCun3,HLpteVam2,bosTau9,canFam5,dasNov3,equCab3,eriEur2,felCat9,mm39,monDom5,rheMac10,susScr11
ENSG00000285612_core_1	ENSG00000285612		U_ENSG00000285612.1	chr14	71588283	71588451	-	168	168.0	antisense	ENSG00000197555	18	17	17	17	15	0	0.0196	0.0174	0.0529	158.8	167.0	HLbalEde1,HLcamDro2,HLdidVir1,HLeleMax1,HLmanJav2,HLnotEug3,HLoryCun3,HLpteVam2,bosTau9,canFam5,dasNov3,equCab3,eriEur2,felCat9,mm39,monDom5,rheMac10,rn7
ENSG00000285632_core_1	ENSG00000285632		U_ENSG00000285632.2	chr8	38209938	38210146	-	208	208.0	antisense	ENSG00000085788,ENSG00000156735	19	18	17	14	11	0	0.0239	0.0181	0.0551	167.4	197.0	HLbalEde1,HLcamDro2,HLdidVir1,HLeleMax1,HLmanJav2,HLnotEug3,HLoryCun3,HLpteVam2,bosTau9,canFam5,dasNov3,equCab3,eriEur2,felCat9,mm39,monDom5,rheMac10,rn7,susScr11
ENSG00000285649_core_2	ENSG00000285649		U_ENSG00000285649.2	chr1	43970040	43970307	-	267	267.0	antisense	ENSG00000117410,ENSG00000132768	17	14	13	13	10	0	0.0282	0.0182	0.0838	209.2	236.0	HLbalEde1,HLcamDro2,HLeleMax1,HLmanJav2,HLnotEug3,HLoryCun3,HLpteVam2,bosTau9,canFam5,dasNov3,equCab3,eriEur2,felCat9,mm39,monDom5,rheMac10,susScr11
ENSG00000285667_core_1	ENSG00000285667		U_ENSG00000285667.2	chr15	84747857	84748253	-	396	396.0	near_coding_5kb	.	17	15	15	15	10	3	0.0221	0.0158	0.0622	334.1	380.0	HLbalEde1,HLcamDro2,HLdidVir1,HLeleMax1,HLmanJav2,HLnotEug3,HLoryCun3,HLpteVam2,bosTau9,canFam5,dasNov3,equCab3,felCat9,mm39,rheMac10,rn7,susScr11
ENSG00000285668_core_1	ENSG00000285668		U_ENSG00000285668.2	chr17	45585085	45585246	-	161	161.0	intergenic	.	17	16	16	15	1	0	0.0272	0.0236	0.0733	172.8	179.0	HLbalEde1,HLcamDro2,HLdidVir1,HLeleMax1,HLmanJav2,HLnotEug3,HLoryCun3,HLpteVam2,bosTau9,canFam5,dasNov3,equCab3,felCat9,mm39,rheMac10,rn7,susScr11
ENSG00000285728_core_1	ENSG00000285728		U_ENSG00000285728.4	chr1	42681713	42682161	-	448	448.0	antisense	ENSG00000171960,ENSG00000186409	18	16	13	13	10	4	0.0256	0.0149	0.0871	310.6	387.0	HLbalEde1,HLcamDro2,HLdidVir1,HLeleMax1,HLmanJav2,HLnotEug3,HLoryCun3,HLpteVam2,bosTau9,canFam5,dasNov3,equCab3,eriEur2,felCat9,mm39,rheMac10,rn7,susScr11
ENSG00000285793_core_4	ENSG00000285793	ANAPC1P2	U_ENSG00000285793.2	chr2	87043712	87043984	-	272	272.0	intergenic	.	17	17	17	17	17	10	0.01	0.0093	0.0131	250.5	264.0	HLbalEde1,HLcamDro2,HLeleMax1,HLmanJav2,HLnotEug3,HLoryCun3,HLpteVam2,bosTau9,canFam5,dasNov3,equCab3,eriEur2,felCat9,mm39,rheMac10,rn7,susScr11
ENSG00000285793_core_6	ENSG00000285793	ANAPC1P2	U_ENSG00000285793.2	chr2	87049652	87049803	-	151	151.0	intergenic	.	17	16	16	16	13	0	0.021	0.0175	0.0733	148.8	151.0	HLbalEde1,HLcamDro2,HLeleMax1,HLmanJav2,HLnotEug3,HLoryCun3,HLpteVam2,bosTau9,canFam5,dasNov3,equCab3,eriEur2,felCat9,mm39,rheMac10,rn7,susScr11
ENSG00000285796_core_8	ENSG00000285796		U_ENSG00000285796.2	chr20	45934038	45935046	-	1008	1008.0	antisense	ENSG00000100982	18	18	18	18	18	18	0.004	0.0034	0.0077	854.0	889.0	HLbalEde1,HLcamDro2,HLeleMax1,HLmanJav2,HLnotEug3,HLoryCun3,HLpteVam2,bosTau9,canFam5,dasNov3,equCab3,eriEur2,felCat9,mm39,monDom5,rheMac10,rn7,susScr11
ENSG00000285833_core_2	ENSG00000285833		U_ENSG00000285833.1	chr1	11501593	11501881	-	288	288.0	antisense	ENSG00000204624	17	16	14	14	13	2	0.0185	0.0113	0.0541	264.8	286.0	HLbalEde1,HLcamDro2,HLdidVir1,HLeleMax1,HLmanJav2,HLnotEug3,HLpteVam2,bosTau9,canFam5,dasNov3,equCab3,eriEur2,felCat9,mm39,monDom5,rheMac10,susScr11
ENSG00000285840_core_1	ENSG00000285840		U_ENSG00000285840.3	chr13	30445824	30446032	+	208	208.0	antisense	ENSG00000189403	17	15	13	11	3	0	0.0339	0.0275	0.0981	153.1	166.0	HLbalEde1,HLcamDro2,HLeleMax1,HLmanJav2,HLnotEug3,HLoryCun3,HLpteVam2,bosTau9,canFam5,dasNov3,equCab3,eriEur2,felCat9,mm39,rheMac10,rn7,susScr11
ENSG00000285844_core_3	ENSG00000285844	KCNQ5-DT	U_ENSG00000285844.2	chr6	72621189	72621957	-	768	768.0	antisense	ENSG00000185760	19	19	19	17	14	8	0.0149	0.0132	0.0367	518.6	533.0	HLbalEde1,HLcamDro2,HLdidVir1,HLeleMax1,HLmanJav2,HLnotEug3,HLoryCun3,HLpteVam2,bosTau9,canFam5,dasNov3,equCab3,eriEur2,felCat9,mm39,monDom5,rheMac10,rn7,susScr11
ENSG00000285846_core_2	ENSG00000285846		U_ENSG00000285846.1	chr10	93076962	93077231	+	269	269.0	sense_overlapping	ENSG00000095596,ENSG00000187553	19	19	19	18	17	9	0.0137	0.0111	0.0309	204.4	208.0	HLbalEde1,HLcamDro2,HLdidVir1,HLeleMax1,HLmanJav2,HLnotEug3,HLoryCun3,HLpteVam2,bosTau9,canFam5,dasNov3,equCab3,eriEur2,felCat9,mm39,monDom5,rheMac10,rn7,susScr11
ENSG00000285848_core_1	ENSG00000285848		U_ENSG00000285848.1	chr16	84817181	84817458	-	277	277.0	antisense	ENSG00000103196	19	14	12	7	2	1	0.0418	0.0328	0.085	187.5	203.0	HLbalEde1,HLcamDro2,HLdidVir1,HLeleMax1,HLmanJav2,HLnotEug3,HLoryCun3,HLpteVam2,bosTau9,canFam5,dasNov3,equCab3,eriEur2,felCat9,mm39,monDom5,rheMac10,rn7,susScr11
ENSG00000285881_core_1	ENSG00000285881		U_ENSG00000285881.2	chr8	22188181	22188653	-	472	472.0	antisense	ENSG00000168487	18	16	14	12	8	1	0.0263	0.021	0.0543	234.4	182.5	HLbalEde1,HLcamDro2,HLdidVir1,HLeleMax1,HLmanJav2,HLnotEug3,HLoryCun3,HLpteVam2,bosTau9,canFam5,dasNov3,eriEur2,felCat9,mm39,monDom5,rheMac10,rn7,susScr11
ENSG00000285908_core_3	ENSG00000285908		U_ENSG00000285908.1	chr3	133805620	133805948	-	328	328.0	antisense	ENSG00000144867	18	15	15	15	9	1	0.0288	0.021	0.0788	247.4	254.5	HLbalEde1,HLcamDro2,HLeleMax1,HLmanJav2,HLnotEug3,HLoryCun3,HLpteVam2,bosTau9,canFam5,dasNov3,equCab3,eriEur2,felCat9,mm39,monDom5,rheMac10,rn7,susScr11
ENSG00000285914_core_2	ENSG00000285914		U_ENSG00000285914.2	chr5	171724968	171725176	-	208	208.0	intergenic	.	18	18	17	15	9	0	0.0226	0.0194	0.0496	178.8	179.0	HLbalEde1,HLcamDro2,HLdidVir1,HLeleMax1,HLnotEug3,HLoryCun3,HLpteVam2,bosTau9,canFam5,dasNov3,equCab3,eriEur2,felCat9,mm39,monDom5,rheMac10,rn7,susScr11
ENSG00000285921_core_1	ENSG00000285921		U_ENSG00000285921.1	chr11	96092453	96092821	+	368	368.0	antisense	ENSG00000184384	18	18	17	17	17	15	0.0106	0.0078	0.0472	346.4	364.5	HLbalEde1,HLcamDro2,HLdidVir1,HLeleMax1,HLmanJav2,HLnotEug3,HLoryCun3,HLpteVam2,bosTau9,canFam5,dasNov3,equCab3,felCat9,mm39,monDom5,rheMac10,rn7,susScr11
ENSG00000285952_core_6	ENSG00000285952		U_ENSG00000285952.1	chr16	4800843	4801211	-	368	368.0	antisense+sense	ENSG00000067836,ENSG00000140623,ENSG00000267795	17	12	12	12	4	2	0.0327	0.0261	0.0761	236.0	239.0	HLbalEde1,HLcamDro2,HLeleMax1,HLmanJav2,HLnotEug3,HLoryCun3,HLpteVam2,bosTau9,canFam5,dasNov3,equCab3,eriEur2,felCat9,mm39,rheMac10,rn7,susScr11
ENSG00000285967_core_2	ENSG00000285967	NIPBL-DT	U_ENSG00000285967.2	chr5	36875811	36876657	-	846	846.0	near_coding_5kb	.	18	17	16	16	15	15	0.0121	0.0055	0.0569	698.6	771.5	HLbalEde1,HLcamDro2,HLdidVir1,HLeleMax1,HLmanJav2,HLnotEug3,HLoryCun3,HLpteVam2,bosTau9,canFam5,dasNov3,equCab3,felCat9,mm39,monDom5,rheMac10,rn7,susScr11
ENSG00000286028_core_1	ENSG00000286028	MIR34BHG	U_ENSG00000286028.2	chr11	111513379	111513667	+	288	288.0	antisense	ENSG00000137707	17	15	15	15	10	0	0.0269	0.0193	0.0909	190.5	222.0	HLbalEde1,HLcamDro2,HLdidVir1,HLeleMax1,HLmanJav2,HLnotEug3,HLoryCun3,HLpteVam2,bosTau9,canFam5,dasNov3,equCab3,eriEur2,felCat9,mm39,rheMac10,rn7
ENSG00000286067_core_1	ENSG00000286067		U_ENSG00000286067.1	chr12	120221638	120221766	+	128	128.0	antisense	ENSG00000089159	18	18	17	13	2	0	0.0256	0.0226	0.0485	114.1	127.0	HLbalEde1,HLcamDro2,HLeleMax1,HLmanJav2,HLnotEug3,HLoryCun3,HLpteVam2,bosTau9,canFam5,dasNov3,equCab3,eriEur2,felCat9,mm39,monDom5,rheMac10,rn7,susScr11
ENSG00000286129_core_3	ENSG00000286129		U_ENSG00000286129.1	chr22	22322662	22323030	+	368	368.0	intergenic	.	18	17	17	17	16	7	0.0152	0.0102	0.0848	345.9	361.0	HLbalEde1,HLcamDro2,HLdidVir1,HLeleMax1,HLmanJav2,HLnotEug3,HLoryCun3,HLpteVam2,bosTau9,canFam5,dasNov3,equCab3,eriEur2,felCat9,monDom5,rheMac10,rn7,susScr11
ENSG00000286177_core_1	ENSG00000286177		U_ENSG00000286177.1	chr19	41310033	41310412	-	379	379.0	antisense+sense	ENSG00000105323,ENSG00000105329,ENSG00000142039	19	17	17	16	13	2	0.0203	0.0149	0.0605	317.5	328.0	HLbalEde1,HLcamDro2,HLdidVir1,HLeleMax1,HLmanJav2,HLnotEug3,HLoryCun3,HLpteVam2,bosTau9,canFam5,dasNov3,equCab3,eriEur2,felCat9,mm39,monDom5,rheMac10,rn7,susScr11
ENSG00000286181_core_4	ENSG00000286181		U_ENSG00000286181.1	chrX	49270343	49270521	-	178	178.0	antisense+sense	ENSG00000049768,ENSG00000049769,ENSG00000290184	17	16	16	16	6	0	0.0265	0.0217	0.0964	169.4	177.0	HLbalEde1,HLcamDro2,HLeleMax1,HLmanJav2,HLoryCun3,HLpteVam2,bosTau9,canFam5,dasNov3,equCab3,eriEur2,felCat9,mm39,monDom5,rheMac10,rn7,susScr11
ENSG00000286248_core_1	ENSG00000286248		U_ENSG00000286248.1	chr12	121186413	121186661	-	248	248.0	antisense	ENSG00000089041	17	11	10	9	1	1	0.0418	0.0291	0.0785	156.8	167.0	HLbalEde1,HLcamDro2,HLdidVir1,HLeleMax1,HLmanJav2,HLnotEug3,HLoryCun3,HLpteVam2,bosTau9,canFam5,equCab3,eriEur2,felCat9,mm39,rheMac10,rn7,susScr11
ENSG00000286258_core_1	ENSG00000286258		U_ENSG00000286258.2	chr12	104147317	104147445	-	128	128.0	intergenic	.	18	4	2	0	0	0	0.0658	0.0645	0.0927	110.9	111.5	HLbalEde1,HLcamDro2,HLdidVir1,HLeleMax1,HLmanJav2,HLnotEug3,HLoryCun3,HLpteVam2,bosTau9,canFam5,dasNov3,equCab3,eriEur2,felCat9,mm39,rheMac10,rn7,susScr11
ENSG00000286281_core_1	ENSG00000286281		U_ENSG00000286281.1	chr6	14211578	14211965	+	387	387.0	intergenic	.	18	15	8	7	3	1	0.0368	0.0417	0.0626	248.6	238.0	HLbalEde1,HLcamDro2,HLdidVir1,HLeleMax1,HLmanJav2,HLnotEug3,HLoryCun3,HLpteVam2,bosTau9,canFam5,dasNov3,equCab3,felCat9,mm39,monDom5,rheMac10,rn7,susScr11
ENSG00000286305_core_2	ENSG00000286305		U_ENSG00000286305.1	chr7	98993558	98993778	-	220	220.0	antisense	ENSG00000196367	19	19	19	19	14	0	0.0165	0.0145	0.0291	184.2	189.0	HLbalEde1,HLcamDro2,HLdidVir1,HLeleMax1,HLmanJav2,HLnotEug3,HLoryCun3,HLpteVam2,bosTau9,canFam5,dasNov3,equCab3,eriEur2,felCat9,mm39,monDom5,rheMac10,rn7,susScr11
ENSG00000286320_core_3	ENSG00000286320		U_ENSG00000286320.3	chr4	139764199	139764973	+	774	774.0	antisense	ENSG00000196782	17	16	16	12	9	5	0.0229	0.0194	0.0745	310.5	263.0	HLbalEde1,HLcamDro2,HLdidVir1,HLeleMax1,HLmanJav2,HLnotEug3,HLoryCun3,HLpteVam2,canFam5,dasNov3,equCab3,felCat9,mm39,monDom5,rheMac10,rn7,susScr11
ENSG00000286321_core_1	ENSG00000286321		U_ENSG00000286321.2	chr4	28287950	28288118	+	168	168.0	intergenic	.	17	16	15	15	3	0	0.0256	0.0227	0.0582	160.0	167.0	HLbalEde1,HLcamDro2,HLdidVir1,HLeleMax1,HLmanJav2,HLnotEug3,HLoryCun3,HLpteVam2,bosTau9,dasNov3,equCab3,eriEur2,felCat9,mm39,rheMac10,rn7,susScr11
ENSG00000286380_core_1	ENSG00000286380		U_ENSG00000286380.4	chr7	129779879	129780167	-	288	288.0	intergenic	.	18	18	16	14	10	1	0.0216	0.0183	0.0485	254.2	287.5	HLbalEde1,HLcamDro2,HLdidVir1,HLeleMax1,HLmanJav2,HLoryCun3,HLpteVam2,bosTau9,canFam5,dasNov3,equCab3,eriEur2,felCat9,mm39,monDom5,rheMac10,rn7,susScr11
ENSG00000286382_core_1	ENSG00000286382		U_ENSG00000286382.1	chr11	20596651	20596939	-	288	288.0	near_coding_5kb	.	17	15	15	13	7	1	0.0302	0.0235	0.0996	214.2	249.0	HLbalEde1,HLcamDro2,HLdidVir1,HLeleMax1,HLmanJav2,HLoryCun3,HLpteVam2,bosTau9,canFam5,dasNov3,equCab3,eriEur2,felCat9,mm39,rheMac10,rn7,susScr11
ENSG00000286427_core_1	ENSG00000286427		U_ENSG00000286427.2	chr2	12716466	12716634	-	168	168.0	near_coding_5kb	.	18	9	5	1	0	0	0.049	0.0494	0.0712	144.6	157.5	HLbalEde1,HLcamDro2,HLdidVir1,HLeleMax1,HLmanJav2,HLoryCun3,HLpteVam2,bosTau9,canFam5,dasNov3,equCab3,eriEur2,felCat9,mm39,monDom5,rheMac10,rn7,susScr11
ENSG00000286433_core_2	ENSG00000286433		U_ENSG00000286433.1	chr1	27830811	27831209	-	398	398.0	antisense	ENSG00000117751	19	18	18	17	12	5	0.0179	0.014	0.0573	224.7	217.0	HLbalEde1,HLcamDro2,HLdidVir1,HLeleMax1,HLmanJav2,HLnotEug3,HLoryCun3,HLpteVam2,bosTau9,canFam5,dasNov3,equCab3,eriEur2,felCat9,mm39,monDom5,rheMac10,rn7,susScr11
ENSG00000286444_core_1	ENSG00000286444		U_ENSG00000286444.1	chr20	24992671	24993239	+	568	568.0	antisense	ENSG00000101474	18	18	18	15	6	1	0.0235	0.0241	0.0364	410.7	389.0	HLbalEde1,HLcamDro2,HLdidVir1,HLeleMax1,HLmanJav2,HLoryCun3,HLpteVam2,bosTau9,canFam5,dasNov3,equCab3,eriEur2,felCat9,mm39,monDom5,rheMac10,rn7,susScr11
ENSG00000286447_core_3	ENSG00000286447		U_ENSG00000286447.2	chr3	96814469	96814707	-	238	238.0	antisense	ENSG00000080224	18	16	16	15	13	0	0.0214	0.0131	0.0735	190.3	210.0	HLbalEde1,HLcamDro2,HLdidVir1,HLeleMax1,HLmanJav2,HLnotEug3,HLoryCun3,HLpteVam2,bosTau9,dasNov3,equCab3,eriEur2,felCat9,mm39,monDom5,rheMac10,rn7,susScr11
ENSG00000286459_core_1	ENSG00000286459		U_ENSG00000286459.1	chr11	66043337	66043625	+	288	288.0	antisense	ENSG00000175229	19	19	18	16	16	8	0.0152	0.0112	0.0432	211.4	200.0	HLbalEde1,HLcamDro2,HLdidVir1,HLeleMax1,HLmanJav2,HLnotEug3,HLoryCun3,HLpteVam2,bosTau9,canFam5,dasNov3,equCab3,eriEur2,felCat9,mm39,monDom5,rheMac10,rn7,susScr11
ENSG00000286463_core_1	ENSG00000286463		U_ENSG00000286463.2	chr11	114160099	114160347	-	248	248.0	antisense	ENSG00000109906	19	18	18	18	16	1	0.0179	0.0134	0.0908	208.9	214.0	HLbalEde1,HLcamDro2,HLdidVir1,HLeleMax1,HLmanJav2,HLnotEug3,HLoryCun3,HLpteVam2,bosTau9,canFam5,dasNov3,equCab3,eriEur2,felCat9,mm39,monDom5,rheMac10,rn7,susScr11
ENSG00000286493_core_1	ENSG00000286493		U_ENSG00000286493.2	chr12	120904498	120904772	+	274	274.0	near_coding_5kb	.	17	16	16	15	12	1	0.0185	0.0125	0.0593	251.5	258.0	HLbalEde1,HLcamDro2,HLdidVir1,HLeleMax1,HLmanJav2,HLoryCun3,HLpteVam2,bosTau9,canFam5,dasNov3,equCab3,eriEur2,felCat9,mm39,rheMac10,rn7,susScr11
ENSG00000286503_core_1	ENSG00000286503		U_ENSG00000286503.2	chr5	108382228	108382408	+	180	180.0	near_coding_5kb	.	19	15	15	14	1	0	0.0343	0.0248	0.0884	160.4	172.0	HLbalEde1,HLcamDro2,HLdidVir1,HLeleMax1,HLmanJav2,HLnotEug3,HLoryCun3,HLpteVam2,bosTau9,canFam5,dasNov3,equCab3,eriEur2,felCat9,mm39,monDom5,rheMac10,rn7,susScr11
ENSG00000286562_core_1	ENSG00000286562		U_ENSG00000286562.2	chr6	108261293	108261546	+	253	253.0	antisense	ENSG00000112335	18	13	10	7	2	0	0.041	0.0356	0.0793	169.7	149.5	HLbalEde1,HLcamDro2,HLdidVir1,HLeleMax1,HLmanJav2,HLnotEug3,HLoryCun3,HLpteVam2,canFam5,dasNov3,equCab3,eriEur2,felCat9,mm39,monDom5,rheMac10,rn7,susScr11
ENSG00000286575_core_1	ENSG00000286575		U_ENSG00000286575.2	chr10	102898784	102899432	-	648	648.0	antisense	ENSG00000148842,ENSG00000214435,ENSG00000270316	17	16	16	14	8	2	0.0225	0.0263	0.0517	297.4	241.0	HLbalEde1,HLcamDro2,HLeleMax1,HLmanJav2,HLnotEug3,HLoryCun3,HLpteVam2,bosTau9,canFam5,dasNov3,equCab3,felCat9,mm39,monDom5,rheMac10,rn7,susScr11
ENSG00000286585_core_1	ENSG00000286585		U_ENSG00000286585.4	chr3	155854629	155855078	+	449	449.0	near_coding_5kb	.	18	11	11	11	9	1	0.037	0.0212	0.0947	331.6	405.5	HLbalEde1,HLcamDro2,HLdidVir1,HLeleMax1,HLmanJav2,HLoryCun3,HLpteVam2,bosTau9,canFam5,dasNov3,equCab3,eriEur2,felCat9,mm39,monDom5,rheMac10,rn7,susScr11
ENSG00000286596_core_2	ENSG00000286596		U_ENSG00000286596.2	chr4	30720346	30721674	-	1328	1328.0	antisense	ENSG00000169851	19	18	17	15	14	12	0.0156	0.008	0.0723	547.9	444.0	HLbalEde1,HLcamDro2,HLdidVir1,HLeleMax1,HLmanJav2,HLnotEug3,HLoryCun3,HLpteVam2,bosTau9,canFam5,dasNov3,equCab3,eriEur2,felCat9,mm39,monDom5,rheMac10,rn7,susScr11
ENSG00000286618_core_1	ENSG00000286618		U_ENSG00000286618.1	chr4	87974974	87975222	-	248	248.0	antisense	ENSG00000118762,ENSG00000118785	18	17	15	13	9	0	0.0268	0.0207	0.0691	185.2	199.0	HLbalEde1,HLcamDro2,HLdidVir1,HLeleMax1,HLmanJav2,HLoryCun3,HLpteVam2,bosTau9,canFam5,dasNov3,equCab3,eriEur2,felCat9,mm39,monDom5,rheMac10,rn7,susScr11
ENSG00000286626_core_1	ENSG00000286626		U_ENSG00000286626.3	chr11	34044531	34045175	-	644	644.0	antisense	ENSG00000135387	19	17	15	10	3	1	0.0328	0.0293	0.0913	247.2	204.0	HLbalEde1,HLcamDro2,HLdidVir1,HLeleMax1,HLmanJav2,HLnotEug3,HLoryCun3,HLpteVam2,bosTau9,canFam5,dasNov3,equCab3,eriEur2,felCat9,mm39,monDom5,rheMac10,rn7,susScr11
ENSG00000286635_core_2	ENSG00000286635		U_ENSG00000286635.1	chr16	6394037	6394365	+	328	328.0	sense_overlapping	ENSG00000078328	19	18	18	18	17	3	0.0168	0.0117	0.0879	249.4	272.0	HLbalEde1,HLcamDro2,HLdidVir1,HLeleMax1,HLmanJav2,HLnotEug3,HLoryCun3,HLpteVam2,bosTau9,canFam5,dasNov3,equCab3,eriEur2,felCat9,mm39,monDom5,rheMac10,rn7,susScr11
ENSG00000286638_core_1	ENSG00000286638		U_ENSG00000286638.3	chr5	91280424	91281032	+	608	608.0	intergenic	.	19	19	18	17	13	6	0.0172	0.0158	0.0494	394.9	448.0	HLbalEde1,HLcamDro2,HLdidVir1,HLeleMax1,HLmanJav2,HLnotEug3,HLoryCun3,HLpteVam2,bosTau9,canFam5,dasNov3,equCab3,eriEur2,felCat9,mm39,monDom5,rheMac10,rn7,susScr11
ENSG00000286718_core_1	ENSG00000286718		U_ENSG00000286718.3	chr9	122940536	122940895	-	359	359.0	antisense	ENSG00000011454	19	15	15	11	10	1	0.0301	0.0177	0.0802	264.9	295.0	HLbalEde1,HLcamDro2,HLdidVir1,HLeleMax1,HLmanJav2,HLnotEug3,HLoryCun3,HLpteVam2,bosTau9,canFam5,dasNov3,equCab3,eriEur2,felCat9,mm39,monDom5,rheMac10,rn7,susScr11
ENSG00000286837_core_1	ENSG00000286837		U_ENSG00000286837.2	chr8	42843037	42843383	+	346	346.0	antisense	ENSG00000120925,ENSG00000131931	19	18	18	18	17	11	0.0143	0.0096	0.0682	320.5	344.0	HLbalEde1,HLcamDro2,HLdidVir1,HLeleMax1,HLmanJav2,HLnotEug3,HLoryCun3,HLpteVam2,bosTau9,canFam5,dasNov3,equCab3,eriEur2,felCat9,mm39,monDom5,rheMac10,rn7,susScr11
ENSG00000286883_core_2	ENSG00000286883		U_ENSG00000286883.1	chr2	74472122	74472431	+	309	309.0	antisense	ENSG00000115275,ENSG00000135637,ENSG00000204822	17	17	17	16	14	2	0.0151	0.0131	0.0346	266.5	299.0	HLbalEde1,HLcamDro2,HLdidVir1,HLeleMax1,HLmanJav2,HLnotEug3,HLoryCun3,HLpteVam2,bosTau9,canFam5,dasNov3,eriEur2,felCat9,mm39,rheMac10,rn7,susScr11
ENSG00000286950_core_2	ENSG00000286950		U_ENSG00000286950.1	chr12	32755789	32755997	+	208	208.0	antisense	ENSG00000139131	17	12	10	9	1	0	0.0379	0.0294	0.0732	182.4	187.0	HLbalEde1,HLcamDro2,HLeleMax1,HLmanJav2,HLnotEug3,HLoryCun3,HLpteVam2,bosTau9,canFam5,dasNov3,equCab3,felCat9,mm39,monDom5,rheMac10,rn7,susScr11
ENSG00000286974_core_1	ENSG00000286974		U_ENSG00000286974.1	chr6	32112524	32112652	+	128	128.0	antisense	ENSG00000168477	18	18	18	17	8	0	0.0211	0.0206	0.0339	119.3	126.5	HLbalEde1,HLcamDro2,HLdidVir1,HLmanJav2,HLnotEug3,HLoryCun3,HLpteVam2,bosTau9,canFam5,dasNov3,equCab3,eriEur2,felCat9,mm39,monDom5,rheMac10,rn7,susScr11
ENSG00000287009_core_1	ENSG00000287009		U_ENSG00000287009.1	chr10	96129680	96130288	-	608	608.0	antisense	ENSG00000177853	19	17	17	13	11	7	0.0221	0.0117	0.0634	330.4	350.0	HLbalEde1,HLcamDro2,HLdidVir1,HLeleMax1,HLmanJav2,HLnotEug3,HLoryCun3,HLpteVam2,bosTau9,canFam5,dasNov3,equCab3,eriEur2,felCat9,mm39,monDom5,rheMac10,rn7,susScr11
ENSG00000287041_core_1	ENSG00000287041		U_ENSG00000287041.1	chr2	202137569	202137779	-	210	210.0	antisense	ENSG00000182329	17	12	10	9	6	0	0.0429	0.0295	0.0886	130.2	145.0	HLcamDro2,HLdidVir1,HLeleMax1,HLmanJav2,HLnotEug3,HLoryCun3,HLpteVam2,bosTau9,canFam5,equCab3,eriEur2,felCat9,mm39,monDom5,rheMac10,rn7,susScr11
ENSG00000287045_core_1	ENSG00000287045		U_ENSG00000287045.3	chr3	142595908	142596497	-	589	589.0	antisense	ENSG00000120756	18	15	15	13	9	4	0.0264	0.0196	0.0949	277.9	269.0	HLbalEde1,HLcamDro2,HLeleMax1,HLmanJav2,HLnotEug3,HLoryCun3,HLpteVam2,bosTau9,canFam5,dasNov3,equCab3,eriEur2,felCat9,mm39,monDom5,rheMac10,rn7,susScr11
ENSG00000287061_core_3	ENSG00000287061		U_ENSG00000287061.1	chr15	90815101	90815349	-	248	248.0	antisense	ENSG00000197299	17	17	16	15	9	1	0.0212	0.0195	0.0435	199.6	207.0	HLbalEde1,HLcamDro2,HLdidVir1,HLeleMax1,HLmanJav2,HLnotEug3,HLpteVam2,bosTau9,canFam5,equCab3,eriEur2,felCat9,mm39,monDom5,rheMac10,rn7,susScr11
ENSG00000287068_core_1	ENSG00000287068		U_ENSG00000287068.2	chr11	133532494	133532708	+	214	214.0	antisense	ENSG00000183715	17	13	13	13	9	0	0.031	0.0173	0.0941	186.0	212.0	HLbalEde1,HLcamDro2,HLdidVir1,HLeleMax1,HLmanJav2,HLnotEug3,HLoryCun3,HLpteVam2,bosTau9,dasNov3,equCab3,felCat9,mm39,monDom5,rheMac10,rn7,susScr11
ENSG00000287088_core_1	ENSG00000287088		U_ENSG00000287088.1	chr21	44530971	44531459	+	488	488.0	antisense	ENSG00000175894	17	16	15	11	8	1	0.0261	0.022	0.0719	253.2	247.0	HLbalEde1,HLcamDro2,HLeleMax1,HLmanJav2,HLnotEug3,HLoryCun3,HLpteVam2,bosTau9,canFam5,dasNov3,equCab3,felCat9,mm39,monDom5,rheMac10,rn7,susScr11
ENSG00000287089_core_2	ENSG00000287089		U_ENSG00000287089.1	chr6	33801021	33801389	+	368	368.0	antisense	ENSG00000096395	17	16	15	14	12	3	0.0201	0.0151	0.0634	268.5	282.0	HLbalEde1,HLcamDro2,HLeleMax1,HLmanJav2,HLnotEug3,HLoryCun3,HLpteVam2,bosTau9,canFam5,dasNov3,equCab3,eriEur2,felCat9,mm39,rheMac10,rn7,susScr11
ENSG00000287125_core_1	ENSG00000287125		U_ENSG00000287125.1	chr16	85709631	85710439	+	808	808.0	antisense	ENSG00000154102	19	19	19	19	18	12	0.0101	0.0081	0.0254	549.1	633.0	HLbalEde1,HLcamDro2,HLdidVir1,HLeleMax1,HLmanJav2,HLnotEug3,HLoryCun3,HLpteVam2,bosTau9,canFam5,dasNov3,equCab3,eriEur2,felCat9,mm39,monDom5,rheMac10,rn7,susScr11
ENSG00000287151_core_2	ENSG00000287151	LINC03124	U_ENSG00000287151.2	chr2	131750632	131750783	+	151	151.0	intergenic	.	18	18	18	16	9	0	0.0219	0.0202	0.0348	143.4	151.0	HLbalEde1,HLcamDro2,HLdidVir1,HLeleMax1,HLmanJav2,HLoryCun3,HLpteVam2,bosTau9,canFam5,dasNov3,equCab3,eriEur2,felCat9,mm39,monDom5,rheMac10,rn7,susScr11
ENSG00000287178_core_1	ENSG00000287178		U_ENSG00000287178.1	chr3	192079197	192079365	-	168	168.0	intergenic	.	18	16	14	12	2	0	0.0319	0.0264	0.0757	137.7	154.0	HLbalEde1,HLdidVir1,HLeleMax1,HLmanJav2,HLnotEug3,HLoryCun3,HLpteVam2,bosTau9,canFam5,dasNov3,equCab3,eriEur2,felCat9,mm39,monDom5,rheMac10,rn7,susScr11
ENSG00000287180_core_1	ENSG00000287180		U_ENSG00000287180.1	chr5	93674634	93674842	+	208	208.0	antisense	ENSG00000113391	17	15	11	10	7	0	0.0307	0.0268	0.0579	161.1	201.0	HLbalEde1,HLcamDro2,HLdidVir1,HLeleMax1,HLnotEug3,HLoryCun3,HLpteVam2,canFam5,dasNov3,equCab3,eriEur2,felCat9,mm39,monDom5,rheMac10,rn7,susScr11
ENSG00000287185_core_1	ENSG00000287185		U_ENSG00000287185.1	chr8	25179112	25179524	-	412	412.0	near_coding_5kb	.	17	11	9	8	1	1	0.0432	0.0372	0.093	216.7	249.0	HLbalEde1,HLcamDro2,HLdidVir1,HLeleMax1,HLmanJav2,HLoryCun3,HLpteVam2,bosTau9,canFam5,dasNov3,equCab3,eriEur2,felCat9,mm39,rheMac10,rn7,susScr11
ENSG00000287243_core_4	ENSG00000287243		U_ENSG00000287243.2	chr12	3488954	3489362	-	408	408.0	antisense	ENSG00000111218	18	18	18	18	17	12	0.0109	0.0093	0.028	302.6	316.5	HLbalEde1,HLcamDro2,HLeleMax1,HLmanJav2,HLnotEug3,HLoryCun3,HLpteVam2,bosTau9,canFam5,dasNov3,equCab3,eriEur2,felCat9,mm39,monDom5,rheMac10,rn7,susScr11
ENSG00000287289_core_2	ENSG00000287289		U_ENSG00000287289.2	chr8	107166052	107166460	+	408	408.0	intergenic	.	18	16	16	12	6	0	0.0305	0.0232	0.099	230.6	250.0	HLbalEde1,HLcamDro2,HLdidVir1,HLeleMax1,HLmanJav2,HLnotEug3,HLoryCun3,HLpteVam2,bosTau9,canFam5,dasNov3,equCab3,eriEur2,mm39,monDom5,rheMac10,rn7,susScr11
ENSG00000287299_core_1	ENSG00000287299		U_ENSG00000287299.1	chr2	200477635	200477970	-	335	335.0	antisense	ENSG00000196141	19	17	17	15	14	4	0.0199	0.0134	0.0597	214.0	193.0	HLbalEde1,HLcamDro2,HLdidVir1,HLeleMax1,HLmanJav2,HLnotEug3,HLoryCun3,HLpteVam2,bosTau9,canFam5,dasNov3,equCab3,eriEur2,felCat9,mm39,monDom5,rheMac10,rn7,susScr11
ENSG00000287306_core_1	ENSG00000287306		U_ENSG00000287306.1	chr10	69543494	69543742	+	248	248.0	near_coding_5kb	.	18	18	17	17	15	0	0.0181	0.0161	0.042	216.4	226.5	HLbalEde1,HLcamDro2,HLdidVir1,HLeleMax1,HLmanJav2,HLoryCun3,HLpteVam2,bosTau9,canFam5,dasNov3,equCab3,eriEur2,felCat9,mm39,monDom5,rheMac10,rn7,susScr11
ENSG00000287336_core_1	ENSG00000287336		U_ENSG00000287336.1	chr1	172213051	172213339	-	288	288.0	antisense	ENSG00000197959	17	12	11	9	4	1	0.0387	0.0276	0.0985	188.8	206.0	HLbalEde1,HLcamDro2,HLeleMax1,HLmanJav2,HLnotEug3,HLoryCun3,HLpteVam2,bosTau9,canFam5,dasNov3,equCab3,felCat9,mm39,monDom5,rheMac10,rn7,susScr11
ENSG00000287430_core_3	ENSG00000287430		U_ENSG00000287430.2	chr20	19211864	19212164	-	300	300.0	near_coding_5kb	.	18	13	9	3	1	0	0.0434	0.0402	0.099	222.0	249.5	HLbalEde1,HLcamDro2,HLdidVir1,HLeleMax1,HLmanJav2,HLnotEug3,HLoryCun3,HLpteVam2,bosTau9,canFam5,dasNov3,equCab3,eriEur2,felCat9,mm39,rheMac10,rn7,susScr11
ENSG00000287434_core_1	ENSG00000287434		U_ENSG00000287434.2	chr5	60699968	60700341	+	373	373.0	antisense	ENSG00000035499	19	19	18	17	16	1	0.0156	0.013	0.0424	372.2	378.0	HLbalEde1,HLcamDro2,HLdidVir1,HLeleMax1,HLmanJav2,HLnotEug3,HLoryCun3,HLpteVam2,bosTau9,canFam5,dasNov3,equCab3,eriEur2,felCat9,mm39,monDom5,rheMac10,rn7,susScr11
ENSG00000287454_core_5	ENSG00000287454		U_ENSG00000287454.2	chr12	96234237	96234421	-	184	184.0	antisense	ENSG00000111145	18	15	14	9	1	0	0.0366	0.0293	0.0974	163.1	167.5	HLbalEde1,HLcamDro2,HLdidVir1,HLeleMax1,HLmanJav2,HLoryCun3,HLpteVam2,bosTau9,canFam5,dasNov3,equCab3,eriEur2,felCat9,mm39,monDom5,rheMac10,rn7,susScr11
ENSG00000287463_core_1	ENSG00000287463		U_ENSG00000287463.2	chr2	134718186	134718354	+	168	168.0	antisense	ENSG00000152128	17	13	6	4	1	0	0.0429	0.0419	0.0735	140.9	139.0	HLbalEde1,HLcamDro2,HLdidVir1,HLeleMax1,HLmanJav2,HLoryCun3,HLpteVam2,bosTau9,dasNov3,equCab3,eriEur2,felCat9,mm39,monDom5,rheMac10,rn7,susScr11
ENSG00000287538_core_1	ENSG00000287538		U_ENSG00000287538.2	chr11	50170093	50170816	+	723	723.0	intergenic	.	18	17	17	17	15	9	0.0153	0.009	0.0937	493.4	621.0	HLbalEde1,HLcamDro2,HLeleMax1,HLmanJav2,HLnotEug3,HLoryCun3,HLpteVam2,bosTau9,canFam5,dasNov3,equCab3,eriEur2,felCat9,mm39,monDom5,rheMac10,rn7,susScr11
ENSG00000287547_core_1	ENSG00000287547		U_ENSG00000287547.1	chr7	130668931	130669259	+	328	328.0	antisense	ENSG00000213265	18	15	14	13	9	1	0.0312	0.0204	0.0882	217.4	218.5	HLbalEde1,HLcamDro2,HLdidVir1,HLeleMax1,HLmanJav2,HLoryCun3,HLpteVam2,bosTau9,canFam5,dasNov3,equCab3,eriEur2,felCat9,mm39,monDom5,rheMac10,rn7,susScr11
ENSG00000287553_core_1	ENSG00000287553		U_ENSG00000287553.2	chr17	2041564	2041852	-	288	288.0	antisense	ENSG00000108963	19	18	18	17	13	1	0.02	0.0142	0.0779	273.0	292.0	HLbalEde1,HLcamDro2,HLdidVir1,HLeleMax1,HLmanJav2,HLnotEug3,HLoryCun3,HLpteVam2,bosTau9,canFam5,dasNov3,equCab3,eriEur2,felCat9,mm39,monDom5,rheMac10,rn7,susScr11
ENSG00000287583_core_2	ENSG00000287583		U_ENSG00000287583.2	chr2	2707801	2708009	-	208	208.0	intergenic	.	19	18	18	17	12	0	0.0215	0.0187	0.0716	181.8	196.0	HLbalEde1,HLcamDro2,HLdidVir1,HLeleMax1,HLmanJav2,HLnotEug3,HLoryCun3,HLpteVam2,bosTau9,canFam5,dasNov3,equCab3,eriEur2,felCat9,mm39,monDom5,rheMac10,rn7,susScr11
ENSG00000287637_core_3	ENSG00000287637		U_ENSG00000287637.1	chr21	37366683	37366858	-	175	175.0	antisense	ENSG00000157540	17	17	17	17	17	0	0.0133	0.0129	0.0154	175.2	175.0	HLbalEde1,HLdidVir1,HLeleMax1,HLmanJav2,HLnotEug3,HLoryCun3,HLpteVam2,bosTau9,canFam5,dasNov3,equCab3,felCat9,mm39,monDom5,rheMac10,rn7,susScr11
ENSG00000287642_core_3	ENSG00000287642		U_ENSG00000287642.4	chr4	152936761	152937446	-	685	685.0	antisense	ENSG00000137460	19	17	17	14	11	2	0.0227	0.0172	0.0561	401.0	370.0	HLbalEde1,HLcamDro2,HLdidVir1,HLeleMax1,HLmanJav2,HLnotEug3,HLoryCun3,HLpteVam2,bosTau9,canFam5,dasNov3,equCab3,eriEur2,felCat9,mm39,monDom5,rheMac10,rn7,susScr11
ENSG00000287646_core_1	ENSG00000287646		U_ENSG00000287646.2	chr18	70205903	70206111	+	208	208.0	near_coding_5kb	.	18	14	14	11	3	0	0.0367	0.0285	0.0934	180.1	195.5	HLbalEde1,HLcamDro2,HLdidVir1,HLeleMax1,HLmanJav2,HLnotEug3,HLoryCun3,HLpteVam2,bosTau9,canFam5,dasNov3,equCab3,eriEur2,felCat9,mm39,rheMac10,rn7,susScr11
ENSG00000287678_core_1	ENSG00000287678		U_ENSG00000287678.2	chr6	41100747	41101235	-	488	488.0	antisense+sense	ENSG00000001167,ENSG00000124596	18	15	15	13	12	7	0.0278	0.0116	0.097	344.2	416.0	HLbalEde1,HLcamDro2,HLdidVir1,HLeleMax1,HLmanJav2,HLnotEug3,HLoryCun3,HLpteVam2,bosTau9,canFam5,dasNov3,equCab3,eriEur2,felCat9,monDom5,rheMac10,rn7,susScr11
ENSG00000287705_core_1	ENSG00000287705		U_ENSG00000287705.1	chr6	83852999	83853527	-	528	528.0	antisense	ENSG00000203877	18	17	17	17	14	9	0.0162	0.0121	0.0515	371.3	361.5	HLbalEde1,HLcamDro2,HLdidVir1,HLeleMax1,HLmanJav2,HLnotEug3,HLoryCun3,HLpteVam2,bosTau9,canFam5,dasNov3,equCab3,eriEur2,felCat9,mm39,monDom5,rheMac10,rn7
ENSG00000287710_core_1	ENSG00000287710		U_ENSG00000287710.1	chr17	42577904	42578352	+	448	448.0	antisense	ENSG00000131470	19	16	16	12	9	1	0.031	0.0206	0.0914	281.8	297.0	HLbalEde1,HLcamDro2,HLdidVir1,HLeleMax1,HLmanJav2,HLnotEug3,HLoryCun3,HLpteVam2,bosTau9,canFam5,dasNov3,equCab3,eriEur2,felCat9,mm39,monDom5,rheMac10,rn7,susScr11
ENSG00000287727_core_2	ENSG00000287727		U_ENSG00000287727.1	chr1	10612725	10612973	-	248	248.0	antisense	ENSG00000142655	18	12	10	9	4	1	0.0416	0.0294	0.0946	169.1	167.5	HLbalEde1,HLcamDro2,HLeleMax1,HLmanJav2,HLnotEug3,HLoryCun3,HLpteVam2,bosTau9,canFam5,dasNov3,equCab3,eriEur2,felCat9,mm39,monDom5,rheMac10,rn7,susScr11
ENSG00000287765_core_2	ENSG00000287765		U_ENSG00000287765.1	chr14	24192887	24193015	+	128	128.0	antisense	ENSG00000100926,ENSG00000254692	17	13	9	1	0	0	0.0434	0.0398	0.095	115.9	122.0	HLbalEde1,HLcamDro2,HLdidVir1,HLeleMax1,HLmanJav2,HLnotEug3,HLoryCun3,HLpteVam2,bosTau9,canFam5,equCab3,eriEur2,felCat9,monDom5,rheMac10,rn7,susScr11
ENSG00000287789_core_1	ENSG00000287789		U_ENSG00000287789.1	chr6	90078059	90078187	+	128	128.0	antisense	ENSG00000112182	17	14	12	7	0	0	0.0386	0.0324	0.0992	123.2	125.0	HLbalEde1,HLcamDro2,HLdidVir1,HLeleMax1,HLmanJav2,HLnotEug3,HLpteVam2,bosTau9,canFam5,dasNov3,equCab3,felCat9,mm39,monDom5,rheMac10,rn7,susScr11
ENSG00000287812_core_1	ENSG00000287812		U_ENSG00000287812.2	chr8	22698383	22698673	-	290	290.0	near_coding_5kb	.	18	9	7	4	1	1	0.0524	0.0508	0.0921	183.3	180.0	HLbalEde1,HLdidVir1,HLeleMax1,HLmanJav2,HLnotEug3,HLoryCun3,HLpteVam2,bosTau9,canFam5,dasNov3,equCab3,eriEur2,felCat9,mm39,monDom5,rheMac10,rn7,susScr11
ENSG00000287812_core_3	ENSG00000287812		U_ENSG00000287812.2	chr8	22703498	22703776	-	278	278.0	near_coding_5kb	.	18	14	13	13	11	1	0.0309	0.0162	0.0941	221.1	242.5	HLbalEde1,HLcamDro2,HLdidVir1,HLeleMax1,HLmanJav2,HLnotEug3,HLoryCun3,bosTau9,canFam5,dasNov3,equCab3,eriEur2,felCat9,mm39,monDom5,rheMac10,rn7,susScr11
ENSG00000287825_core_3	ENSG00000287825		U_ENSG00000287825.4	chr6	42929265	42929752	-	487	487.0	antisense	ENSG00000137161	18	18	18	18	18	10	0.0094	0.008	0.0146	422.2	484.0	HLbalEde1,HLcamDro2,HLdidVir1,HLeleMax1,HLmanJav2,HLnotEug3,HLoryCun3,HLpteVam2,bosTau9,canFam5,dasNov3,equCab3,felCat9,mm39,monDom5,rheMac10,rn7,susScr11
ENSG00000287850_core_2	ENSG00000287850		U_ENSG00000287850.2	chr20	32277403	32277577	-	174	174.0	near_coding_5kb	.	18	8	4	1	1	0	0.0557	0.0567	0.0979	154.6	155.5	HLbalEde1,HLcamDro2,HLeleMax1,HLmanJav2,HLnotEug3,HLoryCun3,HLpteVam2,bosTau9,canFam5,dasNov3,equCab3,eriEur2,felCat9,mm39,monDom5,rheMac10,rn7,susScr11
ENSG00000287873_core_2	ENSG00000287873		U_ENSG00000287873.2	chr3	66997968	66998256	-	288	288.0	antisense	ENSG00000163376	17	16	16	15	14	3	0.0165	0.0111	0.0685	267.8	284.0	HLbalEde1,HLcamDro2,HLeleMax1,HLnotEug3,HLoryCun3,HLpteVam2,bosTau9,canFam5,dasNov3,equCab3,eriEur2,felCat9,mm39,monDom5,rheMac10,rn7,susScr11
ENSG00000287891_core_2	ENSG00000287891		U_ENSG00000287891.3	chr6	36844300	36844517	-	217	217.0	near_coding_5kb	.	17	16	16	13	6	1	0.024	0.0205	0.055	194.1	202.0	HLbalEde1,HLcamDro2,HLeleMax1,HLmanJav2,HLnotEug3,HLoryCun3,HLpteVam2,bosTau9,canFam5,dasNov3,equCab3,eriEur2,felCat9,mm39,rheMac10,rn7,susScr11
ENSG00000287921_core_1	ENSG00000287921		U_ENSG00000287921.1	chr1	233905584	233905931	-	347	347.0	antisense	ENSG00000183780	19	17	16	16	15	1	0.0232	0.0152	0.0927	245.1	249.0	HLbalEde1,HLcamDro2,HLdidVir1,HLeleMax1,HLmanJav2,HLnotEug3,HLoryCun3,HLpteVam2,bosTau9,canFam5,dasNov3,equCab3,eriEur2,felCat9,mm39,monDom5,rheMac10,rn7,susScr11
ENSG00000287934_core_1	ENSG00000287934		U_ENSG00000287934.1	chr11	67252941	67253149	-	208	208.0	antisense	ENSG00000173120	17	9	9	6	3	0	0.045	0.035	0.0836	184.3	195.0	HLbalEde1,HLcamDro2,HLeleMax1,HLmanJav2,HLnotEug3,HLoryCun3,HLpteVam2,bosTau9,canFam5,dasNov3,equCab3,eriEur2,felCat9,mm39,monDom5,rheMac10,susScr11
ENSG00000287961_core_2	ENSG00000287961		U_ENSG00000287961.2	chr19	16197618	16197785	-	167	167.0	antisense	ENSG00000105058	17	7	6	2	1	0	0.0532	0.0585	0.0794	153.7	156.0	HLbalEde1,HLcamDro2,HLeleMax1,HLmanJav2,HLnotEug3,HLoryCun3,HLpteVam2,bosTau9,canFam5,dasNov3,equCab3,felCat9,mm39,monDom5,rheMac10,rn7,susScr11
ENSG00000287967_core_1	ENSG00000287967		U_ENSG00000287967.1	chr22	29767298	29767546	-	248	248.0	antisense	ENSG00000184076	17	17	16	14	7	0	0.0227	0.0211	0.0464	195.6	204.0	HLbalEde1,HLcamDro2,HLdidVir1,HLeleMax1,HLmanJav2,HLnotEug3,HLoryCun3,bosTau9,canFam5,dasNov3,eriEur2,felCat9,mm39,monDom5,rheMac10,rn7,susScr11
ENSG00000287991_core_1	ENSG00000287991		U_ENSG00000287991.1	chr14	98999930	99000538	+	608	608.0	intergenic	.	19	19	19	18	17	16	0.0087	0.0072	0.0313	390.0	368.0	HLbalEde1,HLcamDro2,HLdidVir1,HLeleMax1,HLmanJav2,HLnotEug3,HLoryCun3,HLpteVam2,bosTau9,canFam5,dasNov3,equCab3,eriEur2,felCat9,mm39,monDom5,rheMac10,rn7,susScr11
ENSG00000288012_core_1	ENSG00000288012		U_ENSG00000288012.3	chr11	108008887	108009255	-	368	368.0	antisense	ENSG00000166266	18	17	17	15	12	9	0.0201	0.0106	0.0866	275.4	364.0	HLbalEde1,HLcamDro2,HLeleMax1,HLmanJav2,HLnotEug3,HLoryCun3,HLpteVam2,bosTau9,canFam5,dasNov3,equCab3,eriEur2,felCat9,mm39,monDom5,rheMac10,rn7,susScr11
ENSG00000288063_core_1	ENSG00000288063		U_ENSG00000288063.1	chr3	51670953	51671176	-	223	223.0	antisense	ENSG00000164080,ENSG00000164081	19	17	15	13	8	0	0.0269	0.021	0.0523	194.3	214.0	HLbalEde1,HLcamDro2,HLdidVir1,HLeleMax1,HLmanJav2,HLnotEug3,HLoryCun3,HLpteVam2,bosTau9,canFam5,dasNov3,equCab3,eriEur2,felCat9,mm39,monDom5,rheMac10,rn7,susScr11
ENSG00000288271_core_3	ENSG00000288271		U_ENSG00000288271.1	chr9	92813873	92814043	+	170	170.0	antisense	ENSG00000127081	17	16	16	16	6	0	0.0222	0.021	0.0536	165.6	170.0	HLbalEde1,HLcamDro2,HLeleMax1,HLmanJav2,HLnotEug3,HLoryCun3,HLpteVam2,bosTau9,canFam5,dasNov3,equCab3,eriEur2,felCat9,mm39,rheMac10,rn7,susScr11
ENSG00000288568_core_6	ENSG00000288568	ZCCHC14-DT	U_ENSG00000288568.2	chr16	87516236	87516764	+	528	528.0	near_coding_5kb	.	19	13	13	12	9	1	0.0334	0.0202	0.0808	292.7	290.0	HLbalEde1,HLcamDro2,HLdidVir1,HLeleMax1,HLmanJav2,HLnotEug3,HLoryCun3,HLpteVam2,bosTau9,canFam5,dasNov3,equCab3,eriEur2,felCat9,mm39,monDom5,rheMac10,rn7,susScr11
ENSG00000288656_core_2	ENSG00000288656		U_ENSG00000288656.2	chr16	28623235	28623363	-	128	128.0	sense_overlapping	ENSG00000196502,ENSG00000197165	18	17	16	7	0	0	0.0334	0.0315	0.0629	119.2	126.5	HLbalEde1,HLcamDro2,HLdidVir1,HLeleMax1,HLmanJav2,HLnotEug3,HLoryCun3,HLpteVam2,bosTau9,canFam5,dasNov3,equCab3,felCat9,mm39,monDom5,rheMac10,rn7,susScr11
ENSG00000288727_core_1	ENSG00000288727		U_ENSG00000288727.3	chr9	131233693	131234141	-	448	448.0	antisense	ENSG00000126883	17	11	8	6	1	1	0.0432	0.0435	0.0789	227.1	249.0	HLbalEde1,HLcamDro2,HLdidVir1,HLeleMax1,HLoryCun3,HLpteVam2,bosTau9,canFam5,dasNov3,equCab3,eriEur2,felCat9,mm39,monDom5,rheMac10,rn7,susScr11
ENSG00000288728_core_1	ENSG00000288728		U_ENSG00000288728.3	chr4	173334831	173335479	+	648	648.0	near_coding_5kb	.	18	18	17	14	10	5	0.0192	0.019	0.0413	485.7	540.0	HLbalEde1,HLcamDro2,HLeleMax1,HLmanJav2,HLnotEug3,HLoryCun3,HLpteVam2,bosTau9,canFam5,dasNov3,equCab3,eriEur2,felCat9,mm39,monDom5,rheMac10,rn7,susScr11
ENSG00000288741_core_1	ENSG00000288741		U_ENSG00000288741.2	chr5	80256229	80256477	+	248	248.0	near_coding_5kb	.	17	16	15	9	2	0	0.0297	0.0291	0.0509	233.7	247.0	HLbalEde1,HLcamDro2,HLeleMax1,HLmanJav2,HLnotEug3,HLoryCun3,HLpteVam2,bosTau9,canFam5,dasNov3,equCab3,eriEur2,felCat9,mm39,rheMac10,rn7,susScr11
ENSG00000288744_core_1	ENSG00000288744		U_ENSG00000288744.1	chr12	103965932	103966380	+	448	448.0	sense_overlapping	ENSG00000139372	19	18	17	16	13	1	0.0218	0.0157	0.0897	358.5	371.0	HLbalEde1,HLcamDro2,HLdidVir1,HLeleMax1,HLmanJav2,HLnotEug3,HLoryCun3,HLpteVam2,bosTau9,canFam5,dasNov3,equCab3,eriEur2,felCat9,mm39,monDom5,rheMac10,rn7,susScr11
ENSG00000288748_core_1	ENSG00000288748		U_ENSG00000288748.2	chr17	7835887	7836215	+	328	328.0	sense_overlapping	ENSG00000132510	18	18	18	15	15	9	0.0142	0.0101	0.0384	303.3	325.5	HLbalEde1,HLcamDro2,HLdidVir1,HLmanJav2,HLnotEug3,HLoryCun3,HLpteVam2,bosTau9,canFam5,dasNov3,equCab3,eriEur2,felCat9,mm39,monDom5,rheMac10,rn7,susScr11
ENSG00000288751_core_1	ENSG00000288751		U_ENSG00000288751.2	chr6	33208270	33208598	-	328	328.0	antisense	ENSG00000204227	19	17	16	16	15	9	0.0211	0.0109	0.0859	287.3	319.0	HLbalEde1,HLcamDro2,HLdidVir1,HLeleMax1,HLmanJav2,HLnotEug3,HLoryCun3,HLpteVam2,bosTau9,canFam5,dasNov3,equCab3,eriEur2,felCat9,mm39,monDom5,rheMac10,rn7,susScr11
ENSG00000288752_core_1	ENSG00000288752		U_ENSG00000288752.3	chr8	98045658	98046346	+	688	688.0	antisense	ENSG00000156482	19	16	16	11	7	1	0.031	0.0229	0.0918	291.2	300.0	HLbalEde1,HLcamDro2,HLdidVir1,HLeleMax1,HLmanJav2,HLnotEug3,HLoryCun3,HLpteVam2,bosTau9,canFam5,dasNov3,equCab3,eriEur2,felCat9,mm39,monDom5,rheMac10,rn7,susScr11
ENSG00000288765_core_1	ENSG00000288765		U_ENSG00000288765.2	chr13	57630754	57630938	+	184	184.0	near_coding_5kb	.	18	18	18	13	6	0	0.0253	0.0262	0.0367	144.5	140.5	HLbalEde1,HLcamDro2,HLdidVir1,HLeleMax1,HLmanJav2,HLnotEug3,HLoryCun3,HLpteVam2,bosTau9,canFam5,dasNov3,equCab3,eriEur2,felCat9,mm39,monDom5,rheMac10,susScr11
ENSG00000288779_core_1	ENSG00000288779		U_ENSG00000288779.3	chr14	64880216	64881024	+	808	808.0	near_coding_5kb	.	19	19	19	16	16	13	0.012	0.0068	0.0355	550.3	533.0	HLbalEde1,HLcamDro2,HLdidVir1,HLeleMax1,HLmanJav2,HLnotEug3,HLoryCun3,HLpteVam2,bosTau9,canFam5,dasNov3,equCab3,eriEur2,felCat9,mm39,monDom5,rheMac10,rn7,susScr11
ENSG00000288804_core_1	ENSG00000288804		U_ENSG00000288804.2	chr1	65067886	65068174	+	288	288.0	near_coding_5kb	.	18	16	16	12	7	1	0.0262	0.0227	0.0597	238.7	270.0	HLbalEde1,HLcamDro2,HLdidVir1,HLeleMax1,HLmanJav2,HLnotEug3,HLoryCun3,HLpteVam2,bosTau9,canFam5,dasNov3,equCab3,eriEur2,mm39,monDom5,rheMac10,rn7,susScr11
ENSG00000288812_core_1	ENSG00000288812		U_ENSG00000288812.2	chr6	17280506	17280834	-	328	328.0	near_coding_5kb	.	19	18	17	14	11	4	0.0224	0.0168	0.0689	294.6	312.0	HLbalEde1,HLcamDro2,HLdidVir1,HLeleMax1,HLmanJav2,HLnotEug3,HLoryCun3,HLpteVam2,bosTau9,canFam5,dasNov3,equCab3,eriEur2,felCat9,mm39,monDom5,rheMac10,rn7,susScr11
ENSG00000288814_core_1	ENSG00000288814		U_ENSG00000288814.2	chr12	6723724	6723972	-	248	248.0	near_coding_5kb	.	17	14	12	10	2	0	0.0344	0.0254	0.0779	206.0	207.0	HLbalEde1,HLcamDro2,HLdidVir1,HLeleMax1,HLmanJav2,HLnotEug3,HLoryCun3,HLpteVam2,bosTau9,canFam5,dasNov3,equCab3,eriEur2,felCat9,monDom5,rheMac10,susScr11
ENSG00000288818_core_1	ENSG00000288818		U_ENSG00000288818.2	chr8	52714602	52714970	+	368	368.0	antisense	ENSG00000023287	19	19	15	10	6	1	0.0293	0.0298	0.0495	336.7	347.0	HLbalEde1,HLcamDro2,HLdidVir1,HLeleMax1,HLmanJav2,HLnotEug3,HLoryCun3,HLpteVam2,bosTau9,canFam5,dasNov3,equCab3,eriEur2,felCat9,mm39,monDom5,rheMac10,rn7,susScr11
ENSG00000288823_core_1	ENSG00000288823		U_ENSG00000288823.2	chr10	73744139	73744387	-	248	248.0	antisense	ENSG00000176986,ENSG00000196968	18	17	17	13	6	0	0.0272	0.0256	0.0742	192.1	196.0	HLbalEde1,HLcamDro2,HLdidVir1,HLeleMax1,HLmanJav2,HLnotEug3,HLoryCun3,HLpteVam2,bosTau9,canFam5,equCab3,eriEur2,felCat9,mm39,monDom5,rheMac10,rn7,susScr11
ENSG00000288823_core_2	ENSG00000288823		U_ENSG00000288823.2	chr10	73781810	73782010	-	200	200.0	antisense	ENSG00000176986,ENSG00000196968	18	11	7	2	1	0	0.0507	0.0442	0.0897	184.0	192.0	HLbalEde1,HLcamDro2,HLdidVir1,HLeleMax1,HLmanJav2,HLoryCun3,HLpteVam2,bosTau9,canFam5,dasNov3,equCab3,eriEur2,felCat9,mm39,monDom5,rheMac10,rn7,susScr11
ENSG00000288856_core_1	ENSG00000288856		U_ENSG00000288856.3	chrX	40171751	40172279	+	528	528.0	antisense	ENSG00000183337	18	15	14	14	12	10	0.0208	0.0096	0.059	389.9	438.5	HLbalEde1,HLcamDro2,HLdidVir1,HLeleMax1,HLmanJav2,HLnotEug3,HLoryCun3,HLpteVam2,bosTau9,canFam5,dasNov3,equCab3,felCat9,mm39,monDom5,rheMac10,rn7,susScr11
ENSG00000288865_core_1	ENSG00000288865		U_ENSG00000288865.2	chr9	72365625	72365873	+	248	248.0	near_coding_5kb	.	17	10	10	9	7	1	0.0358	0.0206	0.0785	209.6	229.0	HLbalEde1,HLcamDro2,HLeleMax1,HLmanJav2,HLnotEug3,HLoryCun3,HLpteVam2,bosTau9,canFam5,dasNov3,equCab3,eriEur2,felCat9,mm39,rheMac10,rn7,susScr11
ENSG00000288871_core_1	ENSG00000288871		U_ENSG00000288871.3	chr22	50244929	50245297	+	368	368.0	antisense	ENSG00000100429,ENSG00000128159,ENSG00000188130	18	16	14	11	6	1	0.0322	0.0278	0.084	310.0	338.0	HLbalEde1,HLcamDro2,HLdidVir1,HLmanJav2,HLnotEug3,HLoryCun3,HLpteVam2,bosTau9,canFam5,dasNov3,equCab3,eriEur2,felCat9,mm39,monDom5,rheMac10,rn7,susScr11
ENSG00000288877_core_1	ENSG00000288877		U_ENSG00000288877.2	chr17	44221709	44222077	-	368	368.0	near_coding_5kb	.	17	15	14	14	14	1	0.0217	0.0124	0.0841	296.2	333.0	HLbalEde1,HLcamDro2,HLeleMax1,HLmanJav2,HLoryCun3,HLpteVam2,bosTau9,canFam5,dasNov3,equCab3,eriEur2,felCat9,mm39,monDom5,rheMac10,rn7,susScr11
ENSG00000288879_core_1	ENSG00000288879		U_ENSG00000288879.3	chr6	34235906	34236474	-	568	568.0	near_coding_5kb	.	17	16	16	16	15	9	0.0143	0.0096	0.0659	471.6	561.0	HLbalEde1,HLcamDro2,HLeleMax1,HLmanJav2,HLnotEug3,HLoryCun3,HLpteVam2,bosTau9,canFam5,dasNov3,equCab3,eriEur2,felCat9,mm39,rheMac10,rn7,susScr11
ENSG00000288907_core_1	ENSG00000288907		U_ENSG00000288907.3	chr11	125625430	125625878	-	448	448.0	antisense	ENSG00000134910,ENSG00000149554	17	13	11	9	5	1	0.0341	0.0241	0.0668	285.9	263.0	HLbalEde1,HLcamDro2,HLeleMax1,HLmanJav2,HLnotEug3,HLoryCun3,HLpteVam2,bosTau9,canFam5,dasNov3,equCab3,eriEur2,felCat9,monDom5,rheMac10,rn7,susScr11
ENSG00000288911_core_1	ENSG00000288911		U_ENSG00000288911.3	chr5	40798320	40798928	+	608	608.0	antisense	ENSG00000132356	17	17	17	13	12	8	0.0168	0.0116	0.0369	438.2	450.0	HLbalEde1,HLcamDro2,HLeleMax1,HLmanJav2,HLnotEug3,HLoryCun3,HLpteVam2,bosTau9,canFam5,dasNov3,equCab3,felCat9,mm39,monDom5,rheMac10,rn7,susScr11
ENSG00000288926_core_4	ENSG00000288926		U_ENSG00000288926.3	chr3	31531849	31532179	-	330	330.0	near_coding_5kb	.	18	18	17	13	8	1	0.024	0.021	0.0408	276.5	298.5	HLbalEde1,HLcamDro2,HLdidVir1,HLeleMax1,HLmanJav2,HLnotEug3,HLoryCun3,HLpteVam2,bosTau9,canFam5,dasNov3,equCab3,eriEur2,felCat9,mm39,rheMac10,rn7,susScr11
ENSG00000288927_core_1	ENSG00000288927		U_ENSG00000288927.3	chr1	12618058	12618706	+	648	648.0	antisense	ENSG00000162496	19	18	17	17	17	14	0.0123	0.0058	0.0714	564.6	631.0	HLbalEde1,HLcamDro2,HLdidVir1,HLeleMax1,HLmanJav2,HLnotEug3,HLoryCun3,HLpteVam2,bosTau9,canFam5,dasNov3,equCab3,eriEur2,felCat9,mm39,monDom5,rheMac10,rn7,susScr11
ENSG00000288929_core_1	ENSG00000288929		U_ENSG00000288929.3	chr17	7835843	7836251	-	408	408.0	antisense	ENSG00000132510	17	15	15	14	12	10	0.0209	0.01	0.096	295.2	300.0	HLbalEde1,HLcamDro2,HLdidVir1,HLmanJav2,HLnotEug3,HLoryCun3,HLpteVam2,bosTau9,canFam5,dasNov3,equCab3,eriEur2,felCat9,mm39,rheMac10,rn7,susScr11
ENSG00000288936_core_2	ENSG00000288936		U_ENSG00000288936.2	chr5	61332185	61332338	-	153	153.0	antisense	ENSG00000130449	19	19	19	19	18	0	0.0178	0.0175	0.0235	150.8	153.0	HLbalEde1,HLcamDro2,HLdidVir1,HLeleMax1,HLmanJav2,HLnotEug3,HLoryCun3,HLpteVam2,bosTau9,canFam5,dasNov3,equCab3,eriEur2,felCat9,mm39,monDom5,rheMac10,rn7,susScr11
ENSG00000288940_core_1	ENSG00000288940		U_ENSG00000288940.2	chr4	30717129	30717537	+	408	408.0	near_coding_5kb	.	18	18	17	17	13	10	0.0147	0.009	0.0481	299.9	367.0	HLbalEde1,HLcamDro2,HLdidVir1,HLeleMax1,HLnotEug3,HLoryCun3,HLpteVam2,bosTau9,canFam5,dasNov3,equCab3,eriEur2,felCat9,mm39,monDom5,rheMac10,rn7,susScr11
ENSG00000288966_core_1	ENSG00000288966		U_ENSG00000288966.2	chr8	70403816	70404064	+	248	248.0	antisense	ENSG00000140396	19	19	19	19	18	5	0.0122	0.0112	0.0211	236.1	241.0	HLbalEde1,HLcamDro2,HLdidVir1,HLeleMax1,HLmanJav2,HLnotEug3,HLoryCun3,HLpteVam2,bosTau9,canFam5,dasNov3,equCab3,eriEur2,felCat9,mm39,monDom5,rheMac10,rn7,susScr11
ENSG00000288998_core_1	ENSG00000288998		U_ENSG00000288998.3	chr4	146521808	146523176	+	1368	1368.0	antisense	ENSG00000120519	19	19	19	19	19	13	0.0089	0.0074	0.0199	784.3	779.0	HLbalEde1,HLcamDro2,HLdidVir1,HLeleMax1,HLmanJav2,HLnotEug3,HLoryCun3,HLpteVam2,bosTau9,canFam5,dasNov3,equCab3,eriEur2,felCat9,mm39,monDom5,rheMac10,rn7,susScr11
ENSG00000289014_core_1	ENSG00000289014		U_ENSG00000289014.2	chr1	23167241	23167809	-	568	568.0	sense_overlapping	ENSG00000169641	17	15	14	12	11	7	0.023	0.011	0.0751	339.8	339.0	HLbalEde1,HLcamDro2,HLdidVir1,HLeleMax1,HLmanJav2,HLpteVam2,bosTau9,canFam5,dasNov3,equCab3,eriEur2,felCat9,mm39,monDom5,rheMac10,rn7,susScr11
ENSG00000289018_core_3	ENSG00000289018		U_ENSG00000289018.3	chr2	231706476	231707031	-	555	555.0	antisense	ENSG00000187514	17	16	15	12	11	2	0.0222	0.0141	0.0653	392.1	456.0	HLbalEde1,HLcamDro2,HLdidVir1,HLeleMax1,HLmanJav2,HLoryCun3,HLpteVam2,bosTau9,canFam5,dasNov3,equCab3,eriEur2,felCat9,mm39,rheMac10,rn7,susScr11
ENSG00000289028_core_1	ENSG00000289028		U_ENSG00000289028.3	chr15	101652534	101652902	+	368	368.0	antisense	ENSG00000185418	17	11	7	2	1	0	0.0473	0.0462	0.0999	277.3	306.0	HLbalEde1,HLcamDro2,HLdidVir1,HLeleMax1,HLnotEug3,HLoryCun3,bosTau9,canFam5,dasNov3,equCab3,eriEur2,felCat9,mm39,monDom5,rheMac10,rn7,susScr11
ENSG00000289044_core_1	ENSG00000289044		U_ENSG00000289044.3	chr22	46069791	46070439	+	648	648.0	intergenic	.	19	19	19	18	15	10	0.0134	0.01	0.0314	351.1	334.0	HLbalEde1,HLcamDro2,HLdidVir1,HLeleMax1,HLmanJav2,HLnotEug3,HLoryCun3,HLpteVam2,bosTau9,canFam5,dasNov3,equCab3,eriEur2,felCat9,mm39,monDom5,rheMac10,rn7,susScr11
ENSG00000289056_core_1	ENSG00000289056		U_ENSG00000289056.3	chr5	50666828	50667116	-	288	288.0	antisense	ENSG00000151883	19	18	17	16	15	11	0.0172	0.0089	0.0789	223.3	242.0	HLbalEde1,HLcamDro2,HLdidVir1,HLeleMax1,HLmanJav2,HLnotEug3,HLoryCun3,HLpteVam2,bosTau9,canFam5,dasNov3,equCab3,eriEur2,felCat9,mm39,monDom5,rheMac10,rn7,susScr11
ENSG00000289056_core_2	ENSG00000289056		U_ENSG00000289056.3	chr5	50667188	50667916	-	728	728.0	antisense	ENSG00000151883	19	18	18	18	16	14	0.0109	0.0054	0.0527	582.5	663.0	HLbalEde1,HLcamDro2,HLdidVir1,HLeleMax1,HLmanJav2,HLnotEug3,HLoryCun3,HLpteVam2,bosTau9,canFam5,dasNov3,equCab3,eriEur2,felCat9,mm39,monDom5,rheMac10,rn7,susScr11
ENSG00000289057_core_1	ENSG00000289057		U_ENSG00000289057.1	chr1	234599649	234599977	-	328	328.0	near_coding_5kb	.	19	16	14	13	12	7	0.023	0.0114	0.0566	278.9	318.0	HLbalEde1,HLcamDro2,HLdidVir1,HLeleMax1,HLmanJav2,HLnotEug3,HLoryCun3,HLpteVam2,bosTau9,canFam5,dasNov3,equCab3,eriEur2,felCat9,mm39,monDom5,rheMac10,rn7,susScr11
ENSG00000289063_core_1	ENSG00000289063		U_ENSG00000289063.3	chr3	53891484	53892252	+	768	768.0	antisense	ENSG00000113811	19	17	17	17	13	9	0.0188	0.0134	0.0714	543.4	622.0	HLbalEde1,HLcamDro2,HLdidVir1,HLeleMax1,HLmanJav2,HLnotEug3,HLoryCun3,HLpteVam2,bosTau9,canFam5,dasNov3,equCab3,eriEur2,felCat9,mm39,monDom5,rheMac10,rn7,susScr11
ENSG00000289065_core_1	ENSG00000289065		U_ENSG00000289065.2	chr2	54115527	54115855	-	328	328.0	antisense	ENSG00000170634	17	17	17	16	15	10	0.0136	0.0097	0.0399	302.5	318.0	HLbalEde1,HLcamDro2,HLeleMax1,HLnotEug3,HLoryCun3,HLpteVam2,bosTau9,canFam5,dasNov3,equCab3,eriEur2,felCat9,mm39,monDom5,rheMac10,rn7,susScr11
ENSG00000289087_core_1	ENSG00000289087		U_ENSG00000289087.2	chr10	129236562	129236890	-	328	328.0	intergenic	.	19	17	17	17	10	4	0.0234	0.0177	0.0973	229.3	229.0	HLbalEde1,HLcamDro2,HLdidVir1,HLeleMax1,HLmanJav2,HLnotEug3,HLoryCun3,HLpteVam2,bosTau9,canFam5,dasNov3,equCab3,eriEur2,felCat9,mm39,monDom5,rheMac10,rn7,susScr11
ENSG00000289101_core_2	ENSG00000289101		U_ENSG00000289101.2	chr12	114448532	114448814	-	282	282.0	intergenic	.	19	18	18	17	16	9	0.0165	0.0103	0.0717	264.5	282.0	HLbalEde1,HLcamDro2,HLdidVir1,HLeleMax1,HLmanJav2,HLnotEug3,HLoryCun3,HLpteVam2,bosTau9,canFam5,dasNov3,equCab3,eriEur2,felCat9,mm39,monDom5,rheMac10,rn7,susScr11
ENSG00000289110_core_4	ENSG00000289110		U_ENSG00000289110.2	chr17	37489254	37489662	-	408	408.0	near_coding_5kb	.	18	16	15	13	3	1	0.0302	0.0278	0.0657	329.3	376.5	HLbalEde1,HLcamDro2,HLdidVir1,HLeleMax1,HLmanJav2,HLoryCun3,HLpteVam2,bosTau9,canFam5,dasNov3,equCab3,eriEur2,felCat9,mm39,monDom5,rheMac10,rn7,susScr11
ENSG00000289111_core_2	ENSG00000289111		U_ENSG00000289111.3	chr14	32932772	32933500	+	728	728.0	near_coding_5kb	.	19	18	18	18	17	13	0.0102	0.0053	0.0513	520.6	576.0	HLbalEde1,HLcamDro2,HLdidVir1,HLeleMax1,HLmanJav2,HLnotEug3,HLoryCun3,HLpteVam2,bosTau9,canFam5,dasNov3,equCab3,eriEur2,felCat9,mm39,monDom5,rheMac10,rn7,susScr11
ENSG00000289112_core_1	ENSG00000289112		U_ENSG00000289112.3	chr5	16465966	16466374	+	408	408.0	antisense	ENSG00000154153	19	16	12	9	4	1	0.0329	0.0314	0.0562	299.8	288.0	HLbalEde1,HLcamDro2,HLdidVir1,HLeleMax1,HLmanJav2,HLnotEug3,HLoryCun3,HLpteVam2,bosTau9,canFam5,dasNov3,equCab3,eriEur2,felCat9,mm39,monDom5,rheMac10,rn7,susScr11
ENSG00000289123_core_1	ENSG00000289123		U_ENSG00000289123.3	chr9	91193412	91194380	+	968	968.0	intergenic	.	17	9	9	8	3	1	0.0445	0.032	0.0823	265.6	226.0	HLbalEde1,HLcamDro2,HLdidVir1,HLeleMax1,HLmanJav2,HLoryCun3,HLpteVam2,bosTau9,canFam5,dasNov3,equCab3,eriEur2,felCat9,monDom5,rheMac10,rn7,susScr11
ENSG00000289124_core_1	ENSG00000289124		U_ENSG00000289124.2	chr11	119101544	119101952	+	408	408.0	antisense	ENSG00000172269	19	19	18	17	14	5	0.017	0.0153	0.0423	286.3	275.0	HLbalEde1,HLcamDro2,HLdidVir1,HLeleMax1,HLmanJav2,HLnotEug3,HLoryCun3,HLpteVam2,bosTau9,canFam5,dasNov3,equCab3,eriEur2,felCat9,mm39,monDom5,rheMac10,rn7,susScr11
ENSG00000289155_core_1	ENSG00000289155		U_ENSG00000289155.3	chr5	138543474	138544042	+	568	568.0	near_coding_5kb	.	19	19	19	15	14	7	0.016	0.0127	0.0349	446.7	464.0	HLbalEde1,HLcamDro2,HLdidVir1,HLeleMax1,HLmanJav2,HLnotEug3,HLoryCun3,HLpteVam2,bosTau9,canFam5,dasNov3,equCab3,eriEur2,felCat9,mm39,monDom5,rheMac10,rn7,susScr11
ENSG00000289159_core_1	ENSG00000289159		U_ENSG00000289159.3	chr9	70419440	70420048	-	608	608.0	near_coding_5kb	.	18	18	18	16	16	11	0.0112	0.0069	0.0352	496.1	592.0	HLbalEde1,HLcamDro2,HLdidVir1,HLeleMax1,HLmanJav2,HLoryCun3,HLpteVam2,bosTau9,canFam5,dasNov3,equCab3,eriEur2,felCat9,mm39,monDom5,rheMac10,rn7,susScr11
ENSG00000289159_core_2	ENSG00000289159		U_ENSG00000289159.3	chr9	70420560	70420848	-	288	288.0	near_coding_5kb	.	17	16	15	12	11	1	0.0214	0.0144	0.0524	240.5	280.0	HLbalEde1,HLcamDro2,HLdidVir1,HLeleMax1,HLmanJav2,HLoryCun3,HLpteVam2,bosTau9,canFam5,dasNov3,equCab3,eriEur2,felCat9,mm39,monDom5,rheMac10,susScr11
ENSG00000289163_core_1	ENSG00000289163		U_ENSG00000289163.1	chr9	71552240	71552608	-	368	368.0	intergenic	.	18	18	18	16	14	4	0.0157	0.0142	0.0304	216.0	203.0	HLbalEde1,HLcamDro2,HLdidVir1,HLmanJav2,HLnotEug3,HLoryCun3,HLpteVam2,bosTau9,canFam5,dasNov3,equCab3,eriEur2,felCat9,mm39,monDom5,rheMac10,rn7,susScr11
ENSG00000289173_core_2	ENSG00000289173		U_ENSG00000289173.3	chr12	68610400	68610688	-	288	288.0	near_coding_5kb	.	18	11	9	7	2	0	0.0459	0.0433	0.0893	190.1	184.0	HLbalEde1,HLcamDro2,HLdidVir1,HLeleMax1,HLmanJav2,HLnotEug3,HLoryCun3,HLpteVam2,bosTau9,canFam5,dasNov3,equCab3,eriEur2,felCat9,mm39,rheMac10,rn7,susScr11
ENSG00000289190_core_1	ENSG00000289190		U_ENSG00000289190.3	chr6	128520791	128521199	+	408	408.0	near_coding_5kb	.	19	17	14	6	3	0	0.0336	0.036	0.0528	207.3	233.0	HLbalEde1,HLcamDro2,HLdidVir1,HLeleMax1,HLmanJav2,HLnotEug3,HLoryCun3,HLpteVam2,bosTau9,canFam5,dasNov3,equCab3,eriEur2,felCat9,mm39,monDom5,rheMac10,rn7,susScr11
ENSG00000289196_core_1	ENSG00000289196		U_ENSG00000289196.3	chr5	39074503	39074831	+	328	328.0	near_coding_5kb	.	19	18	18	17	12	1	0.0223	0.017	0.0765	291.5	314.0	HLbalEde1,HLcamDro2,HLdidVir1,HLeleMax1,HLmanJav2,HLnotEug3,HLoryCun3,HLpteVam2,bosTau9,canFam5,dasNov3,equCab3,eriEur2,felCat9,mm39,monDom5,rheMac10,rn7,susScr11
ENSG00000289198_core_1	ENSG00000289198		U_ENSG00000289198.2	chr6	113855487	113855775	+	288	288.0	near_coding_5kb	.	18	17	17	17	14	3	0.0164	0.0125	0.0535	250.9	282.0	HLbalEde1,HLcamDro2,HLdidVir1,HLeleMax1,HLmanJav2,HLnotEug3,HLoryCun3,HLpteVam2,bosTau9,dasNov3,equCab3,eriEur2,felCat9,mm39,monDom5,rheMac10,rn7,susScr11
ENSG00000289200_core_1	ENSG00000289200		U_ENSG00000289200.2	chr15	92820211	92820739	-	528	528.0	intergenic	.	17	15	15	15	14	3	0.0209	0.0129	0.0846	327.4	337.0	HLbalEde1,HLcamDro2,HLeleMax1,HLmanJav2,HLnotEug3,HLoryCun3,HLpteVam2,bosTau9,canFam5,dasNov3,equCab3,eriEur2,felCat9,monDom5,rheMac10,rn7,susScr11
ENSG00000289230_core_1	ENSG00000289230		U_ENSG00000289230.2	chr11	114058633	114059081	-	448	448.0	antisense	ENSG00000109906	17	13	8	5	3	0	0.0411	0.0449	0.0857	278.4	288.0	HLbalEde1,HLcamDro2,HLdidVir1,HLeleMax1,HLmanJav2,HLoryCun3,HLpteVam2,bosTau9,canFam5,dasNov3,equCab3,eriEur2,felCat9,monDom5,rheMac10,rn7,susScr11
ENSG00000289231_core_3	ENSG00000289231		U_ENSG00000289231.2	chr11	65354205	65354733	-	528	528.0	antisense	ENSG00000133884,ENSG00000173825	18	17	16	14	13	4	0.0199	0.0145	0.0574	317.8	282.5	HLbalEde1,HLcamDro2,HLdidVir1,HLeleMax1,HLmanJav2,HLnotEug3,HLoryCun3,HLpteVam2,bosTau9,canFam5,dasNov3,equCab3,eriEur2,felCat9,mm39,rheMac10,rn7,susScr11
ENSG00000289235_core_2	ENSG00000289235		U_ENSG00000289235.2	chr13	19957791	19958199	+	408	408.0	intergenic	.	18	16	16	15	13	4	0.0215	0.0134	0.0847	291.6	288.0	HLbalEde1,HLcamDro2,HLdidVir1,HLeleMax1,HLmanJav2,HLoryCun3,HLpteVam2,bosTau9,canFam5,dasNov3,equCab3,eriEur2,felCat9,mm39,monDom5,rheMac10,rn7,susScr11
ENSG00000289285_core_1	ENSG00000289285		U_ENSG00000289285.2	chr9	124868636	124869004	-	368	368.0	antisense	ENSG00000136950	19	19	16	13	8	1	0.0258	0.0258	0.0481	306.6	301.0	HLbalEde1,HLcamDro2,HLdidVir1,HLeleMax1,HLmanJav2,HLnotEug3,HLoryCun3,HLpteVam2,bosTau9,canFam5,dasNov3,equCab3,eriEur2,felCat9,mm39,monDom5,rheMac10,rn7,susScr11
ENSG00000289291_core_1	ENSG00000289291		U_ENSG00000289291.1	chr1	28736582	28737310	-	728	728.0	antisense	ENSG00000198492	19	19	19	19	17	17	0.0074	0.0053	0.0274	518.8	495.0	HLbalEde1,HLcamDro2,HLdidVir1,HLeleMax1,HLmanJav2,HLnotEug3,HLoryCun3,HLpteVam2,bosTau9,canFam5,dasNov3,equCab3,eriEur2,felCat9,mm39,monDom5,rheMac10,rn7,susScr11
ENSG00000289293_core_1	ENSG00000289293		U_ENSG00000289293.2	chr17	62065587	62065795	-	208	208.0	near_coding_5kb	.	19	12	5	5	4	0	0.043	0.0465	0.0715	150.3	160.0	HLbalEde1,HLcamDro2,HLdidVir1,HLeleMax1,HLmanJav2,HLnotEug3,HLoryCun3,HLpteVam2,bosTau9,canFam5,dasNov3,equCab3,eriEur2,felCat9,mm39,monDom5,rheMac10,rn7,susScr11
ENSG00000289294_core_1	ENSG00000289294		U_ENSG00000289294.3	chr2	203237899	203239147	-	1248	1248.0	antisense	ENSG00000119004	19	18	18	18	17	4	0.0158	0.0126	0.0756	447.9	378.0	HLbalEde1,HLcamDro2,HLdidVir1,HLeleMax1,HLmanJav2,HLnotEug3,HLoryCun3,HLpteVam2,bosTau9,canFam5,dasNov3,equCab3,eriEur2,felCat9,mm39,monDom5,rheMac10,rn7,susScr11
ENSG00000289296_core_1	ENSG00000289296		U_ENSG00000289296.3	chr2	173965526	173965854	+	328	328.0	near_coding_5kb	.	19	19	19	19	18	11	0.0103	0.0098	0.0204	301.0	321.0	HLbalEde1,HLcamDro2,HLdidVir1,HLeleMax1,HLmanJav2,HLnotEug3,HLoryCun3,HLpteVam2,bosTau9,canFam5,dasNov3,equCab3,eriEur2,felCat9,mm39,monDom5,rheMac10,rn7,susScr11
ENSG00000289301_core_2	ENSG00000289301		U_ENSG00000289301.3	chr10	100373200	100373688	-	488	488.0	intergenic	.	19	19	19	19	15	9	0.0125	0.0103	0.0238	382.7	375.0	HLbalEde1,HLcamDro2,HLdidVir1,HLeleMax1,HLmanJav2,HLnotEug3,HLoryCun3,HLpteVam2,bosTau9,canFam5,dasNov3,equCab3,eriEur2,felCat9,mm39,monDom5,rheMac10,rn7,susScr11
ENSG00000289302_core_1	ENSG00000289302		U_ENSG00000289302.2	chr13	30408253	30408493	+	240	240.0	near_coding_5kb	.	19	14	10	8	3	1	0.0365	0.0359	0.0721	186.4	189.0	HLbalEde1,HLcamDro2,HLdidVir1,HLeleMax1,HLmanJav2,HLnotEug3,HLoryCun3,HLpteVam2,bosTau9,canFam5,dasNov3,equCab3,eriEur2,felCat9,mm39,monDom5,rheMac10,rn7,susScr11
ENSG00000289304_core_1	ENSG00000289304		U_ENSG00000289304.3	chr6	116570827	116571435	-	608	608.0	antisense	ENSG00000111832	18	18	18	16	16	7	0.0137	0.011	0.0383	510.9	518.0	HLbalEde1,HLcamDro2,HLdidVir1,HLeleMax1,HLmanJav2,HLoryCun3,HLpteVam2,bosTau9,canFam5,dasNov3,equCab3,eriEur2,felCat9,mm39,monDom5,rheMac10,rn7,susScr11
ENSG00000289311_core_4	ENSG00000289311		U_ENSG00000289311.3	chr12	110280756	110281043	-	287	287.0	antisense	ENSG00000122970,ENSG00000174437	19	18	17	16	10	1	0.0258	0.0194	0.0875	269.2	278.0	HLbalEde1,HLcamDro2,HLdidVir1,HLeleMax1,HLmanJav2,HLnotEug3,HLoryCun3,HLpteVam2,bosTau9,canFam5,dasNov3,equCab3,eriEur2,felCat9,mm39,monDom5,rheMac10,rn7,susScr11
ENSG00000289313_core_2	ENSG00000289313	LINC01512	U_ENSG00000289313.2	chr6	43936363	43937011	+	648	648.0	intergenic	.	18	17	16	15	14	12	0.0156	0.0082	0.058	481.4	571.5	HLbalEde1,HLcamDro2,HLdidVir1,HLeleMax1,HLmanJav2,HLnotEug3,HLoryCun3,HLpteVam2,bosTau9,canFam5,dasNov3,equCab3,eriEur2,felCat9,mm39,rheMac10,rn7,susScr11
ENSG00000289318_core_1	ENSG00000289318		U_ENSG00000289318.3	chr1	143974784	143974912	+	128	128.0	near_coding_5kb	.	17	17	17	13	5	0	0.0235	0.0214	0.0344	127.3	128.0	HLbalEde1,HLcamDro2,HLeleMax1,HLmanJav2,HLnotEug3,HLoryCun3,HLpteVam2,canFam5,dasNov3,equCab3,eriEur2,felCat9,mm39,monDom5,rheMac10,rn7,susScr11
ENSG00000289324_core_1	ENSG00000289324		U_ENSG00000289324.3	chr3	125375430	125375638	+	208	208.0	near_coding_5kb	.	17	15	14	11	5	0	0.0307	0.0227	0.0919	147.6	156.0	HLbalEde1,HLcamDro2,HLdidVir1,HLeleMax1,HLmanJav2,HLoryCun3,HLpteVam2,bosTau9,canFam5,dasNov3,equCab3,eriEur2,felCat9,mm39,rheMac10,rn7,susScr11
ENSG00000289327_core_1	ENSG00000289327		U_ENSG00000289327.3	chr2	71453342	71454230	-	888	888.0	antisense	ENSG00000135636	19	18	17	17	15	9	0.0163	0.0111	0.0787	485.9	432.0	HLbalEde1,HLcamDro2,HLdidVir1,HLeleMax1,HLmanJav2,HLnotEug3,HLoryCun3,HLpteVam2,bosTau9,canFam5,dasNov3,equCab3,eriEur2,felCat9,mm39,monDom5,rheMac10,rn7,susScr11
ENSG00000289328_core_1	ENSG00000289328		U_ENSG00000289328.1	chr10	10462712	10462840	+	128	128.0	intergenic	.	19	19	15	6	0	0	0.0342	0.0318	0.0455	122.8	127.0	HLbalEde1,HLcamDro2,HLdidVir1,HLeleMax1,HLmanJav2,HLnotEug3,HLoryCun3,HLpteVam2,bosTau9,canFam5,dasNov3,equCab3,eriEur2,felCat9,mm39,monDom5,rheMac10,rn7,susScr11
ENSG00000289347_core_2	ENSG00000289347		U_ENSG00000289347.2	chr14	77032767	77033135	-	368	368.0	near_coding_5kb	.	17	14	13	13	13	5	0.0228	0.0129	0.074	309.9	348.0	HLbalEde1,HLcamDro2,HLeleMax1,HLmanJav2,HLnotEug3,HLoryCun3,HLpteVam2,bosTau9,canFam5,dasNov3,equCab3,eriEur2,felCat9,mm39,rheMac10,rn7,susScr11
ENSG00000289376_core_1	ENSG00000289376		U_ENSG00000289376.3	chr6	116100580	116100759	-	179	179.0	sense_overlapping	ENSG00000111816	17	6	3	1	1	0	0.0545	0.0514	0.0968	159.3	163.0	HLcamDro2,HLdidVir1,HLeleMax1,HLnotEug3,HLoryCun3,HLpteVam2,bosTau9,canFam5,dasNov3,equCab3,eriEur2,felCat9,mm39,monDom5,rheMac10,rn7,susScr11
ENSG00000289379_core_1	ENSG00000289379		U_ENSG00000289379.3	chr4	77820444	77820732	+	288	288.0	near_coding_5kb	.	18	13	13	11	7	1	0.0337	0.0232	0.0841	222.6	226.0	HLbalEde1,HLcamDro2,HLdidVir1,HLeleMax1,HLmanJav2,HLoryCun3,HLpteVam2,bosTau9,canFam5,dasNov3,equCab3,eriEur2,felCat9,mm39,monDom5,rheMac10,rn7,susScr11
ENSG00000289394_core_1	ENSG00000289394		U_ENSG00000289394.2	chr1	66925343	66925831	+	488	488.0	sense_overlapping	ENSG00000198160	17	16	16	15	14	5	0.0165	0.0142	0.0544	325.6	279.0	HLbalEde1,HLcamDro2,HLdidVir1,HLeleMax1,HLmanJav2,HLoryCun3,HLpteVam2,bosTau9,canFam5,dasNov3,equCab3,eriEur2,felCat9,mm39,rheMac10,rn7,susScr11
ENSG00000289421_core_2	ENSG00000289421		U_ENSG00000289421.2	chr21	46458382	46458713	-	331	331.0	near_coding_5kb	.	17	17	15	7	1	1	0.0315	0.0333	0.0489	293.3	313.0	HLbalEde1,HLcamDro2,HLdidVir1,HLeleMax1,HLmanJav2,HLnotEug3,HLoryCun3,HLpteVam2,bosTau9,dasNov3,equCab3,eriEur2,felCat9,mm39,rheMac10,rn7,susScr11
ENSG00000289433_core_1	ENSG00000289433		U_ENSG00000289433.1	chr6	107596270	107596598	+	328	328.0	sense_overlapping	ENSG00000112320	17	14	13	13	10	1	0.0308	0.0191	0.0976	238.2	247.0	HLbalEde1,HLcamDro2,HLdidVir1,HLeleMax1,HLmanJav2,HLoryCun3,HLpteVam2,bosTau9,canFam5,dasNov3,equCab3,eriEur2,felCat9,mm39,rheMac10,rn7,susScr11
ENSG00000289498_core_1	ENSG00000289498		U_ENSG00000289498.2	chr2	104860726	104860894	+	168	168.0	near_coding_5kb	.	18	17	13	13	2	0	0.0301	0.0236	0.0597	149.7	161.0	HLbalEde1,HLcamDro2,HLdidVir1,HLeleMax1,HLmanJav2,HLnotEug3,HLoryCun3,HLpteVam2,bosTau9,canFam5,dasNov3,equCab3,eriEur2,felCat9,mm39,monDom5,rn7,susScr11
ENSG00000289501_core_2	ENSG00000289501		U_ENSG00000289501.2	chr6	98832392	98833400	+	1008	1008.0	near_coding_5kb	.	18	16	15	15	15	14	0.0134	0.0042	0.0599	759.1	857.5	HLbalEde1,HLcamDro2,HLdidVir1,HLeleMax1,HLmanJav2,HLoryCun3,HLpteVam2,bosTau9,canFam5,dasNov3,equCab3,eriEur2,felCat9,mm39,monDom5,rheMac10,rn7,susScr11
ENSG00000289529_core_1	ENSG00000289529		U_ENSG00000289529.3	chr2	58479646	58480038	-	392	392.0	intergenic	.	17	14	14	13	13	9	0.0213	0.0096	0.0888	282.0	341.0	HLcamDro2,HLdidVir1,HLeleMax1,HLmanJav2,HLnotEug3,HLoryCun3,HLpteVam2,canFam5,dasNov3,equCab3,eriEur2,felCat9,mm39,monDom5,rheMac10,rn7,susScr11
ENSG00000289544_core_1	ENSG00000289544		U_ENSG00000289544.2	chr1	92961917	92962165	+	248	248.0	near_coding_5kb	.	17	16	12	10	8	1	0.0281	0.021	0.0631	203.7	209.0	HLbalEde1,HLcamDro2,HLeleMax1,HLmanJav2,HLnotEug3,HLoryCun3,HLpteVam2,bosTau9,canFam5,dasNov3,equCab3,eriEur2,felCat9,mm39,rheMac10,rn7,susScr11
ENSG00000289560_core_2	ENSG00000289560		U_ENSG00000289560.3	chr11	66312236	66313004	-	768	768.0	near_coding_5kb	.	18	16	10	8	6	6	0.0299	0.034	0.0583	389.3	257.0	HLbalEde1,HLcamDro2,HLdidVir1,HLeleMax1,HLmanJav2,HLnotEug3,HLoryCun3,HLpteVam2,bosTau9,canFam5,dasNov3,equCab3,eriEur2,felCat9,mm39,rheMac10,rn7,susScr11
ENSG00000289585_core_1	ENSG00000289585		U_ENSG00000289585.3	chr10	13348303	13348591	+	288	288.0	antisense	ENSG00000086475	17	17	17	15	14	5	0.0152	0.0109	0.035	280.6	287.0	HLbalEde1,HLcamDro2,HLdidVir1,HLeleMax1,HLmanJav2,HLoryCun3,HLpteVam2,bosTau9,canFam5,dasNov3,equCab3,eriEur2,felCat9,mm39,monDom5,rn7,susScr11
ENSG00000289589_core_1	ENSG00000289589		U_ENSG00000289589.3	chr1	181088347	181088589	-	242	242.0	near_coding_5kb	.	19	15	13	12	4	0	0.033	0.0265	0.0665	195.5	235.0	HLbalEde1,HLcamDro2,HLdidVir1,HLeleMax1,HLmanJav2,HLnotEug3,HLoryCun3,HLpteVam2,bosTau9,canFam5,dasNov3,equCab3,eriEur2,felCat9,mm39,monDom5,rheMac10,rn7,susScr11
ENSG00000289594_core_1	ENSG00000289594		U_ENSG00000289594.2	chr13	100675113	100675401	+	288	288.0	antisense	ENSG00000125247	19	15	12	8	6	0	0.0354	0.0301	0.0973	197.6	199.0	HLbalEde1,HLcamDro2,HLdidVir1,HLeleMax1,HLmanJav2,HLnotEug3,HLoryCun3,HLpteVam2,bosTau9,canFam5,dasNov3,equCab3,eriEur2,felCat9,mm39,monDom5,rheMac10,rn7,susScr11
ENSG00000289602_core_2	ENSG00000289602		U_ENSG00000289602.2	chr1	225653539	225653907	+	368	368.0	near_coding_5kb	.	18	17	16	13	8	2	0.0257	0.0258	0.0791	281.9	282.0	HLbalEde1,HLcamDro2,HLdidVir1,HLeleMax1,HLmanJav2,HLnotEug3,HLoryCun3,bosTau9,canFam5,dasNov3,equCab3,eriEur2,felCat9,mm39,monDom5,rheMac10,rn7,susScr11
ENSG00000289612_core_1	ENSG00000289612		U_ENSG00000289612.1	chr1	107140554	107140762	+	208	208.0	sense_overlapping	ENSG00000162631	18	17	17	15	13	0	0.0201	0.0156	0.0594	194.3	208.0	HLbalEde1,HLcamDro2,HLdidVir1,HLeleMax1,HLmanJav2,HLnotEug3,HLoryCun3,bosTau9,canFam5,dasNov3,equCab3,eriEur2,felCat9,mm39,monDom5,rheMac10,rn7,susScr11
ENSG00000289750_core_2	ENSG00000289750		U_ENSG00000289750.1	chr3	15074045	15074333	-	288	288.0	antisense+sense	ENSG00000131368,ENSG00000131381,ENSG00000177463	18	17	17	17	12	1	0.0198	0.015	0.0663	231.3	250.0	HLbalEde1,HLcamDro2,HLdidVir1,HLeleMax1,HLmanJav2,HLnotEug3,HLoryCun3,HLpteVam2,bosTau9,canFam5,equCab3,eriEur2,felCat9,mm39,monDom5,rheMac10,rn7,susScr11
ENSG00000289750_core_4	ENSG00000289750		U_ENSG00000289750.1	chr3	15084734	15084896	-	162	162.0	antisense+sense	ENSG00000131368,ENSG00000131381,ENSG00000177463	17	17	17	17	16	0	0.0153	0.0144	0.0208	154.9	161.0	HLbalEde1,HLcamDro2,HLdidVir1,HLeleMax1,HLmanJav2,HLnotEug3,HLoryCun3,bosTau9,canFam5,equCab3,eriEur2,felCat9,mm39,monDom5,rheMac10,rn7,susScr11
ENSG00000289788_core_2	ENSG00000289788		U_ENSG00000289788.1	chr7	140794284	140794470	+	186	186.0	antisense	ENSG00000157764	19	19	18	18	18	0	0.0161	0.0142	0.0425	174.2	185.0	HLbalEde1,HLcamDro2,HLdidVir1,HLeleMax1,HLmanJav2,HLnotEug3,HLoryCun3,HLpteVam2,bosTau9,canFam5,dasNov3,equCab3,eriEur2,felCat9,mm39,monDom5,rheMac10,rn7,susScr11
ENSG00000289836_core_1	ENSG00000289836		U_ENSG00000289836.2	chr7	90244937	90245185	-	248	248.0	antisense	ENSG00000105792	17	12	11	9	1	1	0.038	0.0279	0.0717	198.7	226.0	HLbalEde1,HLcamDro2,HLeleMax1,HLmanJav2,HLnotEug3,HLoryCun3,HLpteVam2,bosTau9,canFam5,dasNov3,equCab3,eriEur2,felCat9,mm39,rheMac10,rn7,susScr11
ENSG00000289837_core_1	ENSG00000289837		U_ENSG00000289837.2	chr20	59032599	59032887	+	288	288.0	antisense	ENSG00000101166	19	9	1	1	1	0	0.0527	0.0527	0.0806	173.8	138.0	HLbalEde1,HLcamDro2,HLdidVir1,HLeleMax1,HLmanJav2,HLnotEug3,HLoryCun3,HLpteVam2,bosTau9,canFam5,dasNov3,equCab3,eriEur2,felCat9,mm39,monDom5,rheMac10,rn7,susScr11
ENSG00000289841_core_1	ENSG00000289841		U_ENSG00000289841.1	chr22	41447054	41447662	+	608	608.0	near_coding_5kb	.	17	17	17	15	9	4	0.0181	0.0196	0.0352	516.9	501.0	HLbalEde1,HLcamDro2,HLeleMax1,HLmanJav2,HLoryCun3,HLpteVam2,bosTau9,canFam5,dasNov3,equCab3,eriEur2,felCat9,mm39,monDom5,rheMac10,rn7,susScr11
ENSG00000289848_core_1	ENSG00000289848		U_ENSG00000289848.2	chr20	47357555	47357963	+	408	408.0	near_coding_5kb	.	18	16	14	14	14	6	0.0221	0.011	0.0843	251.1	240.5	HLbalEde1,HLcamDro2,HLdidVir1,HLeleMax1,HLmanJav2,HLnotEug3,HLoryCun3,HLpteVam2,bosTau9,canFam5,dasNov3,equCab3,felCat9,mm39,monDom5,rheMac10,rn7,susScr11
ENSG00000289848_core_3	ENSG00000289848		U_ENSG00000289848.2	chr20	47358915	47359363	+	448	448.0	near_coding_5kb	.	17	16	15	15	14	12	0.0159	0.0084	0.0802	362.4	421.0	HLbalEde1,HLcamDro2,HLeleMax1,HLmanJav2,HLnotEug3,HLoryCun3,HLpteVam2,bosTau9,canFam5,dasNov3,equCab3,eriEur2,felCat9,mm39,rheMac10,rn7,susScr11
ENSG00000289851_core_1	ENSG00000289851		U_ENSG00000289851.2	chr6	146913977	146914465	-	488	488.0	intergenic	.	17	17	16	15	5	0	0.0236	0.0248	0.0412	227.1	199.0	HLbalEde1,HLcamDro2,HLdidVir1,HLeleMax1,HLmanJav2,HLnotEug3,HLoryCun3,HLpteVam2,bosTau9,canFam5,equCab3,eriEur2,felCat9,mm39,monDom5,rheMac10,susScr11
ENSG00000289875_core_2	ENSG00000289875		U_ENSG00000289875.2	chr20	31603737	31604505	-	768	768.0	antisense	ENSG00000125968	17	17	17	16	16	14	0.0094	0.0077	0.0373	437.7	432.0	HLbalEde1,HLcamDro2,HLdidVir1,HLeleMax1,HLmanJav2,HLnotEug3,HLoryCun3,bosTau9,canFam5,dasNov3,equCab3,eriEur2,felCat9,mm39,rheMac10,rn7,susScr11
ENSG00000289886_core_1	ENSG00000289886		U_ENSG00000289886.2	chr7	100569568	100569976	+	408	408.0	near_coding_5kb	.	17	13	12	9	6	1	0.0325	0.0262	0.0901	308.4	339.0	HLbalEde1,HLcamDro2,HLdidVir1,HLeleMax1,HLmanJav2,HLoryCun3,HLpteVam2,bosTau9,canFam5,dasNov3,equCab3,felCat9,mm39,monDom5,rheMac10,rn7,susScr11
ENSG00000289888_core_1	ENSG00000289888		U_ENSG00000289888.2	chr22	30271158	30271366	+	208	208.0	near_coding_5kb	.	18	11	9	7	3	0	0.0407	0.041	0.0873	141.5	132.5	HLbalEde1,HLdidVir1,HLeleMax1,HLmanJav2,HLnotEug3,HLoryCun3,HLpteVam2,bosTau9,canFam5,dasNov3,equCab3,eriEur2,felCat9,mm39,monDom5,rheMac10,rn7,susScr11
ENSG00000289890_core_1	ENSG00000289890		U_ENSG00000289890.2	chrX	47561185	47561382	-	197	197.0	antisense	ENSG00000078061	18	17	13	13	13	0	0.0244	0.0136	0.0837	170.9	196.5	HLbalEde1,HLcamDro2,HLdidVir1,HLeleMax1,HLmanJav2,HLnotEug3,HLoryCun3,HLpteVam2,bosTau9,canFam5,dasNov3,equCab3,felCat9,mm39,monDom5,rheMac10,rn7,susScr11
ENSG00000289891_core_1	ENSG00000289891		U_ENSG00000289891.2	chr18	35497756	35498124	+	368	368.0	antisense	ENSG00000153391,ENSG00000267140	19	19	18	15	15	2	0.0173	0.0118	0.042	290.3	350.0	HLbalEde1,HLcamDro2,HLdidVir1,HLeleMax1,HLmanJav2,HLnotEug3,HLoryCun3,HLpteVam2,bosTau9,canFam5,dasNov3,equCab3,eriEur2,felCat9,mm39,monDom5,rheMac10,rn7,susScr11
ENSG00000289896_core_1	ENSG00000289896		U_ENSG00000289896.2	chr15	33194982	33195230	+	248	248.0	near_coding_5kb	.	17	16	14	11	5	1	0.0306	0.0283	0.0829	210.3	231.0	HLbalEde1,HLcamDro2,HLeleMax1,HLmanJav2,HLoryCun3,HLpteVam2,bosTau9,canFam5,dasNov3,equCab3,eriEur2,felCat9,mm39,monDom5,rheMac10,rn7,susScr11
ENSG00000289902_core_1	ENSG00000289902		U_ENSG00000289902.2	chr4	24322133	24322741	+	608	608.0	intergenic	.	18	16	16	16	13	7	0.0195	0.0126	0.081	359.9	322.5	HLbalEde1,HLcamDro2,HLdidVir1,HLeleMax1,HLmanJav2,HLnotEug3,HLoryCun3,HLpteVam2,bosTau9,canFam5,dasNov3,equCab3,eriEur2,felCat9,mm39,monDom5,rheMac10,susScr11
ENSG00000289903_core_1	ENSG00000289903		U_ENSG00000289903.2	chr14	37587996	37588604	-	608	608.0	near_coding_5kb	.	19	17	17	14	13	10	0.0194	0.0089	0.0701	391.8	418.0	HLbalEde1,HLcamDro2,HLdidVir1,HLeleMax1,HLmanJav2,HLnotEug3,HLoryCun3,HLpteVam2,bosTau9,canFam5,dasNov3,equCab3,eriEur2,felCat9,mm39,monDom5,rheMac10,rn7,susScr11
ENSG00000289915_core_2	ENSG00000289915		U_ENSG00000289915.2	chr19	47244161	47244348	-	187	187.0	intergenic	.	18	16	16	16	16	0	0.0214	0.0141	0.0837	179.7	186.0	HLbalEde1,HLcamDro2,HLdidVir1,HLeleMax1,HLmanJav2,HLoryCun3,HLpteVam2,bosTau9,canFam5,dasNov3,equCab3,eriEur2,felCat9,mm39,monDom5,rheMac10,rn7,susScr11
ENSG00000289918_core_1	ENSG00000289918		U_ENSG00000289918.2	chr14	75427102	75427430	+	328	328.0	near_coding_5kb	.	17	14	11	5	2	1	0.0363	0.0352	0.0589	202.1	203.0	HLbalEde1,HLcamDro2,HLdidVir1,HLeleMax1,HLmanJav2,HLnotEug3,HLoryCun3,HLpteVam2,bosTau9,canFam5,dasNov3,equCab3,felCat9,mm39,rheMac10,rn7,susScr11
ENSG00000289924_core_1	ENSG00000289924		U_ENSG00000289924.1	chr5	76818529	76819257	-	728	728.0	antisense	ENSG00000164251	17	15	15	13	11	5	0.0234	0.0139	0.0792	407.8	423.0	HLbalEde1,HLcamDro2,HLeleMax1,HLmanJav2,HLnotEug3,HLoryCun3,HLpteVam2,bosTau9,canFam5,dasNov3,equCab3,eriEur2,felCat9,mm39,rheMac10,rn7,susScr11
ENSG00000289935_core_1	ENSG00000289935		U_ENSG00000289935.2	chr1	153945941	153946109	-	168	168.0	sense_overlapping	ENSG00000198837	19	14	9	8	7	0	0.0418	0.0436	0.084	149.3	160.0	HLbalEde1,HLcamDro2,HLdidVir1,HLeleMax1,HLmanJav2,HLnotEug3,HLoryCun3,HLpteVam2,bosTau9,canFam5,dasNov3,equCab3,eriEur2,felCat9,mm39,monDom5,rheMac10,rn7,susScr11
ENSG00000289979_core_1	ENSG00000289979		U_ENSG00000289979.2	chr14	24242480	24242888	+	408	408.0	antisense	ENSG00000092330	19	18	16	14	13	1	0.0218	0.0149	0.0603	360.2	378.0	HLbalEde1,HLcamDro2,HLdidVir1,HLeleMax1,HLmanJav2,HLnotEug3,HLoryCun3,HLpteVam2,bosTau9,canFam5,dasNov3,equCab3,eriEur2,felCat9,mm39,monDom5,rheMac10,rn7,susScr11
ENSG00000289987_core_1	ENSG00000289987		U_ENSG00000289987.1	chr9	107488637	107489205	+	568	568.0	antisense	ENSG00000136826	19	19	19	16	14	9	0.0154	0.0105	0.0396	419.1	481.0	HLbalEde1,HLcamDro2,HLdidVir1,HLeleMax1,HLmanJav2,HLnotEug3,HLoryCun3,HLpteVam2,bosTau9,canFam5,dasNov3,equCab3,eriEur2,felCat9,mm39,monDom5,rheMac10,rn7,susScr11
ENSG00000289990_core_1	ENSG00000289990		U_ENSG00000289990.2	chr11	46243162	46243410	-	248	248.0	intergenic	.	17	16	16	14	14	0	0.0194	0.0142	0.0583	220.1	242.0	HLbalEde1,HLcamDro2,HLeleMax1,HLmanJav2,HLoryCun3,HLpteVam2,bosTau9,canFam5,dasNov3,equCab3,eriEur2,felCat9,mm39,monDom5,rheMac10,rn7,susScr11
ENSG00000290026_core_1	ENSG00000290026		U_ENSG00000290026.2	chr11	65574479	65575127	-	648	648.0	near_coding_5kb	.	18	15	12	7	4	2	0.0337	0.0348	0.0708	271.2	201.5	HLbalEde1,HLcamDro2,HLdidVir1,HLeleMax1,HLmanJav2,HLoryCun3,HLpteVam2,bosTau9,canFam5,dasNov3,equCab3,eriEur2,felCat9,mm39,monDom5,rheMac10,rn7,susScr11
ENSG00000290045_core_1	ENSG00000290045		U_ENSG00000290045.2	chr1	32240610	32240898	+	288	288.0	sense_overlapping	ENSG00000084623	19	15	13	12	11	3	0.0301	0.0123	0.0887	222.2	235.0	HLbalEde1,HLcamDro2,HLdidVir1,HLeleMax1,HLmanJav2,HLnotEug3,HLoryCun3,HLpteVam2,bosTau9,canFam5,dasNov3,equCab3,eriEur2,felCat9,mm39,monDom5,rheMac10,rn7,susScr11
ENSG00000290074_core_1	ENSG00000290074		U_ENSG00000290074.2	chr1	150579384	150579552	+	168	168.0	antisense	ENSG00000143384,ENSG00000143420	19	18	16	13	10	0	0.0279	0.02	0.0757	161.4	167.0	HLbalEde1,HLcamDro2,HLdidVir1,HLeleMax1,HLmanJav2,HLnotEug3,HLoryCun3,HLpteVam2,bosTau9,canFam5,dasNov3,equCab3,eriEur2,felCat9,mm39,monDom5,rheMac10,rn7,susScr11
ENSG00000290102_core_1	ENSG00000290102		U_ENSG00000290102.2	chr1	50968084	50968532	-	448	448.0	antisense	ENSG00000123080	19	18	18	18	16	7	0.0149	0.0103	0.0687	379.0	402.0	HLbalEde1,HLcamDro2,HLdidVir1,HLeleMax1,HLmanJav2,HLnotEug3,HLoryCun3,HLpteVam2,bosTau9,canFam5,dasNov3,equCab3,eriEur2,felCat9,mm39,monDom5,rheMac10,rn7,susScr11
ENSG00000290108_core_1	ENSG00000290108		U_ENSG00000290108.2	chr2	20446620	20446868	-	248	248.0	near_coding_5kb	.	17	16	14	13	11	0	0.0235	0.0163	0.0531	230.4	247.0	HLbalEde1,HLcamDro2,HLdidVir1,HLeleMax1,HLmanJav2,HLoryCun3,bosTau9,canFam5,dasNov3,equCab3,eriEur2,felCat9,mm39,monDom5,rheMac10,rn7,susScr11
ENSG00000290115_core_2	ENSG00000290115		U_ENSG00000290115.2	chr1	161165983	161166231	-	248	248.0	antisense	ENSG00000143224,ENSG00000143258	17	15	13	9	5	0	0.0315	0.0259	0.0878	183.7	208.0	HLbalEde1,HLcamDro2,HLdidVir1,HLeleMax1,HLmanJav2,HLnotEug3,HLoryCun3,HLpteVam2,bosTau9,canFam5,dasNov3,equCab3,eriEur2,felCat9,mm39,monDom5,susScr11
ENSG00000290226_core_1	ENSG00000290226		U_ENSG00000290226.1	chr20	63869319	63869441	+	122	122.0	sense_overlapping	ENSG00000101150,ENSG00000101152	17	17	15	15	1	0	0.026	0.0244	0.0427	119.8	122.0	HLbalEde1,HLcamDro2,HLeleMax1,HLmanJav2,HLnotEug3,HLoryCun3,HLpteVam2,bosTau9,canFam5,dasNov3,equCab3,eriEur2,felCat9,mm39,rheMac10,rn7,susScr11
ENSG00000290338_core_1	ENSG00000290338	FGD5P1	U_ENSG00000290338.1	chr3	13934330	13934658	+	328	328.0	intergenic	.	17	17	15	9	3	1	0.0277	0.0251	0.0479	224.5	230.0	HLbalEde1,HLcamDro2,HLdidVir1,HLeleMax1,HLnotEug3,HLoryCun3,HLpteVam2,bosTau9,canFam5,dasNov3,equCab3,felCat9,mm39,monDom5,rheMac10,rn7,susScr11
ENSG00000290376_core_4	ENSG00000290376	HERC2P3	U_ENSG00000290376.2	chr15	20438591	20438822	-	231	231.0	intergenic	.	17	17	17	17	14	0	0.0152	0.014	0.0234	227.4	231.0	HLbalEde1,HLcamDro2,HLdidVir1,HLeleMax1,HLmanJav2,HLnotEug3,HLoryCun3,HLpteVam2,bosTau9,canFam5,dasNov3,equCab3,eriEur2,felCat9,monDom5,rheMac10,susScr11
ENSG00000290376_core_6	ENSG00000290376	HERC2P3	U_ENSG00000290376.2	chr15	20444226	20444419	-	193	193.0	intergenic	.	17	17	17	17	13	0	0.0168	0.015	0.0288	192.2	193.0	HLbalEde1,HLcamDro2,HLdidVir1,HLeleMax1,HLmanJav2,HLnotEug3,HLoryCun3,HLpteVam2,bosTau9,canFam5,dasNov3,equCab3,eriEur2,felCat9,monDom5,rheMac10,susScr11
ENSG00000290387_core_3	ENSG00000290387	SORD2P	U_ENSG00000290387.2	chr15	44828449	44828750	-	301	301.0	intergenic	.	18	14	14	13	11	0	0.0331	0.0178	0.0981	205.4	215.0	HLbalEde1,HLcamDro2,HLdidVir1,HLeleMax1,HLmanJav2,HLnotEug3,HLoryCun3,HLpteVam2,bosTau9,canFam5,dasNov3,equCab3,eriEur2,felCat9,mm39,monDom5,rn7,susScr11
ENSG00000290387_core_6	ENSG00000290387	SORD2P	U_ENSG00000290387.2	chr15	44847413	44847562	-	149	149.0	intergenic	.	17	17	17	17	10	0	0.0202	0.0186	0.0292	147.7	148.0	HLbalEde1,HLcamDro2,HLeleMax1,HLmanJav2,HLnotEug3,HLoryCun3,HLpteVam2,bosTau9,canFam5,dasNov3,equCab3,eriEur2,felCat9,mm39,rheMac10,rn7,susScr11
ENSG00000290425_core_4	ENSG00000290425		U_ENSG00000290425.2	chr22	18536649	18536808	-	159	159.0	intergenic	.	17	17	17	17	17	0	0.0171	0.0169	0.0199	155.7	159.0	HLbalEde1,HLcamDro2,HLdidVir1,HLmanJav2,HLnotEug3,HLoryCun3,HLpteVam2,bosTau9,canFam5,dasNov3,equCab3,eriEur2,felCat9,monDom5,rheMac10,rn7,susScr11
ENSG00000290425_core_10	ENSG00000290425		U_ENSG00000290425.2	chr22	18548317	18548469	-	152	152.0	intergenic	.	18	18	18	18	16	0	0.0168	0.016	0.0225	147.4	152.0	HLbalEde1,HLcamDro2,HLdidVir1,HLmanJav2,HLnotEug3,HLoryCun3,HLpteVam2,bosTau9,canFam5,dasNov3,equCab3,eriEur2,felCat9,mm39,monDom5,rheMac10,rn7,susScr11
ENSG00000290439_core_1	ENSG00000290439	HSD17B7P2	U_ENSG00000290439.2	chr10	38358311	38358512	+	201	201.0	sense_overlapping	ENSG00000283930	18	17	17	17	13	0	0.0192	0.0161	0.0609	193.3	201.0	HLbalEde1,HLcamDro2,HLdidVir1,HLeleMax1,HLmanJav2,HLnotEug3,HLoryCun3,HLpteVam2,bosTau9,canFam5,dasNov3,equCab3,eriEur2,felCat9,mm39,monDom5,rn7,susScr11
ENSG00000290453_core_4	ENSG00000290453		U_ENSG00000290453.1	chr10	47550657	47550847	-	190	190.0	intergenic	.	17	17	16	14	0	0	0.0264	0.0246	0.0422	180.8	190.0	HLbalEde1,HLcamDro2,HLeleMax1,HLmanJav2,HLnotEug3,HLpteVam2,bosTau9,canFam5,dasNov3,equCab3,eriEur2,felCat9,mm39,monDom5,rheMac10,rn7,susScr11
ENSG00000290503_core_1	ENSG00000290503	FOLH1B	U_ENSG00000290503.2	chr11	89659536	89659724	+	188	188.0	intergenic	.	17	17	17	17	17	0	0.0137	0.0132	0.0171	186.3	188.0	HLbalEde1,HLcamDro2,HLdidVir1,HLeleMax1,HLmanJav2,HLoryCun3,HLpteVam2,bosTau9,canFam5,dasNov3,equCab3,felCat9,mm39,monDom5,rheMac10,rn7,susScr11
ENSG00000290523_core_3	ENSG00000290523		U_ENSG00000290523.2	chr21	10462835	10463007	+	172	172.0	intergenic	.	18	18	16	16	16	0	0.0172	0.0134	0.0468	164.7	172.0	HLbalEde1,HLcamDro2,HLdidVir1,HLeleMax1,HLmanJav2,HLnotEug3,HLoryCun3,bosTau9,canFam5,dasNov3,equCab3,eriEur2,felCat9,mm39,monDom5,rheMac10,rn7,susScr11
ENSG00000290557_core_4	ENSG00000290557		U_ENSG00000290557.1	chr1	146761881	146762055	+	174	174.0	intergenic	.	18	18	17	16	12	0	0.0213	0.018	0.0482	161.2	171.0	HLbalEde1,HLcamDro2,HLdidVir1,HLeleMax1,HLmanJav2,HLnotEug3,HLoryCun3,HLpteVam2,bosTau9,canFam5,dasNov3,equCab3,eriEur2,felCat9,mm39,rheMac10,rn7,susScr11
ENSG00000290557_core_5	ENSG00000290557		U_ENSG00000290557.1	chr1	146773530	146773697	+	167	167.0	intergenic	.	17	15	14	13	10	0	0.0272	0.0189	0.0916	141.7	162.0	HLbalEde1,HLcamDro2,HLdidVir1,HLmanJav2,HLnotEug3,HLoryCun3,HLpteVam2,bosTau9,canFam5,dasNov3,equCab3,felCat9,mm39,monDom5,rheMac10,rn7,susScr11
ENSG00000290568_core_3	ENSG00000290568		U_ENSG00000290568.2	chr21	13042778	13042957	+	179	179.0	intergenic	.	17	16	16	15	2	0	0.0252	0.0232	0.0671	170.4	177.0	HLbalEde1,HLcamDro2,HLeleMax1,HLmanJav2,HLnotEug3,HLoryCun3,HLpteVam2,bosTau9,canFam5,dasNov3,equCab3,eriEur2,felCat9,mm39,rheMac10,rn7,susScr11
ENSG00000290569_core_1	ENSG00000290569		U_ENSG00000290569.2	chr1	120341828	120342250	-	422	422.0	intergenic	.	19	18	15	13	10	5	0.0242	0.017	0.0651	229.3	206.0	HLbalEde1,HLcamDro2,HLdidVir1,HLeleMax1,HLmanJav2,HLnotEug3,HLoryCun3,HLpteVam2,bosTau9,canFam5,dasNov3,equCab3,eriEur2,felCat9,mm39,monDom5,rheMac10,rn7,susScr11
ENSG00000290655_core_4	ENSG00000290655		U_ENSG00000290655.2	chr17	18424793	18424943	+	150	150.0	intergenic	.	17	15	12	9	0	0	0.0343	0.0299	0.0525	133.2	143.0	HLbalEde1,HLcamDro2,HLdidVir1,HLeleMax1,HLmanJav2,HLnotEug3,HLoryCun3,HLpteVam2,canFam5,dasNov3,equCab3,eriEur2,mm39,monDom5,rheMac10,rn7,susScr11
ENSG00000290656_core_1	ENSG00000290656		U_ENSG00000290656.2	chr17	18426900	18427268	+	368	368.0	intergenic	.	18	18	18	17	17	13	0.0099	0.0078	0.0326	315.6	336.5	HLbalEde1,HLcamDro2,HLdidVir1,HLeleMax1,HLnotEug3,HLoryCun3,HLpteVam2,bosTau9,canFam5,dasNov3,equCab3,eriEur2,felCat9,mm39,monDom5,rheMac10,rn7,susScr11
ENSG00000290657_core_2	ENSG00000290657		U_ENSG00000290657.2	chr17	18439904	18440180	+	276	276.0	intergenic	.	19	19	19	19	18	1	0.0134	0.0122	0.0225	264.2	267.0	HLbalEde1,HLcamDro2,HLdidVir1,HLeleMax1,HLmanJav2,HLnotEug3,HLoryCun3,HLpteVam2,bosTau9,canFam5,dasNov3,equCab3,eriEur2,felCat9,mm39,monDom5,rheMac10,rn7,susScr11
ENSG00000290657_core_3	ENSG00000290657		U_ENSG00000290657.2	chr17	18441444	18441587	+	143	143.0	intergenic	.	17	14	14	11	1	0	0.0336	0.0263	0.096	129.4	140.0	HLbalEde1,HLcamDro2,HLdidVir1,HLeleMax1,HLmanJav2,HLnotEug3,HLoryCun3,bosTau9,canFam5,dasNov3,equCab3,eriEur2,felCat9,monDom5,rheMac10,rn7,susScr11
ENSG00000290692_core_1	ENSG00000290692		U_ENSG00000290692.2	chr16	30204733	30204890	-	157	157.0	near_coding_5kb	.	17	11	11	11	9	0	0.0391	0.0152	0.0954	153.6	156.0	HLbalEde1,HLcamDro2,HLdidVir1,HLeleMax1,HLmanJav2,HLpteVam2,bosTau9,canFam5,dasNov3,equCab3,eriEur2,felCat9,mm39,monDom5,rheMac10,rn7,susScr11
ENSG00000290702_core_1	ENSG00000290702		U_ENSG00000290702.1	chr14	19956850	19957018	+	168	168.0	intergenic	.	17	14	14	10	8	0	0.0307	0.0228	0.0874	155.0	159.0	HLcamDro2,HLdidVir1,HLeleMax1,HLmanJav2,HLnotEug3,HLoryCun3,HLpteVam2,bosTau9,dasNov3,equCab3,eriEur2,felCat9,mm39,monDom5,rheMac10,rn7,susScr11
ENSG00000290705_core_4	ENSG00000290705		U_ENSG00000290705.2	chr1	148001318	148001515	-	197	197.0	near_coding_5kb	.	17	17	17	17	14	0	0.0162	0.0157	0.022	170.4	171.0	HLbalEde1,HLcamDro2,HLdidVir1,HLeleMax1,HLmanJav2,HLnotEug3,HLoryCun3,HLpteVam2,canFam5,equCab3,eriEur2,felCat9,mm39,monDom5,rheMac10,rn7,susScr11
ENSG00000290714_core_1	ENSG00000290714		U_ENSG00000290714.2	chrX	71764063	71764274	-	211	211.0	unknown	.	17	11	9	7	2	0	0.044	0.0368	0.0987	184.2	193.0	HLbalEde1,HLcamDro2,HLeleMax1,HLmanJav2,HLnotEug3,HLoryCun3,HLpteVam2,bosTau9,canFam5,dasNov3,equCab3,eriEur2,felCat9,mm39,rheMac10,rn7,susScr11
ENSG00000290720_core_3	ENSG00000290720	ZNF542P	U_ENSG00000290720.1	chr19	56379241	56379649	+	408	408.0	antisense	ENSG00000018869,ENSG00000131848	17	15	11	9	0	0	0.0351	0.0284	0.0658	245.5	263.0	HLbalEde1,HLcamDro2,HLeleMax1,HLmanJav2,HLnotEug3,HLoryCun3,bosTau9,canFam5,dasNov3,equCab3,eriEur2,felCat9,mm39,monDom5,rheMac10,rn7,susScr11
ENSG00000290728_core_1	ENSG00000290728		U_ENSG00000290728.2	chr16	2616599	2616773	-	174	174.0	intergenic	.	17	17	17	16	13	0	0.0195	0.0188	0.0305	165.4	173.0	HLbalEde1,HLcamDro2,HLeleMax1,HLmanJav2,HLnotEug3,HLoryCun3,HLpteVam2,bosTau9,canFam5,dasNov3,equCab3,eriEur2,felCat9,mm39,rheMac10,rn7,susScr11
ENSG00000290738_core_3	ENSG00000290738	URAHP	U_ENSG00000290738.2	chr16	90043647	90043989	-	342	342.0	antisense	ENSG00000141013	18	18	16	10	2	1	0.0292	0.0288	0.048	271.4	273.5	HLbalEde1,HLcamDro2,HLdidVir1,HLeleMax1,HLmanJav2,HLnotEug3,HLoryCun3,HLpteVam2,bosTau9,canFam5,dasNov3,equCab3,eriEur2,felCat9,monDom5,rheMac10,rn7,susScr11
ENSG00000290743_core_1	ENSG00000290743		U_ENSG00000290743.1	chrX	102182490	102182618	+	128	128.0	intergenic	.	17	13	10	2	0	0	0.044	0.0367	0.0981	114.6	125.0	HLcamDro2,HLdidVir1,HLeleMax1,HLmanJav2,HLnotEug3,HLoryCun3,HLpteVam2,bosTau9,canFam5,dasNov3,equCab3,eriEur2,felCat9,mm39,monDom5,rheMac10,rn7
ENSG00000290757_core_2	ENSG00000290757	CTSL3P	U_ENSG00000290757.1	chr9	87773450	87773644	+	194	194.0	intergenic	.	19	17	15	14	1	0	0.0294	0.0238	0.0618	186.3	195.0	HLbalEde1,HLcamDro2,HLdidVir1,HLeleMax1,HLmanJav2,HLnotEug3,HLoryCun3,HLpteVam2,bosTau9,canFam5,dasNov3,equCab3,eriEur2,felCat9,mm39,monDom5,rheMac10,rn7,susScr11
ENSG00000290768_core_1	ENSG00000290768		U_ENSG00000290768.2	chr9	34834164	34834452	-	288	288.0	intergenic	.	19	19	14	14	8	1	0.026	0.0222	0.0488	251.2	275.0	HLbalEde1,HLcamDro2,HLdidVir1,HLeleMax1,HLmanJav2,HLnotEug3,HLoryCun3,HLpteVam2,bosTau9,canFam5,dasNov3,equCab3,eriEur2,felCat9,mm39,monDom5,rheMac10,rn7,susScr11
ENSG00000290809_core_1	ENSG00000290809		U_ENSG00000290809.1	chr11	7728678	7728806	+	128	128.0	intergenic	.	17	14	11	5	0	0	0.038	0.0337	0.0688	112.4	121.0	HLbalEde1,HLcamDro2,HLeleMax1,HLmanJav2,HLoryCun3,HLpteVam2,bosTau9,canFam5,dasNov3,equCab3,eriEur2,felCat9,mm39,monDom5,rheMac10,rn7,susScr11
ENSG00000290819_core_1	ENSG00000290819		U_ENSG00000290819.1	chr3	98104767	98105055	+	288	288.0	intergenic	.	17	15	14	10	7	0	0.0282	0.0286	0.0621	235.2	269.0	HLbalEde1,HLcamDro2,HLeleMax1,HLmanJav2,HLoryCun3,HLpteVam2,bosTau9,canFam5,dasNov3,equCab3,eriEur2,felCat9,mm39,monDom5,rheMac10,rn7,susScr11
ENSG00000290823_core_2	ENSG00000290823		U_ENSG00000290823.2	chr15	101966069	101966215	+	146	146.0	intergenic	.	18	17	16	16	11	0	0.023	0.0191	0.0521	134.2	146.0	HLbalEde1,HLcamDro2,HLdidVir1,HLeleMax1,HLmanJav2,HLnotEug3,HLoryCun3,HLpteVam2,bosTau9,canFam5,dasNov3,equCab3,eriEur2,felCat9,mm39,rheMac10,rn7,susScr11
ENSG00000290823_core_4	ENSG00000290823		U_ENSG00000290823.2	chr15	101973591	101973727	+	136	136.0	intergenic	.	17	17	17	17	9	0	0.0208	0.0193	0.0281	133.7	136.0	HLbalEde1,HLcamDro2,HLdidVir1,HLmanJav2,HLnotEug3,HLoryCun3,bosTau9,canFam5,dasNov3,equCab3,eriEur2,felCat9,mm39,monDom5,rheMac10,rn7,susScr11
ENSG00000290823_core_7	ENSG00000290823		U_ENSG00000290823.2	chr15	101975012	101975165	+	153	153.0	intergenic	.	18	18	18	18	16	0	0.0165	0.0156	0.0227	148.4	153.0	HLbalEde1,HLcamDro2,HLeleMax1,HLmanJav2,HLnotEug3,HLoryCun3,HLpteVam2,bosTau9,canFam5,dasNov3,equCab3,eriEur2,felCat9,mm39,monDom5,rheMac10,rn7,susScr11
ENSG00000290827_core_4	ENSG00000290827		U_ENSG00000290827.1	chr11	57866490	57866938	-	448	448.0	intergenic	.	18	17	17	16	16	14	0.0111	0.006	0.053	383.2	441.5	HLcamDro2,HLdidVir1,HLeleMax1,HLmanJav2,HLnotEug3,HLoryCun3,HLpteVam2,bosTau9,canFam5,dasNov3,equCab3,eriEur2,felCat9,mm39,monDom5,rheMac10,rn7,susScr11
ENSG00000290834_core_1	ENSG00000290834	FKBP6P2	U_ENSG00000290834.2	chr7	75393207	75393447	-	240	240.0	antisense	ENSG00000178809	17	12	10	6	0	0	0.042	0.0362	0.0857	130.4	126.0	HLbalEde1,HLcamDro2,HLdidVir1,HLmanJav2,HLnotEug3,HLoryCun3,HLpteVam2,bosTau9,canFam5,dasNov3,equCab3,eriEur2,felCat9,mm39,monDom5,rn7,susScr11
ENSG00000290839_core_2	ENSG00000290839		U_ENSG00000290839.2	chr7	73249895	73250073	-	178	178.0	intergenic	.	18	17	17	17	16	0	0.0201	0.0168	0.0731	169.6	178.0	HLcamDro2,HLdidVir1,HLeleMax1,HLmanJav2,HLnotEug3,HLoryCun3,HLpteVam2,bosTau9,canFam5,dasNov3,equCab3,eriEur2,felCat9,mm39,monDom5,rheMac10,rn7,susScr11
ENSG00000290839_core_3	ENSG00000290839		U_ENSG00000290839.2	chr7	73269175	73269359	-	184	184.0	intergenic	.	17	17	17	17	11	0	0.0187	0.0186	0.0226	171.5	181.0	HLbalEde1,HLcamDro2,HLdidVir1,HLmanJav2,HLnotEug3,HLoryCun3,HLpteVam2,bosTau9,canFam5,dasNov3,equCab3,eriEur2,felCat9,mm39,rheMac10,rn7,susScr11
ENSG00000290861_core_3	ENSG00000290861	KRT42P	U_ENSG00000290861.2	chr17	41629075	41629237	-	162	162.0	near_coding_5kb	.	17	16	16	14	1	0	0.0294	0.0266	0.0684	148.7	161.0	HLbalEde1,HLcamDro2,HLmanJav2,HLnotEug3,HLoryCun3,HLpteVam2,bosTau9,canFam5,dasNov3,equCab3,eriEur2,felCat9,mm39,monDom5,rheMac10,rn7,susScr11
ENSG00000290894_core_1	ENSG00000290894	PCDHB18P	U_ENSG00000290894.1	chr5	141234612	141235380	+	768	768.0	sense_overlapping	ENSG00000279983	18	17	16	16	11	2	0.0194	0.0135	0.0684	248.5	249.5	HLbalEde1,HLcamDro2,HLdidVir1,HLeleMax1,HLmanJav2,HLnotEug3,HLoryCun3,HLpteVam2,bosTau9,canFam5,dasNov3,equCab3,felCat9,mm39,monDom5,rheMac10,rn7,susScr11
ENSG00000290906_core_5	ENSG00000290906		U_ENSG00000290906.1	chr2	200780646	200780802	+	156	156.0	intergenic	.	18	18	18	16	10	0	0.021	0.019	0.0323	150.3	154.0	HLbalEde1,HLcamDro2,HLdidVir1,HLeleMax1,HLmanJav2,HLnotEug3,HLoryCun3,HLpteVam2,bosTau9,canFam5,dasNov3,equCab3,eriEur2,mm39,monDom5,rheMac10,rn7,susScr11
ENSG00000290923_core_1	ENSG00000290923	PGM5P2	U_ENSG00000290923.2	chr9	41040359	41040550	-	191	191.0	intergenic	.	17	17	17	17	17	0	0.0132	0.0131	0.0164	186.0	191.0	HLbalEde1,HLcamDro2,HLdidVir1,HLeleMax1,HLmanJav2,HLnotEug3,HLoryCun3,HLpteVam2,bosTau9,canFam5,eriEur2,felCat9,mm39,monDom5,rheMac10,rn7,susScr11
ENSG00000290923_core_3	ENSG00000290923	PGM5P2	U_ENSG00000290923.2	chr9	41053736	41053879	-	143	143.0	intergenic	.	17	17	17	17	17	0	0.0166	0.0162	0.0192	142.6	143.0	HLcamDro2,HLdidVir1,HLeleMax1,HLmanJav2,HLnotEug3,HLoryCun3,HLpteVam2,bosTau9,canFam5,equCab3,eriEur2,felCat9,mm39,monDom5,rheMac10,rn7,susScr11
ENSG00000290923_core_4	ENSG00000290923	PGM5P2	U_ENSG00000290923.2	chr9	41074267	41074492	-	225	225.0	intergenic	.	19	19	18	18	18	2	0.0131	0.0107	0.0449	210.0	225.0	HLbalEde1,HLcamDro2,HLdidVir1,HLeleMax1,HLmanJav2,HLnotEug3,HLoryCun3,HLpteVam2,bosTau9,canFam5,dasNov3,equCab3,eriEur2,felCat9,mm39,monDom5,rheMac10,rn7,susScr11
ENSG00000290926_core_3	ENSG00000290926	LINC03006	U_ENSG00000290926.2	chr7	65770580	65770810	-	230	230.0	intergenic	.	17	11	11	6	3	0	0.0393	0.035	0.0778	225.3	231.0	HLbalEde1,HLcamDro2,HLeleMax1,HLmanJav2,HLoryCun3,HLpteVam2,bosTau9,canFam5,dasNov3,equCab3,eriEur2,felCat9,mm39,monDom5,rheMac10,rn7,susScr11
ENSG00000290927_core_2	ENSG00000290927		U_ENSG00000290927.2	chr16	31705843	31706051	+	208	208.0	intergenic	.	18	15	15	15	11	0	0.0276	0.0188	0.0794	197.2	204.0	HLbalEde1,HLcamDro2,HLdidVir1,HLeleMax1,HLmanJav2,HLoryCun3,HLpteVam2,bosTau9,canFam5,dasNov3,equCab3,eriEur2,felCat9,mm39,monDom5,rheMac10,rn7,susScr11
ENSG00000290927_core_3	ENSG00000290927		U_ENSG00000290927.2	chr16	31706403	31707011	+	608	608.0	intergenic	.	17	16	14	14	11	6	0.0207	0.0116	0.0708	384.1	397.0	HLbalEde1,HLcamDro2,HLdidVir1,HLeleMax1,HLmanJav2,HLnotEug3,HLoryCun3,bosTau9,canFam5,dasNov3,equCab3,eriEur2,felCat9,mm39,monDom5,rn7,susScr11
ENSG00000290944_core_1	ENSG00000290944		U_ENSG00000290944.1	chr15	82298742	82298903	+	161	161.0	intergenic	.	17	14	14	11	11	0	0.0276	0.0178	0.0647	154.5	160.0	HLbalEde1,HLcamDro2,HLdidVir1,HLeleMax1,HLmanJav2,HLnotEug3,HLoryCun3,HLpteVam2,bosTau9,canFam5,dasNov3,equCab3,felCat9,mm39,monDom5,rn7,susScr11
ENSG00000290946_core_4	ENSG00000290946		U_ENSG00000290946.2	chr15	82461539	82461947	+	408	408.0	intergenic	.	17	17	17	17	17	15	0.0081	0.0076	0.0121	396.9	408.0	HLbalEde1,HLcamDro2,HLeleMax1,HLmanJav2,HLoryCun3,HLpteVam2,bosTau9,canFam5,dasNov3,equCab3,eriEur2,felCat9,mm39,monDom5,rheMac10,rn7,susScr11
ENSG00000290946_core_5	ENSG00000290946		U_ENSG00000290946.2	chr15	82462059	82462507	+	448	448.0	intergenic	.	17	16	16	16	16	14	0.0119	0.0085	0.0541	405.9	426.0	HLbalEde1,HLcamDro2,HLdidVir1,HLeleMax1,HLmanJav2,HLoryCun3,HLpteVam2,bosTau9,canFam5,dasNov3,equCab3,eriEur2,felCat9,mm39,rheMac10,rn7,susScr11
ENSG00000290966_core_1	ENSG00000290966	KRT87P	U_ENSG00000290966.1	chr12	52258261	52258867	-	606	606.0	antisense	ENSG00000135480,ENSG00000170442	17	17	17	17	17	14	0.0072	0.0061	0.0143	501.6	587.0	HLcamDro2,HLdidVir1,HLeleMax1,HLmanJav2,HLnotEug3,HLoryCun3,HLpteVam2,bosTau9,canFam5,dasNov3,equCab3,eriEur2,felCat9,mm39,rheMac10,rn7,susScr11
ENSG00000290972_core_3	ENSG00000290972		U_ENSG00000290972.1	chr9	64373463	64373606	+	143	143.0	intergenic	.	18	15	15	10	1	0	0.0334	0.0274	0.0687	136.3	143.0	HLbalEde1,HLcamDro2,HLeleMax1,HLmanJav2,HLnotEug3,HLoryCun3,HLpteVam2,bosTau9,canFam5,dasNov3,equCab3,eriEur2,felCat9,mm39,monDom5,rheMac10,rn7,susScr11
ENSG00000290977_core_2	ENSG00000290977		U_ENSG00000290977.2	chr17	16819466	16819628	-	162	162.0	intergenic	.	19	19	19	19	16	0	0.0185	0.018	0.0262	156.7	162.0	HLbalEde1,HLcamDro2,HLdidVir1,HLeleMax1,HLmanJav2,HLnotEug3,HLoryCun3,HLpteVam2,bosTau9,canFam5,dasNov3,equCab3,eriEur2,felCat9,mm39,monDom5,rheMac10,rn7,susScr11
ENSG00000290977_core_4	ENSG00000290977		U_ENSG00000290977.2	chr17	16822195	16822579	-	384	384.0	intergenic	.	19	19	19	19	18	14	0.0104	0.0093	0.0264	322.5	311.0	HLbalEde1,HLcamDro2,HLdidVir1,HLeleMax1,HLmanJav2,HLnotEug3,HLoryCun3,HLpteVam2,bosTau9,canFam5,dasNov3,equCab3,eriEur2,felCat9,mm39,monDom5,rheMac10,rn7,susScr11
ENSG00000290978_core_2	ENSG00000290978		U_ENSG00000290978.2	chr17	16831132	16831293	-	161	161.0	intergenic	.	18	15	14	13	4	0	0.03	0.022	0.0718	144.8	160.0	HLbalEde1,HLcamDro2,HLdidVir1,HLeleMax1,HLmanJav2,HLnotEug3,HLoryCun3,bosTau9,canFam5,dasNov3,equCab3,eriEur2,felCat9,mm39,monDom5,rheMac10,rn7,susScr11
ENSG00000290984_core_1	ENSG00000290984		U_ENSG00000290984.1	chr16	32775137	32775600	+	463	463.0	intergenic	.	19	18	18	18	15	5	0.0169	0.0115	0.0884	301.1	288.0	HLbalEde1,HLcamDro2,HLdidVir1,HLeleMax1,HLmanJav2,HLnotEug3,HLoryCun3,HLpteVam2,bosTau9,canFam5,dasNov3,equCab3,eriEur2,felCat9,mm39,monDom5,rheMac10,rn7,susScr11
ENSG00000290985_core_1	ENSG00000290985	SLC6A10P	U_ENSG00000290985.1	chr16	32879177	32879334	-	157	157.0	intergenic	.	17	15	15	14	10	0	0.0279	0.0185	0.0996	144.8	149.0	HLbalEde1,HLcamDro2,HLdidVir1,HLeleMax1,HLmanJav2,HLnotEug3,HLpteVam2,bosTau9,canFam5,dasNov3,equCab3,eriEur2,felCat9,mm39,rheMac10,rn7,susScr11
ENSG00000290985_core_5	ENSG00000290985	SLC6A10P	U_ENSG00000290985.1	chr16	32880764	32881252	-	488	488.0	intergenic	.	17	17	16	16	16	10	0.0118	0.0089	0.041	416.7	472.0	HLbalEde1,HLcamDro2,HLdidVir1,HLeleMax1,HLmanJav2,HLnotEug3,HLpteVam2,bosTau9,canFam5,dasNov3,equCab3,felCat9,mm39,monDom5,rheMac10,rn7,susScr11
ENSG00000291003_core_10	ENSG00000291003		U_ENSG00000291003.2	chr15	22556011	22556204	+	193	193.0	intergenic	.	18	18	18	18	16	0	0.0158	0.0144	0.0275	192.2	193.0	HLbalEde1,HLcamDro2,HLdidVir1,HLeleMax1,HLmanJav2,HLnotEug3,HLoryCun3,bosTau9,canFam5,dasNov3,equCab3,eriEur2,felCat9,mm39,monDom5,rheMac10,rn7,susScr11
ENSG00000291003_core_14	ENSG00000291003		U_ENSG00000291003.2	chr15	22561558	22561789	+	231	231.0	intergenic	.	18	17	17	17	14	0	0.0193	0.0136	0.0967	222.0	230.5	HLbalEde1,HLcamDro2,HLdidVir1,HLeleMax1,HLmanJav2,HLnotEug3,HLoryCun3,bosTau9,canFam5,dasNov3,equCab3,eriEur2,felCat9,mm39,monDom5,rheMac10,rn7,susScr11
ENSG00000291003_core_17	ENSG00000291003		U_ENSG00000291003.2	chr15	22569148	22569291	+	143	143.0	intergenic	.	18	17	16	15	7	0	0.024	0.021	0.0504	137.4	143.0	HLbalEde1,HLcamDro2,HLdidVir1,HLeleMax1,HLmanJav2,HLnotEug3,HLoryCun3,bosTau9,canFam5,dasNov3,equCab3,eriEur2,felCat9,mm39,monDom5,rheMac10,rn7,susScr11
ENSG00000291012_core_3	ENSG00000291012		U_ENSG00000291012.2	chr9	64075668	64075846	+	178	178.0	intergenic	.	17	14	14	14	3	0	0.0283	0.0222	0.0677	164.2	178.0	HLbalEde1,HLcamDro2,HLeleMax1,HLmanJav2,HLnotEug3,HLoryCun3,HLpteVam2,bosTau9,canFam5,dasNov3,equCab3,eriEur2,felCat9,monDom5,rheMac10,rn7,susScr11
ENSG00000291027_core_6	ENSG00000291027	UBE2Q2P1	U_ENSG00000291027.2	chr15	84570646	84571067	-	421	421.0	intergenic	.	18	16	14	13	10	5	0.0251	0.0114	0.0861	339.6	364.5	HLbalEde1,HLcamDro2,HLdidVir1,HLeleMax1,HLmanJav2,HLoryCun3,HLpteVam2,bosTau9,canFam5,dasNov3,equCab3,eriEur2,felCat9,mm39,monDom5,rheMac10,rn7,susScr11
ENSG00000291031_core_1	ENSG00000291031	BCORP1	U_ENSG00000291031.2	chrY	19458923	19459070	-	147	147.0	intergenic	.	19	17	12	3	1	0	0.0401	0.0362	0.0801	131.3	132.0	HLbalEde1,HLcamDro2,HLdidVir1,HLeleMax1,HLmanJav2,HLnotEug3,HLoryCun3,HLpteVam2,bosTau9,canFam5,dasNov3,equCab3,eriEur2,felCat9,mm39,monDom5,rheMac10,rn7,susScr11
ENSG00000291031_core_3	ENSG00000291031	BCORP1	U_ENSG00000291031.2	chrY	19467059	19467227	-	168	168.0	intergenic	.	17	16	16	13	1	0	0.027	0.0221	0.0688	155.4	168.0	HLbalEde1,HLcamDro2,HLdidVir1,HLeleMax1,HLmanJav2,HLnotEug3,HLoryCun3,HLpteVam2,bosTau9,canFam5,dasNov3,equCab3,eriEur2,felCat9,rheMac10,rn7,susScr11
ENSG00000291035_core_1	ENSG00000291035	RRP7BP	U_ENSG00000291035.2	chr22	42556186	42556354	-	168	168.0	antisense	ENSG00000183569	17	8	6	2	1	0	0.0603	0.0555	0.0977	144.1	153.0	HLbalEde1,HLcamDro2,HLdidVir1,HLeleMax1,HLmanJav2,HLnotEug3,HLoryCun3,bosTau9,canFam5,dasNov3,equCab3,eriEur2,felCat9,mm39,rheMac10,rn7,susScr11
ENSG00000291052_core_4	ENSG00000291052	ABCC13	U_ENSG00000291052.2	chr21	14316200	14316394	+	194	194.0	intergenic	.	17	17	16	14	13	0	0.0197	0.0155	0.0416	178.8	191.0	HLbalEde1,HLcamDro2,HLdidVir1,HLeleMax1,HLmanJav2,HLoryCun3,HLpteVam2,bosTau9,canFam5,dasNov3,equCab3,eriEur2,felCat9,monDom5,rheMac10,rn7,susScr11
ENSG00000291060_core_1	ENSG00000291060		U_ENSG00000291060.2	chr16	22437123	22437492	+	369	369.0	antisense	ENSG00000140743	19	19	19	17	14	12	0.0135	0.008	0.0345	305.6	355.0	HLbalEde1,HLcamDro2,HLdidVir1,HLeleMax1,HLmanJav2,HLnotEug3,HLoryCun3,HLpteVam2,bosTau9,canFam5,dasNov3,equCab3,eriEur2,felCat9,mm39,monDom5,rheMac10,rn7,susScr11
ENSG00000291060_core_5	ENSG00000291060		U_ENSG00000291060.2	chr16	22471627	22471785	+	158	158.0	antisense	ENSG00000140743	17	17	17	17	16	0	0.0145	0.014	0.0221	156.5	158.0	HLbalEde1,HLcamDro2,HLeleMax1,HLmanJav2,HLoryCun3,HLpteVam2,bosTau9,canFam5,dasNov3,equCab3,eriEur2,felCat9,mm39,monDom5,rheMac10,rn7,susScr11
ENSG00000291077_core_1	ENSG00000291077		U_ENSG00000291077.2	chr1	16216121	16216329	-	208	208.0	near_coding_5kb	.	17	6	4	1	1	0	0.0543	0.0551	0.0963	147.8	161.0	HLbalEde1,HLcamDro2,HLdidVir1,HLeleMax1,HLmanJav2,HLnotEug3,HLoryCun3,HLpteVam2,bosTau9,canFam5,dasNov3,equCab3,eriEur2,felCat9,mm39,rheMac10,susScr11
ENSG00000291078_core_3	ENSG00000291078		U_ENSG00000291078.2	chr3	10026135	10026365	-	230	230.0	sense_overlapping	ENSG00000125037	18	16	15	14	3	0	0.0275	0.0228	0.0614	220.3	228.0	HLbalEde1,HLcamDro2,HLdidVir1,HLeleMax1,HLmanJav2,HLoryCun3,HLpteVam2,bosTau9,canFam5,dasNov3,equCab3,eriEur2,felCat9,mm39,monDom5,rheMac10,rn7,susScr11
ENSG00000291081_core_1	ENSG00000291081		U_ENSG00000291081.2	chr3	130111356	130111491	-	135	135.0	antisense	ENSG00000251287	17	17	16	15	1	0	0.0248	0.0232	0.041	132.1	134.0	HLbalEde1,HLcamDro2,HLdidVir1,HLeleMax1,HLmanJav2,HLoryCun3,HLpteVam2,bosTau9,canFam5,dasNov3,equCab3,eriEur2,felCat9,mm39,rheMac10,rn7,susScr11
ENSG00000291082_core_15	ENSG00000291082	HERC2P9	U_ENSG00000291082.2	chr15	28650506	28650699	+	193	193.0	intergenic	.	19	19	19	19	16	0	0.0161	0.0145	0.0275	191.9	193.0	HLbalEde1,HLcamDro2,HLdidVir1,HLeleMax1,HLmanJav2,HLnotEug3,HLoryCun3,HLpteVam2,bosTau9,canFam5,dasNov3,equCab3,eriEur2,felCat9,mm39,monDom5,rheMac10,rn7,susScr11
ENSG00000291082_core_19	ENSG00000291082	HERC2P9	U_ENSG00000291082.2	chr15	28655795	28656026	+	231	231.0	intergenic	.	19	18	18	18	15	0	0.019	0.0131	0.0877	225.6	230.0	HLbalEde1,HLcamDro2,HLdidVir1,HLeleMax1,HLmanJav2,HLnotEug3,HLoryCun3,HLpteVam2,bosTau9,canFam5,dasNov3,equCab3,eriEur2,felCat9,mm39,monDom5,rheMac10,rn7,susScr11
ENSG00000291082_core_22	ENSG00000291082	HERC2P9	U_ENSG00000291082.2	chr15	28663377	28663520	+	143	143.0	intergenic	.	18	17	16	15	7	0	0.024	0.021	0.0504	137.4	143.0	HLbalEde1,HLdidVir1,HLeleMax1,HLmanJav2,HLnotEug3,HLoryCun3,HLpteVam2,bosTau9,canFam5,dasNov3,equCab3,eriEur2,felCat9,mm39,monDom5,rheMac10,rn7,susScr11
ENSG00000291085_core_4	ENSG00000291085	TMEM191A	U_ENSG00000291085.2	chr22	20703863	20704254	+	391	391.0	near_coding_5kb	.	17	16	16	15	8	1	0.0229	0.0207	0.0666	275.2	288.0	HLbalEde1,HLcamDro2,HLdidVir1,HLeleMax1,HLmanJav2,HLpteVam2,bosTau9,canFam5,dasNov3,equCab3,eriEur2,felCat9,mm39,monDom5,rheMac10,rn7,susScr11
ENSG00000291088_core_1	ENSG00000291088	NPEPPSP1	U_ENSG00000291088.2	chr17	38256946	38257194	-	248	248.0	sense_overlapping	ENSG00000274611	19	19	19	18	13	8	0.0154	0.0111	0.0301	204.7	224.0	HLbalEde1,HLcamDro2,HLdidVir1,HLeleMax1,HLmanJav2,HLnotEug3,HLoryCun3,HLpteVam2,bosTau9,canFam5,dasNov3,equCab3,eriEur2,felCat9,mm39,monDom5,rheMac10,rn7,susScr11
ENSG00000291091_core_8	ENSG00000291091		U_ENSG00000291091.2	chr3	197623219	197623382	-	163	163.0	sense_overlapping	ENSG00000161267	17	17	17	14	1	0	0.0262	0.0257	0.0384	161.6	162.0	HLbalEde1,HLcamDro2,HLdidVir1,HLeleMax1,HLmanJav2,HLnotEug3,HLpteVam2,bosTau9,dasNov3,equCab3,eriEur2,felCat9,mm39,monDom5,rheMac10,rn7,susScr11
ENSG00000291105_core_2	ENSG00000291105		U_ENSG00000291105.2	chr16	56618588	56618717	+	129	129.0	intergenic	.	17	17	16	15	3	0	0.0239	0.0213	0.0491	123.5	128.0	HLbalEde1,HLcamDro2,HLdidVir1,HLeleMax1,HLoryCun3,HLpteVam2,bosTau9,canFam5,dasNov3,equCab3,eriEur2,felCat9,mm39,monDom5,rheMac10,rn7,susScr11
ENSG00000291109_core_6	ENSG00000291109	CES1P1	U_ENSG00000291109.2	chr16	55783599	55783739	+	140	140.0	intergenic	.	17	14	10	7	0	0	0.0408	0.032	0.0909	122.5	133.0	HLbalEde1,HLcamDro2,HLdidVir1,HLeleMax1,HLmanJav2,HLnotEug3,HLoryCun3,HLpteVam2,canFam5,dasNov3,equCab3,eriEur2,felCat9,mm39,rheMac10,rn7,susScr11
ENSG00000291121_core_2	ENSG00000291121		U_ENSG00000291121.2	chr7	77121816	77122325	-	509	509.0	near_coding_5kb	.	19	19	19	19	19	9	0.0115	0.0106	0.0199	457.9	473.0	HLbalEde1,HLcamDro2,HLdidVir1,HLeleMax1,HLmanJav2,HLnotEug3,HLoryCun3,HLpteVam2,bosTau9,canFam5,dasNov3,equCab3,eriEur2,felCat9,mm39,monDom5,rheMac10,rn7,susScr11
ENSG00000291122_core_2	ENSG00000291122	CASTOR3P	U_ENSG00000291122.2	chr7	100223881	100224075	-	194	194.0	antisense	ENSG00000066923,ENSG00000213413,ENSG00000292277	17	17	17	17	16	0	0.0137	0.0126	0.0292	185.8	194.0	HLbalEde1,HLcamDro2,HLeleMax1,HLmanJav2,HLnotEug3,HLoryCun3,HLpteVam2,bosTau9,canFam5,dasNov3,equCab3,eriEur2,felCat9,mm39,rheMac10,rn7,susScr11
ENSG00000291124_core_1	ENSG00000291124		U_ENSG00000291124.2	chr7	65751023	65751271	+	248	248.0	intergenic	.	18	18	18	18	18	0	0.013	0.012	0.0186	246.9	248.0	HLbalEde1,HLcamDro2,HLeleMax1,HLmanJav2,HLnotEug3,HLoryCun3,HLpteVam2,bosTau9,canFam5,dasNov3,equCab3,eriEur2,felCat9,mm39,monDom5,rheMac10,rn7,susScr11
ENSG00000291129_core_5	ENSG00000291129	PPIEL	U_ENSG00000291129.2	chr1	39559330	39559698	-	368	368.0	antisense	ENSG00000183682	18	15	15	11	2	1	0.0309	0.0296	0.0554	258.3	257.5	HLbalEde1,HLcamDro2,HLdidVir1,HLeleMax1,HLmanJav2,HLnotEug3,HLpteVam2,bosTau9,canFam5,dasNov3,equCab3,eriEur2,felCat9,mm39,monDom5,rheMac10,rn7,susScr11
ENSG00000291132_core_1	ENSG00000291132	MTMR9LP	U_ENSG00000291132.2	chr1	32239868	32240089	-	221	221.0	antisense	ENSG00000084623	18	14	14	14	12	0	0.0289	0.0166	0.0798	204.8	224.0	HLbalEde1,HLcamDro2,HLdidVir1,HLeleMax1,HLmanJav2,HLnotEug3,HLoryCun3,HLpteVam2,bosTau9,canFam5,dasNov3,equCab3,eriEur2,felCat9,mm39,monDom5,rheMac10,susScr11
ENSG00000291142_core_2	ENSG00000291142		U_ENSG00000291142.2	chr2	94199450	94199639	-	189	189.0	intergenic	.	19	19	19	19	19	0	0.0164	0.0164	0.0187	183.9	186.0	HLbalEde1,HLcamDro2,HLdidVir1,HLeleMax1,HLmanJav2,HLnotEug3,HLoryCun3,HLpteVam2,bosTau9,canFam5,dasNov3,equCab3,eriEur2,felCat9,mm39,monDom5,rheMac10,rn7,susScr11
ENSG00000291151_core_6	ENSG00000291151	NSUN5P1	U_ENSG00000291151.2	chr7	75416274	75416611	+	337	337.0	antisense+sense	ENSG00000178809,ENSG00000272391	18	16	16	13	11	1	0.0245	0.017	0.0775	253.6	266.5	HLbalEde1,HLcamDro2,HLdidVir1,HLeleMax1,HLmanJav2,HLnotEug3,HLoryCun3,bosTau9,canFam5,dasNov3,equCab3,eriEur2,felCat9,mm39,monDom5,rheMac10,rn7,susScr11
ENSG00000291152_core_1	ENSG00000291152	SBDSP1	U_ENSG00000291152.2	chr7	72829413	72829781	+	368	368.0	near_coding_5kb	.	19	19	19	19	19	5	0.0117	0.0108	0.0164	352.7	358.0	HLbalEde1,HLcamDro2,HLdidVir1,HLeleMax1,HLmanJav2,HLnotEug3,HLoryCun3,HLpteVam2,bosTau9,canFam5,dasNov3,equCab3,eriEur2,felCat9,mm39,monDom5,rheMac10,rn7,susScr11
ENSG00000291166_core_2	ENSG00000291166		U_ENSG00000291166.2	chr9	42856474	42856620	+	146	146.0	intergenic	.	18	16	16	15	1	0	0.0288	0.0258	0.057	139.7	146.0	HLbalEde1,HLcamDro2,HLeleMax1,HLmanJav2,HLnotEug3,HLoryCun3,HLpteVam2,bosTau9,canFam5,dasNov3,equCab3,eriEur2,felCat9,mm39,monDom5,rheMac10,rn7,susScr11
ENSG00000291170_core_1	ENSG00000291170		U_ENSG00000291170.2	chr9	42756715	42756965	+	250	250.0	intergenic	.	19	19	17	15	3	1	0.0269	0.0254	0.0439	231.2	233.0	HLbalEde1,HLcamDro2,HLdidVir1,HLeleMax1,HLmanJav2,HLnotEug3,HLoryCun3,HLpteVam2,bosTau9,canFam5,dasNov3,equCab3,eriEur2,felCat9,mm39,monDom5,rheMac10,rn7,susScr11
ENSG00000291179_core_1	ENSG00000291179		U_ENSG00000291179.2	chr16	25031808	25032136	+	328	328.0	intergenic	.	17	17	15	14	9	1	0.0222	0.0186	0.0475	272.1	272.0	HLbalEde1,HLcamDro2,HLdidVir1,HLeleMax1,HLmanJav2,HLnotEug3,HLoryCun3,HLpteVam2,bosTau9,canFam5,dasNov3,equCab3,eriEur2,mm39,rheMac10,rn7,susScr11
ENSG00000291189_core_3	ENSG00000291189		U_ENSG00000291189.2	chr12	3303781	3303937	-	156	156.0	intergenic	.	18	16	14	11	0	0	0.0341	0.0286	0.0807	154.6	157.0	HLbalEde1,HLcamDro2,HLdidVir1,HLeleMax1,HLmanJav2,HLnotEug3,HLpteVam2,bosTau9,canFam5,dasNov3,equCab3,eriEur2,felCat9,mm39,monDom5,rheMac10,rn7,susScr11
ENSG00000291193_core_1	ENSG00000291193		U_ENSG00000291193.2	chr6	25732472	25732760	+	288	288.0	sense_overlapping	ENSG00000290217	18	17	17	17	12	0	0.0201	0.0164	0.0706	241.7	263.5	HLbalEde1,HLcamDro2,HLdidVir1,HLeleMax1,HLmanJav2,HLnotEug3,HLpteVam2,bosTau9,canFam5,dasNov3,equCab3,eriEur2,felCat9,mm39,monDom5,rheMac10,rn7,susScr11
ENSG00000291196_core_2	ENSG00000291196	KRT16P3	U_ENSG00000291196.2	chr17	20502802	20502963	-	161	161.0	intergenic	.	18	15	14	13	3	0	0.0312	0.0238	0.0728	144.3	160.0	HLbalEde1,HLcamDro2,HLdidVir1,HLeleMax1,HLmanJav2,HLnotEug3,HLoryCun3,bosTau9,canFam5,dasNov3,equCab3,eriEur2,felCat9,mm39,monDom5,rheMac10,rn7,susScr11
ENSG00000291196_core_3	ENSG00000291196	KRT16P3	U_ENSG00000291196.2	chr17	20504261	20504481	-	220	220.0	intergenic	.	19	19	19	19	16	0	0.0165	0.0155	0.0271	209.3	212.0	HLbalEde1,HLcamDro2,HLdidVir1,HLeleMax1,HLmanJav2,HLnotEug3,HLoryCun3,HLpteVam2,bosTau9,canFam5,dasNov3,equCab3,eriEur2,felCat9,mm39,monDom5,rheMac10,rn7,susScr11
ENSG00000291198_core_4	ENSG00000291198		U_ENSG00000291198.2	chr17	20523470	20523638	-	168	168.0	intergenic	.	18	9	2	1	1	0	0.0511	0.0503	0.094	152.7	163.0	HLbalEde1,HLcamDro2,HLdidVir1,HLeleMax1,HLmanJav2,HLnotEug3,HLoryCun3,HLpteVam2,bosTau9,canFam5,dasNov3,equCab3,eriEur2,felCat9,mm39,rheMac10,rn7,susScr11
ENSG00000291204_core_1	ENSG00000291204		U_ENSG00000291204.1	chr14	18914091	18914247	-	156	156.0	intergenic	.	17	13	13	2	1	0	0.0421	0.0349	0.0829	137.4	149.0	HLbalEde1,HLcamDro2,HLdidVir1,HLeleMax1,HLmanJav2,HLnotEug3,HLoryCun3,HLpteVam2,bosTau9,canFam5,equCab3,eriEur2,felCat9,mm39,monDom5,rheMac10,rn7
ENSG00000291210_core_5	ENSG00000291210		U_ENSG00000291210.2	chr15	85234534	85234711	-	177	177.0	intergenic	.	17	16	14	14	5	0	0.0279	0.0246	0.0625	166.2	168.0	HLbalEde1,HLcamDro2,HLdidVir1,HLeleMax1,HLmanJav2,HLoryCun3,HLpteVam2,bosTau9,canFam5,dasNov3,equCab3,eriEur2,felCat9,mm39,rheMac10,rn7,susScr11
ENSG00000291222_core_1	ENSG00000291222		U_ENSG00000291222.1	chr3	75356538	75356746	-	208	208.0	intergenic	.	17	13	13	12	7	0	0.034	0.0231	0.0982	180.9	201.0	HLbalEde1,HLcamDro2,HLeleMax1,HLmanJav2,HLnotEug3,HLpteVam2,bosTau9,canFam5,dasNov3,equCab3,eriEur2,felCat9,mm39,monDom5,rheMac10,rn7,susScr11
ENSG00000291233_core_1	ENSG00000291233		U_ENSG00000291233.2	chr1	149321595	149321803	-	208	208.0	intergenic	.	19	18	16	14	10	0	0.0274	0.0191	0.0977	181.8	194.0	HLbalEde1,HLcamDro2,HLdidVir1,HLeleMax1,HLmanJav2,HLnotEug3,HLoryCun3,HLpteVam2,bosTau9,canFam5,dasNov3,equCab3,eriEur2,felCat9,mm39,monDom5,rheMac10,rn7,susScr11
ENSG00000291234_core_4	ENSG00000291234		U_ENSG00000291234.2	chr1	202858881	202859102	-	221	221.0	intergenic	.	17	15	15	13	10	1	0.0258	0.0187	0.0863	198.6	217.0	HLbalEde1,HLcamDro2,HLdidVir1,HLeleMax1,HLmanJav2,HLnotEug3,HLoryCun3,bosTau9,canFam5,dasNov3,equCab3,felCat9,mm39,monDom5,rheMac10,rn7,susScr11
ENSG00000291249_core_2	ENSG00000291249		U_ENSG00000291249.2	chr11	76703334	76703527	-	193	193.0	intergenic	.	18	18	18	18	17	0	0.0156	0.0156	0.0203	188.2	193.0	HLbalEde1,HLcamDro2,HLdidVir1,HLeleMax1,HLmanJav2,HLnotEug3,HLpteVam2,bosTau9,canFam5,dasNov3,equCab3,eriEur2,felCat9,mm39,monDom5,rheMac10,rn7,susScr11
ENSG00000291264_core_5	ENSG00000291264		U_ENSG00000291264.2	chr16	33698370	33698495	-	125	125.0	intergenic	.	19	19	19	13	0	0	0.0288	0.0281	0.0356	116.9	115.0	HLbalEde1,HLcamDro2,HLdidVir1,HLeleMax1,HLmanJav2,HLnotEug3,HLoryCun3,HLpteVam2,bosTau9,canFam5,dasNov3,equCab3,eriEur2,felCat9,mm39,monDom5,rheMac10,rn7,susScr11
ENSG00000291266_core_1	ENSG00000291266	SMG1P5	U_ENSG00000291266.2	chr16	30288560	30288687	-	127	127.0	intergenic	.	17	14	9	3	0	0	0.0403	0.0393	0.0646	90.9	87.0	HLbalEde1,HLcamDro2,HLeleMax1,HLmanJav2,HLoryCun3,HLpteVam2,bosTau9,canFam5,dasNov3,equCab3,eriEur2,felCat9,mm39,monDom5,rheMac10,rn7,susScr11
ENSG00000291271_core_1	ENSG00000291271		U_ENSG00000291271.1	chr16	31981909	31982189	+	280	280.0	intergenic	.	19	19	19	19	19	15	0.0094	0.008	0.0185	260.3	278.0	HLbalEde1,HLcamDro2,HLdidVir1,HLeleMax1,HLmanJav2,HLnotEug3,HLoryCun3,HLpteVam2,bosTau9,canFam5,dasNov3,equCab3,eriEur2,felCat9,mm39,monDom5,rheMac10,rn7,susScr11
ENSG00000291271_core_2	ENSG00000291271		U_ENSG00000291271.1	chr16	31986841	31986997	+	156	156.0	intergenic	.	19	19	19	18	12	0	0.0205	0.0186	0.0344	149.6	154.0	HLbalEde1,HLcamDro2,HLdidVir1,HLeleMax1,HLmanJav2,HLnotEug3,HLoryCun3,HLpteVam2,bosTau9,canFam5,dasNov3,equCab3,eriEur2,felCat9,mm39,monDom5,rheMac10,rn7,susScr11
ENSG00000291277_core_2	ENSG00000291277		U_ENSG00000291277.1	chr17	16845482	16845881	-	399	399.0	intergenic	.	19	18	16	15	15	14	0.0159	0.0074	0.0673	346.7	375.0	HLbalEde1,HLcamDro2,HLdidVir1,HLeleMax1,HLmanJav2,HLnotEug3,HLoryCun3,HLpteVam2,bosTau9,canFam5,dasNov3,equCab3,eriEur2,felCat9,mm39,monDom5,rheMac10,rn7,susScr11
ENSG00000291281_core_1	ENSG00000291281	COL6A4P1	U_ENSG00000291281.1	chr3	15165291	15165459	-	168	168.0	near_coding_5kb	.	17	15	13	12	6	0	0.0289	0.0217	0.0709	153.6	168.0	HLcamDro2,HLdidVir1,HLeleMax1,HLmanJav2,HLoryCun3,HLpteVam2,bosTau9,canFam5,dasNov3,equCab3,eriEur2,felCat9,mm39,monDom5,rheMac10,rn7,susScr11
ENSG00000291281_core_4	ENSG00000291281	COL6A4P1	U_ENSG00000291281.1	chr3	15177743	15178187	-	444	444.0	near_coding_5kb	.	17	17	17	15	12	7	0.0155	0.0118	0.0329	314.5	285.0	HLbalEde1,HLcamDro2,HLdidVir1,HLeleMax1,HLnotEug3,HLpteVam2,bosTau9,canFam5,dasNov3,equCab3,eriEur2,felCat9,mm39,monDom5,rheMac10,rn7,susScr11
ENSG00000291294_core_1	ENSG00000291294		U_ENSG00000291294.2	chr10	30655488	30655696	+	208	208.0	intergenic	.	19	17	17	12	7	0	0.0287	0.0226	0.066	183.7	203.0	HLbalEde1,HLcamDro2,HLdidVir1,HLeleMax1,HLmanJav2,HLnotEug3,HLoryCun3,HLpteVam2,bosTau9,canFam5,dasNov3,equCab3,eriEur2,felCat9,mm39,monDom5,rheMac10,rn7,susScr11
ENSG00000293114_core_1	ENSG00000293114		U_ENSG00000293114.1	chr19	40818413	40818819	-	406	406.0	intergenic	.	18	16	14	12	8	1	0.0296	0.0212	0.0989	227.9	202.5	HLbalEde1,HLcamDro2,HLdidVir1,HLeleMax1,HLmanJav2,HLnotEug3,HLoryCun3,HLpteVam2,bosTau9,canFam5,equCab3,eriEur2,felCat9,mm39,monDom5,rheMac10,rn7,susScr11
ENSG00000293165_core_1	ENSG00000293165	FABP5P3	U_ENSG00000293165.1	chr7	152435734	152435932	+	198	198.0	antisense	ENSG00000055609	18	17	17	17	17	0	0.0158	0.0115	0.0796	199.8	201.0	HLbalEde1,HLcamDro2,HLdidVir1,HLeleMax1,HLmanJav2,HLnotEug3,HLoryCun3,HLpteVam2,bosTau9,canFam5,dasNov3,equCab3,felCat9,mm39,monDom5,rheMac10,rn7,susScr11
ENSG00000293168_core_1	ENSG00000293168		U_ENSG00000293168.2	chr14	19489011	19489254	+	243	243.0	intergenic	.	17	16	12	12	6	0	0.0298	0.0246	0.0851	185.4	168.0	HLbalEde1,HLcamDro2,HLdidVir1,HLeleMax1,HLmanJav2,HLnotEug3,HLoryCun3,HLpteVam2,canFam5,dasNov3,equCab3,eriEur2,felCat9,monDom5,rheMac10,rn7,susScr11
ENSG00000293193_core_1	ENSG00000293193		U_ENSG00000293193.2	chr5	73382431	73382640	+	209	209.0	intergenic	.	19	17	14	11	2	0	0.032	0.0271	0.0699	182.4	199.0	HLbalEde1,HLcamDro2,HLdidVir1,HLeleMax1,HLmanJav2,HLnotEug3,HLoryCun3,HLpteVam2,bosTau9,canFam5,dasNov3,equCab3,eriEur2,felCat9,mm39,monDom5,rheMac10,rn7,susScr11
ENSG00000293241_core_4	ENSG00000293241	GTF2IP4	U_ENSG00000293241.2	chr7	73200448	73200632	+	184	184.0	antisense	ENSG00000274570	17	17	16	16	16	0	0.0169	0.0148	0.0491	171.7	184.0	HLbalEde1,HLcamDro2,HLdidVir1,HLeleMax1,HLnotEug3,HLoryCun3,HLpteVam2,bosTau9,canFam5,dasNov3,equCab3,eriEur2,felCat9,mm39,rheMac10,rn7,susScr11
ENSG00000293311_core_1	ENSG00000293311	SMPD4BP	U_ENSG00000293311.2	chr2	131492852	131493140	+	288	288.0	near_coding_5kb	.	18	18	15	12	2	1	0.0283	0.0246	0.0478	245.3	276.0	HLbalEde1,HLcamDro2,HLdidVir1,HLeleMax1,HLmanJav2,HLoryCun3,HLpteVam2,bosTau9,canFam5,dasNov3,equCab3,eriEur2,felCat9,mm39,monDom5,rheMac10,rn7,susScr11
ENSG00000293311_core_11	ENSG00000293311	SMPD4BP	U_ENSG00000293311.2	chr2	131520096	131520276	+	180	180.0	near_coding_5kb	.	19	19	18	17	13	0	0.0215	0.0192	0.0491	163.8	164.0	HLbalEde1,HLcamDro2,HLdidVir1,HLeleMax1,HLmanJav2,HLnotEug3,HLoryCun3,HLpteVam2,bosTau9,canFam5,dasNov3,equCab3,eriEur2,felCat9,mm39,monDom5,rheMac10,rn7,susScr11
ENSG00000293351_core_1	ENSG00000293351		U_ENSG00000293351.2	chrX	73524599	73524807	-	208	208.0	near_coding_5kb	.	17	17	17	16	13	0	0.0175	0.0136	0.0385	191.0	204.0	HLbalEde1,HLcamDro2,HLeleMax1,HLmanJav2,HLnotEug3,HLoryCun3,HLpteVam2,bosTau9,canFam5,dasNov3,equCab3,eriEur2,felCat9,mm39,monDom5,rn7,susScr11
ENSG00000293382_core_2	ENSG00000293382	GPR199P	U_ENSG00000293382.1	chr1	34976634	34977362	-	728	728.0	sense_overlapping	ENSG00000284773	17	16	16	16	13	6	0.0173	0.0131	0.0815	334.2	288.0	HLbalEde1,HLcamDro2,HLdidVir1,HLeleMax1,HLmanJav2,HLnotEug3,HLoryCun3,HLpteVam2,bosTau9,canFam5,dasNov3,equCab3,eriEur2,felCat9,monDom5,rheMac10,susScr11
ENSG00000293385_core_1	ENSG00000293385		U_ENSG00000293385.1	chr6	9705189	9705354	-	165	165.0	intergenic	.	18	18	18	17	7	0	0.0219	0.0213	0.0341	153.1	163.0	HLbalEde1,HLcamDro2,HLdidVir1,HLeleMax1,HLmanJav2,HLnotEug3,HLpteVam2,bosTau9,canFam5,dasNov3,equCab3,eriEur2,felCat9,mm39,monDom5,rheMac10,rn7,susScr11
ENSG00000293385_core_2	ENSG00000293385		U_ENSG00000293385.1	chr6	9707756	9707972	-	216	216.0	intergenic	.	17	16	15	14	13	0	0.0218	0.0139	0.0882	198.4	216.0	HLbalEde1,HLcamDro2,HLdidVir1,HLmanJav2,HLnotEug3,HLoryCun3,HLpteVam2,bosTau9,canFam5,dasNov3,equCab3,felCat9,mm39,monDom5,rheMac10,rn7,susScr11
ENSG00000293389_core_1	ENSG00000293389		U_ENSG00000293389.2	chr3	168645249	168645372	+	123	123.0	intergenic	.	18	16	16	16	10	0	0.0258	0.0198	0.0674	114.4	123.0	HLbalEde1,HLcamDro2,HLeleMax1,HLmanJav2,HLnotEug3,HLoryCun3,HLpteVam2,bosTau9,canFam5,dasNov3,equCab3,eriEur2,felCat9,mm39,monDom5,rheMac10,rn7,susScr11
ENSG00000293389_core_4	ENSG00000293389		U_ENSG00000293389.2	chr3	168807528	168807651	+	123	123.0	intergenic	.	17	13	12	12	1	0	0.0333	0.0238	0.0879	115.4	123.0	HLbalEde1,HLcamDro2,HLeleMax1,HLmanJav2,HLoryCun3,HLpteVam2,bosTau9,canFam5,dasNov3,equCab3,eriEur2,felCat9,mm39,monDom5,rheMac10,rn7,susScr11
ENSG00000293389_core_8	ENSG00000293389		U_ENSG00000293389.2	chr3	168821192	168821327	+	135	135.0	intergenic	.	19	19	19	19	18	0	0.0178	0.0174	0.021	134.5	135.0	HLbalEde1,HLcamDro2,HLdidVir1,HLeleMax1,HLmanJav2,HLnotEug3,HLoryCun3,HLpteVam2,bosTau9,canFam5,dasNov3,equCab3,eriEur2,felCat9,mm39,monDom5,rheMac10,rn7,susScr11
ENSG00000293389_core_10	ENSG00000293389		U_ENSG00000293389.2	chr3	168891016	168891552	+	536	536.0	intergenic	.	17	17	16	15	12	1	0.0189	0.0143	0.0458	254.2	240.0	HLbalEde1,HLcamDro2,HLeleMax1,HLmanJav2,HLoryCun3,HLpteVam2,bosTau9,canFam5,dasNov3,equCab3,eriEur2,felCat9,mm39,monDom5,rheMac10,rn7,susScr11
ENSG00000293396_core_2	ENSG00000293396		U_ENSG00000293396.2	chr10	122823443	122823826	+	383	383.0	intergenic	.	17	17	17	17	16	11	0.0105	0.0092	0.0247	343.0	359.0	HLbalEde1,HLcamDro2,HLeleMax1,HLmanJav2,HLnotEug3,HLoryCun3,HLpteVam2,bosTau9,canFam5,dasNov3,equCab3,eriEur2,felCat9,mm39,rheMac10,rn7,susScr11
ENSG00000293396_core_3	ENSG00000293396		U_ENSG00000293396.2	chr10	122826156	122826313	+	157	157.0	intergenic	.	17	16	16	12	3	0	0.028	0.0264	0.0691	129.9	132.0	HLbalEde1,HLdidVir1,HLeleMax1,HLmanJav2,HLnotEug3,HLoryCun3,HLpteVam2,bosTau9,canFam5,dasNov3,equCab3,eriEur2,felCat9,mm39,rheMac10,rn7,susScr11
ENSG00000293397_core_1	ENSG00000293397	TMBIM7P	U_ENSG00000293397.1	chr7	92412794	92413042	-	248	248.0	antisense	ENSG00000157259	17	14	12	9	5	0	0.0329	0.0273	0.0686	165.9	159.0	HLbalEde1,HLcamDro2,HLeleMax1,HLmanJav2,HLnotEug3,HLoryCun3,HLpteVam2,canFam5,dasNov3,equCab3,eriEur2,felCat9,mm39,monDom5,rheMac10,rn7,susScr11
ENSG00000293403_core_1	ENSG00000293403		U_ENSG00000293403.2	chr1	246778812	246778947	-	135	135.0	intergenic	.	18	18	18	15	0	0	0.0262	0.0256	0.0342	129.4	131.0	HLbalEde1,HLcamDro2,HLdidVir1,HLeleMax1,HLmanJav2,HLnotEug3,HLoryCun3,HLpteVam2,bosTau9,canFam5,dasNov3,equCab3,eriEur2,felCat9,mm39,monDom5,rheMac10,susScr11
ENSG00000293413_core_2	ENSG00000293413		U_ENSG00000293413.2	chr20	35560146	35560638	-	492	492.0	unknown	.	18	18	18	18	17	16	0.0074	0.0061	0.0201	471.7	511.0	HLbalEde1,HLcamDro2,HLdidVir1,HLeleMax1,HLmanJav2,HLnotEug3,HLoryCun3,HLpteVam2,bosTau9,canFam5,dasNov3,equCab3,felCat9,mm39,monDom5,rheMac10,rn7,susScr11
ENSG00000293413_core_4	ENSG00000293413		U_ENSG00000293413.2	chr20	35563853	35564084	-	231	231.0	unknown	.	17	17	16	15	11	1	0.0203	0.017	0.048	175.8	167.0	HLbalEde1,HLcamDro2,HLdidVir1,HLeleMax1,HLmanJav2,HLnotEug3,HLoryCun3,HLpteVam2,bosTau9,canFam5,equCab3,felCat9,mm39,monDom5,rheMac10,rn7,susScr11
ENSG00000293413_core_5	ENSG00000293413		U_ENSG00000293413.2	chr20	35564476	35564918	-	442	442.0	unknown	.	17	14	14	14	11	2	0.0285	0.017	0.0953	197.5	183.0	HLbalEde1,HLcamDro2,HLdidVir1,HLeleMax1,HLmanJav2,HLpteVam2,bosTau9,canFam5,dasNov3,equCab3,eriEur2,felCat9,mm39,monDom5,rheMac10,rn7,susScr11
ENSG00000293413_core_8	ENSG00000293413		U_ENSG00000293413.2	chr20	35582838	35583012	-	174	174.0	unknown	.	17	16	16	16	10	0	0.0225	0.0191	0.0702	159.1	167.0	HLbalEde1,HLcamDro2,HLdidVir1,HLeleMax1,HLmanJav2,HLnotEug3,HLoryCun3,HLpteVam2,bosTau9,canFam5,dasNov3,equCab3,felCat9,mm39,monDom5,rheMac10,rn7
ENSG00000293420_core_1	ENSG00000293420		U_ENSG00000293420.2	chr3	47009831	47010316	+	485	485.0	near_coding_5kb	.	18	17	17	13	6	1	0.0244	0.0242	0.053	407.4	433.5	HLbalEde1,HLcamDro2,HLdidVir1,HLeleMax1,HLmanJav2,HLnotEug3,HLoryCun3,HLpteVam2,bosTau9,canFam5,dasNov3,equCab3,eriEur2,felCat9,mm39,rheMac10,rn7,susScr11
ENSG00000293420_core_2	ENSG00000293420		U_ENSG00000293420.2	chr3	47012320	47012511	+	191	191.0	near_coding_5kb	.	17	15	15	13	9	0	0.0256	0.0178	0.0725	144.1	158.0	HLbalEde1,HLcamDro2,HLdidVir1,HLeleMax1,HLmanJav2,HLnotEug3,HLoryCun3,HLpteVam2,bosTau9,canFam5,dasNov3,equCab3,felCat9,mm39,rheMac10,rn7,susScr11
ENSG00000293423_core_6	ENSG00000293423	ABCA17P	U_ENSG00000293423.2	chr16	2422579	2422726	+	147	147.0	near_coding_5kb	.	17	12	8	5	0	0	0.0443	0.0404	0.0994	120.2	132.0	HLbalEde1,HLcamDro2,HLmanJav2,HLnotEug3,HLoryCun3,HLpteVam2,bosTau9,canFam5,dasNov3,equCab3,eriEur2,felCat9,mm39,monDom5,rheMac10,rn7,susScr11
ENSG00000293426_core_1	ENSG00000293426	SEC1P	U_ENSG00000293426.2	chr19	48680656	48681344	+	688	688.0	antisense	ENSG00000063180,ENSG00000142233	18	18	17	15	15	13	0.0123	0.0077	0.0454	486.3	535.5	HLbalEde1,HLcamDro2,HLdidVir1,HLeleMax1,HLmanJav2,HLnotEug3,HLoryCun3,HLpteVam2,bosTau9,canFam5,dasNov3,equCab3,eriEur2,felCat9,mm39,rheMac10,rn7,susScr11
ENSG00000293429_core_3	ENSG00000293429		U_ENSG00000293429.1	chr12	57621609	57621817	+	208	208.0	unknown	.	17	16	16	16	10	0	0.0219	0.0165	0.0817	174.3	191.0	HLbalEde1,HLcamDro2,HLdidVir1,HLeleMax1,HLmanJav2,HLnotEug3,HLoryCun3,bosTau9,canFam5,dasNov3,equCab3,eriEur2,felCat9,mm39,rheMac10,rn7,susScr11
ENSG00000293431_core_2	ENSG00000293431	MBL1P	U_ENSG00000293431.1	chr10	79920737	79921068	+	331	331.0	intergenic	.	18	18	18	18	15	1	0.0162	0.0156	0.0248	237.2	235.5	HLbalEde1,HLcamDro2,HLeleMax1,HLmanJav2,HLnotEug3,HLoryCun3,HLpteVam2,bosTau9,canFam5,dasNov3,equCab3,eriEur2,felCat9,mm39,monDom5,rheMac10,rn7,susScr11
ENSG00000293433_core_1	ENSG00000293433		U_ENSG00000293433.1	chr11	4146575	4146863	-	288	288.0	intergenic	.	17	14	13	12	12	4	0.027	0.0123	0.0944	245.9	271.0	HLbalEde1,HLcamDro2,HLdidVir1,HLeleMax1,HLnotEug3,HLoryCun3,HLpteVam2,bosTau9,canFam5,equCab3,eriEur2,felCat9,mm39,monDom5,rheMac10,rn7,susScr11
ENSG00000293434_core_4	ENSG00000293434	AHSA2P	U_ENSG00000293434.2	chr2	61178928	61179171	+	243	243.0	antisense	ENSG00000115464	17	17	17	17	16	0	0.0139	0.0128	0.0297	222.4	240.0	HLbalEde1,HLcamDro2,HLdidVir1,HLeleMax1,HLmanJav2,HLnotEug3,HLoryCun3,HLpteVam2,bosTau9,equCab3,eriEur2,felCat9,mm39,monDom5,rheMac10,rn7,susScr11
ENSG00000293434_core_6	ENSG00000293434	AHSA2P	U_ENSG00000293434.2	chr2	61186986	61187354	+	368	368.0	antisense	ENSG00000115464	17	10	10	8	5	0	0.042	0.0304	0.0983	234.8	261.0	HLbalEde1,HLcamDro2,HLdidVir1,HLeleMax1,HLmanJav2,HLnotEug3,HLoryCun3,HLpteVam2,bosTau9,canFam5,equCab3,eriEur2,felCat9,mm39,monDom5,rheMac10,rn7
ENSG00000293448_core_4	ENSG00000293448		U_ENSG00000293448.2	chrX	103704986	103705394	-	408	408.0	antisense	ENSG00000179363	17	15	15	15	15	12	0.015	0.009	0.0639	276.4	275.0	HLbalEde1,HLcamDro2,HLeleMax1,HLmanJav2,HLnotEug3,HLoryCun3,HLpteVam2,bosTau9,canFam5,dasNov3,equCab3,eriEur2,felCat9,mm39,rheMac10,rn7,susScr11
ENSG00000293451_core_4	ENSG00000293451	TDH	U_ENSG00000293451.1	chr8	11364719	11364989	+	270	270.0	intergenic	.	18	16	16	15	9	2	0.0232	0.02	0.0801	187.8	200.0	HLbalEde1,HLcamDro2,HLdidVir1,HLmanJav2,HLnotEug3,HLoryCun3,HLpteVam2,bosTau9,canFam5,dasNov3,equCab3,eriEur2,felCat9,mm39,monDom5,rheMac10,rn7,susScr11
ENSG00000293457_core_5	ENSG00000293457	PTPRVP	U_ENSG00000293457.2	chr1	202177519	202177938	+	419	419.0	near_coding_5kb	.	18	17	15	13	9	3	0.024	0.0218	0.0614	301.9	337.0	HLcamDro2,HLdidVir1,HLeleMax1,HLmanJav2,HLnotEug3,HLoryCun3,HLpteVam2,bosTau9,canFam5,dasNov3,equCab3,eriEur2,felCat9,mm39,monDom5,rheMac10,rn7,susScr11
ENSG00000293458_core_1	ENSG00000293458	FMO6P	U_ENSG00000293458.1	chr1	171138059	171138347	+	288	288.0	intergenic	.	19	18	17	17	11	1	0.0227	0.016	0.0957	247.2	247.0	HLbalEde1,HLcamDro2,HLdidVir1,HLeleMax1,HLmanJav2,HLnotEug3,HLoryCun3,HLpteVam2,bosTau9,canFam5,dasNov3,equCab3,eriEur2,felCat9,mm39,monDom5,rheMac10,rn7,susScr11
ENSG00000293458_core_4	ENSG00000293458	FMO6P	U_ENSG00000293458.1	chr1	171151909	171152265	+	356	356.0	intergenic	.	17	17	17	17	17	16	0.0084	0.0081	0.0136	328.8	352.0	HLbalEde1,HLcamDro2,HLdidVir1,HLeleMax1,HLnotEug3,HLoryCun3,HLpteVam2,bosTau9,canFam5,equCab3,eriEur2,felCat9,mm39,monDom5,rheMac10,rn7,susScr11
ENSG00000293464_core_3	ENSG00000293464		U_ENSG00000293464.2	chr14	62117375	62117903	+	528	528.0	near_coding_5kb	.	19	18	18	17	16	9	0.016	0.011	0.0828	378.2	392.0	HLbalEde1,HLcamDro2,HLdidVir1,HLeleMax1,HLmanJav2,HLnotEug3,HLoryCun3,HLpteVam2,bosTau9,canFam5,dasNov3,equCab3,eriEur2,felCat9,mm39,monDom5,rheMac10,rn7,susScr11
ENSG00000293468_core_1	ENSG00000293468		U_ENSG00000293468.2	chr10	121928391	121928599	+	208	208.0	antisense	ENSG00000107669	18	18	15	12	7	0	0.0261	0.0235	0.0457	189.1	204.5	HLbalEde1,HLcamDro2,HLdidVir1,HLeleMax1,HLmanJav2,HLnotEug3,HLoryCun3,HLpteVam2,bosTau9,canFam5,dasNov3,equCab3,felCat9,mm39,monDom5,rheMac10,rn7,susScr11
ENSG00000293473_core_5	ENSG00000293473	CENPBD1P	U_ENSG00000293473.2	chr16	89971926	89972454	-	528	528.0	near_coding_5kb	.	18	18	16	9	7	1	0.0274	0.0266	0.0494	403.4	402.5	HLbalEde1,HLcamDro2,HLeleMax1,HLmanJav2,HLnotEug3,HLoryCun3,HLpteVam2,bosTau9,canFam5,dasNov3,equCab3,eriEur2,felCat9,mm39,monDom5,rheMac10,rn7,susScr11
ENSG00000293477_core_3	ENSG00000293477	CRYZL2P	U_ENSG00000293477.2	chr1	178022439	178022668	-	229	229.0	intergenic	.	19	17	17	17	15	0	0.0223	0.0149	0.0799	208.2	229.0	HLbalEde1,HLcamDro2,HLdidVir1,HLeleMax1,HLmanJav2,HLnotEug3,HLoryCun3,HLpteVam2,bosTau9,canFam5,dasNov3,equCab3,eriEur2,felCat9,mm39,monDom5,rheMac10,rn7,susScr11
ENSG00000293482_core_2	ENSG00000293482		U_ENSG00000293482.2	chr14	64387501	64387986	-	485	485.0	near_coding_5kb	.	17	15	13	13	8	1	0.0276	0.0206	0.0875	427.1	461.0	HLbalEde1,HLcamDro2,HLeleMax1,HLmanJav2,HLoryCun3,HLpteVam2,bosTau9,canFam5,dasNov3,equCab3,eriEur2,felCat9,mm39,monDom5,rheMac10,rn7,susScr11
ENSG00000293484_core_5	ENSG00000293484	TEX14BP	U_ENSG00000293484.2	chr19	35791016	35791807	-	791	791.0	antisense	ENSG00000004777	19	17	16	14	11	6	0.0229	0.0131	0.0652	453.5	425.0	HLbalEde1,HLcamDro2,HLdidVir1,HLeleMax1,HLmanJav2,HLnotEug3,HLoryCun3,HLpteVam2,bosTau9,canFam5,dasNov3,equCab3,eriEur2,felCat9,mm39,monDom5,rheMac10,rn7,susScr11
ENSG00000293489_core_2	ENSG00000293489	CMAHP	U_ENSG00000293489.2	chr6	25086616	25086899	-	283	283.0	antisense	ENSG00000079691	17	14	11	11	6	1	0.0347	0.0261	0.093	178.0	202.0	HLbalEde1,HLcamDro2,HLdidVir1,HLeleMax1,HLmanJav2,HLoryCun3,bosTau9,canFam5,dasNov3,equCab3,eriEur2,felCat9,mm39,monDom5,rheMac10,rn7,susScr11
ENSG00000293491_core_2	ENSG00000293491	TMEM198B	U_ENSG00000293491.2	chr12	55829959	55830309	+	350	350.0	antisense	ENSG00000123342,ENSG00000135392	17	17	10	4	1	0	0.0361	0.0362	0.05	240.2	242.0	HLbalEde1,HLcamDro2,HLdidVir1,HLeleMax1,HLmanJav2,HLnotEug3,HLoryCun3,bosTau9,canFam5,dasNov3,equCab3,eriEur2,felCat9,mm39,rheMac10,rn7,susScr11
ENSG00000293498_core_1	ENSG00000293498		U_ENSG00000293498.2	chr8	144049676	144049899	+	223	223.0	antisense	ENSG00000178814	19	18	14	13	12	0	0.0242	0.0193	0.0512	212.5	222.0	HLbalEde1,HLcamDro2,HLdidVir1,HLeleMax1,HLmanJav2,HLnotEug3,HLoryCun3,HLpteVam2,bosTau9,canFam5,dasNov3,equCab3,eriEur2,felCat9,mm39,monDom5,rheMac10,rn7,susScr11
ENSG00000293498_core_2	ENSG00000293498		U_ENSG00000293498.2	chr8	144050892	144051460	+	568	568.0	antisense	ENSG00000178814	18	17	17	15	11	6	0.0197	0.0169	0.062	336.6	280.0	HLbalEde1,HLcamDro2,HLdidVir1,HLeleMax1,HLmanJav2,HLnotEug3,HLoryCun3,HLpteVam2,bosTau9,canFam5,dasNov3,equCab3,eriEur2,felCat9,mm39,rheMac10,rn7,susScr11
ENSG00000293505_core_1	ENSG00000293505	GNRHR2	U_ENSG00000293505.1	chr1	145919092	145919620	+	528	528.0	antisense	ENSG00000265241,ENSG00000289565	18	11	11	11	9	2	0.04	0.024	0.0961	272.7	262.5	HLbalEde1,HLcamDro2,HLdidVir1,HLeleMax1,HLmanJav2,HLnotEug3,HLoryCun3,HLpteVam2,bosTau9,canFam5,dasNov3,equCab3,eriEur2,felCat9,monDom5,rheMac10,rn7,susScr11
ENSG00000293507_core_3	ENSG00000293507	FBXL9P	U_ENSG00000293507.2	chr16	67207872	67208090	-	218	218.0	near_coding_5kb	.	18	17	16	16	15	0	0.019	0.0133	0.0744	180.1	203.5	HLbalEde1,HLcamDro2,HLdidVir1,HLeleMax1,HLmanJav2,HLnotEug3,HLoryCun3,HLpteVam2,bosTau9,canFam5,dasNov3,equCab3,eriEur2,felCat9,mm39,rheMac10,rn7,susScr11
ENSG00000293507_core_4	ENSG00000293507	FBXL9P	U_ENSG00000293507.2	chr16	67210099	67210348	-	249	249.0	near_coding_5kb	.	17	16	16	16	12	0	0.0183	0.0149	0.0572	205.2	226.0	HLbalEde1,HLcamDro2,HLeleMax1,HLmanJav2,HLnotEug3,HLoryCun3,HLpteVam2,bosTau9,canFam5,equCab3,eriEur2,felCat9,mm39,monDom5,rheMac10,rn7,susScr11
ENSG00000293510_core_12	ENSG00000293510	AFG3L1P	U_ENSG00000293510.2	chr16	89998678	89999446	+	768	768.0	near_coding_5kb	.	17	17	17	14	11	2	0.0185	0.0164	0.0362	444.1	456.0	HLbalEde1,HLcamDro2,HLeleMax1,HLmanJav2,HLnotEug3,HLoryCun3,HLpteVam2,bosTau9,canFam5,dasNov3,equCab3,felCat9,mm39,monDom5,rheMac10,rn7,susScr11
ENSG00000293510_core_13	ENSG00000293510	AFG3L1P	U_ENSG00000293510.2	chr16	89999598	90000024	+	426	426.0	near_coding_5kb	.	17	17	17	16	14	1	0.0156	0.0137	0.0343	278.6	265.0	HLbalEde1,HLcamDro2,HLeleMax1,HLmanJav2,HLnotEug3,HLoryCun3,HLpteVam2,bosTau9,canFam5,equCab3,eriEur2,felCat9,mm39,monDom5,rheMac10,rn7,susScr11
ENSG00000293512_core_2	ENSG00000293512	BTNL12P	U_ENSG00000293512.2	chr3	120367800	120367941	+	141	141.0	antisense	ENSG00000163430	17	17	16	11	0	0	0.0278	0.0266	0.0409	129.7	139.0	HLbalEde1,HLcamDro2,HLdidVir1,HLeleMax1,HLmanJav2,HLnotEug3,HLoryCun3,bosTau9,dasNov3,equCab3,eriEur2,felCat9,mm39,monDom5,rheMac10,rn7,susScr11
ENSG00000293526_core_1	ENSG00000293526		U_ENSG00000293526.1	chr1	16707199	16707687	-	488	488.0	intergenic	.	19	18	17	16	15	11	0.018	0.0094	0.0918	323.1	379.0	HLbalEde1,HLcamDro2,HLdidVir1,HLeleMax1,HLmanJav2,HLnotEug3,HLoryCun3,HLpteVam2,bosTau9,canFam5,dasNov3,equCab3,eriEur2,felCat9,mm39,monDom5,rheMac10,rn7,susScr11
ENSG00000293535_core_3	ENSG00000293535		U_ENSG00000293535.3	chr3	130250920	130251288	+	368	368.0	intergenic	.	18	17	17	15	12	8	0.0201	0.0108	0.087	295.5	337.0	HLbalEde1,HLcamDro2,HLdidVir1,HLeleMax1,HLmanJav2,HLnotEug3,HLpteVam2,bosTau9,canFam5,dasNov3,equCab3,eriEur2,felCat9,mm39,monDom5,rheMac10,rn7,susScr11
ENSG00000293535_core_4	ENSG00000293535		U_ENSG00000293535.3	chr3	130263850	130264458	+	608	608.0	intergenic	.	18	17	17	15	13	4	0.0196	0.0124	0.0919	340.3	312.0	HLbalEde1,HLcamDro2,HLdidVir1,HLeleMax1,HLmanJav2,HLnotEug3,HLpteVam2,bosTau9,canFam5,dasNov3,equCab3,eriEur2,felCat9,mm39,monDom5,rheMac10,rn7,susScr11
ENSG00000293538_core_4	ENSG00000293538	DMBT1L1	U_ENSG00000293538.3	chr10	122777734	122778050	+	316	316.0	intergenic	.	17	17	17	17	17	11	0.0106	0.0093	0.0162	287.8	317.0	HLcamDro2,HLeleMax1,HLmanJav2,HLnotEug3,HLoryCun3,HLpteVam2,bosTau9,canFam5,dasNov3,equCab3,eriEur2,felCat9,mm39,monDom5,rheMac10,rn7,susScr11
ENSG00000293538_core_5	ENSG00000293538	DMBT1L1	U_ENSG00000293538.3	chr10	122780057	122780375	+	318	318.0	intergenic	.	17	16	16	14	14	11	0.0156	0.0089	0.0505	269.5	288.0	HLdidVir1,HLeleMax1,HLmanJav2,HLnotEug3,HLoryCun3,HLpteVam2,bosTau9,canFam5,dasNov3,equCab3,eriEur2,felCat9,mm39,monDom5,rheMac10,rn7,susScr11
ENSG00000293538_core_7	ENSG00000293538	DMBT1L1	U_ENSG00000293538.3	chr10	122795284	122795486	+	202	202.0	intergenic	.	19	19	18	17	12	0	0.0197	0.0162	0.0476	180.9	199.0	HLbalEde1,HLcamDro2,HLdidVir1,HLeleMax1,HLmanJav2,HLnotEug3,HLoryCun3,HLpteVam2,bosTau9,canFam5,dasNov3,equCab3,eriEur2,felCat9,mm39,monDom5,rheMac10,rn7,susScr11
ENSG00000293548_core_2	ENSG00000293548		U_ENSG00000293548.1	chr11	71794766	71795054	-	288	288.0	intergenic	.	17	15	15	14	13	0	0.0214	0.0142	0.0681	241.6	255.0	HLbalEde1,HLcamDro2,HLeleMax1,HLmanJav2,HLnotEug3,HLoryCun3,HLpteVam2,bosTau9,canFam5,dasNov3,equCab3,eriEur2,felCat9,mm39,rheMac10,rn7,susScr11
ENSG00000293555_core_4	ENSG00000293555	FAM169BP	U_ENSG00000293555.2	chr15	98451827	98452010	-	183	183.0	intergenic	.	18	15	15	15	12	0	0.0273	0.0188	0.0924	166.7	183.0	HLbalEde1,HLcamDro2,HLdidVir1,HLeleMax1,HLmanJav2,HLoryCun3,HLpteVam2,bosTau9,canFam5,dasNov3,equCab3,eriEur2,felCat9,mm39,monDom5,rheMac10,rn7,susScr11
ENSG00000293556_core_1	ENSG00000293556		U_ENSG00000293556.1	chr7	149778780	149778939	+	159	159.0	near_coding_5kb	.	18	17	16	16	8	0	0.0237	0.0206	0.0572	153.7	159.0	HLbalEde1,HLcamDro2,HLeleMax1,HLmanJav2,HLnotEug3,HLoryCun3,HLpteVam2,bosTau9,canFam5,dasNov3,equCab3,eriEur2,felCat9,mm39,monDom5,rheMac10,rn7,susScr11
ENSG00000293556_core_5	ENSG00000293556		U_ENSG00000293556.1	chr7	149783900	149784223	+	323	323.0	near_coding_5kb	.	18	18	18	18	17	7	0.0115	0.0105	0.0219	263.2	274.0	HLbalEde1,HLcamDro2,HLeleMax1,HLmanJav2,HLnotEug3,HLoryCun3,HLpteVam2,bosTau9,canFam5,dasNov3,equCab3,eriEur2,felCat9,mm39,monDom5,rheMac10,rn7,susScr11
ENSG00000293621_core_3	ENSG00000293621	UVRAG-DT	U_ENSG00000293621.2	chr11	75814603	75814799	-	196	196.0	antisense	ENSG00000062282	17	16	16	12	3	0	0.029	0.0281	0.0685	183.9	188.0	HLbalEde1,HLcamDro2,HLeleMax1,HLmanJav2,HLnotEug3,HLoryCun3,HLpteVam2,bosTau9,canFam5,dasNov3,equCab3,eriEur2,felCat9,mm39,rheMac10,rn7,susScr11
ENSG00000293627_core_1	ENSG00000293627		U_ENSG00000293627.1	chr5	141850010	141850298	+	288	288.0	near_coding_5kb	.	18	16	13	10	3	1	0.0342	0.0284	0.0908	225.9	247.5	HLbalEde1,HLcamDro2,HLdidVir1,HLeleMax1,HLmanJav2,HLnotEug3,HLoryCun3,HLpteVam2,bosTau9,canFam5,dasNov3,equCab3,eriEur2,felCat9,mm39,rheMac10,rn7,susScr11
ENSG00000293629_core_1	ENSG00000293629		U_ENSG00000293629.1	chr7	27096118	27096366	+	248	248.0	antisense	ENSG00000105996,ENSG00000105997	19	19	19	19	17	1	0.0141	0.0128	0.0244	237.2	243.0	HLbalEde1,HLcamDro2,HLdidVir1,HLeleMax1,HLmanJav2,HLnotEug3,HLoryCun3,HLpteVam2,bosTau9,canFam5,dasNov3,equCab3,eriEur2,felCat9,mm39,monDom5,rheMac10,rn7,susScr11
ENSG00000293630_core_1	ENSG00000293630		U_ENSG00000293630.1	chr7	27188859	27189227	+	368	368.0	antisense	ENSG00000005073,ENSG00000078399,ENSG00000253293,ENSG00000257184	17	14	14	14	13	10	0.0203	0.0099	0.0824	326.1	352.0	HLbalEde1,HLcamDro2,HLdidVir1,HLeleMax1,HLmanJav2,HLoryCun3,HLpteVam2,bosTau9,canFam5,dasNov3,equCab3,eriEur2,felCat9,mm39,rheMac10,rn7,susScr11
ENSG00000293643_core_6	ENSG00000293643		U_ENSG00000293643.1	chr4	52865334	52865660	+	326	326.0	antisense+sense	ENSG00000128045,ENSG00000226887	18	17	17	16	14	5	0.0172	0.0113	0.0743	222.3	240.0	HLbalEde1,HLcamDro2,HLdidVir1,HLeleMax1,HLmanJav2,HLnotEug3,HLoryCun3,HLpteVam2,bosTau9,canFam5,dasNov3,equCab3,eriEur2,felCat9,mm39,monDom5,rheMac10,rn7
ENSG00000293643_core_7	ENSG00000293643		U_ENSG00000293643.1	chr4	52866412	52866700	+	288	288.0	antisense+sense	ENSG00000128045,ENSG00000226887	17	16	16	13	7	1	0.0261	0.0221	0.0809	255.7	272.0	HLbalEde1,HLdidVir1,HLeleMax1,HLnotEug3,HLoryCun3,HLpteVam2,bosTau9,canFam5,dasNov3,equCab3,eriEur2,felCat9,mm39,monDom5,rheMac10,rn7,susScr11
ENSG00000293645_core_1	ENSG00000293645		U_ENSG00000293645.1	chr11	20668836	20669244	-	408	408.0	near_coding_5kb	.	17	16	13	13	13	7	0.0201	0.0104	0.0662	371.5	408.0	HLbalEde1,HLcamDro2,HLdidVir1,HLeleMax1,HLmanJav2,HLnotEug3,HLoryCun3,bosTau9,dasNov3,equCab3,eriEur2,felCat9,mm39,monDom5,rheMac10,rn7,susScr11
ENSG00000293678_core_1	ENSG00000293678		U_ENSG00000293678.1	chr12	45726948	45727436	-	488	488.0	antisense	ENSG00000177119	18	15	15	11	10	6	0.025	0.0182	0.0704	367.4	368.5	HLbalEde1,HLcamDro2,HLdidVir1,HLeleMax1,HLmanJav2,HLnotEug3,HLoryCun3,HLpteVam2,bosTau9,canFam5,dasNov3,equCab3,eriEur2,felCat9,mm39,rheMac10,rn7,susScr11
ENSG00000293681_core_1	ENSG00000293681		U_ENSG00000293681.1	chr12	53984903	53985083	-	180	180.0	antisense	ENSG00000123388,ENSG00000180818	18	18	18	18	16	0	0.0154	0.0142	0.0251	172.7	176.5	HLbalEde1,HLcamDro2,HLdidVir1,HLeleMax1,HLmanJav2,HLnotEug3,HLoryCun3,HLpteVam2,bosTau9,canFam5,dasNov3,equCab3,eriEur2,felCat9,mm39,rheMac10,rn7,susScr11
ENSG00000293697_core_3	ENSG00000293697	ANKRD20A5P	U_ENSG00000293697.2	chr18	14183928	14184102	+	174	174.0	intergenic	.	18	17	15	15	5	0	0.0258	0.0212	0.0583	165.3	174.0	HLbalEde1,HLcamDro2,HLeleMax1,HLmanJav2,HLnotEug3,HLoryCun3,HLpteVam2,bosTau9,canFam5,dasNov3,equCab3,eriEur2,felCat9,mm39,monDom5,rheMac10,rn7,susScr11
ENSG00000293759_core_1	ENSG00000293759		U_ENSG00000293759.1	chr15	40948782	40949110	-	328	328.0	antisense	ENSG00000128965	17	15	10	4	1	0	0.0402	0.0376	0.0902	172.9	190.0	HLcamDro2,HLeleMax1,HLmanJav2,HLnotEug3,HLoryCun3,HLpteVam2,bosTau9,canFam5,dasNov3,equCab3,eriEur2,felCat9,mm39,monDom5,rheMac10,rn7,susScr11
ENSG00000293799_core_1	ENSG00000293799		U_ENSG00000293799.1	chr10	15860188	15860356	+	168	168.0	antisense	ENSG00000148481	19	17	17	17	12	0	0.0245	0.0174	0.0714	150.3	165.0	HLbalEde1,HLcamDro2,HLdidVir1,HLeleMax1,HLmanJav2,HLnotEug3,HLoryCun3,HLpteVam2,bosTau9,canFam5,dasNov3,equCab3,eriEur2,felCat9,mm39,monDom5,rheMac10,rn7,susScr11
ENSG00000293802_core_1	ENSG00000293802		U_ENSG00000293802.1	chr12	91188517	91188765	+	248	248.0	antisense	ENSG00000011465	17	12	12	11	6	0	0.0397	0.0254	0.0972	159.2	147.0	HLbalEde1,HLcamDro2,HLdidVir1,HLeleMax1,HLmanJav2,HLoryCun3,HLpteVam2,bosTau9,canFam5,dasNov3,equCab3,eriEur2,felCat9,monDom5,rheMac10,rn7,susScr11
ENSG00000293863_core_3	ENSG00000293863		U_ENSG00000293863.1	chr5	77972077	77972245	+	168	168.0	intergenic	.	18	18	17	17	13	0	0.0182	0.0146	0.0488	150.0	163.0	HLbalEde1,HLcamDro2,HLeleMax1,HLmanJav2,HLnotEug3,HLoryCun3,HLpteVam2,bosTau9,canFam5,dasNov3,equCab3,eriEur2,felCat9,mm39,monDom5,rheMac10,rn7,susScr11
ENSG00000293873_core_1	ENSG00000293873		U_ENSG00000293873.1	chr11	123510573	123510821	-	248	248.0	antisense	ENSG00000023171	19	18	18	18	16	4	0.0173	0.0142	0.0737	197.9	189.0	HLbalEde1,HLcamDro2,HLdidVir1,HLeleMax1,HLmanJav2,HLnotEug3,HLoryCun3,HLpteVam2,bosTau9,canFam5,dasNov3,equCab3,eriEur2,felCat9,mm39,monDom5,rheMac10,rn7,susScr11
ENSG00000293886_core_2	ENSG00000293886		U_ENSG00000293886.1	chr9	121566850	121566984	-	134	134.0	antisense	ENSG00000136848	18	15	15	15	11	0	0.0269	0.0198	0.0631	124.0	134.0	HLbalEde1,HLcamDro2,HLdidVir1,HLeleMax1,HLmanJav2,HLnotEug3,HLoryCun3,HLpteVam2,bosTau9,canFam5,dasNov3,equCab3,eriEur2,felCat9,mm39,monDom5,rheMac10,susScr11
ENSG00000293922_core_2	ENSG00000293922		U_ENSG00000293922.1	chr1	224113929	224114070	-	141	141.0	near_coding_5kb	.	17	10	10	4	0	0	0.0491	0.0345	0.0898	112.4	112.0	HLbalEde1,HLcamDro2,HLdidVir1,HLeleMax1,HLmanJav2,HLnotEug3,HLoryCun3,HLpteVam2,bosTau9,canFam5,dasNov3,equCab3,eriEur2,mm39,monDom5,rn7,susScr11
ENSG00000293923_core_1	ENSG00000293923		U_ENSG00000293923.1	chr9	121701190	121701388	-	198	198.0	antisense	ENSG00000136848	17	16	16	15	11	0	0.0216	0.0167	0.066	187.0	196.0	HLbalEde1,HLcamDro2,HLeleMax1,HLmanJav2,HLnotEug3,HLoryCun3,HLpteVam2,bosTau9,canFam5,dasNov3,equCab3,eriEur2,felCat9,mm39,rheMac10,rn7,susScr11
ENSG00000293925_core_2	ENSG00000293925		U_ENSG00000293925.1	chr2	91767038	91767439	+	401	401.0	intergenic	.	19	19	19	18	17	17	0.0086	0.0061	0.0347	387.5	401.0	HLbalEde1,HLcamDro2,HLdidVir1,HLeleMax1,HLmanJav2,HLnotEug3,HLoryCun3,HLpteVam2,bosTau9,canFam5,dasNov3,equCab3,eriEur2,felCat9,mm39,monDom5,rheMac10,rn7,susScr11
ENSG00000293979_core_1	ENSG00000293979		U_ENSG00000293979.1	chr2	44801215	44801583	+	368	368.0	intergenic	.	17	16	16	16	15	8	0.0148	0.0106	0.0588	266.2	265.0	HLbalEde1,HLcamDro2,HLdidVir1,HLmanJav2,HLnotEug3,HLoryCun3,HLpteVam2,bosTau9,canFam5,dasNov3,equCab3,felCat9,mm39,monDom5,rheMac10,rn7,susScr11
ENSG00000294008_core_1	ENSG00000294008		U_ENSG00000294008.1	chr22	30902535	30902743	-	208	208.0	antisense	ENSG00000184792	19	17	16	13	1	0	0.0322	0.0296	0.0648	153.5	155.0	HLbalEde1,HLcamDro2,HLdidVir1,HLeleMax1,HLmanJav2,HLnotEug3,HLoryCun3,HLpteVam2,bosTau9,canFam5,dasNov3,equCab3,eriEur2,felCat9,mm39,monDom5,rheMac10,rn7,susScr11
ENSG00000294017_core_1	ENSG00000294017		U_ENSG00000294017.1	chr7	32761645	32761930	-	285	285.0	intergenic	.	17	14	12	6	1	0	0.0423	0.0339	0.0925	242.2	279.0	HLbalEde1,HLcamDro2,HLeleMax1,HLmanJav2,HLnotEug3,HLoryCun3,HLpteVam2,bosTau9,canFam5,dasNov3,equCab3,felCat9,mm39,monDom5,rheMac10,rn7,susScr11
ENSG00000294051_core_1	ENSG00000294051		U_ENSG00000294051.1	chr8	81338072	81338273	+	201	201.0	near_coding_5kb	.	18	15	14	11	4	0	0.0332	0.0241	0.0986	163.0	190.5	HLbalEde1,HLcamDro2,HLdidVir1,HLeleMax1,HLmanJav2,HLnotEug3,HLoryCun3,HLpteVam2,bosTau9,canFam5,dasNov3,equCab3,felCat9,mm39,monDom5,rheMac10,rn7,susScr11
ENSG00000294066_core_1	ENSG00000294066		U_ENSG00000294066.1	chr15	83356552	83356807	-	255	255.0	intergenic	.	17	12	12	11	5	1	0.0398	0.0263	0.0975	175.3	165.0	HLbalEde1,HLcamDro2,HLeleMax1,HLmanJav2,HLnotEug3,HLoryCun3,HLpteVam2,bosTau9,canFam5,dasNov3,equCab3,eriEur2,felCat9,mm39,monDom5,rheMac10,susScr11
ENSG00000294083_core_1	ENSG00000294083		U_ENSG00000294083.1	chr15	83365473	83365761	-	288	288.0	intergenic	.	18	17	17	17	17	7	0.0145	0.011	0.0718	241.6	254.0	HLbalEde1,HLcamDro2,HLdidVir1,HLeleMax1,HLmanJav2,HLnotEug3,HLoryCun3,HLpteVam2,bosTau9,canFam5,dasNov3,equCab3,felCat9,mm39,monDom5,rheMac10,rn7,susScr11
ENSG00000294199_core_1	ENSG00000294199		U_ENSG00000294199.1	chr10	79163503	79163821	-	318	318.0	antisense	ENSG00000108175	17	16	15	14	12	1	0.0194	0.0141	0.0536	274.9	306.0	HLbalEde1,HLcamDro2,HLeleMax1,HLmanJav2,HLnotEug3,HLoryCun3,HLpteVam2,bosTau9,canFam5,dasNov3,equCab3,eriEur2,felCat9,mm39,rheMac10,rn7,susScr11
ENSG00000294253_core_1	ENSG00000294253		U_ENSG00000294253.1	chr16	49698397	49698746	-	349	349.0	sense_overlapping	ENSG00000102935	19	16	16	15	15	12	0.0197	0.0088	0.0737	291.4	349.0	HLbalEde1,HLcamDro2,HLdidVir1,HLeleMax1,HLmanJav2,HLnotEug3,HLoryCun3,HLpteVam2,bosTau9,canFam5,dasNov3,equCab3,eriEur2,felCat9,mm39,monDom5,rheMac10,rn7,susScr11
ENSG00000294260_core_1	ENSG00000294260		U_ENSG00000294260.1	chr1	144046315	144046603	+	288	288.0	near_coding_5kb	.	18	14	14	9	7	1	0.034	0.0265	0.0884	202.3	210.5	HLbalEde1,HLcamDro2,HLdidVir1,HLeleMax1,HLmanJav2,HLnotEug3,HLoryCun3,HLpteVam2,bosTau9,canFam5,dasNov3,equCab3,eriEur2,felCat9,mm39,rheMac10,rn7,susScr11
ENSG00000294266_core_1	ENSG00000294266		U_ENSG00000294266.1	chr13	79054770	79055098	+	328	328.0	intergenic	.	17	16	16	15	11	6	0.019	0.0122	0.0897	236.7	252.0	HLbalEde1,HLcamDro2,HLdidVir1,HLeleMax1,HLmanJav2,HLnotEug3,HLpteVam2,bosTau9,canFam5,dasNov3,equCab3,felCat9,mm39,monDom5,rheMac10,rn7,susScr11
ENSG00000294274_core_2	ENSG00000294274		U_ENSG00000294274.1	chr1	186137771	186137909	-	138	138.0	antisense	ENSG00000143341	17	16	14	10	1	0	0.0306	0.0278	0.0514	119.6	120.0	HLbalEde1,HLcamDro2,HLdidVir1,HLmanJav2,HLnotEug3,HLoryCun3,HLpteVam2,bosTau9,canFam5,dasNov3,equCab3,eriEur2,felCat9,mm39,rheMac10,rn7,susScr11
ENSG00000294333_core_1	ENSG00000294333		U_ENSG00000294333.1	chr16	18801799	18802167	+	368	368.0	near_coding_5kb	.	17	10	5	3	1	0	0.0455	0.049	0.068	258.0	263.0	HLbalEde1,HLcamDro2,HLeleMax1,HLmanJav2,HLnotEug3,HLoryCun3,HLpteVam2,bosTau9,canFam5,dasNov3,equCab3,eriEur2,felCat9,mm39,rheMac10,rn7,susScr11
ENSG00000294371_core_3	ENSG00000294371		U_ENSG00000294371.1	chr9	846986	847255	-	269	269.0	antisense	ENSG00000137090	18	18	17	17	12	0	0.02	0.0184	0.0401	211.6	217.0	HLbalEde1,HLcamDro2,HLdidVir1,HLeleMax1,HLmanJav2,HLnotEug3,HLoryCun3,HLpteVam2,bosTau9,canFam5,dasNov3,equCab3,eriEur2,felCat9,monDom5,rheMac10,rn7,susScr11
ENSG00000294375_core_1	ENSG00000294375		U_ENSG00000294375.1	chr1	214249511	214249959	+	448	448.0	intergenic	.	19	19	19	19	19	19	0.0062	0.0058	0.0089	378.6	413.0	HLbalEde1,HLcamDro2,HLdidVir1,HLeleMax1,HLmanJav2,HLnotEug3,HLoryCun3,HLpteVam2,bosTau9,canFam5,dasNov3,equCab3,eriEur2,felCat9,mm39,monDom5,rheMac10,rn7,susScr11
ENSG00000294404_core_1	ENSG00000294404		U_ENSG00000294404.1	chr16	74337367	74337724	+	357	357.0	intergenic	.	19	18	17	16	14	1	0.0196	0.0151	0.0654	253.4	271.0	HLbalEde1,HLcamDro2,HLdidVir1,HLeleMax1,HLmanJav2,HLnotEug3,HLoryCun3,HLpteVam2,bosTau9,canFam5,dasNov3,equCab3,eriEur2,felCat9,mm39,monDom5,rheMac10,rn7,susScr11
ENSG00000294480_core_1	ENSG00000294480		U_ENSG00000294480.1	chr22	24133937	24134505	-	568	568.0	antisense	ENSG00000099991	17	16	15	14	14	13	0.0153	0.0074	0.0795	426.9	479.0	HLbalEde1,HLcamDro2,HLdidVir1,HLeleMax1,HLmanJav2,HLoryCun3,HLpteVam2,bosTau9,canFam5,dasNov3,equCab3,eriEur2,felCat9,mm39,rheMac10,rn7,susScr11
ENSG00000294552_core_1	ENSG00000294552		U_ENSG00000294552.1	chr2	60555289	60555577	-	288	288.0	near_coding_5kb	.	18	9	8	7	3	0	0.0531	0.0463	0.0981	137.9	107.0	HLbalEde1,HLcamDro2,HLdidVir1,HLeleMax1,HLmanJav2,HLnotEug3,HLoryCun3,HLpteVam2,bosTau9,canFam5,dasNov3,eriEur2,felCat9,mm39,monDom5,rheMac10,rn7,susScr11
ENSG00000294563_core_1	ENSG00000294563		U_ENSG00000294563.1	chr12	57846243	57846379	+	136	136.0	antisense	ENSG00000175215	18	15	15	11	1	0	0.0355	0.0246	0.089	128.1	136.5	HLbalEde1,HLcamDro2,HLdidVir1,HLeleMax1,HLmanJav2,HLnotEug3,HLoryCun3,HLpteVam2,bosTau9,canFam5,dasNov3,equCab3,eriEur2,felCat9,mm39,rheMac10,rn7,susScr11
ENSG00000294616_core_1	ENSG00000294616		U_ENSG00000294616.1	chr19	10289410	10289818	-	408	408.0	antisense	ENSG00000105376	19	16	14	13	13	9	0.0232	0.0108	0.0724	346.1	409.0	HLbalEde1,HLcamDro2,HLdidVir1,HLeleMax1,HLmanJav2,HLnotEug3,HLoryCun3,HLpteVam2,bosTau9,canFam5,dasNov3,equCab3,eriEur2,felCat9,mm39,monDom5,rheMac10,rn7,susScr11
ENSG00000294647_core_1	ENSG00000294647		U_ENSG00000294647.1	chr19	19385763	19385891	-	128	128.0	antisense	ENSG00000129933,ENSG00000167491	17	17	17	12	0	0	0.0288	0.0267	0.0392	122.8	128.0	HLbalEde1,HLcamDro2,HLdidVir1,HLeleMax1,HLmanJav2,HLoryCun3,HLpteVam2,bosTau9,canFam5,dasNov3,equCab3,felCat9,mm39,monDom5,rheMac10,rn7,susScr11
ENSG00000294667_core_1	ENSG00000294667		U_ENSG00000294667.1	chr19	14007000	14007219	+	219	219.0	antisense	ENSG00000132005	19	18	15	11	6	0	0.0294	0.024	0.0518	207.0	216.0	HLbalEde1,HLcamDro2,HLdidVir1,HLeleMax1,HLmanJav2,HLnotEug3,HLoryCun3,HLpteVam2,bosTau9,canFam5,dasNov3,equCab3,eriEur2,felCat9,mm39,monDom5,rheMac10,rn7,susScr11
ENSG00000294681_core_1	ENSG00000294681		U_ENSG00000294681.1	chr2	162839084	162839372	-	288	288.0	near_coding_5kb	.	19	19	19	18	16	5	0.0147	0.0137	0.035	230.8	240.0	HLbalEde1,HLcamDro2,HLdidVir1,HLeleMax1,HLmanJav2,HLnotEug3,HLoryCun3,HLpteVam2,bosTau9,canFam5,dasNov3,equCab3,eriEur2,felCat9,mm39,monDom5,rheMac10,rn7,susScr11
ENSG00000294769_core_1	ENSG00000294769		U_ENSG00000294769.1	chr16	58464645	58464853	-	208	208.0	antisense	ENSG00000103034	18	12	9	4	1	0	0.0433	0.0396	0.0814	170.3	168.5	HLbalEde1,HLcamDro2,HLdidVir1,HLeleMax1,HLmanJav2,HLnotEug3,HLoryCun3,HLpteVam2,bosTau9,canFam5,dasNov3,equCab3,eriEur2,felCat9,mm39,rheMac10,rn7,susScr11
ENSG00000294778_core_1	ENSG00000294778		U_ENSG00000294778.1	chr8	38386055	38386503	-	448	448.0	antisense	ENSG00000165046	19	18	17	15	12	3	0.0209	0.0135	0.068	358.4	383.0	HLbalEde1,HLcamDro2,HLdidVir1,HLeleMax1,HLmanJav2,HLnotEug3,HLoryCun3,HLpteVam2,bosTau9,canFam5,dasNov3,equCab3,eriEur2,felCat9,mm39,monDom5,rheMac10,rn7,susScr11
ENSG00000294793_core_1	ENSG00000294793		U_ENSG00000294793.1	chr9	99296706	99297034	+	328	328.0	intergenic	.	18	14	12	12	9	2	0.0306	0.0185	0.0898	193.7	164.0	HLbalEde1,HLcamDro2,HLdidVir1,HLeleMax1,HLmanJav2,HLnotEug3,HLoryCun3,HLpteVam2,bosTau9,canFam5,dasNov3,equCab3,eriEur2,felCat9,mm39,monDom5,rheMac10,susScr11
ENSG00000294902_core_1	ENSG00000294902		U_ENSG00000294902.1	chr6	90184914	90185162	+	248	248.0	antisense	ENSG00000112182	18	18	18	16	8	1	0.0216	0.021	0.0333	196.9	219.5	HLbalEde1,HLdidVir1,HLeleMax1,HLmanJav2,HLnotEug3,HLoryCun3,HLpteVam2,bosTau9,canFam5,dasNov3,equCab3,eriEur2,felCat9,mm39,monDom5,rheMac10,rn7,susScr11
ENSG00000294904_core_2	ENSG00000294904		U_ENSG00000294904.1	chr9	99820974	99821702	-	728	728.0	near_coding_5kb	.	19	17	16	15	13	12	0.0194	0.0095	0.0818	362.2	295.0	HLbalEde1,HLcamDro2,HLdidVir1,HLeleMax1,HLmanJav2,HLnotEug3,HLoryCun3,HLpteVam2,bosTau9,canFam5,dasNov3,equCab3,eriEur2,felCat9,mm39,monDom5,rheMac10,rn7,susScr11
ENSG00000294914_core_1	ENSG00000294914		U_ENSG00000294914.1	chr10	78148593	78148881	-	288	288.0	intergenic	.	17	16	16	15	11	4	0.0189	0.0133	0.0665	212.8	251.0	HLbalEde1,HLcamDro2,HLeleMax1,HLmanJav2,HLnotEug3,HLoryCun3,HLpteVam2,bosTau9,canFam5,dasNov3,equCab3,eriEur2,felCat9,mm39,rheMac10,rn7,susScr11
ENSG00000294927_core_1	ENSG00000294927		U_ENSG00000294927.1	chr9	99820129	99820617	+	488	488.0	near_coding_5kb	.	19	19	19	19	18	6	0.0126	0.0125	0.0276	294.6	279.0	HLbalEde1,HLcamDro2,HLdidVir1,HLeleMax1,HLmanJav2,HLnotEug3,HLoryCun3,HLpteVam2,bosTau9,canFam5,dasNov3,equCab3,eriEur2,felCat9,mm39,monDom5,rheMac10,rn7,susScr11
ENSG00000294934_core_1	ENSG00000294934		U_ENSG00000294934.1	chr3	19146531	19146859	-	328	328.0	near_coding_5kb	.	18	15	15	14	7	1	0.0292	0.0236	0.0784	261.9	276.0	HLbalEde1,HLcamDro2,HLdidVir1,HLeleMax1,HLmanJav2,HLnotEug3,HLoryCun3,HLpteVam2,bosTau9,canFam5,dasNov3,equCab3,eriEur2,felCat9,mm39,rheMac10,rn7,susScr11
ENSG00000294970_core_1	ENSG00000294970		U_ENSG00000294970.1	chr16	13648887	13649011	-	124	124.0	intergenic	.	17	1	1	1	1	0	0.0696	0.0732	0.093	105.7	109.0	HLbalEde1,HLcamDro2,HLmanJav2,HLnotEug3,HLoryCun3,HLpteVam2,bosTau9,canFam5,dasNov3,equCab3,eriEur2,felCat9,mm39,monDom5,rheMac10,rn7,susScr11
ENSG00000294981_core_1	ENSG00000294981		U_ENSG00000294981.1	chr3	181713263	181713551	-	288	288.0	antisense	ENSG00000181449	18	12	9	4	2	0	0.0409	0.0416	0.0652	118.2	78.5	HLbalEde1,HLcamDro2,HLdidVir1,HLeleMax1,HLnotEug3,HLoryCun3,HLpteVam2,bosTau9,canFam5,dasNov3,equCab3,eriEur2,felCat9,mm39,monDom5,rheMac10,rn7,susScr11
ENSG00000295028_core_2	ENSG00000295028		U_ENSG00000295028.1	chr8	93898529	93898697	-	168	168.0	antisense	ENSG00000164951	18	13	13	8	4	0	0.0362	0.0304	0.0828	118.8	123.5	HLbalEde1,HLcamDro2,HLdidVir1,HLmanJav2,HLnotEug3,HLoryCun3,HLpteVam2,bosTau9,canFam5,dasNov3,equCab3,eriEur2,felCat9,mm39,monDom5,rheMac10,rn7,susScr11
ENSG00000295080_core_1	ENSG00000295080		U_ENSG00000295080.1	chr22	21665943	21666241	-	298	298.0	antisense	ENSG00000100023	18	13	13	13	11	1	0.0311	0.0176	0.0959	246.1	276.5	HLbalEde1,HLcamDro2,HLdidVir1,HLmanJav2,HLnotEug3,HLoryCun3,HLpteVam2,bosTau9,canFam5,dasNov3,equCab3,eriEur2,felCat9,mm39,monDom5,rheMac10,rn7,susScr11
ENSG00000295089_core_2	ENSG00000295089		U_ENSG00000295089.1	chr1	2855725	2855996	-	271	271.0	intergenic	.	17	13	12	11	10	2	0.0331	0.018	0.0938	161.1	167.0	HLbalEde1,HLcamDro2,HLeleMax1,HLmanJav2,HLnotEug3,HLoryCun3,bosTau9,canFam5,dasNov3,equCab3,eriEur2,felCat9,mm39,monDom5,rheMac10,rn7,susScr11
ENSG00000295111_core_1	ENSG00000295111		U_ENSG00000295111.1	chr1	166876179	166876619	+	440	440.0	antisense	ENSG00000152382	17	15	12	9	7	2	0.0295	0.0257	0.0656	331.9	342.0	HLbalEde1,HLcamDro2,HLdidVir1,HLeleMax1,HLmanJav2,HLoryCun3,HLpteVam2,bosTau9,canFam5,dasNov3,equCab3,felCat9,mm39,monDom5,rheMac10,rn7,susScr11
ENSG00000295113_core_1	ENSG00000295113		U_ENSG00000295113.1	chr10	23199155	23199323	-	168	168.0	near_coding_5kb	.	18	18	18	18	13	0	0.0186	0.0175	0.0264	159.6	167.0	HLbalEde1,HLcamDro2,HLdidVir1,HLeleMax1,HLmanJav2,HLnotEug3,HLoryCun3,HLpteVam2,bosTau9,canFam5,dasNov3,equCab3,felCat9,mm39,monDom5,rheMac10,rn7,susScr11
ENSG00000295157_core_1	ENSG00000295157		U_ENSG00000295157.1	chr1	202811264	202811512	-	248	248.0	near_coding_5kb	.	19	16	11	6	3	0	0.0376	0.0339	0.0935	215.2	229.0	HLbalEde1,HLcamDro2,HLdidVir1,HLeleMax1,HLmanJav2,HLnotEug3,HLoryCun3,HLpteVam2,bosTau9,canFam5,dasNov3,equCab3,eriEur2,felCat9,mm39,monDom5,rheMac10,rn7,susScr11
ENSG00000295165_core_1	ENSG00000295165		U_ENSG00000295165.1	chrX	107710831	107711144	-	313	313.0	near_coding_5kb	.	17	13	11	8	3	0	0.0377	0.033	0.087	186.8	183.0	HLbalEde1,HLcamDro2,HLdidVir1,HLeleMax1,HLmanJav2,HLnotEug3,HLpteVam2,bosTau9,canFam5,dasNov3,equCab3,eriEur2,felCat9,mm39,monDom5,rn7,susScr11
ENSG00000295170_core_1	ENSG00000295170		U_ENSG00000295170.1	chr20	50730521	50731009	-	488	488.0	near_coding_5kb	.	17	15	15	14	11	2	0.0226	0.016	0.0721	328.6	350.0	HLbalEde1,HLcamDro2,HLeleMax1,HLmanJav2,HLoryCun3,HLpteVam2,bosTau9,canFam5,dasNov3,equCab3,eriEur2,felCat9,mm39,monDom5,rheMac10,rn7,susScr11
ENSG00000295191_core_1	ENSG00000295191		U_ENSG00000295191.1	chr20	50730639	50730967	+	328	328.0	near_coding_5kb	.	18	10	7	4	3	1	0.0496	0.0435	0.0954	190.9	156.5	HLbalEde1,HLcamDro2,HLdidVir1,HLeleMax1,HLmanJav2,HLoryCun3,HLpteVam2,bosTau9,canFam5,dasNov3,equCab3,eriEur2,felCat9,mm39,monDom5,rheMac10,rn7,susScr11
ENSG00000295236_core_1	ENSG00000295236		U_ENSG00000295236.1	chr5	137754688	137755256	+	568	568.0	near_coding_5kb	.	18	18	18	18	17	13	0.0085	0.0064	0.0215	507.8	526.0	HLbalEde1,HLcamDro2,HLeleMax1,HLmanJav2,HLnotEug3,HLoryCun3,HLpteVam2,bosTau9,canFam5,dasNov3,equCab3,eriEur2,felCat9,mm39,monDom5,rheMac10,rn7,susScr11
ENSG00000295244_core_1	ENSG00000295244		U_ENSG00000295244.1	chr3	49874262	49874430	+	168	168.0	antisense	ENSG00000164078	19	13	13	12	5	0	0.0345	0.0246	0.0974	130.4	159.0	HLbalEde1,HLcamDro2,HLdidVir1,HLeleMax1,HLmanJav2,HLnotEug3,HLoryCun3,HLpteVam2,bosTau9,canFam5,dasNov3,equCab3,eriEur2,felCat9,mm39,monDom5,rheMac10,rn7,susScr11
ENSG00000295262_core_1	ENSG00000295262		U_ENSG00000295262.1	chr12	50111762	50112490	-	728	728.0	antisense	ENSG00000066117,ENSG00000167588,ENSG00000178449	18	15	14	11	11	5	0.0278	0.0164	0.0958	380.0	331.5	HLbalEde1,HLcamDro2,HLdidVir1,HLeleMax1,HLmanJav2,HLnotEug3,HLoryCun3,HLpteVam2,bosTau9,canFam5,dasNov3,equCab3,eriEur2,felCat9,mm39,rheMac10,rn7,susScr11
ENSG00000295295_core_2	ENSG00000295295		U_ENSG00000295295.1	chr14	38207868	38208196	-	328	328.0	antisense	ENSG00000139874	18	16	15	15	9	1	0.0239	0.02	0.0584	238.4	261.5	HLbalEde1,HLcamDro2,HLeleMax1,HLmanJav2,HLnotEug3,HLoryCun3,HLpteVam2,bosTau9,canFam5,dasNov3,equCab3,eriEur2,felCat9,mm39,monDom5,rheMac10,rn7,susScr11
ENSG00000295295_core_3	ENSG00000295295		U_ENSG00000295295.1	chr14	38209163	38209291	-	128	128.0	antisense	ENSG00000139874	17	15	11	1	1	0	0.0413	0.0384	0.0893	122.0	125.0	HLbalEde1,HLcamDro2,HLdidVir1,HLeleMax1,HLmanJav2,HLoryCun3,HLpteVam2,bosTau9,canFam5,dasNov3,equCab3,eriEur2,felCat9,mm39,rheMac10,rn7,susScr11
ENSG00000295312_core_1	ENSG00000295312		U_ENSG00000295312.1	chrX	50931585	50931713	-	128	128.0	intergenic	.	18	18	18	8	1	0	0.0303	0.0302	0.0356	109.1	107.0	HLbalEde1,HLcamDro2,HLeleMax1,HLmanJav2,HLnotEug3,HLoryCun3,HLpteVam2,bosTau9,canFam5,dasNov3,equCab3,eriEur2,felCat9,mm39,monDom5,rheMac10,rn7,susScr11
ENSG00000295321_core_1	ENSG00000295321		U_ENSG00000295321.1	chr14	36269065	36269274	-	209	209.0	intergenic	.	19	18	18	18	16	0	0.0177	0.0136	0.0601	171.2	197.0	HLbalEde1,HLcamDro2,HLdidVir1,HLeleMax1,HLmanJav2,HLnotEug3,HLoryCun3,HLpteVam2,bosTau9,canFam5,dasNov3,equCab3,eriEur2,felCat9,mm39,monDom5,rheMac10,rn7,susScr11
ENSG00000295329_core_1	ENSG00000295329		U_ENSG00000295329.1	chr6	52420277	52420445	-	168	168.0	antisense	ENSG00000096093,ENSG00000170915	19	15	9	2	1	0	0.0408	0.0413	0.0619	154.9	155.0	HLbalEde1,HLcamDro2,HLdidVir1,HLeleMax1,HLmanJav2,HLnotEug3,HLoryCun3,HLpteVam2,bosTau9,canFam5,dasNov3,equCab3,eriEur2,felCat9,mm39,monDom5,rheMac10,rn7,susScr11
ENSG00000295421_core_2	ENSG00000295421		U_ENSG00000295421.1	chr10	114043069	114043285	-	216	216.0	near_coding_5kb	.	19	18	16	15	10	1	0.026	0.0197	0.0911	200.2	209.0	HLbalEde1,HLcamDro2,HLdidVir1,HLeleMax1,HLmanJav2,HLnotEug3,HLoryCun3,HLpteVam2,bosTau9,canFam5,dasNov3,equCab3,eriEur2,felCat9,mm39,monDom5,rheMac10,rn7,susScr11
ENSG00000295428_core_1	ENSG00000295428		U_ENSG00000295428.1	chr2	209993949	209994317	-	368	368.0	antisense	ENSG00000144406	19	18	18	18	17	2	0.0154	0.0119	0.0631	296.8	295.0	HLbalEde1,HLcamDro2,HLdidVir1,HLeleMax1,HLmanJav2,HLnotEug3,HLoryCun3,HLpteVam2,bosTau9,canFam5,dasNov3,equCab3,eriEur2,felCat9,mm39,monDom5,rheMac10,rn7,susScr11
ENSG00000295444_core_1	ENSG00000295444		U_ENSG00000295444.1	chr11	118434411	118434859	+	448	448.0	sense_overlapping	ENSG00000285827	19	19	19	17	17	14	0.0109	0.0069	0.0394	371.6	431.0	HLbalEde1,HLcamDro2,HLdidVir1,HLeleMax1,HLmanJav2,HLnotEug3,HLoryCun3,HLpteVam2,bosTau9,canFam5,dasNov3,equCab3,eriEur2,felCat9,mm39,monDom5,rheMac10,rn7,susScr11
ENSG00000295464_core_1	ENSG00000295464		U_ENSG00000295464.1	chr11	118435908	118436177	+	269	269.0	sense_overlapping	ENSG00000285827	19	18	18	17	15	2	0.0178	0.0109	0.0675	236.6	266.0	HLbalEde1,HLcamDro2,HLdidVir1,HLeleMax1,HLmanJav2,HLnotEug3,HLoryCun3,HLpteVam2,bosTau9,canFam5,dasNov3,equCab3,eriEur2,felCat9,mm39,monDom5,rheMac10,rn7,susScr11
ENSG00000295484_core_1	ENSG00000295484		U_ENSG00000295484.1	chr6	14291037	14291285	-	248	241.3	intergenic	.	18	18	18	18	18	1	0.0128	0.0112	0.0194	231.7	246.0	HLbalEde1,HLcamDro2,HLdidVir1,HLeleMax1,HLmanJav2,HLnotEug3,HLoryCun3,HLpteVam2,bosTau9,canFam5,dasNov3,equCab3,felCat9,mm39,monDom5,rheMac10,rn7,susScr11
ENSG00000295516_core_3	ENSG00000295516		U_ENSG00000295516.1	chr5	108748327	108748655	-	328	328.0	antisense	ENSG00000151422	18	17	15	11	8	1	0.0254	0.0218	0.0673	265.4	272.0	HLbalEde1,HLcamDro2,HLeleMax1,HLmanJav2,HLnotEug3,HLoryCun3,HLpteVam2,bosTau9,canFam5,dasNov3,equCab3,eriEur2,felCat9,mm39,monDom5,rheMac10,rn7,susScr11
ENSG00000295546_core_1	ENSG00000295546		U_ENSG00000295546.1	chr20	56626231	56626479	-	248	248.0	antisense	ENSG00000087510	19	16	13	9	6	1	0.036	0.0359	0.0959	210.5	235.0	HLbalEde1,HLcamDro2,HLdidVir1,HLeleMax1,HLmanJav2,HLnotEug3,HLoryCun3,HLpteVam2,bosTau9,canFam5,dasNov3,equCab3,eriEur2,felCat9,mm39,monDom5,rheMac10,rn7,susScr11
ENSG00000295616_core_1	ENSG00000295616		U_ENSG00000295616.1	chr16	49312714	49313000	-	286	286.0	intergenic	.	17	15	14	14	12	3	0.0246	0.0147	0.0884	222.4	244.0	HLbalEde1,HLcamDro2,HLeleMax1,HLmanJav2,HLnotEug3,HLoryCun3,HLpteVam2,bosTau9,canFam5,dasNov3,equCab3,eriEur2,felCat9,mm39,rheMac10,rn7,susScr11
ENSG00000295641_core_1	ENSG00000295641		U_ENSG00000295641.1	chr10	100730888	100731068	+	180	180.0	near_coding_5kb	.	18	13	12	11	6	0	0.0353	0.0217	0.0789	152.6	170.5	HLbalEde1,HLcamDro2,HLdidVir1,HLeleMax1,HLmanJav2,HLoryCun3,HLpteVam2,bosTau9,canFam5,dasNov3,equCab3,eriEur2,felCat9,mm39,monDom5,rheMac10,rn7,susScr11
ENSG00000295683_core_3	ENSG00000295683		U_ENSG00000295683.1	chr15	32346232	32346388	-	156	156.0	intergenic	.	17	10	6	4	0	0	0.0434	0.0435	0.0697	137.0	144.0	HLbalEde1,HLcamDro2,HLdidVir1,HLeleMax1,HLmanJav2,HLnotEug3,HLoryCun3,HLpteVam2,bosTau9,dasNov3,equCab3,felCat9,mm39,monDom5,rheMac10,rn7,susScr11
ENSG00000295753_core_1	ENSG00000295753		U_ENSG00000295753.1	chr4	138242237	138242504	+	267	267.0	antisense	ENSG00000151012	18	18	18	17	16	1	0.0151	0.0126	0.0375	215.6	228.5	HLbalEde1,HLcamDro2,HLdidVir1,HLeleMax1,HLmanJav2,HLnotEug3,HLoryCun3,HLpteVam2,bosTau9,canFam5,dasNov3,equCab3,felCat9,mm39,monDom5,rheMac10,rn7,susScr11
ENSG00000295807_core_1	ENSG00000295807		U_ENSG00000295807.1	chr5	168579719	168579847	+	128	128.0	near_coding_5kb	.	18	15	14	4	0	0	0.0421	0.0344	0.0918	121.3	121.5	HLbalEde1,HLcamDro2,HLdidVir1,HLeleMax1,HLmanJav2,HLnotEug3,HLoryCun3,HLpteVam2,bosTau9,canFam5,dasNov3,equCab3,felCat9,mm39,monDom5,rheMac10,rn7,susScr11
ENSG00000295813_core_1	ENSG00000295813		U_ENSG00000295813.1	chr11	47642316	47642516	+	200	200.0	antisense	ENSG00000109919	17	16	16	16	16	0	0.0168	0.0135	0.0596	184.8	197.0	HLbalEde1,HLcamDro2,HLdidVir1,HLeleMax1,HLmanJav2,HLoryCun3,bosTau9,canFam5,dasNov3,equCab3,eriEur2,felCat9,mm39,monDom5,rheMac10,rn7,susScr11
ENSG00000295820_core_1	ENSG00000295820		U_ENSG00000295820.1	chr12	56104038	56104326	-	288	288.0	antisense	ENSG00000257411	17	16	15	11	11	1	0.0252	0.0147	0.0917	262.8	283.0	HLbalEde1,HLcamDro2,HLeleMax1,HLmanJav2,HLoryCun3,HLpteVam2,bosTau9,canFam5,dasNov3,equCab3,eriEur2,felCat9,mm39,monDom5,rheMac10,rn7,susScr11
ENSG00000295822_core_1	ENSG00000295822		U_ENSG00000295822.1	chr15	44956382	44956750	-	368	368.0	antisense	ENSG00000167014	19	16	16	16	10	1	0.0256	0.0196	0.0803	250.7	248.0	HLbalEde1,HLcamDro2,HLdidVir1,HLeleMax1,HLmanJav2,HLnotEug3,HLoryCun3,HLpteVam2,bosTau9,canFam5,dasNov3,equCab3,eriEur2,felCat9,mm39,monDom5,rheMac10,rn7,susScr11
ENSG00000295838_core_2	ENSG00000295838		U_ENSG00000295838.1	chr13	112057888	112058180	+	292	292.0	intergenic	.	17	13	13	13	12	1	0.0291	0.0151	0.0892	248.6	286.0	HLbalEde1,HLcamDro2,HLdidVir1,HLeleMax1,HLmanJav2,HLnotEug3,HLoryCun3,HLpteVam2,bosTau9,canFam5,dasNov3,equCab3,felCat9,mm39,monDom5,rheMac10,susScr11
ENSG00000295846_core_1	ENSG00000295846		U_ENSG00000295846.1	chr12	7018404	7018612	+	208	208.0	antisense+sense	ENSG00000111684,ENSG00000182326	19	19	19	17	15	0	0.0192	0.0177	0.0364	190.8	200.0	HLbalEde1,HLcamDro2,HLdidVir1,HLeleMax1,HLmanJav2,HLnotEug3,HLoryCun3,HLpteVam2,bosTau9,canFam5,dasNov3,equCab3,eriEur2,felCat9,mm39,monDom5,rheMac10,rn7,susScr11
ENSG00000295871_core_1	ENSG00000295871		U_ENSG00000295871.1	chr13	50123868	50124116	-	248	248.0	intergenic	.	19	17	15	15	10	1	0.0251	0.0185	0.0666	223.0	245.0	HLbalEde1,HLcamDro2,HLdidVir1,HLeleMax1,HLmanJav2,HLnotEug3,HLoryCun3,HLpteVam2,bosTau9,canFam5,dasNov3,equCab3,eriEur2,felCat9,mm39,monDom5,rheMac10,rn7,susScr11
ENSG00000295881_core_1	ENSG00000295881		U_ENSG00000295881.1	chr1	38614047	38614390	-	343	343.0	intergenic	.	19	18	17	16	13	6	0.0191	0.0109	0.0619	273.6	283.0	HLbalEde1,HLcamDro2,HLdidVir1,HLeleMax1,HLmanJav2,HLnotEug3,HLoryCun3,HLpteVam2,bosTau9,canFam5,dasNov3,equCab3,eriEur2,felCat9,mm39,monDom5,rheMac10,rn7,susScr11
ENSG00000295897_core_1	ENSG00000295897		U_ENSG00000295897.1	chr4	108172876	108173204	-	328	328.0	near_coding_5kb	.	17	13	11	8	3	0	0.0365	0.0308	0.0901	247.9	240.0	HLbalEde1,HLcamDro2,HLdidVir1,HLeleMax1,HLmanJav2,HLoryCun3,HLpteVam2,bosTau9,canFam5,dasNov3,equCab3,eriEur2,felCat9,mm39,rheMac10,rn7,susScr11
ENSG00000295934_core_2	ENSG00000295934		U_ENSG00000295934.1	chr7	105532104	105532357	-	253	253.0	antisense	ENSG00000135249	18	18	17	17	11	1	0.0208	0.0175	0.0403	218.5	233.5	HLbalEde1,HLcamDro2,HLdidVir1,HLeleMax1,HLmanJav2,HLnotEug3,HLoryCun3,HLpteVam2,bosTau9,canFam5,dasNov3,equCab3,eriEur2,felCat9,mm39,rheMac10,rn7,susScr11
ENSG00000295937_core_1	ENSG00000295937		U_ENSG00000295937.1	chr15	84435874	84435994	-	120	120.0	intergenic	.	17	7	4	1	0	0	0.055	0.0552	0.0833	107.0	107.0	HLbalEde1,HLcamDro2,HLdidVir1,HLeleMax1,HLmanJav2,HLnotEug3,HLoryCun3,HLpteVam2,bosTau9,canFam5,dasNov3,equCab3,felCat9,mm39,monDom5,rheMac10,rn7
ENSG00000295970_core_1	ENSG00000295970		U_ENSG00000295970.1	chr1	120701165	120701333	-	168	168.0	intergenic	.	17	15	12	10	0	0	0.0335	0.0294	0.0569	157.9	167.0	HLbalEde1,HLcamDro2,HLeleMax1,HLmanJav2,HLnotEug3,HLoryCun3,HLpteVam2,bosTau9,canFam5,dasNov3,equCab3,eriEur2,felCat9,monDom5,rheMac10,rn7,susScr11
ENSG00000296011_core_1	ENSG00000296011		U_ENSG00000296011.1	chr7	39949642	39949890	+	248	248.0	near_coding_5kb	.	17	15	13	13	6	0	0.0256	0.0216	0.0572	192.1	212.0	HLbalEde1,HLcamDro2,HLeleMax1,HLmanJav2,HLoryCun3,HLpteVam2,bosTau9,canFam5,dasNov3,equCab3,eriEur2,felCat9,mm39,monDom5,rheMac10,rn7,susScr11
ENSG00000296014_core_1	ENSG00000296014		U_ENSG00000296014.1	chr7	73175422	73175550	-	128	128.0	sense_overlapping	ENSG00000274570	17	13	10	1	0	0	0.0473	0.0395	0.0989	102.9	112.0	HLbalEde1,HLcamDro2,HLdidVir1,HLeleMax1,HLmanJav2,HLnotEug3,HLoryCun3,bosTau9,canFam5,dasNov3,equCab3,eriEur2,felCat9,mm39,rheMac10,rn7,susScr11
ENSG00000296033_core_1	ENSG00000296033		U_ENSG00000296033.1	chr1	120665135	120665583	+	448	448.0	intergenic	.	19	18	18	17	16	3	0.0162	0.0119	0.0583	313.7	345.0	HLbalEde1,HLcamDro2,HLdidVir1,HLeleMax1,HLmanJav2,HLnotEug3,HLoryCun3,HLpteVam2,bosTau9,canFam5,dasNov3,equCab3,eriEur2,felCat9,mm39,monDom5,rheMac10,rn7,susScr11
ENSG00000296081_core_1	ENSG00000296081		U_ENSG00000296081.1	chr14	61148170	61148329	+	159	159.0	intergenic	.	18	18	17	17	13	0	0.0194	0.0171	0.0443	144.8	159.0	HLbalEde1,HLcamDro2,HLeleMax1,HLmanJav2,HLnotEug3,HLoryCun3,HLpteVam2,bosTau9,canFam5,dasNov3,equCab3,eriEur2,felCat9,mm39,monDom5,rheMac10,rn7,susScr11
ENSG00000296154_core_2	ENSG00000296154		U_ENSG00000296154.1	chr16	75433189	75433597	+	408	408.0	antisense	ENSG00000153774,ENSG00000261717	19	19	19	18	10	5	0.0182	0.0185	0.0353	316.2	373.0	HLbalEde1,HLcamDro2,HLdidVir1,HLeleMax1,HLmanJav2,HLnotEug3,HLoryCun3,HLpteVam2,bosTau9,canFam5,dasNov3,equCab3,eriEur2,felCat9,mm39,monDom5,rheMac10,rn7,susScr11
ENSG00000296190_core_1	ENSG00000296190		U_ENSG00000296190.1	chr19	40191126	40191374	-	248	248.0	near_coding_5kb	.	18	18	17	7	3	0	0.03	0.0317	0.0497	213.2	235.0	HLbalEde1,HLcamDro2,HLeleMax1,HLmanJav2,HLnotEug3,HLoryCun3,HLpteVam2,bosTau9,canFam5,dasNov3,equCab3,eriEur2,felCat9,mm39,monDom5,rheMac10,rn7,susScr11
ENSG00000296265_core_1	ENSG00000296265		U_ENSG00000296265.1	chr6	44387780	44388028	-	248	248.0	antisense	ENSG00000096401	18	15	15	15	14	0	0.0241	0.0148	0.0815	201.6	234.5	HLbalEde1,HLcamDro2,HLdidVir1,HLeleMax1,HLmanJav2,HLoryCun3,HLpteVam2,bosTau9,canFam5,dasNov3,equCab3,eriEur2,felCat9,mm39,monDom5,rheMac10,rn7,susScr11
ENSG00000296320_core_1	ENSG00000296320		U_ENSG00000296320.1	chr10	72272864	72273232	+	368	368.0	near_coding_5kb	.	17	14	14	14	9	0	0.0281	0.02	0.0946	266.1	279.0	HLbalEde1,HLcamDro2,HLdidVir1,HLeleMax1,HLmanJav2,HLoryCun3,HLpteVam2,bosTau9,canFam5,equCab3,eriEur2,felCat9,mm39,monDom5,rheMac10,rn7,susScr11
ENSG00000296320_core_2	ENSG00000296320		U_ENSG00000296320.1	chr10	72273384	72273632	+	248	248.0	near_coding_5kb	.	17	14	11	8	6	1	0.0331	0.0332	0.0659	193.2	219.0	HLbalEde1,HLcamDro2,HLdidVir1,HLeleMax1,HLmanJav2,HLoryCun3,HLpteVam2,bosTau9,canFam5,dasNov3,equCab3,eriEur2,felCat9,mm39,monDom5,rheMac10,rn7
ENSG00000296432_core_1	ENSG00000296432		U_ENSG00000296432.1	chr17	76721324	76721448	+	124	124.0	antisense	ENSG00000070495	18	16	16	14	0	0	0.0316	0.0252	0.0853	112.3	120.0	HLbalEde1,HLcamDro2,HLdidVir1,HLeleMax1,HLmanJav2,HLoryCun3,HLpteVam2,bosTau9,canFam5,dasNov3,equCab3,eriEur2,felCat9,mm39,monDom5,rheMac10,rn7,susScr11
ENSG00000296491_core_4	ENSG00000296491		U_ENSG00000296491.1	chr2	89626166	89626326	-	160	160.0	intergenic	.	18	18	18	17	13	0	0.0179	0.0168	0.0326	155.9	160.0	HLbalEde1,HLcamDro2,HLdidVir1,HLmanJav2,HLnotEug3,HLoryCun3,HLpteVam2,bosTau9,canFam5,dasNov3,equCab3,eriEur2,felCat9,mm39,monDom5,rheMac10,rn7,susScr11
ENSG00000296510_core_1	ENSG00000296510		U_ENSG00000296510.1	chr9	124940518	124940886	-	368	368.0	sense_overlapping	ENSG00000136935	17	17	17	17	15	5	0.0132	0.0113	0.029	310.1	311.0	HLbalEde1,HLcamDro2,HLeleMax1,HLmanJav2,HLoryCun3,HLpteVam2,bosTau9,canFam5,dasNov3,equCab3,eriEur2,felCat9,mm39,monDom5,rheMac10,rn7,susScr11
ENSG00000296524_core_1	ENSG00000296524	NCF1C	U_ENSG00000296524.1	chr7	75156587	75156835	-	248	248.0	intergenic	.	17	13	10	10	6	1	0.0359	0.0252	0.0875	222.6	243.0	HLbalEde1,HLcamDro2,HLdidVir1,HLmanJav2,HLnotEug3,HLoryCun3,HLpteVam2,bosTau9,canFam5,dasNov3,equCab3,eriEur2,felCat9,monDom5,rheMac10,rn7,susScr11
ENSG00000296527_core_1	ENSG00000296527		U_ENSG00000296527.1	chr11	119057453	119057631	+	178	178.0	near_coding_5kb	.	19	15	13	6	1	0	0.0399	0.0309	0.0909	167.8	173.0	HLbalEde1,HLcamDro2,HLdidVir1,HLeleMax1,HLmanJav2,HLnotEug3,HLoryCun3,HLpteVam2,bosTau9,canFam5,dasNov3,equCab3,eriEur2,felCat9,mm39,monDom5,rheMac10,rn7,susScr11
ENSG00000296557_core_1	ENSG00000296557		U_ENSG00000296557.1	chr7	76302165	76302573	+	408	408.0	near_coding_5kb	.	18	13	11	9	8	1	0.0378	0.0269	0.0828	232.2	281.5	HLbalEde1,HLcamDro2,HLdidVir1,HLeleMax1,HLmanJav2,HLoryCun3,HLpteVam2,bosTau9,canFam5,dasNov3,equCab3,eriEur2,felCat9,mm39,monDom5,rheMac10,rn7,susScr11
ENSG00000296576_core_1	ENSG00000296576		U_ENSG00000296576.1	chr6	37102482	37102674	+	192	192.0	intergenic	.	18	16	16	16	14	0	0.0239	0.0152	0.0863	177.2	189.0	HLbalEde1,HLcamDro2,HLeleMax1,HLmanJav2,HLnotEug3,HLoryCun3,HLpteVam2,bosTau9,canFam5,dasNov3,equCab3,eriEur2,felCat9,mm39,monDom5,rheMac10,rn7,susScr11
ENSG00000296592_core_2	ENSG00000296592		U_ENSG00000296592.1	chr10	128716280	128716728	+	448	448.0	intergenic	.	17	12	12	10	9	2	0.0344	0.0173	0.0961	282.1	280.0	HLbalEde1,HLcamDro2,HLdidVir1,HLeleMax1,HLmanJav2,HLpteVam2,bosTau9,canFam5,dasNov3,equCab3,eriEur2,felCat9,mm39,monDom5,rheMac10,rn7,susScr11
ENSG00000296619_core_1	ENSG00000296619		U_ENSG00000296619.1	chr6	40889949	40890197	+	248	248.0	intergenic	.	17	13	12	10	8	1	0.0328	0.0216	0.0748	196.4	240.0	HLcamDro2,HLdidVir1,HLeleMax1,HLmanJav2,HLnotEug3,HLpteVam2,bosTau9,canFam5,dasNov3,equCab3,eriEur2,felCat9,mm39,monDom5,rheMac10,rn7,susScr11
ENSG00000296642_core_2	ENSG00000296642		U_ENSG00000296642.1	chr1	120494259	120494460	-	201	201.0	near_coding_5kb	.	19	18	16	16	14	0	0.0232	0.0174	0.088	189.2	198.0	HLbalEde1,HLcamDro2,HLdidVir1,HLeleMax1,HLmanJav2,HLnotEug3,HLoryCun3,HLpteVam2,bosTau9,canFam5,dasNov3,equCab3,eriEur2,felCat9,mm39,monDom5,rheMac10,rn7,susScr11
ENSG00000296659_core_1	ENSG00000296659		U_ENSG00000296659.1	chr15	23433238	23433453	+	215	215.0	near_coding_5kb	.	19	19	16	16	16	0	0.0196	0.0148	0.0491	208.5	211.0	HLbalEde1,HLcamDro2,HLdidVir1,HLeleMax1,HLmanJav2,HLnotEug3,HLoryCun3,HLpteVam2,bosTau9,canFam5,dasNov3,equCab3,eriEur2,felCat9,mm39,monDom5,rheMac10,rn7,susScr11
ENSG00000296669_core_1	ENSG00000296669		U_ENSG00000296669.1	chr17	63741568	63741696	+	128	128.0	antisense	ENSG00000125695,ENSG00000266173	17	11	10	7	0	0	0.0467	0.0342	0.0907	113.4	126.0	HLbalEde1,HLcamDro2,HLdidVir1,HLeleMax1,HLmanJav2,HLnotEug3,HLoryCun3,HLpteVam2,bosTau9,canFam5,dasNov3,equCab3,eriEur2,mm39,rheMac10,rn7,susScr11
ENSG00000296676_core_1	ENSG00000296676		U_ENSG00000296676.1	chr12	3492918	3493486	-	568	568.0	antisense	ENSG00000111218	18	17	17	15	14	9	0.0164	0.0104	0.0559	397.2	363.5	HLbalEde1,HLcamDro2,HLeleMax1,HLmanJav2,HLnotEug3,HLoryCun3,HLpteVam2,bosTau9,canFam5,dasNov3,equCab3,eriEur2,felCat9,mm39,monDom5,rheMac10,rn7,susScr11
ENSG00000296693_core_1	ENSG00000296693		U_ENSG00000296693.1	chr10	75211153	75211401	-	248	248.0	antisense	ENSG00000165637	17	15	14	13	6	0	0.029	0.0255	0.0717	193.5	191.0	HLbalEde1,HLcamDro2,HLeleMax1,HLmanJav2,HLoryCun3,HLpteVam2,bosTau9,canFam5,dasNov3,equCab3,eriEur2,felCat9,mm39,monDom5,rheMac10,rn7,susScr11
ENSG00000296808_core_1	ENSG00000296808		U_ENSG00000296808.1	chr15	84352156	84352276	+	120	120.0	intergenic	.	19	7	3	0	0	0	0.0571	0.0568	0.0833	102.3	107.0	HLbalEde1,HLcamDro2,HLdidVir1,HLeleMax1,HLmanJav2,HLnotEug3,HLoryCun3,HLpteVam2,bosTau9,canFam5,dasNov3,equCab3,eriEur2,felCat9,mm39,monDom5,rheMac10,rn7,susScr11
ENSG00000296811_core_3	ENSG00000296811		U_ENSG00000296811.1	chr10	72248372	72248820	-	448	448.0	intergenic	.	17	16	15	12	9	1	0.025	0.0192	0.0654	186.3	163.0	HLbalEde1,HLcamDro2,HLdidVir1,HLeleMax1,HLmanJav2,HLoryCun3,HLpteVam2,bosTau9,canFam5,dasNov3,eriEur2,felCat9,mm39,monDom5,rheMac10,rn7,susScr11
ENSG00000296830_core_2	ENSG00000296830		U_ENSG00000296830.1	chr11	63812875	63813364	-	489	489.0	near_coding_5kb	.	17	15	14	14	10	7	0.0223	0.0135	0.0656	383.5	452.0	HLbalEde1,HLcamDro2,HLdidVir1,HLeleMax1,HLmanJav2,HLoryCun3,HLpteVam2,bosTau9,canFam5,dasNov3,equCab3,felCat9,mm39,monDom5,rheMac10,rn7,susScr11
ENSG00000296918_core_2	ENSG00000296918		U_ENSG00000296918.1	chr19	13847075	13847523	-	448	448.0	intergenic	.	17	15	15	15	14	10	0.017	0.008	0.0784	339.5	380.0	HLbalEde1,HLcamDro2,HLdidVir1,HLmanJav2,HLnotEug3,HLoryCun3,HLpteVam2,bosTau9,canFam5,equCab3,eriEur2,felCat9,mm39,monDom5,rheMac10,rn7,susScr11
ENSG00000296951_core_1	ENSG00000296951		U_ENSG00000296951.1	chr16	28822669	28822961	+	292	292.0	near_coding_5kb	.	18	18	18	17	15	1	0.0158	0.0122	0.0367	285.4	295.0	HLbalEde1,HLcamDro2,HLdidVir1,HLeleMax1,HLmanJav2,HLnotEug3,HLoryCun3,HLpteVam2,bosTau9,canFam5,dasNov3,equCab3,felCat9,mm39,monDom5,rheMac10,rn7,susScr11
ENSG00000296987_core_2	ENSG00000296987		U_ENSG00000296987.1	chr20	43513852	43514003	-	151	151.0	antisense	ENSG00000185513,ENSG00000288000	19	15	15	14	3	0	0.0325	0.022	0.0828	148.6	152.0	HLbalEde1,HLcamDro2,HLdidVir1,HLeleMax1,HLmanJav2,HLnotEug3,HLoryCun3,HLpteVam2,bosTau9,canFam5,dasNov3,equCab3,eriEur2,felCat9,mm39,monDom5,rheMac10,rn7,susScr11
ENSG00000296989_core_1	ENSG00000296989		U_ENSG00000296989.1	chrX	30652850	30653138	-	288	288.0	near_coding_5kb	.	18	15	15	13	10	0	0.0272	0.0198	0.0709	261.8	266.5	HLbalEde1,HLcamDro2,HLdidVir1,HLeleMax1,HLmanJav2,HLnotEug3,HLoryCun3,HLpteVam2,bosTau9,canFam5,dasNov3,equCab3,eriEur2,felCat9,mm39,rheMac10,rn7,susScr11
ENSG00000297073_core_2	ENSG00000297073		U_ENSG00000297073.1	chr20	20364655	20365023	-	368	368.0	antisense	ENSG00000089101	17	13	10	7	3	0	0.0401	0.0333	0.0887	219.7	226.0	HLbalEde1,HLcamDro2,HLdidVir1,HLeleMax1,HLmanJav2,HLoryCun3,HLpteVam2,bosTau9,canFam5,dasNov3,equCab3,eriEur2,mm39,monDom5,rheMac10,rn7,susScr11
ENSG00000297096_core_1	ENSG00000297096		U_ENSG00000297096.1	chr8	131039351	131039610	+	259	259.0	antisense	ENSG00000155897	18	16	14	14	14	11	0.0206	0.0092	0.0877	207.1	256.0	HLbalEde1,HLcamDro2,HLdidVir1,HLeleMax1,HLmanJav2,HLnotEug3,HLoryCun3,HLpteVam2,bosTau9,canFam5,dasNov3,equCab3,eriEur2,felCat9,mm39,monDom5,rheMac10,susScr11
ENSG00000297150_core_2	ENSG00000297150		U_ENSG00000297150.1	chr7	73742754	73743268	+	514	514.0	antisense	ENSG00000106077	18	13	13	13	11	9	0.0292	0.0105	0.0828	327.8	326.0	HLbalEde1,HLcamDro2,HLdidVir1,HLeleMax1,HLmanJav2,HLnotEug3,HLpteVam2,bosTau9,canFam5,dasNov3,equCab3,eriEur2,felCat9,mm39,monDom5,rheMac10,rn7,susScr11
ENSG00000297171_core_1	ENSG00000297171		U_ENSG00000297171.1	chr14	37588306	37588514	+	208	208.0	near_coding_5kb	.	18	15	15	14	13	0	0.0265	0.0166	0.0836	189.6	206.5	HLbalEde1,HLcamDro2,HLdidVir1,HLeleMax1,HLmanJav2,HLnotEug3,HLoryCun3,HLpteVam2,bosTau9,canFam5,dasNov3,equCab3,eriEur2,felCat9,mm39,rheMac10,rn7,susScr11
ENSG00000297204_core_2	ENSG00000297204		U_ENSG00000297204.1	chr5	56814831	56815239	-	408	408.0	near_coding_5kb	.	19	19	17	16	14	1	0.0176	0.012	0.0481	350.6	361.0	HLbalEde1,HLcamDro2,HLdidVir1,HLeleMax1,HLmanJav2,HLnotEug3,HLoryCun3,HLpteVam2,bosTau9,canFam5,dasNov3,equCab3,eriEur2,felCat9,mm39,monDom5,rheMac10,rn7,susScr11
ENSG00000297244_core_1	ENSG00000297244		U_ENSG00000297244.1	chr1	155746004	155746140	+	136	136.0	antisense	ENSG00000116580	17	17	17	14	1	0	0.0254	0.0246	0.0329	135.5	136.0	HLbalEde1,HLdidVir1,HLeleMax1,HLmanJav2,HLoryCun3,HLpteVam2,bosTau9,canFam5,dasNov3,equCab3,eriEur2,felCat9,mm39,monDom5,rheMac10,rn7,susScr11
ENSG00000297267_core_1	ENSG00000297267		U_ENSG00000297267.1	chr15	51681208	51681429	-	221	221.0	near_coding_5kb	.	18	17	15	14	6	0	0.0277	0.0238	0.0737	178.9	202.5	HLbalEde1,HLcamDro2,HLdidVir1,HLeleMax1,HLmanJav2,HLnotEug3,HLoryCun3,HLpteVam2,bosTau9,canFam5,dasNov3,equCab3,felCat9,mm39,monDom5,rheMac10,rn7,susScr11
ENSG00000297292_core_1	ENSG00000297292		U_ENSG00000297292.1	chr10	73888801	73888969	+	168	168.0	intergenic	.	18	12	12	10	3	0	0.0457	0.0277	0.094	152.6	164.5	HLbalEde1,HLcamDro2,HLdidVir1,HLeleMax1,HLmanJav2,HLnotEug3,HLoryCun3,HLpteVam2,bosTau9,canFam5,dasNov3,equCab3,eriEur2,felCat9,mm39,rheMac10,rn7,susScr11
ENSG00000297299_core_1	ENSG00000297299		U_ENSG00000297299.1	chr1	75614490	75615258	-	768	768.0	near_coding_5kb	.	19	18	16	13	9	7	0.023	0.0264	0.056	393.6	251.0	HLbalEde1,HLcamDro2,HLdidVir1,HLeleMax1,HLmanJav2,HLnotEug3,HLoryCun3,HLpteVam2,bosTau9,canFam5,dasNov3,equCab3,eriEur2,felCat9,mm39,monDom5,rheMac10,rn7,susScr11
ENSG00000297327_core_1	ENSG00000297327		U_ENSG00000297327.1	chr12	106357587	106357835	-	248	248.0	antisense	ENSG00000013503	18	15	15	10	4	0	0.0316	0.0262	0.0703	199.7	209.5	HLbalEde1,HLcamDro2,HLeleMax1,HLmanJav2,HLnotEug3,HLoryCun3,HLpteVam2,bosTau9,canFam5,dasNov3,equCab3,eriEur2,felCat9,mm39,monDom5,rheMac10,rn7,susScr11
ENSG00000297359_core_2	ENSG00000297359		U_ENSG00000297359.1	chr2	119759644	119759839	-	195	195.0	near_coding_5kb	.	19	19	19	19	15	0	0.0177	0.0163	0.0248	187.1	195.0	HLbalEde1,HLcamDro2,HLdidVir1,HLeleMax1,HLmanJav2,HLnotEug3,HLoryCun3,HLpteVam2,bosTau9,canFam5,dasNov3,equCab3,eriEur2,felCat9,mm39,monDom5,rheMac10,rn7,susScr11
ENSG00000297403_core_1	ENSG00000297403		U_ENSG00000297403.1	chr10	101135961	101136089	-	128	128.0	antisense	ENSG00000107807	17	17	17	15	2	0	0.0227	0.0208	0.0364	119.8	127.0	HLbalEde1,HLcamDro2,HLdidVir1,HLeleMax1,HLmanJav2,HLnotEug3,HLoryCun3,HLpteVam2,bosTau9,canFam5,dasNov3,equCab3,eriEur2,felCat9,mm39,rheMac10,susScr11
ENSG00000297406_core_1	ENSG00000297406		U_ENSG00000297406.1	chr1	145093047	145093246	+	199	199.0	antisense	ENSG00000196369	18	17	16	15	14	0	0.0193	0.0132	0.0642	171.6	197.5	HLbalEde1,HLcamDro2,HLdidVir1,HLeleMax1,HLmanJav2,HLnotEug3,HLoryCun3,HLpteVam2,bosTau9,canFam5,dasNov3,equCab3,eriEur2,felCat9,monDom5,rheMac10,rn7,susScr11
ENSG00000297406_core_3	ENSG00000297406		U_ENSG00000297406.1	chr1	145095337	145095585	+	248	248.0	antisense	ENSG00000196369	17	7	6	6	3	0	0.0475	0.0536	0.0792	183.6	185.0	HLbalEde1,HLcamDro2,HLdidVir1,HLeleMax1,HLmanJav2,HLnotEug3,HLoryCun3,HLpteVam2,bosTau9,canFam5,dasNov3,equCab3,eriEur2,felCat9,mm39,rn7,susScr11
ENSG00000297423_core_1	ENSG00000297423		U_ENSG00000297423.1	chr1	145215127	145215599	+	472	472.0	intergenic	.	19	18	17	17	14	10	0.0166	0.0099	0.0742	381.7	418.0	HLbalEde1,HLcamDro2,HLdidVir1,HLeleMax1,HLmanJav2,HLnotEug3,HLoryCun3,HLpteVam2,bosTau9,canFam5,dasNov3,equCab3,eriEur2,felCat9,mm39,monDom5,rheMac10,rn7,susScr11
ENSG00000297520_core_1	ENSG00000297520		U_ENSG00000297520.1	chr1	181482054	181482462	-	408	408.0	antisense	ENSG00000198216	18	15	14	12	10	2	0.027	0.0162	0.0765	249.9	264.0	HLbalEde1,HLcamDro2,HLdidVir1,HLeleMax1,HLmanJav2,HLnotEug3,HLoryCun3,HLpteVam2,bosTau9,canFam5,dasNov3,equCab3,eriEur2,felCat9,monDom5,rheMac10,rn7,susScr11
ENSG00000297522_core_1	ENSG00000297522		U_ENSG00000297522.1	chr1	32179544	32179832	-	288	288.0	antisense	ENSG00000084652	19	19	17	17	16	1	0.017	0.0129	0.0456	264.7	282.0	HLbalEde1,HLcamDro2,HLdidVir1,HLeleMax1,HLmanJav2,HLnotEug3,HLoryCun3,HLpteVam2,bosTau9,canFam5,dasNov3,equCab3,eriEur2,felCat9,mm39,monDom5,rheMac10,rn7,susScr11
ENSG00000297564_core_1	ENSG00000297564		U_ENSG00000297564.1	chr12	12267358	12267618	+	260	260.0	near_coding_5kb	.	19	16	14	9	1	0	0.0349	0.0337	0.0689	204.1	221.0	HLbalEde1,HLcamDro2,HLdidVir1,HLeleMax1,HLmanJav2,HLnotEug3,HLoryCun3,HLpteVam2,bosTau9,canFam5,dasNov3,equCab3,eriEur2,felCat9,mm39,monDom5,rheMac10,rn7,susScr11
ENSG00000297567_core_1	ENSG00000297567		U_ENSG00000297567.1	chr1	161132745	161133313	+	568	568.0	antisense	ENSG00000158796	17	17	17	16	15	11	0.0115	0.0077	0.0324	452.7	520.0	HLbalEde1,HLcamDro2,HLeleMax1,HLmanJav2,HLoryCun3,HLpteVam2,bosTau9,canFam5,dasNov3,equCab3,eriEur2,felCat9,mm39,monDom5,rheMac10,rn7,susScr11
ENSG00000297572_core_1	ENSG00000297572		U_ENSG00000297572.1	chr17	73644131	73644619	+	488	488.0	antisense	ENSG00000069188	19	18	18	17	17	12	0.0136	0.0089	0.0617	383.6	437.0	HLbalEde1,HLcamDro2,HLdidVir1,HLeleMax1,HLmanJav2,HLnotEug3,HLoryCun3,HLpteVam2,bosTau9,canFam5,dasNov3,equCab3,eriEur2,felCat9,mm39,monDom5,rheMac10,rn7,susScr11
ENSG00000297575_core_4	ENSG00000297575		U_ENSG00000297575.1	chr16	81474733	81475061	+	328	328.0	sense_overlapping	ENSG00000153815	18	15	14	14	12	1	0.0238	0.0144	0.0648	282.7	313.0	HLbalEde1,HLcamDro2,HLdidVir1,HLeleMax1,HLmanJav2,HLnotEug3,HLpteVam2,bosTau9,canFam5,dasNov3,equCab3,eriEur2,felCat9,mm39,monDom5,rheMac10,rn7,susScr11
ENSG00000297577_core_1	ENSG00000297577		U_ENSG00000297577.1	chr14	74980982	74981230	-	248	248.0	intergenic	.	18	13	10	8	8	1	0.0378	0.0351	0.0972	199.1	231.5	HLbalEde1,HLcamDro2,HLdidVir1,HLeleMax1,HLmanJav2,HLnotEug3,HLoryCun3,HLpteVam2,bosTau9,canFam5,dasNov3,equCab3,eriEur2,felCat9,mm39,rheMac10,rn7,susScr11
ENSG00000297638_core_2	ENSG00000297638		U_ENSG00000297638.1	chr13	99971754	99972067	+	313	313.0	antisense	ENSG00000139800	18	17	17	17	17	11	0.0125	0.009	0.0597	301.7	313.0	HLbalEde1,HLcamDro2,HLdidVir1,HLmanJav2,HLnotEug3,HLoryCun3,HLpteVam2,bosTau9,canFam5,dasNov3,equCab3,eriEur2,felCat9,mm39,monDom5,rheMac10,rn7,susScr11
ENSG00000297670_core_2	ENSG00000297670		U_ENSG00000297670.1	chr7	44796110	44796485	-	375	375.0	near_coding_5kb	.	18	16	14	10	6	1	0.0331	0.0286	0.0922	304.7	343.5	HLbalEde1,HLcamDro2,HLdidVir1,HLmanJav2,HLnotEug3,HLoryCun3,HLpteVam2,bosTau9,canFam5,dasNov3,equCab3,eriEur2,felCat9,mm39,monDom5,rheMac10,rn7,susScr11
ENSG00000297679_core_2	ENSG00000297679		U_ENSG00000297679.1	chr15	30470718	30470933	+	215	215.0	intergenic	.	18	17	17	17	17	0	0.0184	0.015	0.0574	214.5	214.0	HLbalEde1,HLcamDro2,HLdidVir1,HLeleMax1,HLmanJav2,HLnotEug3,HLoryCun3,HLpteVam2,bosTau9,canFam5,dasNov3,equCab3,felCat9,mm39,monDom5,rheMac10,rn7,susScr11
ENSG00000297705_core_2	ENSG00000297705		U_ENSG00000297705.1	chrX	39755953	39756401	-	448	448.0	intergenic	.	18	15	13	12	6	2	0.03	0.025	0.0709	264.9	227.0	HLbalEde1,HLcamDro2,HLdidVir1,HLeleMax1,HLmanJav2,HLnotEug3,HLpteVam2,bosTau9,canFam5,dasNov3,equCab3,eriEur2,felCat9,mm39,monDom5,rheMac10,rn7,susScr11
ENSG00000297739_core_1	ENSG00000297739		U_ENSG00000297739.1	chr17	67377684	67377892	-	208	208.0	antisense	ENSG00000154217	19	11	11	9	9	0	0.0358	0.0354	0.069	179.1	200.0	HLbalEde1,HLcamDro2,HLdidVir1,HLeleMax1,HLmanJav2,HLnotEug3,HLoryCun3,HLpteVam2,bosTau9,canFam5,dasNov3,equCab3,eriEur2,felCat9,mm39,monDom5,rheMac10,rn7,susScr11
ENSG00000297747_core_1	ENSG00000297747		U_ENSG00000297747.1	chr17	43701456	43701645	-	189	189.0	intergenic	.	18	15	13	13	11	0	0.028	0.0176	0.0907	169.3	185.0	HLbalEde1,HLcamDro2,HLdidVir1,HLeleMax1,HLmanJav2,HLoryCun3,HLpteVam2,bosTau9,canFam5,dasNov3,equCab3,eriEur2,felCat9,mm39,monDom5,rheMac10,rn7,susScr11
ENSG00000297772_core_1	ENSG00000297772		U_ENSG00000297772.1	chr20	21302975	21303143	+	168	168.0	sense_overlapping	ENSG00000088930	18	13	4	2	1	0	0.0476	0.0471	0.0733	150.5	155.5	HLbalEde1,HLcamDro2,HLeleMax1,HLmanJav2,HLnotEug3,HLoryCun3,HLpteVam2,bosTau9,canFam5,dasNov3,equCab3,eriEur2,felCat9,mm39,monDom5,rheMac10,rn7,susScr11
ENSG00000297808_core_2	ENSG00000297808		U_ENSG00000297808.1	chr5	107671893	107672181	+	288	288.0	antisense	ENSG00000184349	18	16	16	16	13	5	0.0213	0.0139	0.0803	224.1	251.5	HLbalEde1,HLcamDro2,HLdidVir1,HLeleMax1,HLmanJav2,HLnotEug3,HLoryCun3,HLpteVam2,bosTau9,canFam5,dasNov3,equCab3,felCat9,mm39,monDom5,rheMac10,rn7,susScr11
ENSG00000297816_core_3	ENSG00000297816		U_ENSG00000297816.1	chr17	33284512	33284760	+	248	248.0	antisense	ENSG00000108684	17	16	14	10	7	0	0.0272	0.0238	0.0637	186.5	169.0	HLbalEde1,HLcamDro2,HLdidVir1,HLeleMax1,HLmanJav2,HLnotEug3,HLoryCun3,HLpteVam2,bosTau9,canFam5,dasNov3,eriEur2,felCat9,mm39,monDom5,rheMac10,susScr11
ENSG00000297831_core_1	ENSG00000297831		U_ENSG00000297831.1	chr15	20157372	20157605	+	233	233.0	intergenic	.	19	19	19	19	19	0	0.0154	0.0155	0.0179	198.4	200.0	HLbalEde1,HLcamDro2,HLdidVir1,HLeleMax1,HLmanJav2,HLnotEug3,HLoryCun3,HLpteVam2,bosTau9,canFam5,dasNov3,equCab3,eriEur2,felCat9,mm39,monDom5,rheMac10,rn7,susScr11
ENSG00000297835_core_1	ENSG00000297835		U_ENSG00000297835.1	chr20	21703042	21703290	+	248	248.0	near_coding_5kb	.	19	16	15	13	2	0	0.032	0.0267	0.0954	187.4	195.0	HLbalEde1,HLcamDro2,HLdidVir1,HLeleMax1,HLmanJav2,HLnotEug3,HLoryCun3,HLpteVam2,bosTau9,canFam5,dasNov3,equCab3,eriEur2,felCat9,mm39,monDom5,rheMac10,rn7,susScr11
ENSG00000297836_core_1	ENSG00000297836		U_ENSG00000297836.1	chr6	93779079	93779407	-	328	328.0	intergenic	.	18	16	15	15	13	1	0.0239	0.0168	0.0983	243.3	251.0	HLbalEde1,HLcamDro2,HLdidVir1,HLeleMax1,HLmanJav2,HLnotEug3,HLoryCun3,HLpteVam2,bosTau9,canFam5,dasNov3,equCab3,eriEur2,felCat9,mm39,monDom5,rheMac10,susScr11
ENSG00000297847_core_1	ENSG00000297847		U_ENSG00000297847.1	chrX	44872231	44872589	-	358	358.0	near_coding_5kb	.	18	18	14	11	10	1	0.0246	0.0179	0.0462	243.9	220.0	HLbalEde1,HLcamDro2,HLdidVir1,HLeleMax1,HLmanJav2,HLnotEug3,HLpteVam2,bosTau9,canFam5,dasNov3,equCab3,eriEur2,felCat9,mm39,monDom5,rheMac10,rn7,susScr11
ENSG00000297852_core_1	ENSG00000297852		U_ENSG00000297852.1	chr5	107671319	107672127	-	808	808.0	near_coding_5kb	.	19	18	17	15	15	12	0.0147	0.0081	0.0544	450.0	438.0	HLbalEde1,HLcamDro2,HLdidVir1,HLeleMax1,HLmanJav2,HLnotEug3,HLoryCun3,HLpteVam2,bosTau9,canFam5,dasNov3,equCab3,eriEur2,felCat9,mm39,monDom5,rheMac10,rn7,susScr11
ENSG00000297856_core_1	ENSG00000297856		U_ENSG00000297856.1	chr18	77822742	77823110	-	368	368.0	intergenic	.	18	15	15	12	5	1	0.0304	0.0248	0.0884	250.6	225.5	HLbalEde1,HLcamDro2,HLdidVir1,HLeleMax1,HLmanJav2,HLnotEug3,HLoryCun3,HLpteVam2,bosTau9,canFam5,dasNov3,equCab3,felCat9,mm39,monDom5,rheMac10,rn7,susScr11
ENSG00000297987_core_2	ENSG00000297987		U_ENSG00000297987.1	chr18	4509294	4509422	+	128	128.0	near_coding_5kb	.	17	15	14	10	0	0	0.0343	0.0295	0.0614	116.9	125.0	HLbalEde1,HLcamDro2,HLdidVir1,HLeleMax1,HLnotEug3,HLoryCun3,HLpteVam2,bosTau9,canFam5,equCab3,eriEur2,felCat9,mm39,monDom5,rheMac10,rn7,susScr11
ENSG00000298060_core_1	ENSG00000298060		U_ENSG00000298060.1	chr2	28390572	28390860	+	288	288.0	near_coding_5kb	.	19	14	11	7	5	1	0.0364	0.034	0.085	235.0	222.0	HLbalEde1,HLcamDro2,HLdidVir1,HLeleMax1,HLmanJav2,HLnotEug3,HLoryCun3,HLpteVam2,bosTau9,canFam5,dasNov3,equCab3,eriEur2,felCat9,mm39,monDom5,rheMac10,rn7,susScr11
ENSG00000298094_core_1	ENSG00000298094		U_ENSG00000298094.1	chr13	19201574	19201782	-	208	208.0	intergenic	.	19	19	19	19	19	0	0.0142	0.0138	0.0182	180.5	168.0	HLbalEde1,HLcamDro2,HLdidVir1,HLeleMax1,HLmanJav2,HLnotEug3,HLoryCun3,HLpteVam2,bosTau9,canFam5,dasNov3,equCab3,eriEur2,felCat9,mm39,monDom5,rheMac10,rn7,susScr11
ENSG00000298187_core_1	ENSG00000298187		U_ENSG00000298187.1	chr11	49405106	49405274	-	168	168.0	intergenic	.	19	19	18	14	7	0	0.0251	0.023	0.0477	148.8	161.0	HLbalEde1,HLcamDro2,HLdidVir1,HLeleMax1,HLmanJav2,HLnotEug3,HLoryCun3,HLpteVam2,bosTau9,canFam5,dasNov3,equCab3,eriEur2,felCat9,mm39,monDom5,rheMac10,rn7,susScr11
ENSG00000298202_core_1	ENSG00000298202		U_ENSG00000298202.1	chr3	51696989	51697237	-	248	248.0	antisense	ENSG00000164081,ENSG00000164082	19	19	19	19	19	5	0.0118	0.0106	0.0198	232.9	240.0	HLbalEde1,HLcamDro2,HLdidVir1,HLeleMax1,HLmanJav2,HLnotEug3,HLoryCun3,HLpteVam2,bosTau9,canFam5,dasNov3,equCab3,eriEur2,felCat9,mm39,monDom5,rheMac10,rn7,susScr11
ENSG00000298223_core_1	ENSG00000298223		U_ENSG00000298223.1	chr1	203327131	203327339	-	208	208.0	intergenic	.	19	13	10	4	1	0	0.0417	0.0357	0.0857	167.0	157.0	HLbalEde1,HLcamDro2,HLdidVir1,HLeleMax1,HLmanJav2,HLnotEug3,HLoryCun3,HLpteVam2,bosTau9,canFam5,dasNov3,equCab3,eriEur2,felCat9,mm39,monDom5,rheMac10,rn7,susScr11
ENSG00000298243_core_1	ENSG00000298243		U_ENSG00000298243.1	chr1	90718396	90718964	+	568	568.0	near_coding_5kb	.	17	16	16	12	9	1	0.0239	0.0195	0.0722	352.2	335.0	HLbalEde1,HLcamDro2,HLdidVir1,HLeleMax1,HLmanJav2,HLoryCun3,HLpteVam2,bosTau9,canFam5,dasNov3,equCab3,eriEur2,felCat9,mm39,rheMac10,rn7,susScr11
ENSG00000298321_core_1	ENSG00000298321		U_ENSG00000298321.1	chr9	15422167	15422695	-	528	528.0	antisense	ENSG00000164975	17	15	14	12	8	1	0.0294	0.0202	0.0967	337.2	321.0	HLbalEde1,HLcamDro2,HLeleMax1,HLmanJav2,HLoryCun3,HLpteVam2,bosTau9,canFam5,dasNov3,equCab3,eriEur2,felCat9,mm39,monDom5,rheMac10,rn7,susScr11
ENSG00000298332_core_1	ENSG00000298332		U_ENSG00000298332.1	chr13	32586427	32586715	-	288	288.0	antisense	ENSG00000083642	18	18	17	17	17	9	0.0127	0.0102	0.0494	260.2	273.5	HLbalEde1,HLcamDro2,HLdidVir1,HLeleMax1,HLmanJav2,HLnotEug3,HLoryCun3,bosTau9,canFam5,dasNov3,equCab3,eriEur2,felCat9,mm39,monDom5,rheMac10,rn7,susScr11
ENSG00000298336_core_1	ENSG00000298336		U_ENSG00000298336.1	chr6	3455750	3456038	+	288	288.0	antisense	ENSG00000137266	19	15	13	10	8	1	0.0346	0.0294	0.0993	148.9	142.0	HLbalEde1,HLcamDro2,HLdidVir1,HLeleMax1,HLmanJav2,HLnotEug3,HLoryCun3,HLpteVam2,bosTau9,canFam5,dasNov3,equCab3,eriEur2,felCat9,mm39,monDom5,rheMac10,rn7,susScr11
ENSG00000298352_core_1	ENSG00000298352		U_ENSG00000298352.1	chr5	155728559	155728990	+	431	431.0	intergenic	.	18	17	17	16	12	4	0.0194	0.0172	0.0636	297.8	317.0	HLbalEde1,HLcamDro2,HLdidVir1,HLeleMax1,HLmanJav2,HLnotEug3,HLoryCun3,bosTau9,canFam5,dasNov3,equCab3,eriEur2,felCat9,mm39,monDom5,rheMac10,rn7,susScr11
ENSG00000298361_core_1	ENSG00000298361		U_ENSG00000298361.1	chr12	48814456	48814673	-	217	217.0	antisense	ENSG00000167535	18	14	10	4	1	0	0.0423	0.0368	0.0973	160.5	161.5	HLbalEde1,HLcamDro2,HLdidVir1,HLeleMax1,HLmanJav2,HLnotEug3,HLoryCun3,HLpteVam2,bosTau9,canFam5,dasNov3,equCab3,eriEur2,felCat9,mm39,rheMac10,rn7,susScr11
ENSG00000298413_core_1	ENSG00000298413		U_ENSG00000298413.1	chr10	102431133	102431301	-	168	168.0	sense_overlapping	ENSG00000107874	17	6	2	1	1	0	0.0678	0.075	0.0982	144.0	149.0	HLbalEde1,HLcamDro2,HLdidVir1,HLeleMax1,HLmanJav2,HLnotEug3,HLoryCun3,HLpteVam2,bosTau9,canFam5,dasNov3,equCab3,felCat9,mm39,monDom5,rheMac10,rn7
ENSG00000298466_core_1	ENSG00000298466	CEP170P1	U_ENSG00000298466.1	chr4	118523318	118523445	+	127	127.0	intergenic	.	19	17	17	16	2	0	0.0272	0.0233	0.0615	117.6	127.0	HLbalEde1,HLcamDro2,HLdidVir1,HLeleMax1,HLmanJav2,HLnotEug3,HLoryCun3,HLpteVam2,bosTau9,canFam5,dasNov3,equCab3,eriEur2,felCat9,mm39,monDom5,rheMac10,rn7,susScr11
ENSG00000298466_core_3	ENSG00000298466	CEP170P1	U_ENSG00000298466.1	chr4	118553816	118554104	+	288	288.0	intergenic	.	17	17	17	17	16	11	0.0105	0.0095	0.0259	264.6	274.0	HLbalEde1,HLcamDro2,HLeleMax1,HLmanJav2,HLnotEug3,HLoryCun3,HLpteVam2,bosTau9,canFam5,dasNov3,equCab3,eriEur2,mm39,monDom5,rheMac10,rn7,susScr11
ENSG00000298520_core_1	ENSG00000298520		U_ENSG00000298520.1	chr2	27409604	27409852	+	248	248.0	antisense	ENSG00000115241	18	16	15	14	13	0	0.0227	0.0161	0.0571	235.6	246.0	HLbalEde1,HLcamDro2,HLdidVir1,HLeleMax1,HLmanJav2,HLnotEug3,HLoryCun3,HLpteVam2,bosTau9,canFam5,dasNov3,equCab3,felCat9,mm39,monDom5,rheMac10,rn7,susScr11
ENSG00000298550_core_1	ENSG00000298550		U_ENSG00000298550.1	chr4	17781482	17781730	+	248	248.0	antisense	ENSG00000047662,ENSG00000163257	18	15	15	13	11	1	0.0274	0.0168	0.0744	225.6	244.5	HLbalEde1,HLcamDro2,HLdidVir1,HLeleMax1,HLmanJav2,HLnotEug3,HLoryCun3,HLpteVam2,bosTau9,canFam5,dasNov3,equCab3,eriEur2,felCat9,mm39,rheMac10,rn7,susScr11
ENSG00000298582_core_1	ENSG00000298582		U_ENSG00000298582.1	chr10	61157309	61157437	-	128	128.0	intergenic	.	17	17	17	14	0	0	0.0261	0.0254	0.0337	118.2	121.0	HLbalEde1,HLcamDro2,HLdidVir1,HLmanJav2,HLnotEug3,HLoryCun3,HLpteVam2,bosTau9,canFam5,equCab3,eriEur2,felCat9,mm39,monDom5,rheMac10,rn7,susScr11
ENSG00000298609_core_4	ENSG00000298609		U_ENSG00000298609.1	chr22	41380932	41381260	-	328	328.0	antisense	ENSG00000167074	19	16	15	14	11	1	0.0266	0.0177	0.0763	272.2	303.0	HLbalEde1,HLcamDro2,HLdidVir1,HLeleMax1,HLmanJav2,HLnotEug3,HLoryCun3,HLpteVam2,bosTau9,canFam5,dasNov3,equCab3,eriEur2,felCat9,mm39,monDom5,rheMac10,rn7,susScr11
ENSG00000298619_core_1	ENSG00000298619		U_ENSG00000298619.1	chr8	128554920	128555204	+	284	284.0	intergenic	.	18	17	16	16	15	4	0.0172	0.0106	0.0756	253.4	282.0	HLbalEde1,HLcamDro2,HLdidVir1,HLeleMax1,HLmanJav2,HLoryCun3,HLpteVam2,bosTau9,canFam5,dasNov3,equCab3,eriEur2,felCat9,mm39,monDom5,rheMac10,rn7,susScr11
ENSG00000298647_core_1	ENSG00000298647		U_ENSG00000298647.1	chr5	139637787	139638355	-	568	568.0	intergenic	.	18	16	13	13	10	5	0.025	0.0181	0.0768	321.3	314.0	HLbalEde1,HLcamDro2,HLdidVir1,HLeleMax1,HLmanJav2,HLoryCun3,HLpteVam2,bosTau9,canFam5,dasNov3,equCab3,eriEur2,felCat9,mm39,monDom5,rheMac10,rn7,susScr11
ENSG00000298665_core_2	ENSG00000298665		U_ENSG00000298665.1	chr22	37608539	37608705	-	166	166.0	antisense	ENSG00000100083	19	18	17	16	6	0	0.0255	0.0232	0.0507	160.3	163.0	HLbalEde1,HLcamDro2,HLdidVir1,HLeleMax1,HLmanJav2,HLnotEug3,HLoryCun3,HLpteVam2,bosTau9,canFam5,dasNov3,equCab3,eriEur2,felCat9,mm39,monDom5,rheMac10,rn7,susScr11
ENSG00000298712_core_1	ENSG00000298712		U_ENSG00000298712.1	chr3	153160659	153160987	+	328	328.0	near_coding_5kb	.	17	12	9	8	4	1	0.0415	0.0314	0.0964	211.4	220.0	HLbalEde1,HLcamDro2,HLeleMax1,HLmanJav2,HLnotEug3,HLoryCun3,HLpteVam2,bosTau9,canFam5,dasNov3,equCab3,eriEur2,felCat9,mm39,monDom5,rheMac10,susScr11
ENSG00000298719_core_1	ENSG00000298719		U_ENSG00000298719.1	chr3	126476401	126476634	+	233	233.0	near_coding_5kb	.	17	1	1	1	1	0	0.0717	0.0749	0.0929	203.4	217.0	HLbalEde1,HLcamDro2,HLdidVir1,HLeleMax1,HLmanJav2,HLoryCun3,bosTau9,canFam5,dasNov3,equCab3,eriEur2,felCat9,mm39,monDom5,rheMac10,rn7,susScr11
ENSG00000298765_core_2	ENSG00000298765		U_ENSG00000298765.1	chr22	23952132	23952296	+	164	164.0	near_coding_5kb	.	17	15	14	12	4	0	0.0303	0.0235	0.0831	155.0	161.0	HLbalEde1,HLcamDro2,HLdidVir1,HLeleMax1,HLmanJav2,HLoryCun3,HLpteVam2,bosTau9,canFam5,dasNov3,equCab3,eriEur2,felCat9,monDom5,rheMac10,rn7,susScr11
ENSG00000298794_core_1	ENSG00000298794		U_ENSG00000298794.1	chr10	100681531	100681659	-	128	128.0	intergenic	.	17	15	12	10	0	0	0.0362	0.0296	0.0761	106.8	126.0	HLcamDro2,HLdidVir1,HLeleMax1,HLmanJav2,HLnotEug3,HLoryCun3,HLpteVam2,bosTau9,canFam5,dasNov3,equCab3,felCat9,mm39,monDom5,rheMac10,rn7,susScr11
ENSG00000298810_core_2	ENSG00000298810		U_ENSG00000298810.1	chr22	23967309	23967677	-	368	368.0	antisense	ENSG00000099974	18	18	17	17	14	1	0.0175	0.0154	0.05	247.3	234.0	HLbalEde1,HLcamDro2,HLdidVir1,HLeleMax1,HLmanJav2,HLoryCun3,HLpteVam2,bosTau9,canFam5,dasNov3,equCab3,eriEur2,felCat9,mm39,monDom5,rheMac10,rn7,susScr11
ENSG00000298856_core_2	ENSG00000298856		U_ENSG00000298856.1	chr12	92466503	92466719	-	216	216.0	intergenic	.	19	15	15	13	7	0	0.0329	0.0238	0.0939	178.4	196.0	HLbalEde1,HLcamDro2,HLdidVir1,HLeleMax1,HLmanJav2,HLnotEug3,HLoryCun3,HLpteVam2,bosTau9,canFam5,dasNov3,equCab3,eriEur2,felCat9,mm39,monDom5,rheMac10,rn7,susScr11
ENSG00000298859_core_1	ENSG00000298859		U_ENSG00000298859.1	chr8	125429141	125429309	-	168	168.0	near_coding_5kb	.	18	15	13	10	4	0	0.0336	0.0256	0.0694	143.9	160.0	HLbalEde1,HLcamDro2,HLdidVir1,HLeleMax1,HLmanJav2,HLnotEug3,HLoryCun3,HLpteVam2,bosTau9,canFam5,dasNov3,equCab3,felCat9,mm39,monDom5,rheMac10,rn7,susScr11
ENSG00000298878_core_1	ENSG00000298878		U_ENSG00000298878.1	chr6	110874494	110874669	-	175	175.0	near_coding_5kb	.	19	16	14	13	2	0	0.0312	0.0235	0.066	164.6	171.0	HLbalEde1,HLcamDro2,HLdidVir1,HLeleMax1,HLmanJav2,HLnotEug3,HLoryCun3,HLpteVam2,bosTau9,canFam5,dasNov3,equCab3,eriEur2,felCat9,mm39,monDom5,rheMac10,rn7,susScr11
ENSG00000298941_core_1	ENSG00000298941		U_ENSG00000298941.1	chr12	16946875	16947006	-	131	131.0	intergenic	.	17	16	15	6	0	0	0.0336	0.0322	0.0539	130.6	131.0	HLbalEde1,HLcamDro2,HLdidVir1,HLeleMax1,HLmanJav2,HLnotEug3,HLoryCun3,HLpteVam2,bosTau9,canFam5,dasNov3,equCab3,mm39,monDom5,rheMac10,rn7,susScr11
ENSG00000298944_core_1	ENSG00000298944		U_ENSG00000298944.1	chr1	72283305	72283553	-	248	248.0	near_coding_5kb	.	17	15	13	9	7	1	0.0327	0.0227	0.0972	178.5	186.0	HLbalEde1,HLcamDro2,HLeleMax1,HLmanJav2,HLnotEug3,HLoryCun3,HLpteVam2,bosTau9,canFam5,dasNov3,equCab3,eriEur2,felCat9,mm39,rheMac10,rn7,susScr11
ENSG00000299019_core_1	ENSG00000299019		U_ENSG00000299019.1	chr10	73771700	73772428	-	728	728.0	antisense	ENSG00000176986,ENSG00000196968	19	17	16	16	13	6	0.0193	0.0141	0.0574	378.8	308.0	HLbalEde1,HLcamDro2,HLdidVir1,HLeleMax1,HLmanJav2,HLnotEug3,HLoryCun3,HLpteVam2,bosTau9,canFam5,dasNov3,equCab3,eriEur2,felCat9,mm39,monDom5,rheMac10,rn7,susScr11
ENSG00000299086_core_1	ENSG00000299086		U_ENSG00000299086.1	chr4	46928443	46928719	+	276	276.0	antisense	ENSG00000109158,ENSG00000170516	18	16	16	16	15	2	0.019	0.0119	0.0694	236.2	250.0	HLbalEde1,HLcamDro2,HLdidVir1,HLeleMax1,HLmanJav2,HLnotEug3,HLoryCun3,HLpteVam2,bosTau9,canFam5,equCab3,eriEur2,felCat9,mm39,monDom5,rheMac10,rn7,susScr11
ENSG00000299092_core_1	ENSG00000299092		U_ENSG00000299092.1	chr3	38138299	38138787	-	488	488.0	antisense	ENSG00000172936	17	17	15	14	11	5	0.0202	0.0171	0.0425	328.8	277.0	HLbalEde1,HLcamDro2,HLdidVir1,HLmanJav2,HLnotEug3,HLoryCun3,HLpteVam2,bosTau9,canFam5,dasNov3,equCab3,eriEur2,felCat9,mm39,rheMac10,rn7,susScr11
ENSG00000299103_core_1	ENSG00000299103		U_ENSG00000299103.1	chr22	27801775	27802058	-	283	283.0	near_coding_5kb	.	17	17	15	7	7	2	0.0269	0.0307	0.0484	200.0	246.0	HLbalEde1,HLcamDro2,HLdidVir1,HLeleMax1,HLmanJav2,HLoryCun3,HLpteVam2,bosTau9,canFam5,dasNov3,equCab3,felCat9,mm39,monDom5,rheMac10,rn7,susScr11
ENSG00000299128_core_1	ENSG00000299128		U_ENSG00000299128.1	chr6	26044127	26044255	+	128	128.0	near_coding_5kb	.	17	16	14	0	0	0	0.0381	0.0334	0.0841	111.7	117.0	HLcamDro2,HLdidVir1,HLeleMax1,HLmanJav2,HLoryCun3,HLpteVam2,bosTau9,canFam5,dasNov3,equCab3,eriEur2,felCat9,mm39,monDom5,rheMac10,rn7,susScr11
ENSG00000299129_core_3	ENSG00000299129		U_ENSG00000299129.1	chr19	51323587	51323919	-	332	332.0	antisense	ENSG00000142549	17	17	17	16	14	4	0.0149	0.014	0.0324	208.2	201.0	HLbalEde1,HLcamDro2,HLdidVir1,HLeleMax1,HLmanJav2,HLnotEug3,HLpteVam2,bosTau9,canFam5,equCab3,eriEur2,felCat9,mm39,monDom5,rheMac10,rn7,susScr11
ENSG00000299163_core_1	ENSG00000299163		U_ENSG00000299163.1	chr1	23948970	23949382	-	412	412.0	antisense	ENSG00000189266	18	17	14	13	6	2	0.0275	0.0251	0.0712	234.2	199.0	HLbalEde1,HLcamDro2,HLdidVir1,HLeleMax1,HLmanJav2,HLnotEug3,HLoryCun3,HLpteVam2,bosTau9,canFam5,dasNov3,equCab3,eriEur2,felCat9,mm39,monDom5,rn7,susScr11
ENSG00000299191_core_1	ENSG00000299191		U_ENSG00000299191.1	chr11	127105884	127106092	-	208	208.0	intergenic	.	19	18	17	14	7	0	0.0258	0.0206	0.0534	180.4	207.0	HLbalEde1,HLcamDro2,HLdidVir1,HLeleMax1,HLmanJav2,HLnotEug3,HLoryCun3,HLpteVam2,bosTau9,canFam5,dasNov3,equCab3,eriEur2,felCat9,mm39,monDom5,rheMac10,rn7,susScr11
ENSG00000299210_core_2	ENSG00000299210		U_ENSG00000299210.1	chr17	39200366	39200734	-	368	368.0	antisense	ENSG00000108298	19	13	13	9	4	0	0.0374	0.0305	0.0846	234.5	240.0	HLbalEde1,HLcamDro2,HLdidVir1,HLeleMax1,HLmanJav2,HLnotEug3,HLoryCun3,HLpteVam2,bosTau9,canFam5,dasNov3,equCab3,eriEur2,felCat9,mm39,monDom5,rheMac10,rn7,susScr11
ENSG00000299231_core_3	ENSG00000299231		U_ENSG00000299231.1	chr16	55056955	55057203	-	248	248.0	intergenic	.	19	18	18	18	15	0	0.018	0.0129	0.0725	179.6	176.0	HLbalEde1,HLcamDro2,HLdidVir1,HLeleMax1,HLmanJav2,HLnotEug3,HLoryCun3,HLpteVam2,bosTau9,canFam5,dasNov3,equCab3,eriEur2,felCat9,mm39,monDom5,rheMac10,rn7,susScr11
ENSG00000299297_core_2	ENSG00000299297		U_ENSG00000299297.1	chr15	55196952	55197480	+	528	528.0	antisense	ENSG00000137876	18	12	10	6	3	0	0.0462	0.0392	0.0943	243.2	230.0	HLbalEde1,HLcamDro2,HLdidVir1,HLeleMax1,HLmanJav2,HLnotEug3,HLoryCun3,HLpteVam2,bosTau9,canFam5,dasNov3,equCab3,felCat9,mm39,monDom5,rheMac10,rn7,susScr11
ENSG00000299309_core_1	ENSG00000299309		U_ENSG00000299309.1	chr1	114014921	114015129	-	208	208.0	antisense	ENSG00000116774	17	14	13	12	8	0	0.0292	0.0207	0.0665	150.1	157.0	HLbalEde1,HLcamDro2,HLdidVir1,HLeleMax1,HLmanJav2,HLoryCun3,HLpteVam2,bosTau9,canFam5,dasNov3,equCab3,eriEur2,felCat9,mm39,monDom5,rn7,susScr11
ENSG00000299350_core_1	ENSG00000299350		U_ENSG00000299350.1	chr5	117262730	117262938	+	208	208.0	intergenic	.	19	18	17	14	7	0	0.0257	0.0239	0.0535	169.1	202.0	HLbalEde1,HLcamDro2,HLdidVir1,HLeleMax1,HLmanJav2,HLnotEug3,HLoryCun3,HLpteVam2,bosTau9,canFam5,dasNov3,equCab3,eriEur2,felCat9,mm39,monDom5,rheMac10,rn7,susScr11
ENSG00000299358_core_1	ENSG00000299358		U_ENSG00000299358.1	chr9	86282195	86282563	+	368	368.0	antisense	ENSG00000083223,ENSG00000135070	18	18	17	17	17	11	0.0127	0.0099	0.0448	323.8	353.5	HLbalEde1,HLcamDro2,HLdidVir1,HLeleMax1,HLmanJav2,HLoryCun3,HLpteVam2,bosTau9,canFam5,dasNov3,equCab3,eriEur2,felCat9,mm39,monDom5,rheMac10,rn7,susScr11
ENSG00000299466_core_2	ENSG00000299466		U_ENSG00000299466.1	chr2	236162176	236162384	-	208	208.0	near_coding_5kb	.	18	10	9	4	1	0	0.0484	0.0432	0.0905	173.6	180.0	HLbalEde1,HLcamDro2,HLdidVir1,HLeleMax1,HLmanJav2,HLnotEug3,HLoryCun3,HLpteVam2,bosTau9,canFam5,dasNov3,equCab3,felCat9,mm39,monDom5,rheMac10,rn7,susScr11
ENSG00000299506_core_2	ENSG00000299506		U_ENSG00000299506.1	chr16	67394227	67394635	+	408	408.0	antisense	ENSG00000159714	17	16	16	16	13	2	0.0176	0.0113	0.094	303.6	318.0	HLbalEde1,HLcamDro2,HLeleMax1,HLmanJav2,HLoryCun3,HLpteVam2,bosTau9,canFam5,dasNov3,equCab3,eriEur2,felCat9,mm39,monDom5,rheMac10,rn7,susScr11
ENSG00000299525_core_2	ENSG00000299525		U_ENSG00000299525.1	chr5	122775441	122775644	-	203	203.0	antisense	ENSG00000205302	17	9	9	5	0	0	0.0514	0.0394	0.0993	134.9	130.0	HLbalEde1,HLcamDro2,HLdidVir1,HLeleMax1,HLmanJav2,HLnotEug3,HLoryCun3,HLpteVam2,bosTau9,dasNov3,equCab3,eriEur2,felCat9,mm39,rheMac10,rn7,susScr11
ENSG00000299646_core_2	ENSG00000299646		U_ENSG00000299646.1	chr13	24944375	24944540	+	165	165.0	near_coding_5kb	.	17	16	16	14	5	0	0.026	0.0213	0.0696	155.4	163.0	HLbalEde1,HLcamDro2,HLdidVir1,HLeleMax1,HLmanJav2,HLnotEug3,HLoryCun3,bosTau9,canFam5,dasNov3,eriEur2,felCat9,mm39,monDom5,rheMac10,rn7,susScr11
ENSG00000299666_core_2	ENSG00000299666		U_ENSG00000299666.1	chr17	75779777	75780145	+	368	368.0	antisense	ENSG00000132475	18	18	18	18	18	14	0.0089	0.0087	0.011	301.1	288.0	HLbalEde1,HLcamDro2,HLdidVir1,HLmanJav2,HLnotEug3,HLoryCun3,HLpteVam2,bosTau9,canFam5,dasNov3,equCab3,eriEur2,felCat9,mm39,monDom5,rheMac10,rn7,susScr11
ENSG00000299667_core_1	ENSG00000299667		U_ENSG00000299667.1	chr3	129483349	129483677	-	328	328.0	antisense	ENSG00000163913	17	15	15	14	13	3	0.0201	0.0116	0.0655	224.1	224.0	HLcamDro2,HLdidVir1,HLeleMax1,HLmanJav2,HLnotEug3,HLoryCun3,HLpteVam2,bosTau9,canFam5,dasNov3,equCab3,eriEur2,mm39,monDom5,rheMac10,rn7,susScr11
ENSG00000299722_core_1	ENSG00000299722		U_ENSG00000299722.1	chr1	226186890	226187079	+	189	189.0	near_coding_5kb	.	19	7	5	3	1	0	0.054	0.0568	0.0931	163.9	178.0	HLbalEde1,HLcamDro2,HLdidVir1,HLeleMax1,HLmanJav2,HLnotEug3,HLoryCun3,HLpteVam2,bosTau9,canFam5,dasNov3,equCab3,eriEur2,felCat9,mm39,monDom5,rheMac10,rn7,susScr11
ENSG00000299786_core_1	ENSG00000299786		U_ENSG00000299786.1	chr20	52410477	52410685	+	208	208.0	intergenic	.	19	18	18	18	18	0	0.0167	0.0146	0.0564	174.1	159.0	HLbalEde1,HLcamDro2,HLdidVir1,HLeleMax1,HLmanJav2,HLnotEug3,HLoryCun3,HLpteVam2,bosTau9,canFam5,dasNov3,equCab3,eriEur2,felCat9,mm39,monDom5,rheMac10,rn7,susScr11
ENSG00000299793_core_1	ENSG00000299793		U_ENSG00000299793.1	chr6	146027611	146027899	-	288	288.0	antisense	ENSG00000152822	17	16	16	15	14	2	0.0156	0.0109	0.0508	240.9	260.0	HLbalEde1,HLcamDro2,HLeleMax1,HLmanJav2,HLoryCun3,HLpteVam2,bosTau9,canFam5,dasNov3,equCab3,eriEur2,felCat9,mm39,monDom5,rheMac10,rn7,susScr11
ENSG00000299814_core_1	ENSG00000299814		U_ENSG00000299814.1	chr5	131797234	131797522	+	288	288.0	near_coding_5kb	.	17	16	14	12	6	1	0.0285	0.022	0.0841	257.1	286.0	HLbalEde1,HLcamDro2,HLeleMax1,HLmanJav2,HLnotEug3,HLoryCun3,HLpteVam2,bosTau9,canFam5,dasNov3,equCab3,eriEur2,felCat9,mm39,rheMac10,rn7,susScr11
ENSG00000299828_core_1	ENSG00000299828		U_ENSG00000299828.1	chr11	75668441	75669350	+	909	909.0	antisense	ENSG00000171533	18	18	18	15	10	9	0.0165	0.0107	0.0347	598.6	564.5	HLbalEde1,HLcamDro2,HLdidVir1,HLeleMax1,HLmanJav2,HLoryCun3,HLpteVam2,bosTau9,canFam5,dasNov3,equCab3,eriEur2,felCat9,mm39,monDom5,rheMac10,rn7,susScr11
ENSG00000299829_core_2	ENSG00000299829		U_ENSG00000299829.1	chr7	55699002	55699148	-	146	146.0	intergenic	.	19	19	19	18	14	0	0.0197	0.018	0.0343	143.5	146.0	HLbalEde1,HLcamDro2,HLdidVir1,HLeleMax1,HLmanJav2,HLnotEug3,HLoryCun3,HLpteVam2,bosTau9,canFam5,dasNov3,equCab3,eriEur2,felCat9,mm39,monDom5,rheMac10,rn7,susScr11
ENSG00000299868_core_1	ENSG00000299868		U_ENSG00000299868.1	chr1	26621051	26621229	+	178	178.0	intergenic	.	19	18	15	14	3	0	0.029	0.0252	0.0556	167.8	176.0	HLbalEde1,HLcamDro2,HLdidVir1,HLeleMax1,HLmanJav2,HLnotEug3,HLoryCun3,HLpteVam2,bosTau9,canFam5,dasNov3,equCab3,eriEur2,felCat9,mm39,monDom5,rheMac10,rn7,susScr11
ENSG00000299884_core_2	ENSG00000299884		U_ENSG00000299884.1	chr6	154089891	154090198	-	307	307.0	antisense	ENSG00000112038	19	19	18	16	15	11	0.0149	0.0094	0.0449	236.1	271.0	HLbalEde1,HLcamDro2,HLdidVir1,HLeleMax1,HLmanJav2,HLnotEug3,HLoryCun3,HLpteVam2,bosTau9,canFam5,dasNov3,equCab3,eriEur2,felCat9,mm39,monDom5,rheMac10,rn7,susScr11
ENSG00000299940_core_1	ENSG00000299940		U_ENSG00000299940.1	chr12	62602847	62603158	+	311	311.0	near_coding_5kb	.	19	19	18	12	10	1	0.023	0.0187	0.0412	295.4	309.0	HLbalEde1,HLcamDro2,HLdidVir1,HLeleMax1,HLmanJav2,HLnotEug3,HLoryCun3,HLpteVam2,bosTau9,canFam5,dasNov3,equCab3,eriEur2,felCat9,mm39,monDom5,rheMac10,rn7,susScr11
ENSG00000299952_core_2	ENSG00000299952		U_ENSG00000299952.1	chr19	54698299	54698497	+	198	198.0	intergenic	.	17	15	15	15	13	0	0.0211	0.0152	0.0603	190.5	198.0	HLbalEde1,HLcamDro2,HLdidVir1,HLeleMax1,HLmanJav2,HLoryCun3,HLpteVam2,bosTau9,canFam5,dasNov3,equCab3,eriEur2,felCat9,mm39,rheMac10,rn7,susScr11
ENSG00000299992_core_1	ENSG00000299992		U_ENSG00000299992.1	chr5	154190082	154190410	-	328	328.0	antisense	ENSG00000037749	19	17	15	14	9	1	0.0258	0.0201	0.0621	274.7	303.0	HLbalEde1,HLcamDro2,HLdidVir1,HLeleMax1,HLmanJav2,HLnotEug3,HLoryCun3,HLpteVam2,bosTau9,canFam5,dasNov3,equCab3,eriEur2,felCat9,mm39,monDom5,rheMac10,rn7,susScr11
ENSG00000300062_core_1	ENSG00000300062		U_ENSG00000300062.1	chr4	165872487	165872843	+	356	356.0	near_coding_5kb	.	17	13	12	10	10	0	0.0304	0.0153	0.0827	213.0	206.0	HLbalEde1,HLcamDro2,HLdidVir1,HLeleMax1,HLmanJav2,HLnotEug3,HLoryCun3,HLpteVam2,bosTau9,dasNov3,eriEur2,felCat9,mm39,monDom5,rheMac10,rn7,susScr11
ENSG00000300150_core_2	ENSG00000300150		U_ENSG00000300150.1	chr22	24260738	24260901	-	163	163.0	intergenic	.	17	17	17	17	13	0	0.019	0.0185	0.023	160.2	163.0	HLbalEde1,HLcamDro2,HLdidVir1,HLeleMax1,HLmanJav2,HLnotEug3,HLoryCun3,HLpteVam2,bosTau9,dasNov3,equCab3,eriEur2,felCat9,mm39,rheMac10,rn7,susScr11
ENSG00000300154_core_1	ENSG00000300154		U_ENSG00000300154.1	chrX	41085022	41085230	+	208	208.0	near_coding_5kb	.	19	12	8	7	4	0	0.0429	0.0484	0.0751	161.4	168.0	HLbalEde1,HLcamDro2,HLdidVir1,HLeleMax1,HLmanJav2,HLnotEug3,HLoryCun3,HLpteVam2,bosTau9,canFam5,dasNov3,equCab3,eriEur2,felCat9,mm39,monDom5,rheMac10,rn7,susScr11
ENSG00000300174_core_3	ENSG00000300174		U_ENSG00000300174.1	chr22	24249290	24249478	-	188	188.0	near_coding_5kb	.	17	17	17	17	16	0	0.0158	0.0159	0.021	187.6	188.0	HLbalEde1,HLcamDro2,HLeleMax1,HLmanJav2,HLnotEug3,HLoryCun3,HLpteVam2,bosTau9,canFam5,dasNov3,equCab3,eriEur2,felCat9,mm39,rheMac10,rn7,susScr11
ENSG00000300175_core_2	ENSG00000300175		U_ENSG00000300175.1	chr2	28436694	28436902	-	208	208.0	intergenic	.	18	18	15	14	5	0	0.0254	0.0219	0.0475	176.6	177.0	HLbalEde1,HLcamDro2,HLdidVir1,HLeleMax1,HLmanJav2,HLnotEug3,HLoryCun3,HLpteVam2,bosTau9,canFam5,dasNov3,equCab3,eriEur2,mm39,monDom5,rheMac10,rn7,susScr11
ENSG00000300316_core_1	ENSG00000300316		U_ENSG00000300316.1	chr2	181683487	181683655	-	168	168.0	near_coding_5kb	.	18	18	17	12	4	0	0.0266	0.0258	0.0406	127.3	124.0	HLbalEde1,HLcamDro2,HLdidVir1,HLeleMax1,HLmanJav2,HLnotEug3,HLoryCun3,HLpteVam2,bosTau9,canFam5,dasNov3,equCab3,eriEur2,mm39,monDom5,rheMac10,rn7,susScr11
ENSG00000300378_core_1	ENSG00000300378		U_ENSG00000300378.1	chr1	63367305	63367533	-	228	228.0	sense_overlapping	ENSG00000142856	19	18	17	15	13	1	0.0227	0.0162	0.0755	210.4	222.0	HLbalEde1,HLcamDro2,HLdidVir1,HLeleMax1,HLmanJav2,HLnotEug3,HLoryCun3,HLpteVam2,bosTau9,canFam5,dasNov3,equCab3,eriEur2,felCat9,mm39,monDom5,rheMac10,rn7,susScr11
ENSG00000300431_core_1	ENSG00000300431		U_ENSG00000300431.1	chr16	29116187	29116435	-	248	248.0	intergenic	.	19	19	18	17	11	1	0.0215	0.0184	0.0444	208.2	218.0	HLbalEde1,HLcamDro2,HLdidVir1,HLeleMax1,HLmanJav2,HLnotEug3,HLoryCun3,HLpteVam2,bosTau9,canFam5,dasNov3,equCab3,eriEur2,felCat9,mm39,monDom5,rheMac10,rn7,susScr11
ENSG00000300477_core_1	ENSG00000300477		U_ENSG00000300477.1	chr2	189879479	189879674	-	195	195.0	antisense	ENSG00000064933,ENSG00000187699	17	8	4	1	1	0	0.052	0.051	0.0787	164.9	181.0	HLbalEde1,HLcamDro2,HLdidVir1,HLeleMax1,HLnotEug3,HLoryCun3,HLpteVam2,bosTau9,canFam5,dasNov3,equCab3,eriEur2,felCat9,monDom5,rheMac10,rn7,susScr11
ENSG00000300501_core_1	ENSG00000300501		U_ENSG00000300501.1	chr1	100332074	100332282	-	208	208.0	antisense	ENSG00000079335	19	18	18	13	10	0	0.0268	0.0193	0.0954	174.4	186.0	HLbalEde1,HLcamDro2,HLdidVir1,HLeleMax1,HLmanJav2,HLnotEug3,HLoryCun3,HLpteVam2,bosTau9,canFam5,dasNov3,equCab3,eriEur2,felCat9,mm39,monDom5,rheMac10,rn7,susScr11
ENSG00000300504_core_1	ENSG00000300504		U_ENSG00000300504.1	chr1	31951891	31952139	-	248	248.0	intergenic	.	17	15	15	14	13	0	0.0226	0.017	0.0724	197.1	198.0	HLcamDro2,HLdidVir1,HLeleMax1,HLmanJav2,HLoryCun3,HLpteVam2,bosTau9,canFam5,dasNov3,equCab3,eriEur2,felCat9,mm39,monDom5,rheMac10,rn7,susScr11
ENSG00000300536_core_1	ENSG00000300536		U_ENSG00000300536.1	chr1	160031821	160032424	+	603	603.0	antisense	ENSG00000143315,ENSG00000177807	19	16	16	12	12	5	0.0243	0.015	0.0802	408.5	471.0	HLbalEde1,HLcamDro2,HLdidVir1,HLeleMax1,HLmanJav2,HLnotEug3,HLoryCun3,HLpteVam2,bosTau9,canFam5,dasNov3,equCab3,eriEur2,felCat9,mm39,monDom5,rheMac10,rn7,susScr11
ENSG00000300592_core_1	ENSG00000300592		U_ENSG00000300592.1	chr2	65129892	65130540	+	648	648.0	antisense	ENSG00000138069	19	18	18	18	18	18	0.008	0.004	0.0738	594.7	641.0	HLbalEde1,HLcamDro2,HLdidVir1,HLeleMax1,HLmanJav2,HLnotEug3,HLoryCun3,HLpteVam2,bosTau9,canFam5,dasNov3,equCab3,eriEur2,felCat9,mm39,monDom5,rheMac10,rn7,susScr11
ENSG00000300682_core_1	ENSG00000300682		U_ENSG00000300682.1	chr14	56794592	56794880	+	288	288.0	near_coding_5kb	.	17	16	16	13	5	0	0.0274	0.024	0.0853	264.4	275.0	HLbalEde1,HLcamDro2,HLdidVir1,HLeleMax1,HLmanJav2,HLoryCun3,HLpteVam2,bosTau9,canFam5,dasNov3,equCab3,eriEur2,felCat9,mm39,rheMac10,rn7,susScr11
ENSG00000300691_core_1	ENSG00000300691		U_ENSG00000300691.1	chr9	96418900	96419188	+	288	288.0	near_coding_5kb	.	18	10	9	8	3	1	0.0399	0.0372	0.0789	258.8	266.0	HLbalEde1,HLcamDro2,HLdidVir1,HLeleMax1,HLmanJav2,HLoryCun3,HLpteVam2,bosTau9,canFam5,dasNov3,equCab3,eriEur2,felCat9,mm39,monDom5,rheMac10,rn7,susScr11
ENSG00000300693_core_1	ENSG00000300693		U_ENSG00000300693.1	chr1	36386437	36386648	+	211	211.0	antisense	ENSG00000181817	18	15	15	15	10	0	0.0307	0.0198	0.0879	160.7	163.5	HLbalEde1,HLcamDro2,HLdidVir1,HLeleMax1,HLnotEug3,HLoryCun3,HLpteVam2,bosTau9,canFam5,dasNov3,equCab3,eriEur2,felCat9,mm39,monDom5,rheMac10,rn7,susScr11
ENSG00000300712_core_1	ENSG00000300712		U_ENSG00000300712.1	chr1	36386075	36386323	-	248	248.0	near_coding_5kb	.	17	14	14	11	5	0	0.0296	0.0226	0.0654	184.6	168.0	HLbalEde1,HLcamDro2,HLdidVir1,HLeleMax1,HLmanJav2,HLoryCun3,HLpteVam2,bosTau9,canFam5,dasNov3,equCab3,eriEur2,felCat9,mm39,rheMac10,rn7,susScr11
ENSG00000300750_core_1	ENSG00000300750		U_ENSG00000300750.1	chr19	13162910	13163134	-	224	224.0	near_coding_5kb	.	17	13	9	7	1	0	0.0432	0.0372	0.0877	200.9	220.0	HLbalEde1,HLcamDro2,HLdidVir1,HLeleMax1,HLmanJav2,HLnotEug3,HLoryCun3,HLpteVam2,bosTau9,canFam5,dasNov3,equCab3,felCat9,mm39,rheMac10,rn7,susScr11
ENSG00000300759_core_1	ENSG00000300759		U_ENSG00000300759.1	chr18	35904685	35904933	-	248	248.0	intergenic	.	19	19	18	16	13	0	0.0205	0.017	0.0412	206.5	200.0	HLbalEde1,HLcamDro2,HLdidVir1,HLeleMax1,HLmanJav2,HLnotEug3,HLoryCun3,HLpteVam2,bosTau9,canFam5,dasNov3,equCab3,eriEur2,felCat9,mm39,monDom5,rheMac10,rn7,susScr11
ENSG00000300775_core_1	ENSG00000300775		U_ENSG00000300775.1	chr15	64835648	64836016	-	368	368.0	near_coding_5kb	.	18	18	16	14	10	1	0.0225	0.0183	0.0446	292.1	300.5	HLbalEde1,HLcamDro2,HLdidVir1,HLeleMax1,HLmanJav2,HLnotEug3,HLoryCun3,HLpteVam2,bosTau9,canFam5,dasNov3,equCab3,eriEur2,felCat9,mm39,rheMac10,rn7,susScr11
ENSG00000300785_core_1	ENSG00000300785		U_ENSG00000300785.1	chr11	107591057	107591185	-	128	128.0	antisense	ENSG00000110675	19	15	14	10	2	0	0.0397	0.0272	0.0908	121.6	125.0	HLbalEde1,HLcamDro2,HLdidVir1,HLeleMax1,HLmanJav2,HLnotEug3,HLoryCun3,HLpteVam2,bosTau9,canFam5,dasNov3,equCab3,eriEur2,felCat9,mm39,monDom5,rheMac10,rn7,susScr11
ENSG00000300787_core_1	ENSG00000300787		U_ENSG00000300787.2	chr9	23851259	23851467	+	208	208.0	intergenic	.	18	10	8	6	1	0	0.0469	0.0486	0.0843	169.4	179.0	HLbalEde1,HLcamDro2,HLdidVir1,HLmanJav2,HLnotEug3,HLoryCun3,HLpteVam2,bosTau9,canFam5,dasNov3,equCab3,eriEur2,felCat9,mm39,monDom5,rheMac10,rn7,susScr11
ENSG00000300806_core_1	ENSG00000300806		U_ENSG00000300806.1	chr14	91510676	91510964	+	288	288.0	near_coding_5kb	.	17	15	15	7	2	1	0.0326	0.0319	0.0622	252.4	275.0	HLbalEde1,HLcamDro2,HLdidVir1,HLeleMax1,HLmanJav2,HLoryCun3,HLpteVam2,bosTau9,canFam5,dasNov3,equCab3,eriEur2,felCat9,mm39,rheMac10,rn7,susScr11
ENSG00000300921_core_1	ENSG00000300921		U_ENSG00000300921.1	chr17	70678468	70678636	-	168	168.0	intergenic	.	17	17	16	12	4	0	0.0262	0.024	0.0461	157.4	166.0	HLbalEde1,HLdidVir1,HLeleMax1,HLmanJav2,HLnotEug3,HLoryCun3,HLpteVam2,bosTau9,dasNov3,equCab3,eriEur2,felCat9,mm39,monDom5,rheMac10,rn7,susScr11
ENSG00000301010_core_1	ENSG00000301010		U_ENSG00000301010.1	chr6	156028903	156029071	+	168	168.0	intergenic	.	18	16	15	12	2	0	0.0299	0.0248	0.0654	151.7	164.5	HLbalEde1,HLcamDro2,HLdidVir1,HLeleMax1,HLmanJav2,HLnotEug3,HLoryCun3,HLpteVam2,bosTau9,canFam5,dasNov3,equCab3,eriEur2,felCat9,mm39,rheMac10,rn7,susScr11
ENSG00000301045_core_1	ENSG00000301045		U_ENSG00000301045.1	chr5	24644889	24645072	+	183	183.0	antisense	ENSG00000040731	18	18	17	17	13	0	0.0172	0.0142	0.0424	171.6	182.5	HLbalEde1,HLcamDro2,HLdidVir1,HLeleMax1,HLmanJav2,HLnotEug3,HLoryCun3,HLpteVam2,bosTau9,dasNov3,equCab3,eriEur2,felCat9,mm39,monDom5,rheMac10,rn7,susScr11
ENSG00000301170_core_1	ENSG00000301170		U_ENSG00000301170.1	chrX	129771679	129772287	-	608	608.0	near_coding_5kb	.	18	15	12	9	6	3	0.0331	0.0272	0.0917	268.8	211.0	HLbalEde1,HLcamDro2,HLdidVir1,HLeleMax1,HLmanJav2,HLnotEug3,HLpteVam2,bosTau9,canFam5,dasNov3,equCab3,eriEur2,felCat9,mm39,monDom5,rheMac10,rn7,susScr11
ENSG00000301230_core_1	ENSG00000301230		U_ENSG00000301230.1	chr1	148679951	148680127	+	176	176.0	near_coding_5kb	.	17	13	10	4	1	0	0.0437	0.0392	0.0882	155.9	164.0	HLbalEde1,HLdidVir1,HLeleMax1,HLmanJav2,HLnotEug3,HLoryCun3,HLpteVam2,bosTau9,dasNov3,equCab3,eriEur2,felCat9,mm39,monDom5,rheMac10,rn7,susScr11
ENSG00000301262_core_1	ENSG00000301262		U_ENSG00000301262.1	chr9	97396049	97396234	-	185	185.0	intergenic	.	17	7	3	1	1	0	0.0565	0.0575	0.0906	143.3	138.0	HLbalEde1,HLcamDro2,HLdidVir1,HLeleMax1,HLmanJav2,HLoryCun3,HLpteVam2,bosTau9,canFam5,dasNov3,equCab3,eriEur2,felCat9,mm39,rheMac10,rn7,susScr11
ENSG00000301282_core_1	ENSG00000301282		U_ENSG00000301282.1	chr20	299560	299728	-	168	168.0	antisense	ENSG00000247315	18	18	18	16	16	0	0.0168	0.014	0.0328	158.2	166.0	HLbalEde1,HLcamDro2,HLdidVir1,HLeleMax1,HLmanJav2,HLoryCun3,HLpteVam2,bosTau9,canFam5,dasNov3,equCab3,eriEur2,felCat9,mm39,monDom5,rheMac10,rn7,susScr11
ENSG00000301306_core_1	ENSG00000301306		U_ENSG00000301306.1	chr22	40637060	40637628	+	568	568.0	near_coding_5kb	.	18	10	9	6	5	2	0.0415	0.0387	0.0837	237.1	248.0	HLbalEde1,HLcamDro2,HLdidVir1,HLeleMax1,HLmanJav2,HLoryCun3,HLpteVam2,bosTau9,canFam5,dasNov3,equCab3,eriEur2,felCat9,mm39,monDom5,rheMac10,rn7,susScr11
ENSG00000301358_core_1	ENSG00000301358		U_ENSG00000301358.1	chr17	28041076	28041244	-	168	168.0	antisense	ENSG00000087095	18	18	18	16	8	0	0.0218	0.0204	0.0347	164.9	167.0	HLbalEde1,HLcamDro2,HLeleMax1,HLmanJav2,HLnotEug3,HLoryCun3,HLpteVam2,bosTau9,canFam5,dasNov3,equCab3,eriEur2,felCat9,mm39,monDom5,rheMac10,rn7,susScr11
ENSG00000301373_core_1	ENSG00000301373		U_ENSG00000301373.1	chr7	112790239	112790487	+	248	248.0	antisense	ENSG00000146802	19	19	19	19	14	1	0.0173	0.0152	0.0292	233.5	240.0	HLbalEde1,HLcamDro2,HLdidVir1,HLeleMax1,HLmanJav2,HLnotEug3,HLoryCun3,HLpteVam2,bosTau9,canFam5,dasNov3,equCab3,eriEur2,felCat9,mm39,monDom5,rheMac10,rn7,susScr11
ENSG00000301395_core_1	ENSG00000301395		U_ENSG00000301395.1	chr4	181147365	181147733	-	368	368.0	intergenic	.	17	16	16	16	14	8	0.0161	0.0102	0.088	285.5	300.0	HLbalEde1,HLcamDro2,HLeleMax1,HLmanJav2,HLoryCun3,HLpteVam2,bosTau9,canFam5,dasNov3,equCab3,eriEur2,felCat9,mm39,monDom5,rheMac10,rn7,susScr11
ENSG00000301399_core_1	ENSG00000301399		U_ENSG00000301399.1	chr12	92929536	92929826	+	290	290.0	near_coding_5kb	.	17	15	12	9	1	0	0.0324	0.0274	0.0504	205.6	232.0	HLbalEde1,HLcamDro2,HLdidVir1,HLmanJav2,HLnotEug3,HLoryCun3,HLpteVam2,bosTau9,canFam5,dasNov3,equCab3,eriEur2,felCat9,mm39,rheMac10,rn7,susScr11
ENSG00000301413_core_1	ENSG00000301413		U_ENSG00000301413.1	chr17	39601182	39601350	+	168	168.0	near_coding_5kb	.	17	14	12	9	2	0	0.0346	0.0277	0.0677	141.1	151.0	HLbalEde1,HLcamDro2,HLdidVir1,HLeleMax1,HLmanJav2,HLoryCun3,HLpteVam2,bosTau9,canFam5,dasNov3,equCab3,felCat9,mm39,monDom5,rheMac10,rn7,susScr11
ENSG00000301541_core_1	ENSG00000301541		U_ENSG00000301541.1	chr1	153658607	153658815	-	208	208.0	antisense	ENSG00000143553	18	17	17	15	8	0	0.0258	0.0207	0.0938	172.3	199.0	HLbalEde1,HLcamDro2,HLeleMax1,HLmanJav2,HLnotEug3,HLoryCun3,HLpteVam2,bosTau9,canFam5,dasNov3,equCab3,eriEur2,felCat9,mm39,monDom5,rheMac10,rn7,susScr11
ENSG00000301565_core_1	ENSG00000301565		U_ENSG00000301565.1	chr1	149607577	149608025	-	448	448.0	intergenic	.	19	17	15	12	8	6	0.0277	0.0233	0.0831	319.0	334.0	HLbalEde1,HLcamDro2,HLdidVir1,HLeleMax1,HLmanJav2,HLnotEug3,HLoryCun3,HLpteVam2,bosTau9,canFam5,dasNov3,equCab3,eriEur2,felCat9,mm39,monDom5,rheMac10,rn7,susScr11
ENSG00000301605_core_1	ENSG00000301605		U_ENSG00000301605.1	chr12	49060410	49060898	+	488	488.0	antisense	ENSG00000167548	19	19	19	19	19	19	0.0057	0.0055	0.0073	482.0	488.0	HLbalEde1,HLcamDro2,HLdidVir1,HLeleMax1,HLmanJav2,HLnotEug3,HLoryCun3,HLpteVam2,bosTau9,canFam5,dasNov3,equCab3,eriEur2,felCat9,mm39,monDom5,rheMac10,rn7,susScr11
ENSG00000301635_core_1	ENSG00000301635		U_ENSG00000301635.1	chr6	121932736	121932904	-	168	168.0	intergenic	.	18	18	18	18	14	0	0.0194	0.0181	0.0297	150.1	160.0	HLbalEde1,HLcamDro2,HLdidVir1,HLeleMax1,HLnotEug3,HLoryCun3,HLpteVam2,bosTau9,canFam5,dasNov3,equCab3,eriEur2,felCat9,mm39,monDom5,rheMac10,rn7,susScr11
ENSG00000301642_core_1	ENSG00000301642		U_ENSG00000301642.1	chrX	45850850	45851061	+	211	211.0	intergenic	.	18	15	11	9	7	0	0.0317	0.0274	0.0565	190.4	198.0	HLbalEde1,HLcamDro2,HLdidVir1,HLeleMax1,HLmanJav2,HLoryCun3,HLpteVam2,bosTau9,canFam5,dasNov3,equCab3,eriEur2,felCat9,mm39,monDom5,rheMac10,rn7,susScr11
ENSG00000301667_core_1	ENSG00000301667		U_ENSG00000301667.1	chr2	2332059	2332229	+	170	170.0	near_coding_5kb	.	18	18	18	18	18	0	0.0147	0.0144	0.0176	169.9	170.0	HLbalEde1,HLcamDro2,HLdidVir1,HLeleMax1,HLnotEug3,HLoryCun3,HLpteVam2,bosTau9,canFam5,dasNov3,equCab3,eriEur2,felCat9,mm39,monDom5,rheMac10,rn7,susScr11
ENSG00000301671_core_1	ENSG00000301671		U_ENSG00000301671.1	chr5	32585344	32585752	-	408	408.0	antisense	ENSG00000113387	17	16	16	16	15	4	0.0153	0.0134	0.0558	312.2	330.0	HLbalEde1,HLcamDro2,HLdidVir1,HLeleMax1,HLmanJav2,HLoryCun3,HLpteVam2,bosTau9,canFam5,equCab3,eriEur2,felCat9,mm39,monDom5,rheMac10,rn7,susScr11
ENSG00000301678_core_1	ENSG00000301678		U_ENSG00000301678.1	chr14	32933772	32934176	-	404	404.0	antisense	ENSG00000151322	17	11	10	10	8	7	0.0371	0.0243	0.0949	265.4	311.0	HLbalEde1,HLcamDro2,HLdidVir1,HLnotEug3,HLoryCun3,HLpteVam2,bosTau9,canFam5,dasNov3,equCab3,eriEur2,felCat9,mm39,monDom5,rheMac10,rn7,susScr11
ENSG00000301695_core_1	ENSG00000301695		U_ENSG00000301695.1	chr2	25377276	25377634	+	358	358.0	antisense	ENSG00000138101	19	18	16	16	14	6	0.0196	0.013	0.066	288.5	302.0	HLbalEde1,HLcamDro2,HLdidVir1,HLeleMax1,HLmanJav2,HLnotEug3,HLoryCun3,HLpteVam2,bosTau9,canFam5,dasNov3,equCab3,eriEur2,felCat9,mm39,monDom5,rheMac10,rn7,susScr11
ENSG00000301767_core_1	ENSG00000301767		U_ENSG00000301767.1	chr22	41448042	41448490	-	448	448.0	antisense	ENSG00000100412	17	11	6	5	4	1	0.0445	0.0474	0.091	258.4	258.0	HLbalEde1,HLcamDro2,HLeleMax1,HLmanJav2,HLoryCun3,HLpteVam2,bosTau9,canFam5,dasNov3,equCab3,eriEur2,felCat9,mm39,monDom5,rheMac10,rn7,susScr11
ENSG00000301772_core_1	ENSG00000301772		U_ENSG00000301772.1	chr3	38816232	38816440	+	208	208.0	antisense	ENSG00000185313	18	18	17	13	7	0	0.025	0.0226	0.0432	187.7	199.0	HLbalEde1,HLcamDro2,HLdidVir1,HLeleMax1,HLnotEug3,HLoryCun3,HLpteVam2,bosTau9,canFam5,dasNov3,equCab3,eriEur2,felCat9,mm39,monDom5,rheMac10,rn7,susScr11
ENSG00000301854_core_1	ENSG00000301854		U_ENSG00000301854.1	chrX	130060417	130060585	-	168	168.0	antisense	ENSG00000085185	17	11	6	4	1	0	0.0463	0.0425	0.0909	141.8	163.0	HLbalEde1,HLcamDro2,HLdidVir1,HLeleMax1,HLmanJav2,HLpteVam2,bosTau9,canFam5,dasNov3,equCab3,eriEur2,felCat9,mm39,monDom5,rheMac10,rn7,susScr11
ENSG00000301872_core_1	ENSG00000301872		U_ENSG00000301872.1	chr15	76471982	76472145	+	163	163.0	antisense	ENSG00000140386	19	17	7	1	0	0	0.0411	0.0406	0.0605	143.6	147.0	HLbalEde1,HLcamDro2,HLdidVir1,HLeleMax1,HLmanJav2,HLnotEug3,HLoryCun3,HLpteVam2,bosTau9,canFam5,dasNov3,equCab3,eriEur2,felCat9,mm39,monDom5,rheMac10,rn7,susScr11
ENSG00000301883_core_1	ENSG00000301883		U_ENSG00000301883.1	chr12	108731672	108731920	-	248	248.0	near_coding_5kb	.	19	18	17	13	9	1	0.0251	0.0217	0.0544	240.2	244.0	HLbalEde1,HLcamDro2,HLdidVir1,HLeleMax1,HLmanJav2,HLnotEug3,HLoryCun3,HLpteVam2,bosTau9,canFam5,dasNov3,equCab3,eriEur2,felCat9,mm39,monDom5,rheMac10,rn7,susScr11
ENSG00000301937_core_1	ENSG00000301937		U_ENSG00000301937.1	chr13	28027675	28028243	+	568	568.0	antisense	ENSG00000122025	17	11	11	9	7	1	0.0373	0.0227	0.0857	280.8	260.0	HLbalEde1,HLcamDro2,HLeleMax1,HLmanJav2,HLoryCun3,HLpteVam2,bosTau9,canFam5,dasNov3,equCab3,eriEur2,felCat9,mm39,monDom5,rheMac10,rn7,susScr11
ENSG00000301968_core_1	ENSG00000301968		U_ENSG00000301968.1	chr1	9200863	9201111	+	248	248.0	intergenic	.	17	13	11	10	5	1	0.0358	0.0268	0.0995	186.1	207.0	HLbalEde1,HLcamDro2,HLeleMax1,HLmanJav2,HLnotEug3,HLoryCun3,HLpteVam2,bosTau9,canFam5,dasNov3,equCab3,eriEur2,felCat9,mm39,rheMac10,rn7,susScr11
ENSG00000301968_core_4	ENSG00000301968		U_ENSG00000301968.1	chr1	9202500	9202748	+	248	248.0	intergenic	.	17	16	16	15	9	0	0.0246	0.02	0.0819	166.5	163.0	HLbalEde1,HLcamDro2,HLdidVir1,HLeleMax1,HLmanJav2,HLnotEug3,HLoryCun3,HLpteVam2,bosTau9,canFam5,dasNov3,equCab3,felCat9,mm39,rheMac10,rn7,susScr11
ENSG00000301977_core_3	ENSG00000301977		U_ENSG00000301977.1	chr9	6412514	6413042	+	528	528.0	near_coding_5kb	.	19	19	18	14	14	8	0.0169	0.0105	0.0492	444.9	501.0	HLbalEde1,HLcamDro2,HLdidVir1,HLeleMax1,HLmanJav2,HLnotEug3,HLoryCun3,HLpteVam2,bosTau9,canFam5,dasNov3,equCab3,eriEur2,felCat9,mm39,monDom5,rheMac10,rn7,susScr11
ENSG00000302013_core_1	ENSG00000302013		U_ENSG00000302013.1	chr8	4994162	4994490	+	328	328.0	antisense	ENSG00000183117	19	17	17	16	13	1	0.0229	0.0173	0.0732	248.2	244.0	HLbalEde1,HLcamDro2,HLdidVir1,HLeleMax1,HLmanJav2,HLnotEug3,HLoryCun3,HLpteVam2,bosTau9,canFam5,dasNov3,equCab3,eriEur2,felCat9,mm39,monDom5,rheMac10,rn7,susScr11
ENSG00000302058_core_1	ENSG00000302058		U_ENSG00000302058.1	chr10	104268642	104268990	-	348	348.0	antisense	ENSG00000065621,ENSG00000148834	18	16	14	12	10	1	0.0282	0.0184	0.0926	283.3	329.0	HLbalEde1,HLcamDro2,HLdidVir1,HLeleMax1,HLnotEug3,HLoryCun3,HLpteVam2,bosTau9,canFam5,dasNov3,equCab3,eriEur2,felCat9,mm39,monDom5,rheMac10,rn7,susScr11
ENSG00000302140_core_1	ENSG00000302140		U_ENSG00000302140.1	chr6	108558351	108558919	+	568	568.0	near_coding_5kb	.	19	19	19	19	19	16	0.0081	0.0075	0.0134	436.9	416.0	HLbalEde1,HLcamDro2,HLdidVir1,HLeleMax1,HLmanJav2,HLnotEug3,HLoryCun3,HLpteVam2,bosTau9,canFam5,dasNov3,equCab3,eriEur2,felCat9,mm39,monDom5,rheMac10,rn7,susScr11
ENSG00000302197_core_2	ENSG00000302197		U_ENSG00000302197.1	chr11	65554078	65554249	+	171	171.0	antisense	ENSG00000168056	18	15	14	14	14	0	0.0258	0.0153	0.0895	161.7	171.0	HLbalEde1,HLcamDro2,HLdidVir1,HLeleMax1,HLmanJav2,HLnotEug3,HLoryCun3,HLpteVam2,bosTau9,canFam5,dasNov3,equCab3,eriEur2,felCat9,mm39,rheMac10,rn7,susScr11
ENSG00000302261_core_1	ENSG00000302261		U_ENSG00000302261.1	chr20	5119706	5120274	+	568	568.0	antisense	ENSG00000132646	19	18	17	13	13	2	0.0214	0.0169	0.0502	402.5	406.0	HLbalEde1,HLcamDro2,HLdidVir1,HLeleMax1,HLmanJav2,HLnotEug3,HLoryCun3,HLpteVam2,bosTau9,canFam5,dasNov3,equCab3,eriEur2,felCat9,mm39,monDom5,rheMac10,rn7,susScr11
ENSG00000302277_core_1	ENSG00000302277		U_ENSG00000302277.1	chr10	23173122	23173524	-	402	402.0	intergenic	.	19	19	18	18	18	15	0.0093	0.0068	0.042	385.1	400.0	HLbalEde1,HLcamDro2,HLdidVir1,HLeleMax1,HLmanJav2,HLnotEug3,HLoryCun3,HLpteVam2,bosTau9,canFam5,dasNov3,equCab3,eriEur2,felCat9,mm39,monDom5,rheMac10,rn7,susScr11
ENSG00000302409_core_1	ENSG00000302409		U_ENSG00000302409.1	chr17	57988089	57988259	+	170	170.0	antisense	ENSG00000136451,ENSG00000266086	19	11	11	11	10	0	0.0345	0.0137	0.07	147.6	170.0	HLbalEde1,HLcamDro2,HLdidVir1,HLeleMax1,HLmanJav2,HLnotEug3,HLoryCun3,HLpteVam2,bosTau9,canFam5,dasNov3,equCab3,eriEur2,felCat9,mm39,monDom5,rheMac10,rn7,susScr11
ENSG00000302450_core_2	ENSG00000302450		U_ENSG00000302450.1	chrX	137549730	137550378	+	648	648.0	intergenic	.	18	18	18	18	18	15	0.0078	0.0062	0.0183	484.1	501.0	HLbalEde1,HLcamDro2,HLeleMax1,HLmanJav2,HLnotEug3,HLoryCun3,HLpteVam2,bosTau9,canFam5,dasNov3,equCab3,eriEur2,felCat9,mm39,monDom5,rheMac10,rn7,susScr11
ENSG00000302458_core_1	ENSG00000302458		U_ENSG00000302458.1	chr5	140400697	140400917	+	220	220.0	near_coding_5kb	.	17	15	15	14	9	0	0.0241	0.0193	0.0609	191.6	202.0	HLbalEde1,HLcamDro2,HLeleMax1,HLnotEug3,HLoryCun3,HLpteVam2,bosTau9,canFam5,dasNov3,equCab3,eriEur2,felCat9,mm39,monDom5,rheMac10,rn7,susScr11
ENSG00000302461_core_1	ENSG00000302461		U_ENSG00000302461.1	chr7	102593368	102593826	+	458	458.0	antisense	ENSG00000105808,ENSG00000205236	18	13	13	13	8	2	0.0323	0.0206	0.0937	222.0	175.5	HLbalEde1,HLcamDro2,HLdidVir1,HLeleMax1,HLmanJav2,HLnotEug3,HLpteVam2,bosTau9,canFam5,dasNov3,equCab3,eriEur2,felCat9,mm39,monDom5,rheMac10,rn7,susScr11
ENSG00000302517_core_1	ENSG00000302517		U_ENSG00000302517.1	chr15	85242219	85242339	+	120	120.0	intergenic	.	19	9	4	0	0	0	0.0554	0.0551	0.0833	106.7	107.0	HLbalEde1,HLcamDro2,HLdidVir1,HLeleMax1,HLmanJav2,HLnotEug3,HLoryCun3,HLpteVam2,bosTau9,canFam5,dasNov3,equCab3,eriEur2,felCat9,mm39,monDom5,rheMac10,rn7,susScr11
ENSG00000302523_core_1	ENSG00000302523		U_ENSG00000302523.1	chr15	85240171	85240379	-	208	208.0	intergenic	.	19	13	7	2	1	0	0.0485	0.0448	0.0966	165.9	171.0	HLbalEde1,HLcamDro2,HLdidVir1,HLeleMax1,HLmanJav2,HLnotEug3,HLoryCun3,HLpteVam2,bosTau9,canFam5,dasNov3,equCab3,eriEur2,felCat9,mm39,monDom5,rheMac10,rn7,susScr11
ENSG00000302574_core_1	ENSG00000302574		U_ENSG00000302574.1	chr7	105012884	105013292	+	408	408.0	sense_overlapping	ENSG00000005483	19	19	18	18	18	18	0.0101	0.0082	0.0461	352.2	362.0	HLbalEde1,HLcamDro2,HLdidVir1,HLeleMax1,HLmanJav2,HLnotEug3,HLoryCun3,HLpteVam2,bosTau9,canFam5,dasNov3,equCab3,eriEur2,felCat9,mm39,monDom5,rheMac10,rn7,susScr11
ENSG00000302574_core_2	ENSG00000302574		U_ENSG00000302574.1	chr7	105013444	105013652	+	208	208.0	sense_overlapping	ENSG00000005483	17	15	15	15	15	0	0.019	0.013	0.0576	183.0	204.0	HLbalEde1,HLcamDro2,HLdidVir1,HLeleMax1,HLmanJav2,HLnotEug3,HLoryCun3,HLpteVam2,canFam5,dasNov3,equCab3,eriEur2,felCat9,mm39,monDom5,rheMac10,susScr11
ENSG00000302654_core_1	ENSG00000302654		U_ENSG00000302654.1	chr10	55628503	55628881	+	378	378.0	near_coding_5kb	.	17	12	12	12	11	3	0.0296	0.0148	0.0939	288.5	304.0	HLbalEde1,HLcamDro2,HLeleMax1,HLmanJav2,HLoryCun3,HLpteVam2,bosTau9,canFam5,dasNov3,equCab3,eriEur2,felCat9,mm39,monDom5,rheMac10,rn7,susScr11
ENSG00000302724_core_1	ENSG00000302724		U_ENSG00000302724.1	chr9	106860014	106860213	+	199	199.0	near_coding_5kb	.	19	13	13	13	10	0	0.0344	0.0181	0.0981	161.6	177.0	HLbalEde1,HLcamDro2,HLdidVir1,HLeleMax1,HLmanJav2,HLnotEug3,HLoryCun3,HLpteVam2,bosTau9,canFam5,dasNov3,equCab3,eriEur2,felCat9,mm39,monDom5,rheMac10,rn7,susScr11
ENSG00000302744_core_1	ENSG00000302744		U_ENSG00000302744.1	chr3	181908024	181908192	+	168	168.0	intergenic	.	17	16	15	11	6	0	0.0283	0.0267	0.0801	126.2	131.0	HLbalEde1,HLcamDro2,HLeleMax1,HLmanJav2,HLoryCun3,HLpteVam2,bosTau9,canFam5,dasNov3,equCab3,eriEur2,felCat9,mm39,monDom5,rheMac10,rn7,susScr11
ENSG00000302763_core_1	ENSG00000302763		U_ENSG00000302763.1	chr17	1919031	1919420	-	389	389.0	near_coding_5kb	.	18	16	12	10	3	1	0.033	0.0282	0.0651	205.6	176.5	HLbalEde1,HLcamDro2,HLdidVir1,HLeleMax1,HLmanJav2,HLnotEug3,HLoryCun3,HLpteVam2,bosTau9,canFam5,dasNov3,equCab3,felCat9,mm39,monDom5,rheMac10,rn7,susScr11
ENSG00000302777_core_1	ENSG00000302777		U_ENSG00000302777.1	chr12	63150833	63151081	+	248	248.0	antisense	ENSG00000166148	17	16	16	11	1	1	0.0276	0.025	0.0537	220.3	229.0	HLbalEde1,HLcamDro2,HLeleMax1,HLmanJav2,HLoryCun3,HLpteVam2,bosTau9,canFam5,dasNov3,equCab3,eriEur2,felCat9,mm39,monDom5,rheMac10,rn7,susScr11
ENSG00000302794_core_2	ENSG00000302794		U_ENSG00000302794.1	chr7	20330045	20330533	+	488	488.0	near_coding_5kb	.	17	17	15	14	10	1	0.0205	0.0161	0.0479	291.6	267.0	HLbalEde1,HLcamDro2,HLeleMax1,HLmanJav2,HLnotEug3,HLoryCun3,HLpteVam2,bosTau9,canFam5,dasNov3,equCab3,eriEur2,felCat9,mm39,rheMac10,rn7,susScr11
ENSG00000302826_core_1	ENSG00000302826		U_ENSG00000302826.1	chr4	2262585	2262793	+	208	208.0	near_coding_5kb	.	19	16	14	7	2	0	0.0373	0.0304	0.0777	194.0	206.0	HLbalEde1,HLcamDro2,HLdidVir1,HLeleMax1,HLmanJav2,HLnotEug3,HLoryCun3,HLpteVam2,bosTau9,canFam5,dasNov3,equCab3,eriEur2,felCat9,mm39,monDom5,rheMac10,rn7,susScr11
ENSG00000302830_core_1	ENSG00000302830		U_ENSG00000302830.1	chr9	114783	115271	+	488	488.0	antisense	ENSG00000170122,ENSG00000172785	17	10	9	8	7	1	0.0415	0.0311	0.0963	316.9	364.0	HLbalEde1,HLcamDro2,HLeleMax1,HLmanJav2,HLnotEug3,HLoryCun3,HLpteVam2,bosTau9,canFam5,dasNov3,equCab3,eriEur2,felCat9,mm39,rheMac10,rn7,susScr11
ENSG00000302834_core_1	ENSG00000302834		U_ENSG00000302834.1	chr20	50376799	50377029	+	230	230.0	intergenic	.	17	15	10	4	1	0	0.0386	0.0379	0.0981	190.1	211.0	HLbalEde1,HLcamDro2,HLeleMax1,HLmanJav2,HLoryCun3,HLpteVam2,bosTau9,canFam5,dasNov3,equCab3,eriEur2,felCat9,mm39,monDom5,rheMac10,rn7,susScr11
ENSG00000302846_core_1	ENSG00000302846		U_ENSG00000302846.1	chr17	37710470	37710770	+	300	300.0	antisense	ENSG00000275410	19	19	19	19	19	11	0.0105	0.0098	0.0173	258.7	272.0	HLbalEde1,HLcamDro2,HLdidVir1,HLeleMax1,HLmanJav2,HLnotEug3,HLoryCun3,HLpteVam2,bosTau9,canFam5,dasNov3,equCab3,eriEur2,felCat9,mm39,monDom5,rheMac10,rn7,susScr11
ENSG00000302867_core_1	ENSG00000302867		U_ENSG00000302867.1	chr3	129794647	129794894	+	247	247.0	antisense	ENSG00000172765	19	17	15	12	8	0	0.0326	0.0264	0.0838	209.3	237.0	HLbalEde1,HLcamDro2,HLdidVir1,HLeleMax1,HLmanJav2,HLnotEug3,HLoryCun3,HLpteVam2,bosTau9,canFam5,dasNov3,equCab3,eriEur2,felCat9,mm39,monDom5,rheMac10,rn7,susScr11
ENSG00000302917_core_2	ENSG00000302917		U_ENSG00000302917.1	chr16	53434636	53434792	-	156	156.0	antisense	ENSG00000103479	19	15	14	11	4	0	0.0336	0.0255	0.0768	114.2	120.0	HLbalEde1,HLcamDro2,HLdidVir1,HLeleMax1,HLmanJav2,HLnotEug3,HLoryCun3,HLpteVam2,bosTau9,canFam5,dasNov3,equCab3,eriEur2,felCat9,mm39,monDom5,rheMac10,rn7,susScr11
ENSG00000302923_core_1	ENSG00000302923		U_ENSG00000302923.1	chr12	5430317	5430765	+	448	448.0	near_coding_5kb	.	17	16	16	15	14	4	0.0168	0.0125	0.0735	308.4	295.0	HLbalEde1,HLcamDro2,HLeleMax1,HLmanJav2,HLnotEug3,HLoryCun3,HLpteVam2,bosTau9,canFam5,dasNov3,equCab3,eriEur2,felCat9,mm39,rheMac10,rn7,susScr11
ENSG00000302923_core_2	ENSG00000302923		U_ENSG00000302923.1	chr12	5430997	5431525	+	528	528.0	near_coding_5kb	.	17	14	11	10	9	6	0.0271	0.0158	0.0723	294.9	257.0	HLbalEde1,HLcamDro2,HLdidVir1,HLeleMax1,HLmanJav2,HLnotEug3,HLoryCun3,HLpteVam2,bosTau9,canFam5,dasNov3,equCab3,mm39,monDom5,rheMac10,rn7,susScr11
ENSG00000302929_core_1	ENSG00000302929		U_ENSG00000302929.1	chrX	40013479	40013807	+	328	328.0	intergenic	.	18	18	16	15	15	6	0.0161	0.0111	0.0439	281.9	318.0	HLbalEde1,HLcamDro2,HLdidVir1,HLeleMax1,HLmanJav2,HLnotEug3,HLpteVam2,bosTau9,canFam5,dasNov3,equCab3,eriEur2,felCat9,mm39,monDom5,rheMac10,rn7,susScr11
ENSG00000302941_core_1	ENSG00000302941		U_ENSG00000302941.1	chr20	63970174	63970342	+	168	168.0	antisense	ENSG00000130590	17	6	4	1	1	0	0.0543	0.0532	0.0917	151.9	156.0	HLbalEde1,HLcamDro2,HLdidVir1,HLeleMax1,HLmanJav2,HLnotEug3,HLoryCun3,HLpteVam2,bosTau9,dasNov3,equCab3,felCat9,mm39,monDom5,rheMac10,rn7,susScr11
ENSG00000302957_core_1	ENSG00000302957		U_ENSG00000302957.1	chr11	26994158	26994446	-	288	288.0	antisense	ENSG00000176971	18	18	18	15	10	1	0.0192	0.0154	0.0363	273.7	291.5	HLbalEde1,HLcamDro2,HLdidVir1,HLeleMax1,HLmanJav2,HLnotEug3,HLoryCun3,HLpteVam2,bosTau9,canFam5,dasNov3,equCab3,eriEur2,felCat9,mm39,rheMac10,rn7,susScr11
ENSG00000302966_core_2	ENSG00000302966		U_ENSG00000302966.1	chr1	155234110	155234344	+	234	234.0	antisense	ENSG00000177628	18	16	16	16	16	2	0.0207	0.0114	0.0928	209.9	231.0	HLbalEde1,HLcamDro2,HLdidVir1,HLeleMax1,HLmanJav2,HLnotEug3,HLoryCun3,HLpteVam2,bosTau9,canFam5,dasNov3,equCab3,felCat9,mm39,monDom5,rheMac10,rn7,susScr11
ENSG00000302970_core_1	ENSG00000302970		U_ENSG00000302970.1	chr5	34929464	34929588	-	124	124.0	antisense	ENSG00000168724	17	15	8	0	0	0	0.0408	0.0416	0.0673	113.6	121.0	HLbalEde1,HLcamDro2,HLdidVir1,HLeleMax1,HLoryCun3,HLpteVam2,bosTau9,canFam5,dasNov3,equCab3,eriEur2,felCat9,mm39,monDom5,rheMac10,rn7,susScr11
ENSG00000302972_core_1	ENSG00000302972		U_ENSG00000302972.1	chr1	46461050	46461298	-	248	248.0	intergenic	.	17	16	16	15	11	0	0.0228	0.0169	0.0991	194.9	211.0	HLbalEde1,HLcamDro2,HLeleMax1,HLmanJav2,HLnotEug3,HLoryCun3,HLpteVam2,bosTau9,canFam5,dasNov3,equCab3,eriEur2,felCat9,mm39,rheMac10,rn7,susScr11
ENSG00000302977_core_1	ENSG00000302977		U_ENSG00000302977.1	chr1	67684409	67684737	-	328	328.0	near_coding_5kb	.	17	16	16	14	11	2	0.0205	0.0177	0.0602	202.5	205.0	HLbalEde1,HLcamDro2,HLeleMax1,HLmanJav2,HLoryCun3,HLpteVam2,bosTau9,canFam5,dasNov3,equCab3,eriEur2,felCat9,mm39,monDom5,rheMac10,rn7,susScr11
ENSG00000303054_core_1	ENSG00000303054		U_ENSG00000303054.1	chr3	32816660	32816975	+	315	315.0	near_coding_5kb	.	18	18	18	18	16	13	0.0113	0.009	0.0295	310.5	315.0	HLbalEde1,HLcamDro2,HLeleMax1,HLmanJav2,HLnotEug3,HLoryCun3,HLpteVam2,bosTau9,canFam5,dasNov3,equCab3,eriEur2,felCat9,mm39,monDom5,rheMac10,rn7,susScr11
ENSG00000303056_core_1	ENSG00000303056		U_ENSG00000303056.1	chrX	40145596	40145786	-	190	190.0	sense_overlapping	ENSG00000183337	19	10	10	9	4	0	0.0451	0.0358	0.0914	158.9	162.0	HLbalEde1,HLcamDro2,HLdidVir1,HLeleMax1,HLmanJav2,HLnotEug3,HLoryCun3,HLpteVam2,bosTau9,canFam5,dasNov3,equCab3,eriEur2,felCat9,mm39,monDom5,rheMac10,rn7,susScr11
ENSG00000303061_core_1	ENSG00000303061		U_ENSG00000303061.1	chr15	93028861	93029309	-	448	448.0	near_coding_5kb	.	17	14	14	14	11	3	0.0255	0.0154	0.0893	276.3	293.0	HLbalEde1,HLcamDro2,HLdidVir1,HLeleMax1,HLmanJav2,HLnotEug3,HLpteVam2,bosTau9,canFam5,dasNov3,equCab3,eriEur2,felCat9,mm39,rheMac10,rn7,susScr11
ENSG00000303189_core_1	ENSG00000303189		U_ENSG00000303189.1	chr22	30423883	30424131	-	248	248.0	antisense	ENSG00000100003	18	15	14	11	3	0	0.0335	0.0267	0.0983	219.0	232.0	HLbalEde1,HLcamDro2,HLdidVir1,HLeleMax1,HLmanJav2,HLnotEug3,HLoryCun3,HLpteVam2,bosTau9,canFam5,dasNov3,equCab3,felCat9,mm39,monDom5,rheMac10,rn7,susScr11
ENSG00000303205_core_1	ENSG00000303205		U_ENSG00000303205.1	chr22	20695437	20695713	-	276	276.0	near_coding_5kb	.	18	10	7	3	1	1	0.0505	0.0464	0.0954	196.5	189.5	HLbalEde1,HLcamDro2,HLdidVir1,HLeleMax1,HLmanJav2,HLnotEug3,HLpteVam2,bosTau9,canFam5,dasNov3,equCab3,eriEur2,felCat9,mm39,monDom5,rheMac10,rn7,susScr11
ENSG00000303219_core_1	ENSG00000303219		U_ENSG00000303219.1	chr15	22482194	22482369	-	175	175.0	intergenic	.	17	14	14	14	12	0	0.0313	0.0197	0.0928	169.6	171.0	HLcamDro2,HLdidVir1,HLeleMax1,HLmanJav2,HLnotEug3,HLoryCun3,bosTau9,canFam5,dasNov3,equCab3,eriEur2,felCat9,mm39,monDom5,rheMac10,rn7,susScr11
ENSG00000303230_core_2	ENSG00000303230		U_ENSG00000303230.1	chr16	26032746	26032920	-	174	174.0	antisense	ENSG00000182601	19	19	19	18	9	0	0.0197	0.0205	0.0327	157.3	161.0	HLbalEde1,HLcamDro2,HLdidVir1,HLeleMax1,HLmanJav2,HLnotEug3,HLoryCun3,HLpteVam2,bosTau9,canFam5,dasNov3,equCab3,eriEur2,felCat9,mm39,monDom5,rheMac10,rn7,susScr11
ENSG00000303254_core_1	ENSG00000303254		U_ENSG00000303254.1	chr12	123601586	123601880	+	294	294.0	near_coding_5kb	.	18	11	7	6	1	0	0.0494	0.0461	0.0956	144.3	144.5	HLbalEde1,HLcamDro2,HLdidVir1,HLeleMax1,HLmanJav2,HLnotEug3,HLoryCun3,HLpteVam2,bosTau9,canFam5,dasNov3,equCab3,eriEur2,felCat9,mm39,rheMac10,rn7,susScr11
ENSG00000303284_core_2	ENSG00000303284		U_ENSG00000303284.1	chr16	82626695	82627309	-	614	614.0	antisense	ENSG00000140945	19	19	19	15	11	8	0.0162	0.0121	0.0348	323.6	306.0	HLbalEde1,HLcamDro2,HLdidVir1,HLeleMax1,HLmanJav2,HLnotEug3,HLoryCun3,HLpteVam2,bosTau9,canFam5,dasNov3,equCab3,eriEur2,felCat9,mm39,monDom5,rheMac10,rn7,susScr11
ENSG00000303292_core_2	ENSG00000303292		U_ENSG00000303292.1	chr8	26047684	26048212	+	528	528.0	near_coding_5kb	.	19	15	15	12	8	1	0.0299	0.0207	0.073	284.9	254.0	HLbalEde1,HLcamDro2,HLdidVir1,HLeleMax1,HLmanJav2,HLnotEug3,HLoryCun3,HLpteVam2,bosTau9,canFam5,dasNov3,equCab3,eriEur2,felCat9,mm39,monDom5,rheMac10,rn7,susScr11
ENSG00000303305_core_1	ENSG00000303305		U_ENSG00000303305.1	chr2	63057031	63057178	-	147	147.0	antisense	ENSG00000115507	17	17	17	17	4	0	0.0222	0.0223	0.0286	136.4	140.0	HLbalEde1,HLcamDro2,HLeleMax1,HLmanJav2,HLoryCun3,HLpteVam2,bosTau9,canFam5,dasNov3,equCab3,eriEur2,felCat9,mm39,monDom5,rheMac10,rn7,susScr11
ENSG00000303343_core_1	ENSG00000303343		U_ENSG00000303343.1	chr7	92835567	92835867	+	300	300.0	antisense	ENSG00000105810	19	14	13	13	10	2	0.0291	0.0164	0.0683	204.8	229.0	HLbalEde1,HLcamDro2,HLdidVir1,HLeleMax1,HLmanJav2,HLnotEug3,HLoryCun3,HLpteVam2,bosTau9,canFam5,dasNov3,equCab3,eriEur2,felCat9,mm39,monDom5,rheMac10,rn7,susScr11
ENSG00000303398_core_1	ENSG00000303398		U_ENSG00000303398.1	chr8	59340470	59340718	-	248	248.0	intergenic	.	17	17	16	13	6	0	0.0227	0.0208	0.0402	193.9	214.0	HLbalEde1,HLcamDro2,HLdidVir1,HLeleMax1,HLmanJav2,HLnotEug3,HLpteVam2,bosTau9,canFam5,dasNov3,equCab3,eriEur2,felCat9,monDom5,rheMac10,rn7,susScr11
ENSG00000303403_core_1	ENSG00000303403		U_ENSG00000303403.1	chr11	72159458	72159719	+	261	261.0	intergenic	.	17	15	15	15	14	0	0.0219	0.0138	0.0928	225.9	258.0	HLcamDro2,HLdidVir1,HLeleMax1,HLmanJav2,HLoryCun3,HLpteVam2,bosTau9,canFam5,dasNov3,equCab3,eriEur2,felCat9,mm39,monDom5,rheMac10,rn7,susScr11
ENSG00000303440_core_1	ENSG00000303440		U_ENSG00000303440.1	chr14	77040335	77040783	+	448	448.0	intergenic	.	19	16	16	16	15	15	0.0198	0.007	0.1	321.5	359.0	HLbalEde1,HLcamDro2,HLdidVir1,HLeleMax1,HLmanJav2,HLnotEug3,HLoryCun3,HLpteVam2,bosTau9,canFam5,dasNov3,equCab3,eriEur2,felCat9,mm39,monDom5,rheMac10,rn7,susScr11
ENSG00000303442_core_1	ENSG00000303442		U_ENSG00000303442.1	chr15	64949763	64949989	-	226	226.0	antisense	ENSG00000166839	18	15	13	11	10	0	0.0308	0.0186	0.0816	171.9	177.0	HLbalEde1,HLcamDro2,HLeleMax1,HLmanJav2,HLnotEug3,HLoryCun3,HLpteVam2,bosTau9,canFam5,dasNov3,equCab3,eriEur2,felCat9,mm39,monDom5,rheMac10,rn7,susScr11
ENSG00000303455_core_1	ENSG00000303455		U_ENSG00000303455.1	chr11	115504752	115505200	+	448	448.0	antisense	ENSG00000182985	18	17	17	16	15	11	0.0151	0.0096	0.0527	327.6	322.0	HLbalEde1,HLcamDro2,HLdidVir1,HLeleMax1,HLmanJav2,HLnotEug3,HLoryCun3,HLpteVam2,bosTau9,canFam5,dasNov3,equCab3,felCat9,mm39,monDom5,rheMac10,rn7,susScr11
ENSG00000303476_core_3	ENSG00000303476		U_ENSG00000303476.1	chr6	35450152	35450316	+	164	164.0	near_coding_5kb	.	17	11	10	9	0	0	0.0451	0.0255	0.0979	137.2	149.0	HLbalEde1,HLcamDro2,HLdidVir1,HLeleMax1,HLmanJav2,HLnotEug3,HLoryCun3,HLpteVam2,bosTau9,dasNov3,equCab3,eriEur2,felCat9,mm39,monDom5,rn7,susScr11
ENSG00000303496_core_1	ENSG00000303496		U_ENSG00000303496.1	chr9	135268077	135268341	-	264	264.0	intergenic	.	17	10	10	7	1	0	0.0435	0.0354	0.099	196.2	256.0	HLbalEde1,HLcamDro2,HLdidVir1,HLeleMax1,HLmanJav2,HLnotEug3,HLpteVam2,bosTau9,canFam5,dasNov3,equCab3,eriEur2,felCat9,mm39,rheMac10,rn7,susScr11
ENSG00000303528_core_2	ENSG00000303528		U_ENSG00000303528.1	chr17	20494008	20494176	-	168	168.0	intergenic	.	19	19	19	18	14	0	0.0202	0.0185	0.0304	156.7	158.0	HLbalEde1,HLcamDro2,HLdidVir1,HLeleMax1,HLmanJav2,HLnotEug3,HLoryCun3,HLpteVam2,bosTau9,canFam5,dasNov3,equCab3,eriEur2,felCat9,mm39,monDom5,rheMac10,rn7,susScr11
ENSG00000303542_core_1	ENSG00000303542		U_ENSG00000303542.1	chr12	113135435	113135671	+	236	236.0	antisense	ENSG00000111344	17	14	14	11	10	1	0.0274	0.018	0.0711	204.2	222.0	HLbalEde1,HLcamDro2,HLdidVir1,HLeleMax1,HLmanJav2,HLnotEug3,HLpteVam2,bosTau9,canFam5,dasNov3,equCab3,eriEur2,felCat9,mm39,rheMac10,rn7,susScr11
ENSG00000303595_core_1	ENSG00000303595		U_ENSG00000303595.1	chr11	65096152	65096640	-	488	488.0	antisense	ENSG00000149823	17	14	11	10	8	1	0.0289	0.0213	0.0706	207.8	200.0	HLbalEde1,HLcamDro2,HLdidVir1,HLmanJav2,HLoryCun3,HLpteVam2,bosTau9,canFam5,dasNov3,equCab3,eriEur2,felCat9,mm39,monDom5,rheMac10,rn7,susScr11
ENSG00000303605_core_3	ENSG00000303605		U_ENSG00000303605.1	chr22	10961370	10961693	-	323	323.0	intergenic	.	18	14	7	4	1	1	0.041	0.0412	0.0694	257.9	283.5	HLbalEde1,HLcamDro2,HLdidVir1,HLeleMax1,HLmanJav2,HLoryCun3,HLpteVam2,bosTau9,canFam5,dasNov3,equCab3,eriEur2,felCat9,mm39,monDom5,rheMac10,rn7,susScr11
ENSG00000303659_core_1	ENSG00000303659		U_ENSG00000303659.1	chr10	22475665	22476073	-	408	408.0	intergenic	.	17	14	14	12	7	0	0.0283	0.0232	0.0707	240.9	248.0	HLbalEde1,HLcamDro2,HLeleMax1,HLmanJav2,HLoryCun3,HLpteVam2,bosTau9,canFam5,dasNov3,equCab3,eriEur2,felCat9,mm39,monDom5,rheMac10,rn7,susScr11
ENSG00000303877_core_1	ENSG00000303877		U_ENSG00000303877.1	chr1	156212761	156213010	-	249	249.0	antisense	ENSG00000160783,ENSG00000160785,ENSG00000260238	18	16	13	10	4	0	0.0354	0.0297	0.0887	187.9	190.5	HLbalEde1,HLcamDro2,HLdidVir1,HLeleMax1,HLmanJav2,HLnotEug3,HLoryCun3,HLpteVam2,bosTau9,canFam5,dasNov3,equCab3,eriEur2,felCat9,mm39,rheMac10,rn7,susScr11
ENSG00000303882_core_1	ENSG00000303882		U_ENSG00000303882.1	chr2	64751293	64751492	+	199	199.0	near_coding_5kb	.	18	14	12	10	8	0	0.0338	0.0241	0.069	167.3	183.0	HLcamDro2,HLdidVir1,HLeleMax1,HLmanJav2,HLnotEug3,HLoryCun3,HLpteVam2,bosTau9,canFam5,dasNov3,equCab3,eriEur2,felCat9,mm39,monDom5,rheMac10,rn7,susScr11
ENSG00000303897_core_1	ENSG00000303897		U_ENSG00000303897.1	chr5	87267295	87267823	-	528	528.0	antisense	ENSG00000145715	17	16	15	14	11	3	0.0227	0.0178	0.0865	285.3	236.0	HLbalEde1,HLcamDro2,HLdidVir1,HLeleMax1,HLoryCun3,HLpteVam2,bosTau9,canFam5,dasNov3,equCab3,eriEur2,felCat9,mm39,monDom5,rheMac10,rn7,susScr11
ENSG00000303901_core_2	ENSG00000303901		U_ENSG00000303901.1	chr14	92039991	92040303	+	312	312.0	antisense	ENSG00000066427,ENSG00000100815	18	18	18	17	12	1	0.0179	0.0166	0.0351	270.9	295.0	HLbalEde1,HLcamDro2,HLdidVir1,HLeleMax1,HLmanJav2,HLnotEug3,HLoryCun3,HLpteVam2,bosTau9,canFam5,dasNov3,equCab3,felCat9,mm39,monDom5,rheMac10,rn7,susScr11
ENSG00000303930_core_1	ENSG00000303930		U_ENSG00000303930.1	chr15	100861267	100861555	-	288	288.0	antisense	ENSG00000184254	19	19	19	18	14	2	0.0169	0.0145	0.0362	252.6	275.0	HLbalEde1,HLcamDro2,HLdidVir1,HLeleMax1,HLmanJav2,HLnotEug3,HLoryCun3,HLpteVam2,bosTau9,canFam5,dasNov3,equCab3,eriEur2,felCat9,mm39,monDom5,rheMac10,rn7,susScr11
ENSG00000303968_core_2	ENSG00000303968		U_ENSG00000303968.1	chr9	92913177	92913465	-	288	288.0	intergenic	.	17	5	4	2	0	0	0.0586	0.0602	0.0977	227.2	235.0	HLbalEde1,HLcamDro2,HLdidVir1,HLeleMax1,HLmanJav2,HLnotEug3,HLoryCun3,HLpteVam2,bosTau9,canFam5,dasNov3,equCab3,eriEur2,felCat9,mm39,rn7,susScr11
ENSG00000303989_core_1	ENSG00000303989		U_ENSG00000303989.1	chr16	62036322	62036490	+	168	168.0	antisense	ENSG00000150394	19	19	19	17	17	0	0.0179	0.0158	0.0395	158.7	167.0	HLbalEde1,HLcamDro2,HLdidVir1,HLeleMax1,HLmanJav2,HLnotEug3,HLoryCun3,HLpteVam2,bosTau9,canFam5,dasNov3,equCab3,eriEur2,felCat9,mm39,monDom5,rheMac10,rn7,susScr11
ENSG00000304038_core_2	ENSG00000304038		U_ENSG00000304038.1	chr1	2208427	2208752	+	325	325.0	antisense	ENSG00000162585	17	12	8	5	1	0	0.0427	0.0418	0.0753	190.0	163.0	HLbalEde1,HLcamDro2,HLdidVir1,HLeleMax1,HLmanJav2,HLnotEug3,HLoryCun3,HLpteVam2,bosTau9,canFam5,dasNov3,equCab3,felCat9,monDom5,rheMac10,rn7,susScr11
ENSG00000304056_core_1	ENSG00000304056		U_ENSG00000304056.1	chr3	32571070	32571358	+	288	288.0	near_coding_5kb	.	18	15	13	7	4	1	0.035	0.0333	0.0835	203.1	238.0	HLbalEde1,HLcamDro2,HLeleMax1,HLmanJav2,HLnotEug3,HLoryCun3,HLpteVam2,bosTau9,canFam5,dasNov3,equCab3,eriEur2,felCat9,mm39,monDom5,rheMac10,rn7,susScr11
ENSG00000304068_core_1	ENSG00000304068		U_ENSG00000304068.1	chr2	155733229	155733357	-	128	128.0	intergenic	.	19	19	19	19	0	0	0.0252	0.0252	0.028	122.1	120.0	HLbalEde1,HLcamDro2,HLdidVir1,HLeleMax1,HLmanJav2,HLnotEug3,HLoryCun3,HLpteVam2,bosTau9,canFam5,dasNov3,equCab3,eriEur2,felCat9,mm39,monDom5,rheMac10,rn7,susScr11
ENSG00000304102_core_1	ENSG00000304102		U_ENSG00000304102.1	chr9	34380939	34381147	+	208	208.0	antisense	ENSG00000164972	19	19	18	16	10	0	0.0225	0.0195	0.0439	166.2	167.0	HLbalEde1,HLcamDro2,HLdidVir1,HLeleMax1,HLmanJav2,HLnotEug3,HLoryCun3,HLpteVam2,bosTau9,canFam5,dasNov3,equCab3,eriEur2,felCat9,mm39,monDom5,rheMac10,rn7,susScr11
ENSG00000304124_core_1	ENSG00000304124		U_ENSG00000304124.1	chr17	39607835	39608042	+	207	207.0	antisense	ENSG00000171532	19	19	19	19	19	0	0.0118	0.0107	0.0163	188.5	207.0	HLbalEde1,HLcamDro2,HLdidVir1,HLeleMax1,HLmanJav2,HLnotEug3,HLoryCun3,HLpteVam2,bosTau9,canFam5,dasNov3,equCab3,eriEur2,felCat9,mm39,monDom5,rheMac10,rn7,susScr11
ENSG00000304134_core_3	ENSG00000304134		U_ENSG00000304134.1	chr1	179591695	179591916	-	221	221.0	antisense	ENSG00000162782	18	18	18	15	7	0	0.0235	0.0222	0.0352	220.0	219.0	HLbalEde1,HLcamDro2,HLeleMax1,HLmanJav2,HLnotEug3,HLoryCun3,HLpteVam2,bosTau9,canFam5,dasNov3,equCab3,eriEur2,felCat9,mm39,monDom5,rheMac10,rn7,susScr11
ENSG00000304180_core_2	ENSG00000304180		U_ENSG00000304180.1	chr5	2334821	2335065	-	244	244.0	intergenic	.	17	14	11	7	3	0	0.0346	0.0349	0.062	190.9	232.0	HLbalEde1,HLcamDro2,HLdidVir1,HLeleMax1,HLmanJav2,HLnotEug3,HLoryCun3,HLpteVam2,bosTau9,canFam5,equCab3,felCat9,mm39,monDom5,rheMac10,rn7,susScr11
ENSG00000304197_core_2	ENSG00000304197		U_ENSG00000304197.1	chr17	38111400	38111522	+	122	122.0	near_coding_5kb	.	18	18	18	18	6	0	0.0205	0.021	0.023	120.0	122.0	HLbalEde1,HLcamDro2,HLdidVir1,HLeleMax1,HLmanJav2,HLnotEug3,HLpteVam2,bosTau9,canFam5,dasNov3,equCab3,eriEur2,felCat9,mm39,monDom5,rheMac10,rn7,susScr11
ENSG00000304197_core_4	ENSG00000304197		U_ENSG00000304197.1	chr17	38117539	38117740	+	201	201.0	near_coding_5kb	.	19	19	19	19	19	0	0.0115	0.0115	0.0129	201.0	201.0	HLbalEde1,HLcamDro2,HLdidVir1,HLeleMax1,HLmanJav2,HLnotEug3,HLoryCun3,HLpteVam2,bosTau9,canFam5,dasNov3,equCab3,eriEur2,felCat9,mm39,monDom5,rheMac10,rn7,susScr11
ENSG00000304244_core_1	ENSG00000304244		U_ENSG00000304244.1	chr1	205631949	205632437	+	488	488.0	antisense	ENSG00000158711	17	16	15	15	9	1	0.0225	0.0193	0.0759	345.7	326.0	HLbalEde1,HLcamDro2,HLeleMax1,HLmanJav2,HLoryCun3,HLpteVam2,bosTau9,canFam5,dasNov3,equCab3,eriEur2,felCat9,mm39,monDom5,rheMac10,rn7,susScr11
ENSG00000304271_core_1	ENSG00000304271		U_ENSG00000304271.1	chr6	146435140	146435468	-	328	328.0	antisense	ENSG00000152822	17	12	12	10	7	1	0.0338	0.0241	0.0715	250.5	267.0	HLbalEde1,HLcamDro2,HLdidVir1,HLmanJav2,HLnotEug3,HLoryCun3,HLpteVam2,bosTau9,canFam5,dasNov3,equCab3,eriEur2,felCat9,mm39,monDom5,rheMac10,susScr11
ENSG00000304309_core_1	ENSG00000304309		U_ENSG00000304309.1	chr12	15912	16065	-	153	153.0	intergenic	.	17	17	17	17	13	0	0.0172	0.0163	0.0231	148.1	153.0	HLbalEde1,HLcamDro2,HLeleMax1,HLmanJav2,HLnotEug3,HLoryCun3,HLpteVam2,bosTau9,canFam5,dasNov3,equCab3,eriEur2,felCat9,mm39,monDom5,rheMac10,susScr11
ENSG00000304309_core_3	ENSG00000304309		U_ENSG00000304309.1	chr12	16968	17170	-	202	202.0	intergenic	.	19	19	19	19	18	0	0.0141	0.0133	0.0254	197.5	202.0	HLbalEde1,HLcamDro2,HLdidVir1,HLeleMax1,HLmanJav2,HLnotEug3,HLoryCun3,HLpteVam2,bosTau9,canFam5,dasNov3,equCab3,eriEur2,felCat9,mm39,monDom5,rheMac10,rn7,susScr11
ENSG00000304309_core_4	ENSG00000304309		U_ENSG00000304309.1	chr12	26800	26954	-	154	154.0	intergenic	.	18	17	16	16	12	0	0.0223	0.018	0.0517	139.4	154.0	HLbalEde1,HLcamDro2,HLdidVir1,HLeleMax1,HLmanJav2,HLnotEug3,HLoryCun3,HLpteVam2,bosTau9,canFam5,dasNov3,equCab3,eriEur2,felCat9,mm39,rheMac10,rn7,susScr11
ENSG00000304310_core_1	ENSG00000304310		U_ENSG00000304310.1	chr15	82429736	82429962	-	226	226.0	antisense	ENSG00000197978	18	13	10	3	1	0	0.0444	0.037	0.0835	156.1	150.5	HLbalEde1,HLcamDro2,HLdidVir1,HLeleMax1,HLmanJav2,HLnotEug3,HLoryCun3,HLpteVam2,bosTau9,canFam5,dasNov3,equCab3,eriEur2,felCat9,mm39,rheMac10,rn7,susScr11
ENSG00000304312_core_1	ENSG00000304312		U_ENSG00000304312.1	chr9	17905800	17906208	-	408	408.0	antisense	ENSG00000178031	18	9	8	5	2	1	0.0479	0.0466	0.0813	209.1	206.5	HLbalEde1,HLcamDro2,HLdidVir1,HLmanJav2,HLnotEug3,HLoryCun3,HLpteVam2,bosTau9,canFam5,dasNov3,equCab3,eriEur2,felCat9,mm39,monDom5,rheMac10,rn7,susScr11
ENSG00000304346_core_1	ENSG00000304346		U_ENSG00000304346.1	chr6	19719678	19719806	-	128	128.0	intergenic	.	19	19	17	16	7	0	0.024	0.0209	0.0457	112.7	120.0	HLbalEde1,HLcamDro2,HLdidVir1,HLeleMax1,HLmanJav2,HLnotEug3,HLoryCun3,HLpteVam2,bosTau9,canFam5,dasNov3,equCab3,eriEur2,felCat9,mm39,monDom5,rheMac10,rn7,susScr11
ENSG00000304379_core_1	ENSG00000304379		U_ENSG00000304379.1	chr16	54175247	54175535	-	288	288.0	intergenic	.	19	15	14	12	9	1	0.031	0.0223	0.0794	228.5	240.0	HLbalEde1,HLcamDro2,HLdidVir1,HLeleMax1,HLmanJav2,HLnotEug3,HLoryCun3,HLpteVam2,bosTau9,canFam5,dasNov3,equCab3,eriEur2,felCat9,mm39,monDom5,rheMac10,rn7,susScr11
ENSG00000304436_core_1	ENSG00000304436		U_ENSG00000304436.1	chr9	120714767	120715015	+	248	248.0	near_coding_5kb	.	18	18	18	15	14	1	0.0184	0.016	0.0368	238.1	241.0	HLbalEde1,HLcamDro2,HLdidVir1,HLeleMax1,HLmanJav2,HLnotEug3,HLoryCun3,HLpteVam2,bosTau9,canFam5,dasNov3,equCab3,eriEur2,felCat9,mm39,rheMac10,rn7,susScr11
ENSG00000304478_core_1	ENSG00000304478		U_ENSG00000304478.1	chr18	75392506	75392791	+	285	285.0	intergenic	.	17	12	12	8	3	1	0.038	0.0305	0.0876	227.4	249.0	HLbalEde1,HLcamDro2,HLdidVir1,HLeleMax1,HLmanJav2,HLnotEug3,HLoryCun3,bosTau9,canFam5,dasNov3,equCab3,felCat9,mm39,monDom5,rheMac10,rn7,susScr11
ENSG00000304478_core_2	ENSG00000304478		U_ENSG00000304478.1	chr18	75393063	75393551	+	488	488.0	intergenic	.	17	14	13	9	8	3	0.0291	0.0282	0.0647	266.9	266.0	HLbalEde1,HLcamDro2,HLdidVir1,HLeleMax1,HLmanJav2,HLnotEug3,HLoryCun3,HLpteVam2,bosTau9,canFam5,dasNov3,equCab3,felCat9,mm39,rheMac10,rn7,susScr11
ENSG00000304480_core_1	ENSG00000304480		U_ENSG00000304480.1	chr2	232487975	232488463	+	488	488.0	near_coding_5kb	.	17	16	15	10	4	1	0.0276	0.0282	0.0602	269.4	269.0	HLbalEde1,HLcamDro2,HLdidVir1,HLeleMax1,HLmanJav2,HLoryCun3,HLpteVam2,bosTau9,canFam5,dasNov3,equCab3,eriEur2,felCat9,mm39,rheMac10,rn7,susScr11
ENSG00000304550_core_1	ENSG00000304550		U_ENSG00000304550.1	chr2	113502088	113502649	-	561	561.0	antisense	ENSG00000136682,ENSG00000184492	18	10	9	8	7	1	0.0441	0.0369	0.0997	314.2	314.5	HLbalEde1,HLcamDro2,HLeleMax1,HLmanJav2,HLnotEug3,HLoryCun3,HLpteVam2,bosTau9,canFam5,dasNov3,equCab3,eriEur2,felCat9,mm39,monDom5,rheMac10,rn7,susScr11
ENSG00000304611_core_1	ENSG00000304611		U_ENSG00000304611.1	chr9	137054280	137054440	-	160	160.0	near_coding_5kb	.	17	3	1	1	1	0	0.0625	0.0591	0.0966	117.0	118.0	HLbalEde1,HLcamDro2,HLeleMax1,HLmanJav2,HLnotEug3,HLoryCun3,HLpteVam2,bosTau9,canFam5,dasNov3,equCab3,eriEur2,felCat9,mm39,rheMac10,rn7,susScr11
ENSG00000304696_core_1	ENSG00000304696		U_ENSG00000304696.1	chr2	61471238	61471486	-	248	248.0	near_coding_5kb	.	18	10	9	8	7	0	0.038	0.0392	0.0733	165.5	169.0	HLbalEde1,HLcamDro2,HLdidVir1,HLmanJav2,HLnotEug3,HLoryCun3,HLpteVam2,bosTau9,canFam5,dasNov3,equCab3,eriEur2,felCat9,mm39,monDom5,rheMac10,rn7,susScr11
ENSG00000304716_core_2	ENSG00000304716		U_ENSG00000304716.1	chr1	54488734	54489062	+	328	328.0	intergenic	.	17	14	14	13	9	4	0.0256	0.018	0.0748	232.0	279.0	HLbalEde1,HLcamDro2,HLdidVir1,HLeleMax1,HLmanJav2,HLoryCun3,HLpteVam2,canFam5,dasNov3,equCab3,eriEur2,felCat9,mm39,monDom5,rheMac10,rn7,susScr11
ENSG00000304733_core_1	ENSG00000304733		U_ENSG00000304733.1	chr19	14518637	14519525	+	888	888.0	antisense+sense	ENSG00000099797,ENSG00000132002	17	15	14	12	7	1	0.0274	0.0222	0.059	375.6	304.0	HLbalEde1,HLcamDro2,HLdidVir1,HLeleMax1,HLmanJav2,HLnotEug3,HLoryCun3,HLpteVam2,bosTau9,canFam5,equCab3,felCat9,mm39,monDom5,rheMac10,rn7,susScr11
ENSG00000304756_core_1	ENSG00000304756		U_ENSG00000304756.1	chr9	42497798	42497930	+	132	132.0	intergenic	.	19	18	17	9	0	0	0.0327	0.0302	0.0581	125.9	131.0	HLbalEde1,HLcamDro2,HLdidVir1,HLeleMax1,HLmanJav2,HLnotEug3,HLoryCun3,HLpteVam2,bosTau9,canFam5,dasNov3,equCab3,eriEur2,felCat9,mm39,monDom5,rheMac10,rn7,susScr11
ENSG00000304775_core_2	ENSG00000304775		U_ENSG00000304775.1	chr10	4889836	4890004	-	168	168.0	intergenic	.	19	16	15	10	1	0	0.0342	0.0299	0.068	160.3	168.0	HLbalEde1,HLcamDro2,HLdidVir1,HLeleMax1,HLmanJav2,HLnotEug3,HLoryCun3,HLpteVam2,bosTau9,canFam5,dasNov3,equCab3,eriEur2,felCat9,mm39,monDom5,rheMac10,rn7,susScr11
ENSG00000304782_core_1	ENSG00000304782		U_ENSG00000304782.1	chr1	178939057	178939265	-	208	208.0	intergenic	.	17	17	17	17	13	0	0.0176	0.0168	0.0261	185.8	198.0	HLbalEde1,HLcamDro2,HLdidVir1,HLeleMax1,HLmanJav2,HLnotEug3,HLoryCun3,HLpteVam2,bosTau9,dasNov3,equCab3,felCat9,mm39,monDom5,rheMac10,rn7,susScr11
ENSG00000304838_core_2	ENSG00000304838		U_ENSG00000304838.1	chr6	37756637	37756845	+	208	208.0	intergenic	.	19	18	17	14	11	0	0.0258	0.0192	0.0749	179.9	191.0	HLbalEde1,HLcamDro2,HLdidVir1,HLeleMax1,HLmanJav2,HLnotEug3,HLoryCun3,HLpteVam2,bosTau9,canFam5,dasNov3,equCab3,eriEur2,felCat9,mm39,monDom5,rheMac10,rn7,susScr11
ENSG00000304855_core_1	ENSG00000304855		U_ENSG00000304855.1	chr7	150047983	150048231	-	248	248.0	intergenic	.	17	15	15	13	10	1	0.0242	0.0162	0.0669	223.8	243.0	HLbalEde1,HLcamDro2,HLdidVir1,HLeleMax1,HLmanJav2,HLoryCun3,HLpteVam2,bosTau9,canFam5,dasNov3,equCab3,felCat9,mm39,monDom5,rheMac10,rn7,susScr11
ENSG00000304865_core_1	ENSG00000304865		U_ENSG00000304865.1	chr17	48023686	48023974	+	288	288.0	near_coding_5kb	.	19	16	11	7	4	0	0.0384	0.0342	0.0855	203.7	241.0	HLbalEde1,HLcamDro2,HLdidVir1,HLeleMax1,HLmanJav2,HLnotEug3,HLoryCun3,HLpteVam2,bosTau9,canFam5,dasNov3,equCab3,eriEur2,felCat9,mm39,monDom5,rheMac10,rn7,susScr11
ENSG00000304882_core_2	ENSG00000304882		U_ENSG00000304882.1	chr8	37762405	37762653	-	248	248.0	antisense	ENSG00000147471	18	17	15	11	0	0	0.0306	0.026	0.0514	220.2	219.0	HLbalEde1,HLcamDro2,HLdidVir1,HLeleMax1,HLmanJav2,HLnotEug3,HLoryCun3,HLpteVam2,bosTau9,canFam5,dasNov3,equCab3,eriEur2,felCat9,mm39,monDom5,rn7,susScr11
ENSG00000304884_core_1	ENSG00000304884		U_ENSG00000304884.1	chr9	18657451	18657699	-	248	248.0	antisense	ENSG00000178031	17	13	11	10	5	0	0.034	0.0244	0.0754	160.7	157.0	HLbalEde1,HLcamDro2,HLdidVir1,HLeleMax1,HLmanJav2,HLoryCun3,HLpteVam2,bosTau9,canFam5,equCab3,eriEur2,felCat9,mm39,monDom5,rheMac10,rn7,susScr11
ENSG00000304945_core_1	ENSG00000304945		U_ENSG00000304945.1	chr11	65134926	65135147	+	221	221.0	near_coding_5kb	.	18	14	12	11	1	0	0.0358	0.0278	0.0695	153.9	143.0	HLbalEde1,HLcamDro2,HLdidVir1,HLeleMax1,HLmanJav2,HLoryCun3,HLpteVam2,bosTau9,canFam5,dasNov3,equCab3,eriEur2,felCat9,mm39,monDom5,rheMac10,rn7,susScr11
ENSG00000305025_core_2	ENSG00000305025		U_ENSG00000305025.1	chr2	197434957	197435565	+	608	608.0	antisense	ENSG00000115524	18	18	18	17	16	6	0.0127	0.0109	0.0327	311.2	308.0	HLbalEde1,HLcamDro2,HLdidVir1,HLeleMax1,HLmanJav2,HLoryCun3,HLpteVam2,bosTau9,canFam5,dasNov3,equCab3,eriEur2,felCat9,mm39,monDom5,rheMac10,rn7,susScr11
ENSG00000305058_core_2	ENSG00000305058		U_ENSG00000305058.1	chr20	10217595	10218363	-	768	768.0	antisense	ENSG00000132639	19	19	18	13	7	2	0.024	0.0221	0.0457	299.5	247.0	HLbalEde1,HLcamDro2,HLdidVir1,HLeleMax1,HLmanJav2,HLnotEug3,HLoryCun3,HLpteVam2,bosTau9,canFam5,dasNov3,equCab3,eriEur2,felCat9,mm39,monDom5,rheMac10,rn7,susScr11
ENSG00000305069_core_1	ENSG00000305069		U_ENSG00000305069.1	chr9	35729151	35729319	-	168	168.0	sense_overlapping	ENSG00000137076	18	15	15	14	8	0	0.0319	0.0214	0.0881	154.6	162.5	HLbalEde1,HLcamDro2,HLdidVir1,HLeleMax1,HLmanJav2,HLnotEug3,HLoryCun3,HLpteVam2,bosTau9,canFam5,dasNov3,equCab3,eriEur2,felCat9,mm39,monDom5,rheMac10,susScr11
ENSG00000305089_core_1	ENSG00000305089		U_ENSG00000305089.1	chr19	7523108	7523319	-	211	211.0	antisense	ENSG00000090674,ENSG00000198816	17	8	5	4	1	0	0.0566	0.0585	0.0989	134.4	120.0	HLbalEde1,HLcamDro2,HLdidVir1,HLeleMax1,HLmanJav2,HLnotEug3,HLpteVam2,bosTau9,canFam5,dasNov3,equCab3,eriEur2,felCat9,mm39,rheMac10,rn7,susScr11
ENSG00000305109_core_4	ENSG00000305109		U_ENSG00000305109.1	chr19	7535215	7535503	-	288	288.0	antisense	ENSG00000032444,ENSG00000090674	18	16	15	11	6	1	0.0308	0.0234	0.0783	240.8	264.5	HLbalEde1,HLcamDro2,HLeleMax1,HLmanJav2,HLnotEug3,HLoryCun3,HLpteVam2,bosTau9,canFam5,dasNov3,equCab3,eriEur2,felCat9,mm39,monDom5,rheMac10,rn7,susScr11
ENSG00000305212_core_1	ENSG00000305212		U_ENSG00000305212.1	chr3	169242442	169242751	+	309	309.0	antisense	ENSG00000085276	19	19	19	19	19	11	0.0105	0.0089	0.0195	231.7	257.0	HLbalEde1,HLcamDro2,HLdidVir1,HLeleMax1,HLmanJav2,HLnotEug3,HLoryCun3,HLpteVam2,bosTau9,canFam5,dasNov3,equCab3,eriEur2,felCat9,mm39,monDom5,rheMac10,rn7,susScr11
ENSG00000305226_core_2	ENSG00000305226		U_ENSG00000305226.1	chr7	91940714	91940847	-	133	133.0	antisense	ENSG00000127914	17	8	2	1	0	0	0.054	0.0522	0.0928	124.1	131.0	HLbalEde1,HLcamDro2,HLdidVir1,HLeleMax1,HLmanJav2,HLoryCun3,HLpteVam2,bosTau9,canFam5,dasNov3,equCab3,eriEur2,mm39,monDom5,rheMac10,rn7,susScr11
ENSG00000305252_core_1	ENSG00000305252		U_ENSG00000305252.1	chr6	155384557	155384845	+	288	288.0	intergenic	.	17	17	16	16	15	10	0.0126	0.0092	0.0491	262.6	280.0	HLbalEde1,HLcamDro2,HLeleMax1,HLmanJav2,HLnotEug3,HLoryCun3,HLpteVam2,bosTau9,canFam5,dasNov3,equCab3,eriEur2,felCat9,mm39,rheMac10,rn7,susScr11
ENSG00000305264_core_3	ENSG00000305264		U_ENSG00000305264.1	chr13	52849753	52849906	+	153	153.0	antisense	ENSG00000136099	17	16	16	12	3	0	0.0261	0.0222	0.056	132.2	143.0	HLbalEde1,HLcamDro2,HLdidVir1,HLeleMax1,HLmanJav2,HLnotEug3,HLoryCun3,HLpteVam2,bosTau9,canFam5,dasNov3,equCab3,felCat9,mm39,monDom5,rheMac10,susScr11
ENSG00000305272_core_1	ENSG00000305272		U_ENSG00000305272.1	chr3	168248610	168248913	-	303	303.0	intergenic	.	18	15	14	12	11	0	0.0308	0.0179	0.0993	180.6	179.5	HLbalEde1,HLcamDro2,HLdidVir1,HLeleMax1,HLmanJav2,HLnotEug3,HLoryCun3,HLpteVam2,canFam5,dasNov3,equCab3,eriEur2,felCat9,mm39,monDom5,rheMac10,rn7,susScr11
ENSG00000305284_core_1	ENSG00000305284		U_ENSG00000305284.1	chr16	29973419	29973547	-	128	128.0	antisense	ENSG00000149932	18	15	13	6	1	0	0.036	0.0318	0.0606	112.2	119.5	HLbalEde1,HLcamDro2,HLdidVir1,HLeleMax1,HLmanJav2,HLoryCun3,HLpteVam2,bosTau9,canFam5,dasNov3,equCab3,eriEur2,felCat9,mm39,monDom5,rheMac10,rn7,susScr11
ENSG00000305325_core_2	ENSG00000305325		U_ENSG00000305325.1	chr16	361487	361713	-	226	226.0	intergenic	.	18	18	18	18	16	2	0.0128	0.0106	0.0253	217.2	223.5	HLbalEde1,HLcamDro2,HLdidVir1,HLeleMax1,HLmanJav2,HLnotEug3,HLoryCun3,HLpteVam2,bosTau9,canFam5,dasNov3,equCab3,felCat9,mm39,monDom5,rheMac10,rn7,susScr11
ENSG00000305433_core_2	ENSG00000305433		U_ENSG00000305433.1	chr10	126905119	126905247	-	128	128.0	near_coding_5kb	.	18	0	0	0	0	0	0.0733	0.0704	0.093	113.2	122.5	HLbalEde1,HLcamDro2,HLdidVir1,HLeleMax1,HLmanJav2,HLnotEug3,HLoryCun3,HLpteVam2,bosTau9,canFam5,dasNov3,equCab3,felCat9,mm39,monDom5,rheMac10,rn7,susScr11
ENSG00000305441_core_1	ENSG00000305441		U_ENSG00000305441.1	chr15	40908792	40909075	-	283	283.0	near_coding_5kb	.	18	6	2	1	1	1	0.0546	0.0577	0.0875	155.4	144.5	HLbalEde1,HLcamDro2,HLdidVir1,HLeleMax1,HLmanJav2,HLnotEug3,HLoryCun3,HLpteVam2,bosTau9,canFam5,dasNov3,equCab3,eriEur2,mm39,monDom5,rheMac10,rn7,susScr11
ENSG00000305473_core_1	ENSG00000305473		U_ENSG00000305473.1	chr5	157651891	157652332	+	441	441.0	antisense	ENSG00000039600	19	19	19	18	18	14	0.0107	0.0086	0.0348	408.2	446.0	HLbalEde1,HLcamDro2,HLdidVir1,HLeleMax1,HLmanJav2,HLnotEug3,HLoryCun3,HLpteVam2,bosTau9,canFam5,dasNov3,equCab3,eriEur2,felCat9,mm39,monDom5,rheMac10,rn7,susScr11
ENSG00000305514_core_1	ENSG00000305514		U_ENSG00000305514.1	chr1	63319792	63319964	+	172	172.0	antisense	ENSG00000142856	19	17	14	9	2	0	0.0346	0.0311	0.0657	165.1	171.0	HLbalEde1,HLcamDro2,HLdidVir1,HLeleMax1,HLmanJav2,HLnotEug3,HLoryCun3,HLpteVam2,bosTau9,canFam5,dasNov3,equCab3,eriEur2,felCat9,mm39,monDom5,rheMac10,rn7,susScr11
ENSG00000305514_core_2	ENSG00000305514		U_ENSG00000305514.1	chr1	63320539	63320792	+	253	253.0	antisense	ENSG00000142856	19	13	13	13	7	1	0.0377	0.023	0.0969	198.5	224.0	HLbalEde1,HLcamDro2,HLdidVir1,HLeleMax1,HLmanJav2,HLnotEug3,HLoryCun3,HLpteVam2,bosTau9,canFam5,dasNov3,equCab3,eriEur2,felCat9,mm39,monDom5,rheMac10,rn7,susScr11
ENSG00000305541_core_1	ENSG00000305541		U_ENSG00000305541.1	chr1	151198282	151198770	-	488	488.0	antisense	ENSG00000143398	19	16	16	15	12	7	0.0226	0.0179	0.0703	353.4	376.0	HLbalEde1,HLcamDro2,HLdidVir1,HLeleMax1,HLmanJav2,HLnotEug3,HLoryCun3,HLpteVam2,bosTau9,canFam5,dasNov3,equCab3,eriEur2,felCat9,mm39,monDom5,rheMac10,rn7,susScr11
ENSG00000305567_core_2	ENSG00000305567		U_ENSG00000305567.1	chrX	47803975	47804154	-	179	179.0	intergenic	.	17	10	10	8	7	0	0.0504	0.0359	0.0964	141.3	158.0	HLbalEde1,HLcamDro2,HLdidVir1,HLeleMax1,HLmanJav2,HLnotEug3,HLoryCun3,HLpteVam2,bosTau9,canFam5,dasNov3,equCab3,eriEur2,mm39,rheMac10,rn7,susScr11
ENSG00000305613_core_1	ENSG00000305613		U_ENSG00000305613.1	chr9	86354638	86354966	+	328	328.0	near_coding_5kb	.	18	17	14	12	2	1	0.0307	0.0278	0.0649	306.5	321.5	HLbalEde1,HLcamDro2,HLdidVir1,HLeleMax1,HLmanJav2,HLoryCun3,HLpteVam2,bosTau9,canFam5,dasNov3,equCab3,eriEur2,felCat9,mm39,monDom5,rheMac10,rn7,susScr11
ENSG00000305630_core_1	ENSG00000305630		U_ENSG00000305630.1	chr1	149927937	149928425	+	488	488.0	near_coding_5kb	.	18	10	9	7	6	1	0.0408	0.0394	0.0831	258.2	270.0	HLbalEde1,HLcamDro2,HLdidVir1,HLeleMax1,HLmanJav2,HLoryCun3,HLpteVam2,bosTau9,canFam5,dasNov3,equCab3,eriEur2,felCat9,mm39,monDom5,rheMac10,rn7,susScr11
ENSG00000305675_core_2	ENSG00000305675		U_ENSG00000305675.1	chr10	12129229	12129482	-	253	253.0	antisense	ENSG00000181192	19	17	11	5	1	0	0.0351	0.0327	0.0538	240.2	244.0	HLbalEde1,HLcamDro2,HLdidVir1,HLeleMax1,HLmanJav2,HLnotEug3,HLoryCun3,HLpteVam2,bosTau9,canFam5,dasNov3,equCab3,eriEur2,felCat9,mm39,monDom5,rheMac10,rn7,susScr11
ENSG00000305681_core_1	ENSG00000305681		U_ENSG00000305681.1	chr22	37545986	37546114	-	128	128.0	near_coding_5kb	.	17	9	7	1	0	0	0.0554	0.0487	0.0949	114.8	117.0	HLbalEde1,HLcamDro2,HLeleMax1,HLmanJav2,HLnotEug3,HLoryCun3,HLpteVam2,bosTau9,canFam5,dasNov3,equCab3,felCat9,mm39,monDom5,rheMac10,rn7,susScr11
ENSG00000305704_core_1	ENSG00000305704		U_ENSG00000305704.1	chr5	55227021	55227269	+	248	248.0	antisense	ENSG00000234602	19	16	15	14	10	1	0.0294	0.0179	0.0874	206.7	238.0	HLbalEde1,HLcamDro2,HLdidVir1,HLeleMax1,HLmanJav2,HLnotEug3,HLoryCun3,HLpteVam2,bosTau9,canFam5,dasNov3,equCab3,eriEur2,felCat9,mm39,monDom5,rheMac10,rn7,susScr11
ENSG00000305727_core_1	ENSG00000305727		U_ENSG00000305727.1	chr15	70099359	70099567	-	208	208.0	near_coding_5kb	.	17	14	14	14	14	0	0.0264	0.013	0.097	186.1	207.0	HLbalEde1,HLcamDro2,HLdidVir1,HLeleMax1,HLmanJav2,HLoryCun3,HLpteVam2,bosTau9,canFam5,dasNov3,equCab3,felCat9,mm39,monDom5,rheMac10,rn7,susScr11
ENSG00000305737_core_1	ENSG00000305737		U_ENSG00000305737.1	chr8	143829160	143829404	+	244	244.0	antisense	ENSG00000179950,ENSG00000185189	19	18	17	16	13	0	0.0217	0.017	0.0603	235.3	240.0	HLbalEde1,HLcamDro2,HLdidVir1,HLeleMax1,HLmanJav2,HLnotEug3,HLoryCun3,HLpteVam2,bosTau9,canFam5,dasNov3,equCab3,eriEur2,felCat9,mm39,monDom5,rheMac10,rn7,susScr11
ENSG00000305861_core_1	ENSG00000305861		U_ENSG00000305861.1	chr1	148844286	148844705	-	419	419.0	antisense	ENSG00000178104	19	18	17	17	16	3	0.0169	0.0121	0.0656	296.9	325.0	HLbalEde1,HLcamDro2,HLdidVir1,HLeleMax1,HLmanJav2,HLnotEug3,HLoryCun3,HLpteVam2,bosTau9,canFam5,dasNov3,equCab3,eriEur2,felCat9,mm39,monDom5,rheMac10,rn7,susScr11
ENSG00000305887_core_1	ENSG00000305887		U_ENSG00000305887.1	chr1	120233060	120233308	+	248	248.0	intergenic	.	18	16	16	15	11	0	0.0241	0.0173	0.0687	218.7	244.5	HLbalEde1,HLcamDro2,HLdidVir1,HLeleMax1,HLmanJav2,HLnotEug3,HLoryCun3,HLpteVam2,bosTau9,canFam5,dasNov3,equCab3,eriEur2,felCat9,mm39,monDom5,rn7,susScr11
ENSG00000305954_core_1	ENSG00000305954		U_ENSG00000305954.1	chr20	45362963	45363331	-	368	368.0	antisense	ENSG00000204070	17	16	12	12	10	6	0.0242	0.0152	0.0584	305.2	334.0	HLbalEde1,HLcamDro2,HLdidVir1,HLeleMax1,HLmanJav2,HLoryCun3,HLpteVam2,bosTau9,canFam5,dasNov3,equCab3,eriEur2,felCat9,monDom5,rheMac10,rn7,susScr11
ENSG00000305955_core_4	ENSG00000305955	KMT2CP1	U_ENSG00000305955.1	chr1	144675845	144676010	+	165	165.0	intergenic	.	18	16	16	11	2	0	0.0306	0.0274	0.0636	135.9	127.5	HLbalEde1,HLcamDro2,HLdidVir1,HLeleMax1,HLmanJav2,HLnotEug3,HLoryCun3,HLpteVam2,bosTau9,canFam5,dasNov3,equCab3,felCat9,mm39,monDom5,rheMac10,rn7,susScr11
ENSG00000305969_core_1	ENSG00000305969		U_ENSG00000305969.1	chr4	52862512	52862809	-	297	297.0	antisense	ENSG00000128045	17	16	16	15	14	1	0.019	0.0149	0.0569	241.9	255.0	HLbalEde1,HLcamDro2,HLdidVir1,HLeleMax1,HLmanJav2,HLoryCun3,HLpteVam2,bosTau9,canFam5,equCab3,eriEur2,felCat9,mm39,monDom5,rheMac10,rn7,susScr11
ENSG00000306006_core_1	ENSG00000306006		U_ENSG00000306006.1	chr3	4978214	4978382	+	168	168.0	near_coding_5kb	.	19	17	14	11	3	0	0.0313	0.024	0.0617	162.7	168.0	HLbalEde1,HLcamDro2,HLdidVir1,HLeleMax1,HLmanJav2,HLnotEug3,HLoryCun3,HLpteVam2,bosTau9,canFam5,dasNov3,equCab3,eriEur2,felCat9,mm39,monDom5,rheMac10,rn7,susScr11
ENSG00000306014_core_1	ENSG00000306014		U_ENSG00000306014.1	chr1	120341101	120341500	+	399	399.0	intergenic	.	19	19	18	18	15	11	0.0146	0.0097	0.0418	372.6	400.0	HLbalEde1,HLcamDro2,HLdidVir1,HLeleMax1,HLmanJav2,HLnotEug3,HLoryCun3,HLpteVam2,bosTau9,canFam5,dasNov3,equCab3,eriEur2,felCat9,mm39,monDom5,rheMac10,rn7,susScr11
ENSG00000306027_core_1	ENSG00000306027		U_ENSG00000306027.1	chr3	4986641	4986929	-	288	288.0	near_coding_5kb	.	19	11	8	7	4	0	0.0437	0.0455	0.0904	218.6	251.0	HLbalEde1,HLcamDro2,HLdidVir1,HLeleMax1,HLmanJav2,HLnotEug3,HLoryCun3,HLpteVam2,bosTau9,canFam5,dasNov3,equCab3,eriEur2,felCat9,mm39,monDom5,rheMac10,rn7,susScr11
ENSG00000306030_core_1	ENSG00000306030		U_ENSG00000306030.1	chr6	79631187	79631515	-	328	328.0	antisense	ENSG00000198478	19	19	17	17	15	7	0.0161	0.0106	0.0404	299.8	320.0	HLbalEde1,HLcamDro2,HLdidVir1,HLeleMax1,HLmanJav2,HLnotEug3,HLoryCun3,HLpteVam2,bosTau9,canFam5,dasNov3,equCab3,eriEur2,felCat9,mm39,monDom5,rheMac10,rn7,susScr11
ENSG00000306045_core_1	ENSG00000306045		U_ENSG00000306045.1	chr3	4978835	4979043	+	208	208.0	near_coding_5kb	.	19	17	15	14	13	0	0.0226	0.0124	0.0625	183.6	199.0	HLbalEde1,HLcamDro2,HLdidVir1,HLeleMax1,HLmanJav2,HLnotEug3,HLoryCun3,HLpteVam2,bosTau9,canFam5,dasNov3,equCab3,eriEur2,felCat9,mm39,monDom5,rheMac10,rn7,susScr11
ENSG00000306143_core_1	ENSG00000306143		U_ENSG00000306143.1	chr4	20252322	20252493	-	171	171.0	antisense	ENSG00000145147	18	14	12	11	9	0	0.0349	0.0208	0.0944	152.3	168.5	HLbalEde1,HLcamDro2,HLdidVir1,HLeleMax1,HLmanJav2,HLnotEug3,HLoryCun3,HLpteVam2,bosTau9,canFam5,dasNov3,equCab3,eriEur2,felCat9,mm39,rheMac10,rn7,susScr11
ENSG00000306162_core_1	ENSG00000306162		U_ENSG00000306162.1	chr17	39637036	39637284	-	248	248.0	antisense	ENSG00000131748,ENSG00000131771	18	15	15	14	7	0	0.0295	0.0234	0.0911	184.4	168.0	HLbalEde1,HLcamDro2,HLdidVir1,HLeleMax1,HLmanJav2,HLnotEug3,HLoryCun3,HLpteVam2,bosTau9,canFam5,dasNov3,equCab3,eriEur2,felCat9,monDom5,rheMac10,rn7,susScr11
ENSG00000306168_core_1	ENSG00000306168		U_ENSG00000306168.1	chr9	130535830	130535998	+	168	168.0	intergenic	.	18	13	11	10	0	0	0.0361	0.0262	0.0645	151.5	167.0	HLbalEde1,HLdidVir1,HLeleMax1,HLmanJav2,HLnotEug3,HLoryCun3,HLpteVam2,bosTau9,canFam5,dasNov3,equCab3,eriEur2,felCat9,mm39,monDom5,rheMac10,rn7,susScr11
ENSG00000306196_core_1	ENSG00000306196		U_ENSG00000306196.1	chr6	117602349	117603237	+	888	888.0	antisense	ENSG00000047932	17	17	17	17	16	16	0.0069	0.0054	0.029	728.4	763.0	HLbalEde1,HLcamDro2,HLeleMax1,HLmanJav2,HLoryCun3,HLpteVam2,bosTau9,canFam5,dasNov3,equCab3,eriEur2,felCat9,mm39,monDom5,rheMac10,rn7,susScr11
ENSG00000306205_core_1	ENSG00000306205		U_ENSG00000306205.1	chr15	90000848	90001096	+	248	248.0	near_coding_5kb	.	17	13	12	12	8	1	0.0335	0.0224	0.0951	160.2	143.0	HLcamDro2,HLdidVir1,HLeleMax1,HLmanJav2,HLnotEug3,HLoryCun3,bosTau9,canFam5,dasNov3,equCab3,eriEur2,felCat9,mm39,monDom5,rheMac10,rn7,susScr11
ENSG00000306218_core_1	ENSG00000306218		U_ENSG00000306218.1	chr20	50053138	50053466	-	328	328.0	intergenic	.	17	17	17	16	15	7	0.0126	0.0102	0.0331	275.4	294.0	HLbalEde1,HLcamDro2,HLeleMax1,HLmanJav2,HLnotEug3,HLoryCun3,HLpteVam2,bosTau9,canFam5,equCab3,eriEur2,felCat9,mm39,monDom5,rheMac10,rn7,susScr11
ENSG00000306229_core_2	ENSG00000306229		U_ENSG00000306229.1	chr9	91193177	91193505	-	328	328.0	intergenic	.	17	13	12	10	2	1	0.0369	0.0276	0.084	234.7	246.0	HLbalEde1,HLcamDro2,HLeleMax1,HLmanJav2,HLoryCun3,HLpteVam2,bosTau9,canFam5,dasNov3,equCab3,eriEur2,felCat9,mm39,monDom5,rheMac10,rn7,susScr11
ENSG00000306251_core_1	ENSG00000306251		U_ENSG00000306251.1	chr20	47876699	47876867	-	168	168.0	intergenic	.	17	13	13	9	1	0	0.0342	0.029	0.0688	149.5	159.0	HLbalEde1,HLcamDro2,HLdidVir1,HLeleMax1,HLmanJav2,HLnotEug3,HLpteVam2,bosTau9,canFam5,equCab3,eriEur2,felCat9,mm39,monDom5,rheMac10,rn7,susScr11
ENSG00000306346_core_3	ENSG00000306346		U_ENSG00000306346.1	chr1	93078858	93079117	-	259	259.0	near_coding_5kb	.	17	12	8	6	4	0	0.0403	0.0423	0.0753	177.2	181.0	HLbalEde1,HLcamDro2,HLdidVir1,HLeleMax1,HLmanJav2,HLnotEug3,HLoryCun3,HLpteVam2,bosTau9,canFam5,dasNov3,equCab3,felCat9,monDom5,rheMac10,rn7,susScr11
ENSG00000306420_core_1	ENSG00000306420		U_ENSG00000306420.1	chr15	89378083	89378246	-	163	163.0	intergenic	.	17	10	8	5	1	0	0.0496	0.042	0.0984	132.3	148.0	HLbalEde1,HLcamDro2,HLeleMax1,HLmanJav2,HLoryCun3,HLpteVam2,bosTau9,canFam5,dasNov3,equCab3,eriEur2,felCat9,mm39,monDom5,rheMac10,rn7,susScr11
ENSG00000306436_core_2	ENSG00000306436		U_ENSG00000306436.1	chr1	35268406	35268589	-	183	183.0	near_coding_5kb	.	17	16	16	14	9	0	0.0242	0.0192	0.0576	128.8	143.0	HLbalEde1,HLcamDro2,HLeleMax1,HLmanJav2,HLoryCun3,HLpteVam2,bosTau9,canFam5,dasNov3,equCab3,eriEur2,felCat9,mm39,monDom5,rheMac10,rn7,susScr11
ENSG00000306456_core_1	ENSG00000306456		U_ENSG00000306456.1	chr3	52278767	52278979	+	212	212.0	antisense	ENSG00000164091	17	14	11	7	1	0	0.0361	0.0336	0.0599	202.8	212.0	HLbalEde1,HLcamDro2,HLeleMax1,HLmanJav2,HLoryCun3,HLpteVam2,bosTau9,canFam5,dasNov3,equCab3,eriEur2,felCat9,mm39,monDom5,rheMac10,rn7,susScr11
ENSG00000306511_core_1	ENSG00000306511		U_ENSG00000306511.1	chr10	99233775	99234063	-	288	288.0	sense_overlapping	ENSG00000172987	18	15	15	14	11	1	0.0285	0.0192	0.0928	245.8	271.0	HLbalEde1,HLcamDro2,HLdidVir1,HLeleMax1,HLmanJav2,HLnotEug3,HLoryCun3,HLpteVam2,bosTau9,canFam5,dasNov3,equCab3,eriEur2,felCat9,mm39,rheMac10,rn7,susScr11
ENSG00000306567_core_1	ENSG00000306567		U_ENSG00000306567.1	chr4	162163759	162164327	+	568	568.0	antisense	ENSG00000168843	19	18	18	18	18	13	0.0105	0.0072	0.0547	475.9	518.0	HLbalEde1,HLcamDro2,HLdidVir1,HLeleMax1,HLmanJav2,HLnotEug3,HLoryCun3,HLpteVam2,bosTau9,canFam5,dasNov3,equCab3,eriEur2,felCat9,mm39,monDom5,rheMac10,rn7,susScr11
ENSG00000306684_core_1	ENSG00000306684		U_ENSG00000306684.1	chr1	236282171	236282339	+	168	168.0	near_coding_5kb	.	19	18	16	6	1	0	0.0337	0.0331	0.0504	163.6	163.0	HLbalEde1,HLcamDro2,HLdidVir1,HLeleMax1,HLmanJav2,HLnotEug3,HLoryCun3,HLpteVam2,bosTau9,canFam5,dasNov3,equCab3,eriEur2,felCat9,mm39,monDom5,rheMac10,rn7,susScr11
ENSG00000306693_core_1	ENSG00000306693		U_ENSG00000306693.1	chr17	29294322	29294570	+	248	248.0	near_coding_5kb	.	19	15	15	13	11	1	0.0286	0.0158	0.0924	185.6	177.0	HLbalEde1,HLcamDro2,HLdidVir1,HLeleMax1,HLmanJav2,HLnotEug3,HLoryCun3,HLpteVam2,bosTau9,canFam5,dasNov3,equCab3,eriEur2,felCat9,mm39,monDom5,rheMac10,rn7,susScr11
ENSG00000306708_core_1	ENSG00000306708		U_ENSG00000306708.1	chr15	41494266	41494389	-	123	123.0	antisense	ENSG00000137825	18	18	18	17	8	0	0.0219	0.0202	0.0304	111.6	123.0	HLbalEde1,HLcamDro2,HLdidVir1,HLeleMax1,HLmanJav2,HLnotEug3,HLoryCun3,HLpteVam2,bosTau9,canFam5,dasNov3,equCab3,felCat9,mm39,monDom5,rheMac10,rn7,susScr11
ENSG00000306718_core_2	ENSG00000306718		U_ENSG00000306718.1	chr17	36307296	36307418	+	122	122.0	near_coding_5kb	.	18	18	18	18	4	0	0.0231	0.0242	0.0262	119.9	122.0	HLbalEde1,HLcamDro2,HLdidVir1,HLeleMax1,HLmanJav2,HLnotEug3,HLpteVam2,bosTau9,canFam5,dasNov3,equCab3,eriEur2,felCat9,mm39,monDom5,rheMac10,rn7,susScr11
ENSG00000306723_core_1	ENSG00000306723		U_ENSG00000306723.1	chr11	65652778	65653186	+	408	408.0	antisense	ENSG00000173039	18	13	11	11	8	1	0.0346	0.0226	0.0943	280.6	289.5	HLbalEde1,HLcamDro2,HLdidVir1,HLeleMax1,HLmanJav2,HLnotEug3,HLoryCun3,HLpteVam2,bosTau9,canFam5,dasNov3,equCab3,felCat9,mm39,monDom5,rheMac10,rn7,susScr11
ENSG00000306752_core_1	ENSG00000306752		U_ENSG00000306752.1	chr17	47896627	47897035	+	408	408.0	sense_overlapping	ENSG00000167182	19	16	16	14	12	4	0.0266	0.0155	0.0974	292.1	344.0	HLbalEde1,HLcamDro2,HLdidVir1,HLeleMax1,HLmanJav2,HLnotEug3,HLoryCun3,HLpteVam2,bosTau9,canFam5,dasNov3,equCab3,eriEur2,felCat9,mm39,monDom5,rheMac10,rn7,susScr11
ENSG00000306815_core_1	ENSG00000306815		U_ENSG00000306815.1	chr1	26233989	26234422	-	433	433.0	antisense	ENSG00000130695	19	18	18	17	16	1	0.0157	0.0123	0.0525	394.4	429.0	HLbalEde1,HLcamDro2,HLdidVir1,HLeleMax1,HLmanJav2,HLnotEug3,HLoryCun3,HLpteVam2,bosTau9,canFam5,dasNov3,equCab3,eriEur2,felCat9,mm39,monDom5,rheMac10,rn7,susScr11
ENSG00000306820_core_1	ENSG00000306820		U_ENSG00000306820.1	chr8	76404253	76404456	-	203	203.0	intergenic	.	19	18	18	18	16	0	0.0188	0.0141	0.0909	177.2	200.0	HLbalEde1,HLcamDro2,HLdidVir1,HLeleMax1,HLmanJav2,HLnotEug3,HLoryCun3,HLpteVam2,bosTau9,canFam5,dasNov3,equCab3,eriEur2,felCat9,mm39,monDom5,rheMac10,rn7,susScr11
ENSG00000306827_core_1	ENSG00000306827		U_ENSG00000306827.1	chr1	38498636	38499044	-	408	408.0	intergenic	.	18	18	18	17	17	7	0.0139	0.0131	0.0368	306.2	288.5	HLbalEde1,HLcamDro2,HLdidVir1,HLmanJav2,HLnotEug3,HLoryCun3,HLpteVam2,bosTau9,canFam5,dasNov3,equCab3,eriEur2,felCat9,mm39,monDom5,rheMac10,rn7,susScr11
ENSG00000306847_core_1	ENSG00000306847		U_ENSG00000306847.1	chr5	166172387	166172674	-	287	287.0	intergenic	.	17	15	14	12	7	1	0.0275	0.0207	0.0709	195.0	198.0	HLbalEde1,HLcamDro2,HLdidVir1,HLeleMax1,HLmanJav2,HLnotEug3,HLoryCun3,HLpteVam2,bosTau9,canFam5,dasNov3,equCab3,eriEur2,felCat9,mm39,rheMac10,rn7
ENSG00000306851_core_2	ENSG00000306851		U_ENSG00000306851.1	chr11	61585358	61585553	-	195	195.0	near_coding_5kb	.	18	15	13	13	3	0	0.0329	0.0242	0.0776	175.6	189.0	HLbalEde1,HLcamDro2,HLdidVir1,HLeleMax1,HLmanJav2,HLnotEug3,HLoryCun3,HLpteVam2,bosTau9,canFam5,dasNov3,equCab3,eriEur2,felCat9,mm39,rheMac10,rn7,susScr11
ENSG00000306860_core_1	ENSG00000306860		U_ENSG00000306860.1	chr13	80276533	80276821	-	288	288.0	intergenic	.	17	17	17	16	16	2	0.0151	0.015	0.0365	188.8	157.0	HLbalEde1,HLcamDro2,HLdidVir1,HLeleMax1,HLmanJav2,HLnotEug3,HLoryCun3,HLpteVam2,bosTau9,canFam5,dasNov3,equCab3,felCat9,monDom5,rheMac10,rn7,susScr11
ENSG00000306878_core_1	ENSG00000306878		U_ENSG00000306878.1	chr13	80341597	80341845	+	248	248.0	near_coding_5kb	.	17	10	9	5	2	0	0.0435	0.0388	0.0823	132.9	121.0	HLbalEde1,HLcamDro2,HLeleMax1,HLmanJav2,HLnotEug3,HLpteVam2,bosTau9,canFam5,dasNov3,equCab3,eriEur2,felCat9,mm39,monDom5,rheMac10,rn7,susScr11
ENSG00000306880_core_2	ENSG00000306880		U_ENSG00000306880.1	chr7	19108133	19108701	+	568	568.0	antisense	ENSG00000122691	17	14	14	13	12	5	0.0224	0.0141	0.066	325.7	335.0	HLbalEde1,HLcamDro2,HLeleMax1,HLmanJav2,HLnotEug3,HLoryCun3,bosTau9,canFam5,dasNov3,equCab3,eriEur2,felCat9,mm39,monDom5,rheMac10,rn7,susScr11
ENSG00000306924_core_1	ENSG00000306924		U_ENSG00000306924.1	chr7	91201875	91202123	-	248	248.0	antisense	ENSG00000058091	18	18	18	18	17	10	0.0116	0.01	0.0201	200.3	208.0	HLbalEde1,HLcamDro2,HLdidVir1,HLeleMax1,HLmanJav2,HLoryCun3,HLpteVam2,bosTau9,canFam5,dasNov3,equCab3,eriEur2,felCat9,mm39,monDom5,rheMac10,rn7,susScr11
ENSG00000306928_core_1	ENSG00000306928		U_ENSG00000306928.1	chr4	51842599	51842909	-	310	310.0	near_coding_5kb	.	18	17	15	15	14	1	0.0226	0.016	0.0987	248.9	295.0	HLbalEde1,HLcamDro2,HLdidVir1,HLeleMax1,HLmanJav2,HLnotEug3,HLoryCun3,HLpteVam2,bosTau9,dasNov3,equCab3,eriEur2,felCat9,mm39,monDom5,rheMac10,rn7,susScr11
ENSG00000306939_core_2	ENSG00000306939		U_ENSG00000306939.1	chr16	57663462	57663595	-	133	133.0	antisense	ENSG00000205336	19	18	14	13	7	0	0.0288	0.0217	0.067	117.3	119.0	HLbalEde1,HLcamDro2,HLdidVir1,HLeleMax1,HLmanJav2,HLnotEug3,HLoryCun3,HLpteVam2,bosTau9,canFam5,dasNov3,equCab3,eriEur2,felCat9,mm39,monDom5,rheMac10,rn7,susScr11
ENSG00000306974_core_1	ENSG00000306974		U_ENSG00000306974.1	chr14	100084654	100084782	-	128	128.0	antisense	ENSG00000196405	19	18	16	9	0	0	0.0325	0.0303	0.055	113.9	123.0	HLbalEde1,HLcamDro2,HLdidVir1,HLeleMax1,HLmanJav2,HLnotEug3,HLoryCun3,HLpteVam2,bosTau9,canFam5,dasNov3,equCab3,eriEur2,felCat9,mm39,monDom5,rheMac10,rn7,susScr11
ENSG00000306985_core_1	ENSG00000306985		U_ENSG00000306985.1	chr17	68292111	68292359	+	248	248.0	sense_overlapping	ENSG00000141337	18	16	16	15	13	1	0.0234	0.0158	0.0883	234.6	241.0	HLbalEde1,HLcamDro2,HLdidVir1,HLeleMax1,HLmanJav2,HLnotEug3,HLoryCun3,HLpteVam2,bosTau9,canFam5,dasNov3,equCab3,eriEur2,felCat9,mm39,rheMac10,rn7,susScr11
ENSG00000307005_core_1	ENSG00000307005		U_ENSG00000307005.1	chr2	19667547	19667778	+	231	231.0	intergenic	.	18	16	15	13	11	1	0.0255	0.0189	0.0838	193.6	213.0	HLbalEde1,HLcamDro2,HLdidVir1,HLmanJav2,HLnotEug3,HLoryCun3,HLpteVam2,bosTau9,canFam5,dasNov3,equCab3,eriEur2,felCat9,mm39,monDom5,rheMac10,rn7,susScr11
ENSG00000307036_core_3	ENSG00000307036		U_ENSG00000307036.1	chr11	130449260	130449908	-	648	648.0	antisense	ENSG00000166106	19	19	19	17	17	15	0.0099	0.0066	0.04	453.3	448.0	HLbalEde1,HLcamDro2,HLdidVir1,HLeleMax1,HLmanJav2,HLnotEug3,HLoryCun3,HLpteVam2,bosTau9,canFam5,dasNov3,equCab3,eriEur2,felCat9,mm39,monDom5,rheMac10,rn7,susScr11
ENSG00000307064_core_1	ENSG00000307064		U_ENSG00000307064.1	chr7	107168308	107168996	-	688	688.0	antisense	ENSG00000105856	19	19	18	18	16	15	0.0106	0.006	0.0427	462.9	508.0	HLbalEde1,HLcamDro2,HLdidVir1,HLeleMax1,HLmanJav2,HLnotEug3,HLoryCun3,HLpteVam2,bosTau9,canFam5,dasNov3,equCab3,eriEur2,felCat9,mm39,monDom5,rheMac10,rn7,susScr11
ENSG00000307066_core_2	ENSG00000307066		U_ENSG00000307066.1	chr17	7835406	7835694	-	288	288.0	antisense	ENSG00000132510	18	16	15	14	10	1	0.0225	0.0167	0.0541	237.1	250.5	HLbalEde1,HLcamDro2,HLdidVir1,HLmanJav2,HLnotEug3,HLoryCun3,HLpteVam2,bosTau9,canFam5,dasNov3,equCab3,eriEur2,felCat9,mm39,monDom5,rheMac10,rn7,susScr11
ENSG00000307072_core_1	ENSG00000307072		U_ENSG00000307072.1	chrX	83507733	83508901	-	1168	1168.0	antisense	ENSG00000196767	18	18	18	18	18	16	0.0066	0.0071	0.015	607.7	448.0	HLbalEde1,HLcamDro2,HLdidVir1,HLeleMax1,HLmanJav2,HLnotEug3,HLoryCun3,HLpteVam2,bosTau9,canFam5,dasNov3,equCab3,felCat9,mm39,monDom5,rheMac10,rn7,susScr11
ENSG00000307098_core_1	ENSG00000307098		U_ENSG00000307098.1	chr11	66678002	66678268	+	266	266.0	antisense	ENSG00000173898	19	17	15	14	10	1	0.0256	0.0196	0.0622	249.2	267.0	HLbalEde1,HLcamDro2,HLdidVir1,HLeleMax1,HLmanJav2,HLnotEug3,HLoryCun3,HLpteVam2,bosTau9,canFam5,dasNov3,equCab3,eriEur2,felCat9,mm39,monDom5,rheMac10,rn7,susScr11
ENSG00000307107_core_1	ENSG00000307107		U_ENSG00000307107.1	chr2	144491012	144491220	+	208	208.0	antisense	ENSG00000169554	19	19	18	16	8	0	0.0233	0.0218	0.0414	176.3	176.0	HLbalEde1,HLcamDro2,HLdidVir1,HLeleMax1,HLmanJav2,HLnotEug3,HLoryCun3,HLpteVam2,bosTau9,canFam5,dasNov3,equCab3,eriEur2,felCat9,mm39,monDom5,rheMac10,rn7,susScr11
ENSG00000307123_core_1	ENSG00000307123		U_ENSG00000307123.1	chr6	21664370	21665018	-	648	648.0	intergenic	.	18	16	15	13	11	5	0.0263	0.0164	0.093	312.6	247.0	HLbalEde1,HLcamDro2,HLdidVir1,HLeleMax1,HLmanJav2,HLnotEug3,HLoryCun3,HLpteVam2,bosTau9,canFam5,dasNov3,equCab3,eriEur2,felCat9,mm39,rheMac10,rn7,susScr11
ENSG00000307136_core_1	ENSG00000307136		U_ENSG00000307136.1	chr3	101724436	101724804	-	368	368.0	antisense	ENSG00000182504	18	17	17	16	13	1	0.0202	0.0161	0.0789	263.0	274.0	HLbalEde1,HLcamDro2,HLdidVir1,HLeleMax1,HLmanJav2,HLoryCun3,HLpteVam2,bosTau9,canFam5,dasNov3,equCab3,eriEur2,felCat9,mm39,monDom5,rheMac10,rn7,susScr11
ENSG00000307169_core_1	ENSG00000307169		U_ENSG00000307169.1	chr12	96035418	96035586	+	168	168.0	antisense	ENSG00000111144	17	15	13	12	3	0	0.0321	0.0232	0.0801	142.2	166.0	HLbalEde1,HLcamDro2,HLdidVir1,HLeleMax1,HLmanJav2,HLnotEug3,HLoryCun3,HLpteVam2,bosTau9,canFam5,dasNov3,equCab3,eriEur2,felCat9,rheMac10,rn7,susScr11
ENSG00000307172_core_5	ENSG00000307172		U_ENSG00000307172.1	chr5	141849334	141850302	-	968	968.0	near_coding_5kb	.	18	17	16	15	12	6	0.0184	0.0138	0.0661	474.4	401.5	HLbalEde1,HLcamDro2,HLdidVir1,HLeleMax1,HLmanJav2,HLnotEug3,HLoryCun3,HLpteVam2,bosTau9,canFam5,dasNov3,equCab3,eriEur2,felCat9,mm39,rheMac10,rn7,susScr11
ENSG00000307176_core_1	ENSG00000307176		U_ENSG00000307176.1	chr17	59846039	59846247	+	208	205.6	near_coding_5kb	.	17	14	14	13	13	0	0.0238	0.016	0.0622	167.9	198.0	HLbalEde1,HLcamDro2,HLeleMax1,HLmanJav2,HLoryCun3,HLpteVam2,bosTau9,canFam5,dasNov3,equCab3,eriEur2,felCat9,mm39,monDom5,rheMac10,rn7,susScr11
ENSG00000307190_core_1	ENSG00000307190		U_ENSG00000307190.1	chr14	54566901	54567389	-	488	488.0	antisense	ENSG00000020577	18	18	17	16	15	11	0.0125	0.0086	0.0449	372.7	408.0	HLbalEde1,HLcamDro2,HLdidVir1,HLeleMax1,HLmanJav2,HLoryCun3,HLpteVam2,bosTau9,canFam5,dasNov3,equCab3,eriEur2,felCat9,mm39,monDom5,rheMac10,rn7,susScr11
ENSG00000307236_core_2	ENSG00000307236		U_ENSG00000307236.1	chr4	80266450	80267338	-	888	888.0	antisense	ENSG00000138675	19	16	16	16	16	15	0.0166	0.0038	0.0946	664.3	793.0	HLbalEde1,HLcamDro2,HLdidVir1,HLeleMax1,HLmanJav2,HLnotEug3,HLoryCun3,HLpteVam2,bosTau9,canFam5,dasNov3,equCab3,eriEur2,felCat9,mm39,monDom5,rheMac10,rn7,susScr11
ENSG00000307277_core_1	ENSG00000307277		U_ENSG00000307277.1	chr2	19363150	19363598	-	448	448.0	near_coding_5kb	.	17	14	11	6	4	1	0.0371	0.0333	0.0851	219.1	175.0	HLbalEde1,HLcamDro2,HLdidVir1,HLmanJav2,HLnotEug3,HLoryCun3,HLpteVam2,bosTau9,canFam5,dasNov3,eriEur2,felCat9,mm39,monDom5,rheMac10,rn7,susScr11
ENSG00000307285_core_1	ENSG00000307285		U_ENSG00000307285.1	chr13	112204895	112205183	-	288	288.0	intergenic	.	18	14	14	13	7	1	0.0302	0.0256	0.0735	198.4	190.0	HLbalEde1,HLcamDro2,HLdidVir1,HLeleMax1,HLmanJav2,HLnotEug3,HLoryCun3,HLpteVam2,bosTau9,canFam5,dasNov3,equCab3,eriEur2,mm39,monDom5,rheMac10,rn7,susScr11
ENSG00000307301_core_2	ENSG00000307301		U_ENSG00000307301.1	chr19	45280581	45280736	-	155	155.0	antisense	ENSG00000007047	17	17	17	15	12	0	0.0203	0.0185	0.0329	141.5	142.0	HLbalEde1,HLcamDro2,HLdidVir1,HLeleMax1,HLmanJav2,HLpteVam2,bosTau9,canFam5,dasNov3,equCab3,eriEur2,felCat9,mm39,monDom5,rheMac10,rn7,susScr11
ENSG00000307307_core_1	ENSG00000307307		U_ENSG00000307307.1	chr1	24669325	24669491	-	166	166.0	antisense	ENSG00000133226	17	17	17	15	11	0	0.0204	0.0179	0.0363	160.8	164.0	HLbalEde1,HLcamDro2,HLdidVir1,HLeleMax1,HLmanJav2,HLnotEug3,bosTau9,canFam5,dasNov3,equCab3,eriEur2,felCat9,mm39,monDom5,rheMac10,rn7,susScr11
ENSG00000307314_core_1	ENSG00000307314		U_ENSG00000307314.1	chr2	120580807	120581175	+	368	368.0	intergenic	.	19	16	16	13	9	2	0.0289	0.0241	0.0939	185.5	136.0	HLbalEde1,HLcamDro2,HLdidVir1,HLeleMax1,HLmanJav2,HLnotEug3,HLoryCun3,HLpteVam2,bosTau9,canFam5,dasNov3,equCab3,eriEur2,felCat9,mm39,monDom5,rheMac10,rn7,susScr11
ENSG00000307366_core_1	ENSG00000307366		U_ENSG00000307366.1	chrX	123183659	123183907	+	248	248.0	near_coding_5kb	.	18	18	18	16	15	0	0.0162	0.0134	0.033	230.9	240.5	HLbalEde1,HLcamDro2,HLdidVir1,HLeleMax1,HLmanJav2,HLnotEug3,HLpteVam2,bosTau9,canFam5,dasNov3,equCab3,eriEur2,felCat9,mm39,monDom5,rheMac10,rn7,susScr11
ENSG00000307375_core_1	ENSG00000307375		U_ENSG00000307375.1	chr1	47231934	47232062	-	128	128.0	sense_overlapping	ENSG00000162367	18	17	14	6	0	0	0.0359	0.0336	0.0595	111.1	118.5	HLbalEde1,HLcamDro2,HLdidVir1,HLeleMax1,HLmanJav2,HLnotEug3,HLoryCun3,HLpteVam2,bosTau9,canFam5,dasNov3,equCab3,eriEur2,felCat9,mm39,rheMac10,rn7,susScr11
ENSG00000307386_core_1	ENSG00000307386		U_ENSG00000307386.1	chr11	8206291	8206467	-	176	176.0	intergenic	.	19	16	16	16	13	0	0.0286	0.0189	0.0907	168.8	182.0	HLbalEde1,HLcamDro2,HLdidVir1,HLeleMax1,HLmanJav2,HLnotEug3,HLoryCun3,HLpteVam2,bosTau9,canFam5,dasNov3,equCab3,eriEur2,felCat9,mm39,monDom5,rheMac10,rn7,susScr11
ENSG00000307399_core_2	ENSG00000307399		U_ENSG00000307399.1	chr12	27975570	27976018	+	448	448.0	near_coding_5kb	.	17	16	15	15	13	6	0.02	0.0128	0.0873	317.0	334.0	HLbalEde1,HLcamDro2,HLdidVir1,HLeleMax1,HLmanJav2,HLnotEug3,HLoryCun3,HLpteVam2,bosTau9,canFam5,equCab3,felCat9,mm39,monDom5,rheMac10,rn7,susScr11
ENSG00000307416_core_1	ENSG00000307416		U_ENSG00000307416.1	chr10	8083749	8083957	+	208	208.0	intergenic	.	19	19	19	16	6	0	0.0243	0.0224	0.038	164.7	168.0	HLbalEde1,HLcamDro2,HLdidVir1,HLeleMax1,HLmanJav2,HLnotEug3,HLoryCun3,HLpteVam2,bosTau9,canFam5,dasNov3,equCab3,eriEur2,felCat9,mm39,monDom5,rheMac10,rn7,susScr11
ENSG00000307482_core_1	ENSG00000307482		U_ENSG00000307482.1	chr6	134052343	134052471	+	128	128.0	antisense	ENSG00000146411	17	15	13	6	0	0	0.0365	0.0323	0.0704	123.8	132.0	HLbalEde1,HLcamDro2,HLdidVir1,HLeleMax1,HLmanJav2,HLnotEug3,HLoryCun3,HLpteVam2,bosTau9,canFam5,dasNov3,equCab3,felCat9,mm39,rheMac10,rn7,susScr11
ENSG00000307521_core_1	ENSG00000307521		U_ENSG00000307521.1	chr10	63629527	63629975	-	448	448.0	near_coding_5kb	.	18	12	12	12	11	9	0.0335	0.0104	0.0968	318.5	342.5	HLbalEde1,HLcamDro2,HLeleMax1,HLmanJav2,HLnotEug3,HLoryCun3,HLpteVam2,bosTau9,canFam5,dasNov3,equCab3,eriEur2,felCat9,mm39,monDom5,rheMac10,rn7,susScr11
ENSG00000307565_core_1	ENSG00000307565		U_ENSG00000307565.1	chr10	61901139	61901427	-	288	288.0	antisense	ENSG00000150347	18	17	17	17	16	3	0.0161	0.0105	0.0961	263.1	279.0	HLbalEde1,HLcamDro2,HLdidVir1,HLeleMax1,HLmanJav2,HLnotEug3,HLoryCun3,HLpteVam2,bosTau9,canFam5,dasNov3,equCab3,eriEur2,felCat9,mm39,rheMac10,rn7,susScr11
ENSG00000307596_core_1	ENSG00000307596		U_ENSG00000307596.1	chr22	30266955	30267163	-	208	208.0	near_coding_5kb	.	19	17	17	16	15	0	0.0245	0.0157	0.0966	181.7	206.0	HLbalEde1,HLcamDro2,HLdidVir1,HLeleMax1,HLmanJav2,HLnotEug3,HLoryCun3,HLpteVam2,bosTau9,canFam5,dasNov3,equCab3,eriEur2,felCat9,mm39,monDom5,rheMac10,rn7,susScr11
ENSG00000307604_core_2	ENSG00000307604		U_ENSG00000307604.1	chr22	20592041	20592235	-	194	194.0	antisense	ENSG00000099917	18	9	1	0	0	0	0.0536	0.0503	0.0889	159.3	158.0	HLbalEde1,HLcamDro2,HLdidVir1,HLeleMax1,HLmanJav2,HLoryCun3,HLpteVam2,bosTau9,canFam5,dasNov3,equCab3,eriEur2,felCat9,mm39,monDom5,rheMac10,rn7,susScr11
ENSG00000307615_core_1	ENSG00000307615		U_ENSG00000307615.1	chr6	156102874	156103077	-	203	203.0	intergenic	.	17	13	12	9	4	0	0.0378	0.0277	0.09	154.9	179.0	HLbalEde1,HLcamDro2,HLdidVir1,HLeleMax1,HLmanJav2,HLoryCun3,HLpteVam2,bosTau9,canFam5,dasNov3,eriEur2,felCat9,mm39,monDom5,rheMac10,rn7,susScr11
ENSG00000307633_core_1	ENSG00000307633		U_ENSG00000307633.1	chr22	25111245	25111693	+	448	448.0	sense_overlapping	ENSG00000197077	18	17	17	16	15	12	0.0134	0.0088	0.0508	372.3	398.5	HLbalEde1,HLcamDro2,HLdidVir1,HLeleMax1,HLmanJav2,HLnotEug3,HLoryCun3,HLpteVam2,bosTau9,canFam5,dasNov3,equCab3,felCat9,mm39,monDom5,rheMac10,rn7,susScr11
ENSG00000307638_core_2	ENSG00000307638		U_ENSG00000307638.1	chr15	99454785	99455153	+	368	368.0	intergenic	.	18	15	14	12	8	0	0.0296	0.0209	0.0838	243.2	267.0	HLbalEde1,HLdidVir1,HLeleMax1,HLmanJav2,HLnotEug3,HLoryCun3,HLpteVam2,bosTau9,canFam5,dasNov3,equCab3,eriEur2,felCat9,mm39,monDom5,rheMac10,rn7,susScr11
ENSG00000307644_core_1	ENSG00000307644		U_ENSG00000307644.1	chr20	44909987	44910321	-	334	334.0	antisense	ENSG00000101104,ENSG00000166913	19	17	17	15	14	8	0.0198	0.0106	0.0669	274.2	302.0	HLbalEde1,HLcamDro2,HLdidVir1,HLeleMax1,HLmanJav2,HLnotEug3,HLoryCun3,HLpteVam2,bosTau9,canFam5,dasNov3,equCab3,eriEur2,felCat9,mm39,monDom5,rheMac10,rn7,susScr11
ENSG00000307652_core_3	ENSG00000307652		U_ENSG00000307652.1	chr1	227507592	227508080	+	488	488.0	intergenic	.	18	18	17	16	15	7	0.0153	0.0113	0.0422	364.1	402.0	HLbalEde1,HLcamDro2,HLdidVir1,HLeleMax1,HLmanJav2,HLnotEug3,HLpteVam2,bosTau9,canFam5,dasNov3,equCab3,eriEur2,felCat9,mm39,monDom5,rheMac10,rn7,susScr11
ENSG00000307734_core_1	ENSG00000307734		U_ENSG00000307734.1	chr1	40039715	40040403	-	688	688.0	antisense	ENSG00000131236	17	16	15	15	15	15	0.0149	0.008	0.0918	529.2	609.0	HLbalEde1,HLcamDro2,HLeleMax1,HLmanJav2,HLoryCun3,HLpteVam2,bosTau9,canFam5,dasNov3,equCab3,eriEur2,felCat9,mm39,monDom5,rheMac10,rn7,susScr11
ENSG00000307784_core_1	ENSG00000307784		U_ENSG00000307784.1	chr17	66303063	66303431	-	368	368.0	antisense	ENSG00000154229	17	16	16	11	9	1	0.0241	0.0188	0.0682	298.5	325.0	HLbalEde1,HLcamDro2,HLeleMax1,HLmanJav2,HLoryCun3,HLpteVam2,bosTau9,canFam5,dasNov3,equCab3,eriEur2,felCat9,mm39,monDom5,rheMac10,rn7,susScr11
ENSG00000307798_core_2	ENSG00000307798		U_ENSG00000307798.1	chr22	42871274	42871503	+	229	229.0	antisense	ENSG00000100266,ENSG00000242247	17	13	9	9	7	0	0.0351	0.028	0.0729	168.0	202.0	HLbalEde1,HLcamDro2,HLdidVir1,HLeleMax1,HLmanJav2,HLnotEug3,HLoryCun3,HLpteVam2,bosTau9,canFam5,dasNov3,equCab3,felCat9,mm39,monDom5,rn7,susScr11
ENSG00000307808_core_1	ENSG00000307808		U_ENSG00000307808.1	chr6	90872588	90872756	-	168	168.0	intergenic	.	18	18	18	18	11	0	0.0207	0.019	0.027	159.3	167.0	HLbalEde1,HLcamDro2,HLdidVir1,HLeleMax1,HLmanJav2,HLnotEug3,HLoryCun3,HLpteVam2,bosTau9,canFam5,dasNov3,equCab3,eriEur2,felCat9,mm39,monDom5,rn7,susScr11
ENSG00000307831_core_1	ENSG00000307831		U_ENSG00000307831.1	chr17	16378811	16379265	-	454	454.0	near_coding_5kb	.	17	7	6	5	1	0	0.0561	0.0623	0.0923	170.5	176.0	HLbalEde1,HLcamDro2,HLeleMax1,HLmanJav2,HLoryCun3,HLpteVam2,bosTau9,canFam5,dasNov3,equCab3,eriEur2,felCat9,mm39,monDom5,rheMac10,rn7,susScr11
ENSG00000307841_core_1	ENSG00000307841		U_ENSG00000307841.1	chr6	85126605	85126892	-	287	287.0	intergenic	.	17	15	15	15	15	4	0.0211	0.0124	0.0863	206.3	191.0	HLbalEde1,HLcamDro2,HLeleMax1,HLmanJav2,HLnotEug3,HLoryCun3,HLpteVam2,bosTau9,canFam5,dasNov3,equCab3,eriEur2,felCat9,mm39,rheMac10,rn7,susScr11
ENSG00000307850_core_1	ENSG00000307850		U_ENSG00000307850.1	chr20	11055655	11055886	-	231	231.0	intergenic	.	18	16	16	16	16	1	0.0191	0.0117	0.0846	220.0	229.5	HLbalEde1,HLcamDro2,HLdidVir1,HLeleMax1,HLmanJav2,HLoryCun3,HLpteVam2,bosTau9,canFam5,dasNov3,equCab3,eriEur2,felCat9,mm39,monDom5,rheMac10,rn7,susScr11
ENSG00000307859_core_2	ENSG00000307859		U_ENSG00000307859.1	chr6	10268894	10269067	-	173	173.0	intergenic	.	19	17	17	17	15	0	0.024	0.0164	0.0867	155.4	160.0	HLbalEde1,HLcamDro2,HLdidVir1,HLeleMax1,HLmanJav2,HLnotEug3,HLoryCun3,HLpteVam2,bosTau9,canFam5,dasNov3,equCab3,eriEur2,felCat9,mm39,monDom5,rheMac10,rn7,susScr11
ENSG00000307882_core_2	ENSG00000307882		U_ENSG00000307882.1	chr19	35717330	35717697	-	367	367.0	antisense	ENSG00000011590	19	19	19	19	13	2	0.0158	0.0132	0.03	359.8	364.0	HLbalEde1,HLcamDro2,HLdidVir1,HLeleMax1,HLmanJav2,HLnotEug3,HLoryCun3,HLpteVam2,bosTau9,canFam5,dasNov3,equCab3,eriEur2,felCat9,mm39,monDom5,rheMac10,rn7,susScr11
ENSG00000307891_core_1	ENSG00000307891		U_ENSG00000307891.1	chrX	15855458	15855666	+	208	208.0	antisense	ENSG00000182287	18	5	4	3	1	0	0.0617	0.0614	0.0972	138.3	125.0	HLbalEde1,HLcamDro2,HLdidVir1,HLeleMax1,HLmanJav2,HLnotEug3,HLpteVam2,bosTau9,canFam5,dasNov3,equCab3,eriEur2,felCat9,mm39,monDom5,rheMac10,rn7,susScr11
ENSG00000307919_core_2	ENSG00000307919		U_ENSG00000307919.1	chr6	37536276	37536924	-	648	648.0	intergenic	.	18	16	14	10	9	4	0.0283	0.0229	0.0932	328.3	261.0	HLbalEde1,HLcamDro2,HLdidVir1,HLeleMax1,HLmanJav2,HLnotEug3,HLpteVam2,bosTau9,canFam5,dasNov3,equCab3,eriEur2,felCat9,mm39,monDom5,rheMac10,rn7,susScr11
ENSG00000307921_core_3	ENSG00000307921		U_ENSG00000307921.1	chr4	78057363	78057496	-	133	133.0	antisense	ENSG00000138759	18	12	7	1	0	0	0.0498	0.0406	0.0991	126.6	129.0	HLbalEde1,HLcamDro2,HLdidVir1,HLeleMax1,HLmanJav2,HLnotEug3,HLoryCun3,HLpteVam2,bosTau9,canFam5,dasNov3,equCab3,eriEur2,felCat9,mm39,rheMac10,rn7,susScr11
ENSG00000307934_core_1	ENSG00000307934		U_ENSG00000307934.1	chr5	134226317	134226565	-	248	248.0	near_coding_5kb	.	18	15	12	6	1	0	0.0398	0.0357	0.0928	210.8	222.5	HLbalEde1,HLcamDro2,HLdidVir1,HLeleMax1,HLmanJav2,HLnotEug3,HLoryCun3,bosTau9,canFam5,dasNov3,equCab3,eriEur2,felCat9,mm39,monDom5,rheMac10,rn7,susScr11
ENSG00000307974_core_1	ENSG00000307974		U_ENSG00000307974.1	chr2	43227296	43227664	-	368	368.0	near_coding_5kb	.	19	19	19	17	11	4	0.0199	0.0163	0.0398	255.9	272.0	HLbalEde1,HLcamDro2,HLdidVir1,HLeleMax1,HLmanJav2,HLnotEug3,HLoryCun3,HLpteVam2,bosTau9,canFam5,dasNov3,equCab3,eriEur2,felCat9,mm39,monDom5,rheMac10,rn7,susScr11
ENSG00000307978_core_1	ENSG00000307978		U_ENSG00000307978.1	chr8	60911537	60911905	-	368	368.0	intergenic	.	17	14	13	11	8	0	0.0332	0.0234	0.0916	189.6	183.0	HLbalEde1,HLcamDro2,HLeleMax1,HLmanJav2,HLnotEug3,HLoryCun3,HLpteVam2,bosTau9,canFam5,dasNov3,equCab3,eriEur2,felCat9,mm39,monDom5,rheMac10,susScr11
ENSG00000307989_core_1	ENSG00000307989		U_ENSG00000307989.1	chr19	36127710	36128198	-	488	488.0	antisense	ENSG00000126247	19	18	13	11	6	1	0.0297	0.0231	0.0754	305.8	286.0	HLbalEde1,HLcamDro2,HLdidVir1,HLeleMax1,HLmanJav2,HLnotEug3,HLoryCun3,HLpteVam2,bosTau9,canFam5,dasNov3,equCab3,eriEur2,felCat9,mm39,monDom5,rheMac10,rn7,susScr11
ENSG00000308008_core_1	ENSG00000308008		U_ENSG00000308008.1	chr2	43226894	43227152	-	258	258.0	near_coding_5kb	.	18	10	7	7	5	1	0.0433	0.0446	0.0841	226.1	234.0	HLbalEde1,HLcamDro2,HLdidVir1,HLeleMax1,HLmanJav2,HLnotEug3,HLoryCun3,HLpteVam2,bosTau9,canFam5,dasNov3,equCab3,felCat9,mm39,monDom5,rheMac10,rn7,susScr11
ENSG00000308015_core_2	ENSG00000308015		U_ENSG00000308015.1	chr10	60076237	60076485	+	248	248.0	antisense	ENSG00000151150	19	19	19	19	19	7	0.0116	0.0102	0.0191	220.6	216.0	HLbalEde1,HLcamDro2,HLdidVir1,HLeleMax1,HLmanJav2,HLnotEug3,HLoryCun3,HLpteVam2,bosTau9,canFam5,dasNov3,equCab3,eriEur2,felCat9,mm39,monDom5,rheMac10,rn7,susScr11
ENSG00000308028_core_1	ENSG00000308028		U_ENSG00000308028.1	chr19	43670054	43670422	+	368	368.0	antisense	ENSG00000011422	17	16	14	14	13	7	0.0188	0.0109	0.0671	307.8	348.0	HLbalEde1,HLcamDro2,HLeleMax1,HLmanJav2,HLnotEug3,HLpteVam2,bosTau9,canFam5,dasNov3,equCab3,eriEur2,felCat9,mm39,monDom5,rheMac10,rn7,susScr11
ENSG00000308044_core_1	ENSG00000308044		U_ENSG00000308044.1	chr13	33015940	33016244	-	304	304.0	near_coding_5kb	.	17	10	8	6	6	1	0.0397	0.0429	0.0795	226.8	261.0	HLbalEde1,HLcamDro2,HLeleMax1,HLmanJav2,HLnotEug3,HLoryCun3,HLpteVam2,bosTau9,canFam5,dasNov3,equCab3,eriEur2,felCat9,mm39,rheMac10,rn7,susScr11
ENSG00000308054_core_1	ENSG00000308054		U_ENSG00000308054.1	chr10	21507130	21507458	+	328	328.0	intergenic	.	17	13	11	11	10	0	0.0354	0.0177	0.0999	254.0	279.0	HLbalEde1,HLcamDro2,HLdidVir1,HLeleMax1,HLmanJav2,HLoryCun3,HLpteVam2,bosTau9,canFam5,dasNov3,equCab3,eriEur2,felCat9,mm39,rheMac10,rn7,susScr11
ENSG00000308057_core_1	ENSG00000308057		U_ENSG00000308057.1	chr15	75786708	75786956	+	248	248.0	intergenic	.	17	14	13	11	4	0	0.0326	0.0262	0.071	198.3	203.0	HLbalEde1,HLcamDro2,HLeleMax1,HLmanJav2,HLnotEug3,HLoryCun3,HLpteVam2,bosTau9,canFam5,dasNov3,equCab3,eriEur2,felCat9,mm39,monDom5,rheMac10,rn7
ENSG00000308091_core_1	ENSG00000308091		U_ENSG00000308091.1	chr5	76241180	76241340	-	160	160.0	antisense	ENSG00000122012	17	17	17	15	13	0	0.02	0.0176	0.0396	141.4	150.0	HLbalEde1,HLcamDro2,HLdidVir1,HLeleMax1,HLmanJav2,HLnotEug3,HLpteVam2,bosTau9,canFam5,dasNov3,equCab3,felCat9,mm39,monDom5,rheMac10,rn7,susScr11
ENSG00000308091_core_2	ENSG00000308091		U_ENSG00000308091.1	chr5	76242236	76242404	-	168	168.0	antisense	ENSG00000122012	19	19	19	18	8	0	0.0204	0.0211	0.0371	153.3	161.0	HLbalEde1,HLcamDro2,HLdidVir1,HLeleMax1,HLmanJav2,HLnotEug3,HLoryCun3,HLpteVam2,bosTau9,canFam5,dasNov3,equCab3,eriEur2,felCat9,mm39,monDom5,rheMac10,rn7,susScr11
ENSG00000308112_core_1	ENSG00000308112		U_ENSG00000308112.1	chr17	51120986	51121154	+	168	168.0	near_coding_5kb	.	18	14	14	10	0	0	0.0377	0.0275	0.0822	149.6	158.0	HLbalEde1,HLcamDro2,HLdidVir1,HLeleMax1,HLmanJav2,HLnotEug3,HLoryCun3,HLpteVam2,bosTau9,canFam5,dasNov3,equCab3,eriEur2,felCat9,mm39,rheMac10,rn7,susScr11
ENSG00000308139_core_1	ENSG00000308139		U_ENSG00000308139.1	chr6	25731793	25732121	-	328	328.0	antisense	ENSG00000290217	17	15	15	14	11	2	0.0252	0.0122	0.0963	247.6	315.0	HLbalEde1,HLcamDro2,HLdidVir1,HLeleMax1,HLmanJav2,HLnotEug3,HLoryCun3,HLpteVam2,bosTau9,canFam5,dasNov3,equCab3,felCat9,mm39,monDom5,rheMac10,susScr11
ENSG00000308184_core_1	ENSG00000308184		U_ENSG00000308184.1	chr2	60652916	60653152	+	236	236.0	intergenic	.	17	16	13	12	5	1	0.0307	0.0228	0.098	200.2	230.0	HLbalEde1,HLcamDro2,HLdidVir1,HLeleMax1,HLmanJav2,HLoryCun3,HLpteVam2,bosTau9,canFam5,dasNov3,equCab3,eriEur2,felCat9,mm39,rheMac10,rn7,susScr11
ENSG00000308298_core_1	ENSG00000308298		U_ENSG00000308298.1	chr9	70414098	70414306	+	208	208.0	antisense	ENSG00000083067,ENSG00000119138	18	18	18	15	10	0	0.0213	0.0195	0.0345	189.1	205.5	HLbalEde1,HLcamDro2,HLdidVir1,HLeleMax1,HLmanJav2,HLnotEug3,HLoryCun3,HLpteVam2,bosTau9,canFam5,dasNov3,equCab3,felCat9,mm39,monDom5,rheMac10,rn7,susScr11
ENSG00000308369_core_4	ENSG00000308369		U_ENSG00000308369.1	chr13	111973717	111974165	+	448	448.0	intergenic	.	19	18	18	18	18	18	0.0102	0.0067	0.075	414.2	439.0	HLbalEde1,HLcamDro2,HLdidVir1,HLeleMax1,HLmanJav2,HLnotEug3,HLoryCun3,HLpteVam2,bosTau9,canFam5,dasNov3,equCab3,eriEur2,felCat9,mm39,monDom5,rheMac10,rn7,susScr11
ENSG00000308378_core_1	ENSG00000308378		U_ENSG00000308378.1	chr9	124088463	124088951	+	488	488.0	near_coding_5kb	.	19	17	15	15	15	10	0.0175	0.0073	0.0655	329.3	356.0	HLbalEde1,HLcamDro2,HLdidVir1,HLeleMax1,HLmanJav2,HLnotEug3,HLoryCun3,HLpteVam2,bosTau9,canFam5,dasNov3,equCab3,eriEur2,felCat9,mm39,monDom5,rheMac10,rn7,susScr11
ENSG00000308386_core_1	ENSG00000308386		U_ENSG00000308386.1	chr1	119001551	119001787	+	236	236.0	intergenic	.	17	11	1	0	0	0	0.0496	0.0454	0.0781	187.4	205.0	HLbalEde1,HLcamDro2,HLeleMax1,HLmanJav2,HLnotEug3,HLoryCun3,HLpteVam2,bosTau9,canFam5,dasNov3,equCab3,eriEur2,felCat9,mm39,rheMac10,rn7,susScr11
ENSG00000308397_core_1	ENSG00000308397		U_ENSG00000308397.1	chr13	27367436	27367884	-	448	448.0	intergenic	.	18	13	13	11	10	5	0.0291	0.0163	0.0702	314.6	391.0	HLbalEde1,HLcamDro2,HLdidVir1,HLeleMax1,HLmanJav2,HLnotEug3,HLoryCun3,HLpteVam2,bosTau9,canFam5,dasNov3,equCab3,felCat9,mm39,monDom5,rheMac10,rn7,susScr11
ENSG00000308406_core_2	ENSG00000308406		U_ENSG00000308406.1	chr13	18309566	18309894	-	328	328.0	intergenic	.	19	19	19	19	18	17	0.0095	0.0082	0.0243	308.2	328.0	HLbalEde1,HLcamDro2,HLdidVir1,HLeleMax1,HLmanJav2,HLnotEug3,HLoryCun3,HLpteVam2,bosTau9,canFam5,dasNov3,equCab3,eriEur2,felCat9,mm39,monDom5,rheMac10,rn7,susScr11
ENSG00000308413_core_1	ENSG00000308413		U_ENSG00000308413.1	chr18	21111910	21112198	+	288	288.0	near_coding_5kb	.	18	18	17	11	6	0	0.0267	0.0258	0.0439	238.2	255.5	HLbalEde1,HLcamDro2,HLdidVir1,HLeleMax1,HLmanJav2,HLoryCun3,HLpteVam2,bosTau9,canFam5,dasNov3,equCab3,eriEur2,felCat9,mm39,monDom5,rheMac10,rn7,susScr11
ENSG00000308439_core_1	ENSG00000308439		U_ENSG00000308439.1	chr13	34224973	34225141	-	168	168.0	intergenic	.	17	14	13	12	2	0	0.0335	0.0253	0.0716	158.9	162.0	HLbalEde1,HLcamDro2,HLdidVir1,HLmanJav2,HLnotEug3,HLoryCun3,HLpteVam2,bosTau9,canFam5,dasNov3,equCab3,eriEur2,felCat9,mm39,monDom5,rheMac10,susScr11
ENSG00000308452_core_1	ENSG00000308452		U_ENSG00000308452.1	chr11	129279743	129280111	+	368	368.0	near_coding_5kb	.	19	16	16	15	14	6	0.0214	0.0123	0.0769	315.6	346.0	HLbalEde1,HLcamDro2,HLdidVir1,HLeleMax1,HLmanJav2,HLnotEug3,HLoryCun3,HLpteVam2,bosTau9,canFam5,dasNov3,equCab3,eriEur2,felCat9,mm39,monDom5,rheMac10,rn7,susScr11
ENSG00000308462_core_1	ENSG00000308462		U_ENSG00000308462.1	chr9	107491059	107491418	-	359	359.0	near_coding_5kb	.	19	13	13	13	13	3	0.0298	0.0135	0.0993	260.9	301.0	HLbalEde1,HLcamDro2,HLdidVir1,HLeleMax1,HLmanJav2,HLnotEug3,HLoryCun3,HLpteVam2,bosTau9,canFam5,dasNov3,equCab3,eriEur2,felCat9,mm39,monDom5,rheMac10,rn7,susScr11
ENSG00000308499_core_2	ENSG00000308499	CCEPR	U_ENSG00000308499.1	chr10	59176085	59176373	-	288	288.0	near_coding_5kb	.	18	15	14	13	9	1	0.03	0.0199	0.0926	255.7	276.0	HLbalEde1,HLcamDro2,HLdidVir1,HLeleMax1,HLmanJav2,HLnotEug3,HLoryCun3,HLpteVam2,bosTau9,canFam5,dasNov3,equCab3,eriEur2,felCat9,monDom5,rheMac10,rn7,susScr11
ENSG00000308631_core_1	ENSG00000308631		U_ENSG00000308631.1	chr2	43595903	43596351	+	448	448.0	antisense	ENSG00000115970	17	17	16	16	14	1	0.0168	0.0145	0.0416	380.7	404.0	HLbalEde1,HLcamDro2,HLdidVir1,HLeleMax1,HLmanJav2,HLoryCun3,HLpteVam2,bosTau9,canFam5,dasNov3,equCab3,felCat9,mm39,monDom5,rheMac10,rn7,susScr11
ENSG00000308635_core_1	ENSG00000308635		U_ENSG00000308635.1	chr1	157979139	157979393	+	254	254.0	near_coding_5kb	.	18	8	8	8	4	0	0.0503	0.0591	0.0901	155.5	181.5	HLbalEde1,HLcamDro2,HLdidVir1,HLeleMax1,HLmanJav2,HLnotEug3,HLoryCun3,HLpteVam2,bosTau9,canFam5,dasNov3,equCab3,felCat9,mm39,monDom5,rheMac10,rn7,susScr11
ENSG00000308640_core_1	ENSG00000308640		U_ENSG00000308640.1	chr1	170619293	170619461	-	168	168.0	intergenic	.	19	19	15	14	8	0	0.0264	0.0215	0.0446	138.5	159.0	HLbalEde1,HLcamDro2,HLdidVir1,HLeleMax1,HLmanJav2,HLnotEug3,HLoryCun3,HLpteVam2,bosTau9,canFam5,dasNov3,equCab3,eriEur2,felCat9,mm39,monDom5,rheMac10,rn7,susScr11
ENSG00000308675_core_3	ENSG00000308675		U_ENSG00000308675.1	chr19	33868922	33869104	-	182	182.0	intergenic	.	18	16	15	11	9	0	0.0297	0.0201	0.0719	170.0	181.5	HLcamDro2,HLdidVir1,HLeleMax1,HLmanJav2,HLnotEug3,HLoryCun3,HLpteVam2,bosTau9,canFam5,dasNov3,equCab3,eriEur2,felCat9,mm39,monDom5,rheMac10,rn7,susScr11
ENSG00000308685_core_1	ENSG00000308685		U_ENSG00000308685.1	chr6	104958026	104958188	-	162	162.0	antisense	ENSG00000187772	17	17	17	15	10	0	0.0207	0.0186	0.0303	156.3	159.0	HLbalEde1,HLcamDro2,HLdidVir1,HLeleMax1,HLmanJav2,HLnotEug3,HLoryCun3,HLpteVam2,bosTau9,canFam5,dasNov3,equCab3,eriEur2,felCat9,monDom5,rheMac10,susScr11
ENSG00000308710_core_1	ENSG00000308710		U_ENSG00000308710.1	chr1	235074109	235074317	+	208	208.0	intergenic	.	17	13	12	8	4	0	0.0355	0.0322	0.0988	166.6	172.0	HLbalEde1,HLcamDro2,HLdidVir1,HLeleMax1,HLmanJav2,HLnotEug3,HLoryCun3,HLpteVam2,bosTau9,canFam5,dasNov3,equCab3,eriEur2,mm39,rheMac10,rn7,susScr11
ENSG00000308729_core_1	ENSG00000308729		U_ENSG00000308729.1	chr1	149390308	149390534	-	226	226.0	near_coding_5kb	.	19	16	16	15	10	0	0.0272	0.0188	0.0863	207.9	226.0	HLbalEde1,HLcamDro2,HLdidVir1,HLeleMax1,HLmanJav2,HLnotEug3,HLoryCun3,HLpteVam2,bosTau9,canFam5,dasNov3,equCab3,eriEur2,felCat9,mm39,monDom5,rheMac10,rn7,susScr11
ENSG00000308755_core_1	ENSG00000308755		U_ENSG00000308755.1	chr1	235074762	235075410	-	648	648.0	intergenic	.	17	16	15	15	13	5	0.0185	0.0153	0.0544	397.1	425.0	HLbalEde1,HLcamDro2,HLeleMax1,HLmanJav2,HLnotEug3,HLoryCun3,HLpteVam2,bosTau9,canFam5,dasNov3,equCab3,eriEur2,felCat9,mm39,rheMac10,rn7,susScr11
ENSG00000308795_core_2	ENSG00000308795		U_ENSG00000308795.1	chr9	87148409	87148777	-	368	368.0	intergenic	.	18	12	11	10	7	1	0.04	0.0222	0.094	254.6	281.0	HLbalEde1,HLcamDro2,HLdidVir1,HLeleMax1,HLmanJav2,HLnotEug3,HLoryCun3,HLpteVam2,bosTau9,canFam5,dasNov3,equCab3,eriEur2,felCat9,mm39,rheMac10,rn7,susScr11
ENSG00000308854_core_2	ENSG00000308854		U_ENSG00000308854.1	chr1	154870382	154870526	+	144	144.0	antisense	ENSG00000143603	17	14	11	10	1	0	0.0339	0.0284	0.0658	138.0	144.0	HLbalEde1,HLcamDro2,HLeleMax1,HLmanJav2,HLnotEug3,HLoryCun3,HLpteVam2,bosTau9,canFam5,dasNov3,equCab3,eriEur2,felCat9,mm39,rheMac10,rn7,susScr11
ENSG00000309013_core_1	ENSG00000309013		U_ENSG00000309013.1	chr13	53241902	53242190	-	288	288.0	intergenic	.	18	18	18	17	16	2	0.0149	0.0132	0.0306	265.2	279.5	HLbalEde1,HLcamDro2,HLdidVir1,HLeleMax1,HLmanJav2,HLnotEug3,HLoryCun3,HLpteVam2,bosTau9,canFam5,equCab3,eriEur2,felCat9,mm39,monDom5,rheMac10,rn7,susScr11
ENSG00000309026_core_2	ENSG00000309026		U_ENSG00000309026.1	chr19	23505856	23505981	-	125	125.0	intergenic	.	18	18	18	18	4	0	0.0209	0.0207	0.0246	124.7	125.0	HLbalEde1,HLcamDro2,HLeleMax1,HLmanJav2,HLnotEug3,HLoryCun3,HLpteVam2,bosTau9,canFam5,dasNov3,equCab3,eriEur2,felCat9,mm39,monDom5,rheMac10,rn7,susScr11
ENSG00000309064_core_1	ENSG00000309064		U_ENSG00000309064.1	chr17	45147172	45147780	+	608	608.0	near_coding_5kb	.	19	15	14	11	6	3	0.0325	0.0268	0.0752	275.3	230.0	HLbalEde1,HLcamDro2,HLdidVir1,HLeleMax1,HLmanJav2,HLnotEug3,HLoryCun3,HLpteVam2,bosTau9,canFam5,dasNov3,equCab3,eriEur2,felCat9,mm39,monDom5,rheMac10,rn7,susScr11
ENSG00000309152_core_1	ENSG00000309152		U_ENSG00000309152.1	chr11	27722350	27722486	+	136	136.0	antisense	ENSG00000176697	19	17	15	10	0	0	0.0361	0.0297	0.081	124.5	133.0	HLbalEde1,HLcamDro2,HLdidVir1,HLeleMax1,HLmanJav2,HLnotEug3,HLoryCun3,HLpteVam2,bosTau9,canFam5,dasNov3,equCab3,eriEur2,felCat9,mm39,monDom5,rheMac10,rn7,susScr11
ENSG00000309206_core_1	ENSG00000309206		U_ENSG00000309206.1	chr12	114685330	114685778	-	448	448.0	near_coding_5kb	.	17	15	13	13	12	5	0.0229	0.016	0.0702	318.2	320.0	HLbalEde1,HLcamDro2,HLdidVir1,HLeleMax1,HLmanJav2,HLoryCun3,HLpteVam2,bosTau9,canFam5,dasNov3,equCab3,eriEur2,felCat9,mm39,rheMac10,rn7,susScr11
ENSG00000309217_core_1	ENSG00000309217		U_ENSG00000309217.1	chr2	162077223	162077671	-	448	448.0	near_coding_5kb	.	19	18	18	17	12	6	0.0179	0.0156	0.0573	244.1	249.0	HLbalEde1,HLcamDro2,HLdidVir1,HLeleMax1,HLmanJav2,HLnotEug3,HLoryCun3,HLpteVam2,bosTau9,canFam5,dasNov3,equCab3,eriEur2,felCat9,mm39,monDom5,rheMac10,rn7,susScr11
ENSG00000309236_core_2	ENSG00000309236		U_ENSG00000309236.1	chr12	9135055	9135203	-	148	148.0	intergenic	.	18	15	11	4	1	0	0.0427	0.0372	0.0984	113.0	115.5	HLbalEde1,HLcamDro2,HLdidVir1,HLeleMax1,HLnotEug3,HLoryCun3,HLpteVam2,bosTau9,canFam5,dasNov3,equCab3,eriEur2,felCat9,mm39,monDom5,rheMac10,rn7,susScr11
ENSG00000309273_core_1	ENSG00000309273		U_ENSG00000309273.1	chr9	83979742	83980033	+	291	291.0	antisense	ENSG00000165119	19	17	14	11	1	0	0.0325	0.0285	0.0662	201.9	196.0	HLbalEde1,HLcamDro2,HLdidVir1,HLeleMax1,HLmanJav2,HLnotEug3,HLoryCun3,HLpteVam2,bosTau9,canFam5,dasNov3,equCab3,eriEur2,felCat9,mm39,monDom5,rheMac10,rn7,susScr11
ENSG00000309382_core_1	ENSG00000309382		U_ENSG00000309382.1	chr6	48069443	48069587	+	144	144.0	antisense	ENSG00000244694	19	18	15	7	1	0	0.034	0.0335	0.0704	126.9	137.0	HLbalEde1,HLcamDro2,HLdidVir1,HLeleMax1,HLmanJav2,HLnotEug3,HLoryCun3,HLpteVam2,bosTau9,canFam5,dasNov3,equCab3,eriEur2,felCat9,mm39,monDom5,rheMac10,rn7,susScr11
ENSG00000309433_core_1	ENSG00000309433		U_ENSG00000309433.1	chr1	234600337	234600785	+	448	448.0	near_coding_5kb	.	18	12	12	12	8	0	0.034	0.026	0.0898	239.0	204.5	HLbalEde1,HLcamDro2,HLdidVir1,HLeleMax1,HLmanJav2,HLnotEug3,HLoryCun3,HLpteVam2,bosTau9,canFam5,dasNov3,equCab3,eriEur2,felCat9,mm39,monDom5,rheMac10,susScr11
ENSG00000309494_core_1	ENSG00000309494		U_ENSG00000309494.1	chr3	28575201	28575526	-	325	325.0	antisense	ENSG00000144642	17	16	16	13	7	3	0.0227	0.0227	0.0577	260.5	288.0	HLbalEde1,HLcamDro2,HLeleMax1,HLmanJav2,HLnotEug3,HLoryCun3,HLpteVam2,bosTau9,canFam5,dasNov3,equCab3,eriEur2,felCat9,mm39,monDom5,rheMac10,rn7
ENSG00000309524_core_1	ENSG00000309524		U_ENSG00000309524.1	chr11	78418104	78418592	+	488	488.0	antisense	ENSG00000033327	19	13	11	9	5	1	0.0357	0.0371	0.0589	243.8	239.0	HLbalEde1,HLcamDro2,HLdidVir1,HLeleMax1,HLmanJav2,HLnotEug3,HLoryCun3,HLpteVam2,bosTau9,canFam5,dasNov3,equCab3,eriEur2,felCat9,mm39,monDom5,rheMac10,rn7,susScr11
ENSG00000309578_core_1	ENSG00000309578		U_ENSG00000309578.1	chr3	184773243	184773532	-	289	289.0	intergenic	.	19	15	15	15	10	0	0.0279	0.0168	0.0826	220.8	245.0	HLbalEde1,HLcamDro2,HLdidVir1,HLeleMax1,HLmanJav2,HLnotEug3,HLoryCun3,HLpteVam2,bosTau9,canFam5,dasNov3,equCab3,eriEur2,felCat9,mm39,monDom5,rheMac10,rn7,susScr11
ENSG00000309675_core_1	ENSG00000309675		U_ENSG00000309675.1	chr12	10212738	10213106	-	368	368.0	antisense	ENSG00000139112	19	17	16	14	9	1	0.0282	0.021	0.092	283.1	319.0	HLbalEde1,HLcamDro2,HLdidVir1,HLeleMax1,HLmanJav2,HLnotEug3,HLoryCun3,HLpteVam2,bosTau9,canFam5,dasNov3,equCab3,eriEur2,felCat9,mm39,monDom5,rheMac10,rn7,susScr11
ENSG00000309681_core_1	ENSG00000309681		U_ENSG00000309681.1	chr6	129767214	129767582	-	368	368.0	intergenic	.	17	15	14	14	9	1	0.0258	0.0193	0.0861	304.5	329.0	HLbalEde1,HLcamDro2,HLeleMax1,HLmanJav2,HLnotEug3,HLoryCun3,HLpteVam2,bosTau9,canFam5,dasNov3,equCab3,eriEur2,felCat9,mm39,rheMac10,rn7,susScr11
ENSG00000309689_core_1	ENSG00000309689		U_ENSG00000309689.1	chr6	18990315	18990763	+	448	448.0	intergenic	.	18	18	17	17	14	3	0.0156	0.0135	0.0458	323.8	325.0	HLbalEde1,HLcamDro2,HLdidVir1,HLeleMax1,HLmanJav2,HLnotEug3,HLoryCun3,HLpteVam2,bosTau9,canFam5,dasNov3,equCab3,felCat9,mm39,monDom5,rheMac10,rn7,susScr11
ENSG00000309737_core_1	ENSG00000309737		U_ENSG00000309737.1	chr20	47501618	47501836	-	218	218.0	near_coding_5kb	.	19	16	13	11	6	0	0.0344	0.0266	0.0743	180.0	193.0	HLbalEde1,HLcamDro2,HLdidVir1,HLeleMax1,HLmanJav2,HLnotEug3,HLoryCun3,HLpteVam2,bosTau9,canFam5,dasNov3,equCab3,eriEur2,felCat9,mm39,monDom5,rheMac10,rn7,susScr11
ENSG00000309767_core_2	ENSG00000309767		U_ENSG00000309767.1	chr8	123255837	123256045	+	208	208.0	antisense	ENSG00000165156,ENSG00000259305	19	17	17	17	14	0	0.0243	0.0167	0.0987	173.6	199.0	HLbalEde1,HLcamDro2,HLdidVir1,HLeleMax1,HLmanJav2,HLnotEug3,HLoryCun3,HLpteVam2,bosTau9,canFam5,dasNov3,equCab3,eriEur2,felCat9,mm39,monDom5,rheMac10,rn7,susScr11
ENSG00000309891_core_1	ENSG00000309891		U_ENSG00000309891.1	chr8	9906008	9906176	+	168	168.0	intergenic	.	17	10	10	10	9	0	0.0371	0.0188	0.0818	140.0	163.0	HLbalEde1,HLcamDro2,HLeleMax1,HLmanJav2,HLnotEug3,HLoryCun3,HLpteVam2,bosTau9,canFam5,equCab3,eriEur2,felCat9,mm39,monDom5,rheMac10,rn7,susScr11
ENSG00000309910_core_1	ENSG00000309910		U_ENSG00000309910.1	chr11	86069193	86069333	+	140	140.0	antisense	ENSG00000073921	19	18	18	15	1	0	0.028	0.0237	0.0733	139.1	140.0	HLbalEde1,HLcamDro2,HLdidVir1,HLeleMax1,HLmanJav2,HLnotEug3,HLoryCun3,HLpteVam2,bosTau9,canFam5,dasNov3,equCab3,eriEur2,felCat9,mm39,monDom5,rheMac10,rn7,susScr11
ENSG00000309953_core_1	ENSG00000309953		U_ENSG00000309953.1	chr8	89984408	89984776	+	368	368.0	antisense	ENSG00000104320	18	17	17	16	13	1	0.0208	0.014	0.0939	318.3	348.0	HLbalEde1,HLcamDro2,HLdidVir1,HLeleMax1,HLmanJav2,HLnotEug3,HLpteVam2,bosTau9,canFam5,dasNov3,equCab3,eriEur2,felCat9,mm39,monDom5,rheMac10,rn7,susScr11
ENSG00000309967_core_2	ENSG00000309967		U_ENSG00000309967.1	chr9	101339015	101339303	-	288	288.0	intergenic	.	19	19	19	19	15	1	0.0144	0.0125	0.0246	271.7	284.0	HLbalEde1,HLcamDro2,HLdidVir1,HLeleMax1,HLmanJav2,HLnotEug3,HLoryCun3,HLpteVam2,bosTau9,canFam5,dasNov3,equCab3,eriEur2,felCat9,mm39,monDom5,rheMac10,rn7,susScr11
ENSG00000310004_core_1	ENSG00000310004		U_ENSG00000310004.1	chr9	86947766	86948145	-	379	379.0	near_coding_5kb	.	18	18	18	18	16	11	0.0107	0.0081	0.0225	318.3	337.5	HLbalEde1,HLcamDro2,HLdidVir1,HLeleMax1,HLmanJav2,HLnotEug3,HLpteVam2,bosTau9,canFam5,dasNov3,equCab3,eriEur2,felCat9,mm39,monDom5,rheMac10,rn7,susScr11
ENSG00000310004_core_2	ENSG00000310004		U_ENSG00000310004.1	chr9	86948543	86948812	-	269	269.0	near_coding_5kb	.	17	16	16	16	13	2	0.0185	0.0128	0.0784	218.7	234.0	HLbalEde1,HLcamDro2,HLdidVir1,HLeleMax1,HLmanJav2,HLnotEug3,HLpteVam2,bosTau9,canFam5,dasNov3,equCab3,eriEur2,felCat9,mm39,rheMac10,rn7,susScr11
ENSG00000310005_core_3	ENSG00000310005		U_ENSG00000310005.1	chr1	147024012	147024239	-	227	227.0	intergenic	.	19	18	18	18	16	1	0.0196	0.0146	0.0871	206.1	219.0	HLbalEde1,HLcamDro2,HLdidVir1,HLeleMax1,HLmanJav2,HLnotEug3,HLoryCun3,HLpteVam2,bosTau9,canFam5,dasNov3,equCab3,eriEur2,felCat9,mm39,monDom5,rheMac10,rn7,susScr11
ENSG00000310037_core_2	ENSG00000310037		U_ENSG00000310037.1	chr22	46151117	46151394	-	277	277.0	antisense	ENSG00000186951	17	14	13	12	6	1	0.0296	0.0243	0.0643	253.5	271.0	HLbalEde1,HLcamDro2,HLeleMax1,HLmanJav2,HLnotEug3,HLoryCun3,HLpteVam2,bosTau9,canFam5,dasNov3,equCab3,eriEur2,felCat9,mm39,rheMac10,rn7,susScr11
ENSG00000310092_core_1	ENSG00000310092		U_ENSG00000310092.1	chr1	101996858	101997178	+	320	320.0	antisense	ENSG00000118733	19	19	19	19	19	11	0.0097	0.0092	0.0147	302.9	320.0	HLbalEde1,HLcamDro2,HLdidVir1,HLeleMax1,HLmanJav2,HLnotEug3,HLoryCun3,HLpteVam2,bosTau9,canFam5,dasNov3,equCab3,eriEur2,felCat9,mm39,monDom5,rheMac10,rn7,susScr11
ENSG00000310102_core_1	ENSG00000310102		U_ENSG00000310102.1	chr2	161414338	161414629	+	291	291.0	near_coding_5kb	.	17	15	15	13	12	1	0.0232	0.014	0.0834	241.8	269.0	HLbalEde1,HLcamDro2,HLdidVir1,HLeleMax1,HLmanJav2,HLoryCun3,HLpteVam2,bosTau9,canFam5,dasNov3,equCab3,eriEur2,felCat9,mm39,rheMac10,rn7,susScr11
ENSG00000310134_core_1	ENSG00000310134		U_ENSG00000310134.1	chr2	188291683	188292411	-	728	728.0	antisense	ENSG00000144366	17	16	16	16	15	12	0.0128	0.0061	0.0803	514.5	520.0	HLbalEde1,HLcamDro2,HLeleMax1,HLmanJav2,HLnotEug3,HLoryCun3,HLpteVam2,bosTau9,canFam5,dasNov3,equCab3,eriEur2,felCat9,mm39,rheMac10,rn7,susScr11
ENSG00000310136_core_1	ENSG00000310136		U_ENSG00000310136.1	chr11	10294419	10294787	+	368	368.0	antisense	ENSG00000133812	17	15	12	12	12	9	0.0221	0.0098	0.0785	314.3	364.0	HLbalEde1,HLcamDro2,HLdidVir1,HLeleMax1,HLmanJav2,HLoryCun3,HLpteVam2,bosTau9,canFam5,dasNov3,equCab3,felCat9,mm39,monDom5,rheMac10,rn7,susScr11
ENSG00000310173_core_1	ENSG00000310173		U_ENSG00000310173.1	chr2	156400204	156400452	+	248	248.0	near_coding_5kb	.	17	12	11	8	1	0	0.0418	0.0321	0.088	205.2	223.0	HLbalEde1,HLcamDro2,HLeleMax1,HLmanJav2,HLnotEug3,HLoryCun3,HLpteVam2,bosTau9,canFam5,dasNov3,equCab3,felCat9,mm39,monDom5,rheMac10,rn7,susScr11
ENSG00000310211_core_1	ENSG00000310211		U_ENSG00000310211.1	chr4	54877144	54877312	-	168	168.0	intergenic	.	19	18	17	12	8	0	0.0263	0.0223	0.0552	140.4	135.0	HLbalEde1,HLcamDro2,HLdidVir1,HLeleMax1,HLmanJav2,HLnotEug3,HLoryCun3,HLpteVam2,bosTau9,canFam5,dasNov3,equCab3,eriEur2,felCat9,mm39,monDom5,rheMac10,rn7,susScr11
ENSG00000310217_core_1	ENSG00000310217		U_ENSG00000310217.1	chr1	155053663	155053951	-	288	288.0	antisense	ENSG00000143537,ENSG00000243364,ENSG00000251246	17	13	13	12	10	0	0.0333	0.0196	0.0987	216.6	236.0	HLbalEde1,HLcamDro2,HLdidVir1,HLeleMax1,HLmanJav2,HLnotEug3,HLoryCun3,HLpteVam2,bosTau9,canFam5,dasNov3,equCab3,eriEur2,felCat9,monDom5,rn7,susScr11
ENSG00000310236_core_1	ENSG00000310236		U_ENSG00000310236.1	chr22	12602298	12602527	+	229	229.0	intergenic	.	18	18	18	14	4	0	0.0255	0.025	0.0389	203.9	218.5	HLbalEde1,HLcamDro2,HLdidVir1,HLeleMax1,HLmanJav2,HLoryCun3,HLpteVam2,bosTau9,canFam5,dasNov3,equCab3,eriEur2,felCat9,mm39,monDom5,rheMac10,rn7,susScr11
ENSG00000310250_core_1	ENSG00000310250		U_ENSG00000310250.1	chr6	12008592	12008840	-	248	248.0	antisense	ENSG00000095951	17	17	17	17	17	0	0.0135	0.0128	0.02	236.2	249.0	HLbalEde1,HLcamDro2,HLeleMax1,HLmanJav2,HLoryCun3,HLpteVam2,bosTau9,canFam5,dasNov3,equCab3,eriEur2,felCat9,mm39,monDom5,rheMac10,rn7,susScr11
ENSG00000310289_core_1	ENSG00000310289		U_ENSG00000310289.1	chr14	35404775	35405383	+	608	608.0	antisense	ENSG00000100906	18	18	18	18	18	13	0.0089	0.0064	0.0191	419.1	501.0	HLbalEde1,HLcamDro2,HLeleMax1,HLmanJav2,HLnotEug3,HLoryCun3,HLpteVam2,bosTau9,canFam5,dasNov3,equCab3,eriEur2,felCat9,mm39,monDom5,rheMac10,rn7,susScr11
ENSG00000310313_core_1	ENSG00000310313		U_ENSG00000310313.1	chr11	63918239	63918487	+	248	248.0	near_coding_5kb	.	17	16	15	14	13	1	0.019	0.0131	0.0571	211.4	218.0	HLbalEde1,HLcamDro2,HLeleMax1,HLmanJav2,HLnotEug3,HLoryCun3,HLpteVam2,bosTau9,canFam5,dasNov3,equCab3,eriEur2,felCat9,mm39,rheMac10,rn7,susScr11
ENSG00000310320_core_2	ENSG00000310320		U_ENSG00000310320.1	chr1	143464739	143464904	-	165	165.0	intergenic	.	18	16	15	10	5	0	0.0296	0.0276	0.0586	136.1	128.0	HLbalEde1,HLcamDro2,HLdidVir1,HLeleMax1,HLmanJav2,HLnotEug3,HLoryCun3,HLpteVam2,bosTau9,canFam5,dasNov3,equCab3,felCat9,mm39,monDom5,rheMac10,rn7,susScr11
ENSG00000310351_core_2	ENSG00000310351		U_ENSG00000310351.1	chr17	40140610	40140763	-	153	153.0	antisense	ENSG00000108349,ENSG00000188895	19	17	14	11	6	0	0.0296	0.0266	0.0566	126.8	136.0	HLbalEde1,HLcamDro2,HLdidVir1,HLeleMax1,HLmanJav2,HLnotEug3,HLoryCun3,HLpteVam2,bosTau9,canFam5,dasNov3,equCab3,eriEur2,felCat9,mm39,monDom5,rheMac10,rn7,susScr11
ENSG00000310415_core_1	ENSG00000310415		U_ENSG00000310415.1	chr8	100721699	100721907	+	208	208.0	antisense	ENSG00000070756	17	17	17	16	16	0	0.0134	0.0115	0.0336	194.7	207.0	HLbalEde1,HLcamDro2,HLdidVir1,HLeleMax1,HLmanJav2,HLnotEug3,HLoryCun3,HLpteVam2,bosTau9,canFam5,dasNov3,equCab3,eriEur2,felCat9,monDom5,rheMac10,susScr11
ENSG00000310440_core_1	ENSG00000310440		U_ENSG00000310440.1	chr15	84516867	84517075	+	208	208.0	intergenic	.	17	12	6	1	1	0	0.0475	0.0431	0.0764	171.8	178.0	HLbalEde1,HLcamDro2,HLdidVir1,HLeleMax1,HLmanJav2,HLnotEug3,HLoryCun3,HLpteVam2,bosTau9,canFam5,dasNov3,equCab3,felCat9,mm39,monDom5,rheMac10,rn7
ENSG00000310508_core_2	ENSG00000310508		U_ENSG00000310508.1	chr6	29926753	29927151	-	398	398.0	intergenic	.	17	16	16	14	8	1	0.0232	0.0202	0.0651	281.2	253.0	HLbalEde1,HLcamDro2,HLeleMax1,HLmanJav2,HLnotEug3,HLoryCun3,HLpteVam2,bosTau9,canFam5,dasNov3,equCab3,eriEur2,felCat9,mm39,rheMac10,rn7,susScr11
ENSG00000310515_core_1	ENSG00000310515		U_ENSG00000310515.1	chr6	163983669	163983837	-	168	168.0	intergenic	.	18	12	8	2	1	0	0.0473	0.042	0.099	149.4	158.5	HLbalEde1,HLcamDro2,HLdidVir1,HLeleMax1,HLmanJav2,HLnotEug3,HLoryCun3,bosTau9,canFam5,dasNov3,equCab3,eriEur2,felCat9,mm39,monDom5,rheMac10,rn7,susScr11
ENSG00000310523_core_1	ENSG00000310523		U_ENSG00000310523.1	chr2	113588549	113588703	+	154	154.0	intergenic	.	17	17	15	14	11	0	0.0228	0.0184	0.0482	139.2	154.0	HLbalEde1,HLcamDro2,HLdidVir1,HLeleMax1,HLmanJav2,HLnotEug3,HLoryCun3,HLpteVam2,bosTau9,canFam5,dasNov3,equCab3,eriEur2,felCat9,mm39,rheMac10,susScr11
ENSG00000310523_core_8	ENSG00000310523		U_ENSG00000310523.1	chr2	113597485	113597638	+	153	153.0	intergenic	.	17	17	17	17	14	0	0.0166	0.0155	0.0227	148.1	153.0	HLbalEde1,HLcamDro2,HLeleMax1,HLmanJav2,HLnotEug3,HLoryCun3,HLpteVam2,bosTau9,canFam5,dasNov3,equCab3,eriEur2,felCat9,mm39,monDom5,rheMac10,susScr11
ENSG00000310526_core_1	ENSG00000310526	WASH7P	U_ENSG00000310526.1	chr1	15795	15947	-	152	152.0	intergenic	.	17	17	17	17	13	0	0.0194	0.0181	0.0268	147.2	152.0	HLbalEde1,HLcamDro2,HLeleMax1,HLmanJav2,HLnotEug3,HLoryCun3,HLpteVam2,bosTau9,canFam5,dasNov3,equCab3,eriEur2,felCat9,mm39,monDom5,rheMac10,susScr11
ENSG00000310526_core_2	ENSG00000310526	WASH7P	U_ENSG00000310526.1	chr1	16857	17055	-	198	198.0	intergenic	.	19	18	18	18	17	0	0.018	0.0136	0.0875	188.2	198.0	HLbalEde1,HLcamDro2,HLdidVir1,HLeleMax1,HLmanJav2,HLnotEug3,HLoryCun3,HLpteVam2,bosTau9,canFam5,dasNov3,equCab3,eriEur2,felCat9,mm39,monDom5,rheMac10,rn7,susScr11
ENSG00000310526_core_5	ENSG00000310526	WASH7P	U_ENSG00000310526.1	chr1	24737	24891	-	154	154.0	intergenic	.	18	17	16	15	11	0	0.023	0.0183	0.0548	138.3	153.5	HLbalEde1,HLcamDro2,HLdidVir1,HLeleMax1,HLmanJav2,HLnotEug3,HLoryCun3,HLpteVam2,bosTau9,canFam5,dasNov3,equCab3,eriEur2,felCat9,mm39,rheMac10,rn7,susScr11
ENSG00000310528_core_3	ENSG00000310528		U_ENSG00000310528.1	chr1	187429	187577	-	148	148.0	intergenic	.	17	17	16	16	13	0	0.0199	0.0183	0.0423	143.3	147.0	HLbalEde1,HLcamDro2,HLdidVir1,HLeleMax1,HLmanJav2,HLnotEug3,HLoryCun3,HLpteVam2,bosTau9,canFam5,dasNov3,equCab3,eriEur2,felCat9,mm39,rn7,susScr11
ENSG00000310537_core_5	ENSG00000310537		U_ENSG00000310537.1	chr7	75359015	75359534	-	519	519.0	antisense	ENSG00000286014	17	17	17	15	11	1	0.0179	0.0154	0.0353	395.6	476.0	HLbalEde1,HLcamDro2,HLdidVir1,HLeleMax1,HLmanJav2,HLnotEug3,HLoryCun3,bosTau9,canFam5,dasNov3,equCab3,felCat9,mm39,monDom5,rheMac10,rn7,susScr11
ENSG00000310566_core_2	ENSG00000310566		U_ENSG00000310566.1	chr12	120292946	120293237	-	291	291.0	antisense	ENSG00000089163	19	18	18	18	18	0	0.0172	0.0138	0.0783	166.9	168.0	HLbalEde1,HLcamDro2,HLdidVir1,HLeleMax1,HLmanJav2,HLnotEug3,HLoryCun3,HLpteVam2,bosTau9,canFam5,dasNov3,equCab3,eriEur2,felCat9,mm39,monDom5,rheMac10,rn7,susScr11
ENSG00000310577_core_2	ENSG00000310577		U_ENSG00000310577.1	chr7	100474273	100474440	-	167	167.0	sense_overlapping	ENSG00000166925,ENSG00000185955	19	15	13	9	1	0	0.0384	0.0315	0.0941	107.2	98.0	HLbalEde1,HLcamDro2,HLdidVir1,HLeleMax1,HLmanJav2,HLnotEug3,HLoryCun3,HLpteVam2,bosTau9,canFam5,dasNov3,equCab3,eriEur2,felCat9,mm39,monDom5,rheMac10,rn7,susScr11
