gene_bare	gene_name	overlap_category	coding_partners	n_cores	max_species_accepted	mean_species_per_core	best_mean_dist	best_median_dist	max_reference_core_length	max_species_d_le_0_05	max_species_d_le_0_04	max_species_d_le_0_03	max_species_d_le_0_02	max_species_d_le_0_01
ENSG00000285796		antisense	ENSG00000100982	1	18	18.0	0.004	0.0034	1008	18	18	18	18	18
ENSG00000274021		antisense	ENSG00000139318	2	19	18.0	0.0048	0.0044	1368	19	19	19	19	18
ENSG00000301605		antisense	ENSG00000167548	1	19	19.0	0.0057	0.0055	488	19	19	19	19	19
ENSG00000272906		antisense	ENSG00000143337,ENSG00000293564	1	18	18.0	0.0063	0.0057	848	18	18	18	18	16
ENSG00000261840		antisense	ENSG00000080603	1	18	18.0	0.0066	0.0059	528	18	18	18	18	17
ENSG00000307072		antisense	ENSG00000196767	1	18	18.0	0.0066	0.0071	1168	18	18	18	18	16
ENSG00000270175		antisense	ENSG00000139546	1	18	18.0	0.0067	0.004	888	18	18	18	16	15
ENSG00000306196		antisense	ENSG00000047932	1	17	17.0	0.0069	0.0054	888	17	17	17	16	16
ENSG00000272163		antisense	ENSG00000104722	1	18	18.0	0.0071	0.0063	368	18	18	18	18	16
ENSG00000224152	BAZ2B-AS1	antisense	ENSG00000123636	1	19	19.0	0.0072	0.0069	368	19	19	19	19	18
ENSG00000270673		antisense	ENSG00000185728	1	19	19.0	0.0072	0.0056	1088	19	18	18	18	18
ENSG00000290966	KRT87P	antisense	ENSG00000135480,ENSG00000170442	1	17	17.0	0.0072	0.0061	606	17	17	17	17	14
ENSG00000253327	RAD21-AS1	antisense	ENSG00000164754	1	19	19.0	0.0074	0.0062	482	19	19	19	19	16
ENSG00000289291		antisense	ENSG00000198492	1	19	19.0	0.0074	0.0053	728	19	19	19	17	17
ENSG00000272157		antisense	ENSG00000277586	1	19	19.0	0.0075	0.0058	568	19	19	19	18	17
ENSG00000272476		antisense	ENSG00000025796	1	18	18.0	0.0075	0.0058	1488	18	18	18	17	15
ENSG00000239569	KMT2E-AS1	antisense	ENSG00000005483,ENSG00000187416	1	19	19.0	0.0078	0.0066	393	19	19	19	18	18
ENSG00000272086		antisense	ENSG00000113384	1	17	17.0	0.0078	0.0077	448	17	17	17	17	15
ENSG00000300592		antisense	ENSG00000138069	1	19	19.0	0.008	0.004	648	18	18	18	18	18
ENSG00000234608	MAPKAPK5-AS1	antisense	ENSG00000089022,ENSG00000292259	1	17	17.0	0.0081	0.0059	488	17	17	17	16	14
ENSG00000257557	PPP1R12A-AS1	antisense	ENSG00000058272	1	19	19.0	0.0084	0.0068	598	19	19	19	19	14
ENSG00000260063		antisense	ENSG00000117713	2	18	18.0	0.0084	0.006	688	18	18	18	17	13
ENSG00000233220	PRDM10-DT	antisense	ENSG00000170325	1	18	18.0	0.0085	0.0078	688	18	18	18	18	14
ENSG00000224738		antisense	ENSG00000108395,ENSG00000182628	1	18	18.0	0.0085	0.007	688	18	18	18	17	15
ENSG00000278899		antisense	ENSG00000131023	1	19	19.0	0.0086	0.0079	888	19	19	19	19	15
ENSG00000233825		antisense	ENSG00000120616	1	19	19.0	0.0087	0.0084	288	19	19	19	19	18
ENSG00000258738		antisense	ENSG00000198604	1	18	18.0	0.0087	0.0048	608	18	17	17	16	16
ENSG00000273355		antisense	ENSG00000176105	1	17	17.0	0.0088	0.0068	728	17	17	17	16	14
ENSG00000260267		antisense	ENSG00000140691	1	18	18.0	0.0088	0.0063	888	18	18	17	17	15
ENSG00000288998		antisense	ENSG00000120519	1	19	19.0	0.0089	0.0074	1368	19	19	19	19	13
ENSG00000299666		antisense	ENSG00000132475	1	18	18.0	0.0089	0.0087	368	18	18	18	18	14
ENSG00000240497		antisense	ENSG00000154310	1	19	19.0	0.0089	0.0032	1048	19	18	18	17	13
ENSG00000267146		antisense	ENSG00000091157	1	19	19.0	0.0089	0.0086	248	19	19	19	19	18
ENSG00000310289		antisense	ENSG00000100906	1	18	18.0	0.0089	0.0064	608	18	18	18	18	13
ENSG00000273391		antisense	ENSG00000146963,ENSG00000269955	1	19	19.0	0.0091	0.0064	1168	19	19	19	16	16
ENSG00000251867		antisense	ENSG00000205189	1	18	18.0	0.0091	0.009	368	18	18	18	18	13
ENSG00000272933		antisense	ENSG00000171206	2	19	18.0	0.0093	0.0051	568	19	18	16	16	14
ENSG00000228830		antisense	ENSG00000168264	1	19	19.0	0.0094	0.0093	270	19	19	19	19	16
ENSG00000287825		antisense	ENSG00000137161	1	18	18.0	0.0094	0.008	487	18	18	18	18	10
ENSG00000289875		antisense	ENSG00000125968	1	17	17.0	0.0094	0.0077	768	17	17	16	16	14
ENSG00000250742	LINC02381	antisense	ENSG00000123415	2	19	18.0	0.0095	0.0083	408	19	19	19	19	13
ENSG00000268858		antisense	ENSG00000101150,ENSG00000183260	2	19	18.5	0.0097	0.0066	408	19	19	18	17	14
ENSG00000310092		antisense	ENSG00000118733	1	19	19.0	0.0097	0.0092	320	19	19	19	19	11
ENSG00000254933		antisense	ENSG00000085741	1	19	19.0	0.0097	0.009	306	19	19	19	19	15
ENSG00000266208	GJD3-AS1	antisense	ENSG00000183153	1	18	18.0	0.0098	0.007	805	18	18	16	16	15
ENSG00000258752		antisense	ENSG00000053254	1	19	19.0	0.0098	0.0093	248	19	19	19	19	13
ENSG00000259642	ST20-AS1	antisense	ENSG00000259332	1	17	17.0	0.0099	0.007	888	16	16	16	16	16
ENSG00000307036		antisense	ENSG00000166106	1	19	19.0	0.0099	0.0066	648	19	19	17	17	15
ENSG00000287125		antisense	ENSG00000154102	1	19	19.0	0.0101	0.0081	808	19	19	19	18	12
ENSG00000260352	SMG1-DT	antisense	ENSG00000157106	1	19	19.0	0.0102	0.0098	248	19	19	19	19	12
ENSG00000235478		antisense	ENSG00000183307	1	18	18.0	0.0103	0.0055	528	18	18	16	15	14
ENSG00000271360		antisense	ENSG00000148429	1	19	19.0	0.0103	0.0065	648	19	18	18	17	15
ENSG00000221817	PPP3CB-AS1	antisense	ENSG00000107758,ENSG00000166348	1	19	19.0	0.0105	0.0094	288	19	19	19	19	12
ENSG00000305212		antisense	ENSG00000085276	1	19	19.0	0.0105	0.0089	309	19	19	19	19	11
ENSG00000306567		antisense	ENSG00000168843	1	19	19.0	0.0105	0.0072	568	18	18	18	18	13
ENSG00000302846		antisense	ENSG00000275410	1	19	19.0	0.0105	0.0098	300	19	19	19	19	11
ENSG00000307064		antisense	ENSG00000105856	1	19	19.0	0.0106	0.006	688	19	18	18	16	15
ENSG00000270194	GOLGA4-AS1	antisense	ENSG00000144674	1	18	18.0	0.0106	0.0056	1088	17	17	17	17	15
ENSG00000285921		antisense	ENSG00000184384	1	18	18.0	0.0106	0.0078	368	18	17	17	17	15
ENSG00000279762		antisense	ENSG00000108671	1	18	18.0	0.0106	0.0074	848	18	18	18	15	14
ENSG00000264066		antisense	ENSG00000132591	1	19	19.0	0.0107	0.0089	448	19	19	19	17	13
ENSG00000267707		antisense	ENSG00000101489	1	19	19.0	0.0107	0.0104	208	19	19	19	19	1
ENSG00000305473		antisense	ENSG00000039600	1	19	19.0	0.0107	0.0086	441	19	19	18	18	14
ENSG00000272841		antisense	ENSG00000085511	1	18	18.0	0.0107	0.0049	808	17	17	17	17	16
ENSG00000245384		antisense	ENSG00000168772	1	17	17.0	0.0108	0.0102	213	17	17	17	16	3
ENSG00000254928		antisense	ENSG00000175538	1	19	19.0	0.0108	0.0099	288	19	19	19	19	10
ENSG00000257550		antisense	ENSG00000170653,ENSG00000267281	1	18	18.0	0.0109	0.0081	368	18	17	17	17	14
ENSG00000287243		antisense	ENSG00000111218	1	18	18.0	0.0109	0.0093	408	18	18	18	17	12
ENSG00000289056		antisense	ENSG00000151883	2	19	19.0	0.0109	0.0054	728	18	18	18	16	14
ENSG00000276116		antisense	ENSG00000033170	1	19	19.0	0.011	0.0038	1048	17	17	17	17	14
ENSG00000230630	DNM3OS	antisense	ENSG00000197959	1	19	19.0	0.0113	0.0103	288	19	19	19	19	7
ENSG00000267042		antisense	ENSG00000184451	1	18	18.0	0.0113	0.0088	288	18	18	17	17	14
ENSG00000297567		antisense	ENSG00000158796	1	17	17.0	0.0115	0.0077	568	17	17	16	15	11
ENSG00000184068	SREBF2-AS1	antisense	ENSG00000100147,ENSG00000198911	1	17	17.0	0.0115	0.007	488	16	16	16	16	16
ENSG00000264982		antisense	ENSG00000141441	1	19	19.0	0.0116	0.0107	248	19	19	19	18	5
ENSG00000308015		antisense	ENSG00000151150	1	19	19.0	0.0116	0.0102	248	19	19	19	19	7
ENSG00000306924		antisense	ENSG00000058091	1	18	18.0	0.0116	0.01	248	18	18	18	17	10
ENSG00000259721		antisense	ENSG00000166923	1	18	18.0	0.0117	0.0072	488	18	18	18	14	11
ENSG00000204380	PKP4-AS1	antisense	ENSG00000144283	1	18	18.0	0.0117	0.01	288	18	18	18	18	10
ENSG00000225174		antisense	ENSG00000081087	1	19	19.0	0.0117	0.0071	488	18	18	18	17	15
ENSG00000298202		antisense	ENSG00000164081,ENSG00000164082	1	19	19.0	0.0118	0.0106	248	19	19	19	19	5
ENSG00000304124		antisense	ENSG00000171532	1	19	19.0	0.0118	0.0107	207	19	19	19	19	0
ENSG00000263823		antisense	ENSG00000153339	1	18	18.0	0.0119	0.0074	1008	17	17	17	17	13
ENSG00000273702		antisense	ENSG00000141367	2	19	18.0	0.0119	0.0098	408	19	19	19	16	12
ENSG00000280620	SCAANT1	antisense	ENSG00000163635	1	19	19.0	0.0121	0.0081	488	19	19	19	15	11
ENSG00000253744		antisense	ENSG00000153914	1	18	18.0	0.0121	0.0107	264	18	18	18	17	8
ENSG00000250734		antisense	ENSG00000143376	1	18	18.0	0.0121	0.0088	322	17	17	17	17	13
ENSG00000288966		antisense	ENSG00000140396	1	19	19.0	0.0122	0.0112	248	19	19	19	18	5
ENSG00000288927		antisense	ENSG00000162496	1	19	19.0	0.0123	0.0058	648	18	17	17	17	14
ENSG00000293426	SEC1P	antisense	ENSG00000063180,ENSG00000142233	1	18	18.0	0.0123	0.0077	688	18	17	15	15	13
ENSG00000307190		antisense	ENSG00000020577	1	18	18.0	0.0125	0.0086	488	18	17	16	15	11
ENSG00000226889	ATF6-DT	antisense	ENSG00000081721	1	19	19.0	0.0125	0.0113	728	18	18	18	18	8
ENSG00000297638		antisense	ENSG00000139800	1	18	18.0	0.0125	0.009	313	17	17	17	17	11
ENSG00000256628	ZBTB11-AS1	antisense	ENSG00000066422	1	19	19.0	0.0126	0.0128	848	19	19	18	16	8
ENSG00000269439		antisense	ENSG00000130304,ENSG00000130313	1	17	17.0	0.0126	0.0092	460	16	16	16	16	12
ENSG00000283849		antisense	ENSG00000144655	1	17	17.0	0.0126	0.0089	368	17	17	16	15	9
ENSG00000272525		antisense	ENSG00000145741	1	18	18.0	0.0126	0.0046	968	17	17	16	14	13
ENSG00000305025		antisense	ENSG00000115524	1	18	18.0	0.0127	0.0109	608	18	18	17	16	6
ENSG00000299358		antisense	ENSG00000083223,ENSG00000135070	1	18	18.0	0.0127	0.0099	368	18	17	17	17	11
ENSG00000273062	RALGPS2-AS1	antisense	ENSG00000116191	1	17	17.0	0.0127	0.0072	568	17	17	16	13	10
ENSG00000298332		antisense	ENSG00000083642	1	18	18.0	0.0127	0.0102	288	18	17	17	17	9
ENSG00000267519	MIR23AHG	antisense	ENSG00000132003	2	18	17.5	0.0128	0.0054	928	17	16	15	14	11
ENSG00000310134		antisense	ENSG00000144366	1	17	17.0	0.0128	0.0061	728	16	16	16	15	12
ENSG00000245330	DEPTOR-AS1	antisense	ENSG00000155792	1	19	19.0	0.0128	0.0088	1048	19	18	17	15	12
ENSG00000233223	MPDU1-AS1	antisense	ENSG00000129226,ENSG00000129255	1	19	19.0	0.0129	0.0057	1248	18	18	18	17	12
ENSG00000261722		antisense	ENSG00000186153	1	18	18.0	0.0129	0.0124	448	18	18	17	17	7
ENSG00000260101	AFTPH-DT	antisense	ENSG00000119844	1	19	19.0	0.0131	0.0071	395	18	17	17	16	14
ENSG00000225822	UBXN7-AS1	antisense	ENSG00000163960	1	18	18.0	0.0131	0.0068	488	17	17	17	17	13
ENSG00000228701		antisense	ENSG00000107854	1	19	19.0	0.0131	0.0114	375	19	19	19	16	4
ENSG00000277368		antisense	ENSG00000127870	1	19	19.0	0.0132	0.0094	768	18	18	18	17	10
ENSG00000260274		antisense	ENSG00000140400,ENSG00000169375	1	19	19.0	0.0132	0.009	528	18	18	17	17	12
ENSG00000287637		antisense	ENSG00000157540	1	17	17.0	0.0133	0.0129	175	17	17	17	17	0
ENSG00000310415		antisense	ENSG00000070756	1	17	17.0	0.0134	0.0115	208	17	17	16	16	0
ENSG00000260898		antisense	ENSG00000159322	1	19	19.0	0.0135	0.0106	408	19	19	19	16	8
ENSG00000310250		antisense	ENSG00000095951	1	17	17.0	0.0135	0.0128	248	17	17	17	17	0
ENSG00000291060		antisense	ENSG00000140743	2	19	18.0	0.0135	0.008	369	19	19	17	16	12
ENSG00000289065		antisense	ENSG00000170634	1	17	17.0	0.0136	0.0097	328	17	17	16	15	10
ENSG00000297572		antisense	ENSG00000069188	1	19	19.0	0.0136	0.0089	488	18	18	17	17	12
ENSG00000271857		antisense	ENSG00000124813	1	17	17.0	0.0136	0.0101	288	16	16	16	16	8
ENSG00000272269	NUP153-AS1	antisense	ENSG00000124789	1	18	18.0	0.0137	0.012	448	18	18	16	16	8
ENSG00000272078		antisense	ENSG00000130940	2	18	17.5	0.0137	0.0107	408	17	17	17	17	8
ENSG00000289304		antisense	ENSG00000111832	1	18	18.0	0.0137	0.011	608	18	18	16	16	7
ENSG00000291122	CASTOR3P	antisense	ENSG00000066923,ENSG00000213413,ENSG00000292277	1	17	17.0	0.0137	0.0126	194	17	17	17	16	0
ENSG00000225850		antisense	ENSG00000181274	1	18	18.0	0.0138	0.013	328	18	18	18	17	1
ENSG00000274425		antisense	ENSG00000076662,ENSG00000161847	1	19	19.0	0.0138	0.0103	528	18	18	18	18	8
ENSG00000224046	DMTF1-AS1	antisense	ENSG00000135164	1	19	19.0	0.0139	0.0059	448	18	17	16	16	14
ENSG00000293434	AHSA2P	antisense	ENSG00000115464	2	17	17.0	0.0139	0.0128	368	17	17	17	16	0
ENSG00000228804		antisense	ENSG00000113916,ENSG00000198471	1	18	18.0	0.014	0.0144	262	18	18	18	18	0
ENSG00000293629		antisense	ENSG00000105996,ENSG00000105997	1	19	19.0	0.0141	0.0128	248	19	19	19	17	1
ENSG00000183784	DOCK8-AS1	antisense	ENSG00000107099	1	18	18.0	0.0143	0.0112	608	17	17	17	16	8
ENSG00000271155		antisense	ENSG00000185920	1	18	18.0	0.0143	0.007	488	17	16	15	15	14
ENSG00000286837		antisense	ENSG00000120925,ENSG00000131931	1	19	19.0	0.0143	0.0096	346	18	18	18	17	11
ENSG00000281376	ABALON	antisense	ENSG00000171552	1	19	19.0	0.0144	0.0089	368	18	18	17	15	12
ENSG00000229388	TAF12-DT	antisense	ENSG00000120656	1	17	17.0	0.0144	0.0143	288	17	17	17	16	0
ENSG00000281691	RBM5-AS1	antisense	ENSG00000003756,ENSG00000004534	1	19	19.0	0.0144	0.0125	208	19	19	19	15	3
ENSG00000281344	HELLPAR	antisense	ENSG00000017427,ENSG00000183395	1	18	18.0	0.0144	0.0105	288	17	17	16	16	8
ENSG00000204685	STARD7-AS1	antisense	ENSG00000084090	1	17	17.0	0.0145	0.0102	493	17	17	16	13	8
ENSG00000271474		antisense	ENSG00000182168	1	19	19.0	0.0145	0.0117	1008	19	18	16	14	8
ENSG00000257167	TMPO-AS1	antisense	ENSG00000120802	1	19	19.0	0.0147	0.0089	368	18	18	18	18	13
ENSG00000290102		antisense	ENSG00000123080	1	19	19.0	0.0149	0.0103	448	18	18	18	16	7
ENSG00000229750		antisense	ENSG00000115966	2	19	18.5	0.0149	0.0114	568	18	18	17	16	5
ENSG00000307734		antisense	ENSG00000131236	1	17	17.0	0.0149	0.008	688	16	15	15	15	15
ENSG00000285844	KCNQ5-DT	antisense	ENSG00000185760	1	19	19.0	0.0149	0.0132	768	19	19	17	14	8
ENSG00000299129		antisense	ENSG00000142549	1	17	17.0	0.0149	0.014	332	17	17	16	14	4
ENSG00000299884		antisense	ENSG00000112038	1	19	19.0	0.0149	0.0094	307	19	18	16	15	11
ENSG00000255384		antisense	ENSG00000167283,ENSG00000285827	1	17	17.0	0.015	0.0111	248	16	16	16	15	4
ENSG00000293448		antisense	ENSG00000179363	1	17	17.0	0.015	0.009	408	15	15	15	15	12
ENSG00000233785	SAT1-DT	antisense	ENSG00000130066,ENSG00000288706	1	18	18.0	0.015	0.009	546	17	17	15	15	11
ENSG00000245864	MEF2C-AS2	antisense	ENSG00000081189	1	19	19.0	0.015	0.0135	191	19	19	19	16	0
ENSG00000286883		antisense	ENSG00000115275,ENSG00000135637,ENSG00000204822	1	17	17.0	0.0151	0.0131	309	17	17	16	14	2
ENSG00000303455		antisense	ENSG00000182985	1	18	18.0	0.0151	0.0096	448	17	17	16	15	11
ENSG00000295753		antisense	ENSG00000151012	1	18	18.0	0.0151	0.0126	267	18	18	17	16	1
ENSG00000275038		antisense	ENSG00000164438	1	17	17.0	0.0152	0.0079	968	16	15	14	14	11
ENSG00000253102	LRRC59-AS1	antisense	ENSG00000108829	1	19	19.0	0.0152	0.0081	582	18	17	17	15	11
ENSG00000289585		antisense	ENSG00000086475	1	17	17.0	0.0152	0.0109	288	17	17	15	14	5
ENSG00000286459		antisense	ENSG00000175229	1	19	19.0	0.0152	0.0112	288	19	18	16	16	8
ENSG00000301671		antisense	ENSG00000113387	1	17	17.0	0.0153	0.0134	408	16	16	16	15	4
ENSG00000294480		antisense	ENSG00000099991	1	17	17.0	0.0153	0.0074	568	16	15	14	14	13
ENSG00000269210		antisense	ENSG00000214694	1	17	17.0	0.0153	0.0118	328	16	15	15	15	4
ENSG00000293681		antisense	ENSG00000123388,ENSG00000180818	1	18	18.0	0.0154	0.0142	180	18	18	18	16	0
ENSG00000289987		antisense	ENSG00000136826	1	19	19.0	0.0154	0.0105	568	19	19	16	14	9
ENSG00000295428		antisense	ENSG00000144406	1	19	19.0	0.0154	0.0119	368	18	18	18	17	2
ENSG00000260233	ZNRD2-DT	antisense	ENSG00000173465,ENSG00000176973	1	19	19.0	0.0154	0.0106	495	19	19	16	14	7
ENSG00000222043		antisense	ENSG00000116044	1	19	19.0	0.0154	0.0132	283	19	19	19	16	1
ENSG00000259083		antisense	ENSG00000100941	1	19	19.0	0.0154	0.0117	368	19	18	18	15	3
ENSG00000234028	EIF2AK3-DT	antisense	ENSG00000172071	1	18	18.0	0.0156	0.0109	648	17	17	17	14	8
ENSG00000259577	CERNA1	antisense	ENSG00000069966,ENSG00000128833	1	18	18.0	0.0156	0.0108	248	17	17	17	15	6
ENSG00000287434		antisense	ENSG00000035499	1	19	19.0	0.0156	0.013	373	19	18	17	16	1
ENSG00000286596		antisense	ENSG00000169851	1	19	19.0	0.0156	0.008	1328	18	17	15	14	12
ENSG00000299793		antisense	ENSG00000152822	1	17	17.0	0.0156	0.0109	288	16	16	15	14	2
ENSG00000306815		antisense	ENSG00000130695	1	19	19.0	0.0157	0.0123	433	18	18	17	16	1
ENSG00000265666	RARA-AS1	antisense	ENSG00000131759	2	18	18.0	0.0157	0.0092	448	17	17	15	15	10
ENSG00000236859	NIFK-AS1	antisense	ENSG00000074054,ENSG00000155438	1	18	18.0	0.0157	0.0092	552	17	17	17	14	11
ENSG00000272599		antisense	ENSG00000166321	1	18	18.0	0.0158	0.0146	208	18	18	18	16	0
ENSG00000254024	GRHL2-DT	antisense	ENSG00000083307	1	19	19.0	0.0158	0.0126	248	19	19	19	14	1
ENSG00000289294		antisense	ENSG00000119004	1	19	19.0	0.0158	0.0126	1248	18	18	18	17	4
ENSG00000307882		antisense	ENSG00000011590	1	19	19.0	0.0158	0.0132	367	19	19	19	13	2
ENSG00000293165	FABP5P3	antisense	ENSG00000055609	1	18	18.0	0.0158	0.0115	198	17	17	17	17	0
ENSG00000228824		antisense	ENSG00000165300	1	19	19.0	0.0158	0.0064	643	17	17	16	16	16
ENSG00000276728		antisense	ENSG00000186834	1	19	19.0	0.0159	0.0109	528	18	18	17	16	9
ENSG00000263412	NFE2L1-DT	antisense	ENSG00000082641	1	18	18.0	0.0159	0.0073	888	17	17	15	15	12
ENSG00000280213		antisense	ENSG00000196700,ENSG00000198276	1	17	17.0	0.016	0.013	968	17	16	16	12	7
ENSG00000248050	SYBU-AS1	antisense	ENSG00000147642	1	18	18.0	0.016	0.0136	248	18	18	17	15	1
ENSG00000232093	DCST1-AS1	antisense	ENSG00000143537,ENSG00000163357	1	19	19.0	0.0161	0.0123	456	18	18	17	15	8
ENSG00000289788		antisense	ENSG00000157764	1	19	19.0	0.0161	0.0142	186	19	18	18	18	0
ENSG00000307565		antisense	ENSG00000150347	1	18	18.0	0.0161	0.0105	288	17	17	17	16	3
ENSG00000306030		antisense	ENSG00000198478	1	19	19.0	0.0161	0.0106	328	19	17	17	15	7
ENSG00000263826		antisense	ENSG00000156976	1	17	17.0	0.0162	0.0103	568	16	15	15	15	8
ENSG00000287705		antisense	ENSG00000203877	1	18	18.0	0.0162	0.0121	528	17	17	17	14	9
ENSG00000267610		antisense	ENSG00000008441	1	18	18.0	0.0162	0.0131	408	18	18	17	14	3
ENSG00000303284		antisense	ENSG00000140945	1	19	19.0	0.0162	0.0121	614	19	19	15	11	8
ENSG00000289327		antisense	ENSG00000135636	1	19	19.0	0.0163	0.0111	888	18	17	17	15	9
ENSG00000268592	RAET1E-AS1	antisense	ENSG00000120256,ENSG00000164520,ENSG00000203722	1	18	18.0	0.0163	0.0095	529	18	18	13	12	9
ENSG00000278177		antisense	ENSG00000183098	1	19	19.0	0.0163	0.011	328	18	18	17	15	7
ENSG00000197989	SNHG12	antisense	ENSG00000180098	1	19	19.0	0.0164	0.0149	1288	19	18	16	15	7
ENSG00000296676		antisense	ENSG00000111218	1	18	18.0	0.0164	0.0104	568	17	17	15	14	9
ENSG00000225733	FGD5-AS1	antisense	ENSG00000154783,ENSG00000177463	1	19	19.0	0.0164	0.012	356	18	18	18	16	6
ENSG00000287873		antisense	ENSG00000163376	1	17	17.0	0.0165	0.0111	288	16	16	15	14	3
ENSG00000286305		antisense	ENSG00000196367	1	19	19.0	0.0165	0.0145	220	19	19	19	14	0
ENSG00000299828		antisense	ENSG00000171533	1	18	18.0	0.0165	0.0107	909	18	18	15	10	9
ENSG00000307236		antisense	ENSG00000138675	1	19	19.0	0.0166	0.0038	888	16	16	16	16	15
ENSG00000236753	MKLN1-AS	antisense	ENSG00000128585	1	18	18.0	0.0168	0.0064	608	17	16	15	14	14
ENSG00000295813		antisense	ENSG00000109919	1	17	17.0	0.0168	0.0135	200	16	16	16	16	0
ENSG00000301282		antisense	ENSG00000247315	1	18	18.0	0.0168	0.014	168	18	18	16	16	0
ENSG00000288911		antisense	ENSG00000132356	1	17	17.0	0.0168	0.0116	608	17	17	13	12	8
ENSG00000236526		antisense	ENSG00000132640	1	19	19.0	0.0168	0.017	168	19	19	19	18	0
ENSG00000308631		antisense	ENSG00000115970	1	17	17.0	0.0168	0.0145	448	17	16	16	14	1
ENSG00000293241	GTF2IP4	antisense	ENSG00000274570	1	17	17.0	0.0169	0.0148	184	17	16	16	16	0
ENSG00000303930		antisense	ENSG00000184254	1	19	19.0	0.0169	0.0145	288	19	19	18	14	2
ENSG00000255250		antisense	ENSG00000151376	1	17	17.0	0.0169	0.0127	328	17	17	16	11	2
ENSG00000284747		antisense	ENSG00000116285	1	19	19.0	0.0169	0.0138	488	19	19	18	12	3
ENSG00000305861		antisense	ENSG00000178104	1	19	19.0	0.0169	0.0121	419	18	17	17	16	3
ENSG00000218537	MIF-AS1	antisense	ENSG00000240972,ENSG00000251357	1	18	18.0	0.017	0.0119	448	18	17	15	10	8
ENSG00000297522		antisense	ENSG00000084652	1	19	19.0	0.017	0.0129	288	19	17	17	16	1
ENSG00000270820	USP34-DT	antisense	ENSG00000082898	1	19	19.0	0.017	0.0133	456	18	18	17	14	5
ENSG00000289124		antisense	ENSG00000172269	1	19	19.0	0.017	0.0153	408	19	18	17	14	5
ENSG00000272663	PPP1R21-DT	antisense	ENSG00000162869	1	19	19.0	0.0171	0.0121	373	19	19	16	14	5
ENSG00000278376		antisense	ENSG00000110367	1	19	19.0	0.0171	0.0129	328	19	18	16	16	1
ENSG00000301045		antisense	ENSG00000040731	1	18	18.0	0.0172	0.0142	183	18	17	17	13	0
ENSG00000244586		antisense	ENSG00000114251	1	17	17.0	0.0172	0.0152	227	17	17	16	14	1
ENSG00000310566		antisense	ENSG00000089163	1	19	19.0	0.0172	0.0138	291	18	18	18	18	0
ENSG00000301373		antisense	ENSG00000146802	1	19	19.0	0.0173	0.0152	248	19	19	19	14	1
ENSG00000293873		antisense	ENSG00000023171	1	19	19.0	0.0173	0.0142	248	18	18	18	16	4
ENSG00000265148	TSPOAP1-AS1	antisense	ENSG00000108375,ENSG00000213246,ENSG00000285897	1	19	19.0	0.0173	0.0156	149	19	19	19	16	0
ENSG00000289891		antisense	ENSG00000153391,ENSG00000267140	1	19	19.0	0.0173	0.0118	368	19	18	15	15	2
ENSG00000267598		antisense	ENSG00000160888	1	19	19.0	0.0175	0.0069	521	17	16	16	16	12
ENSG00000298810		antisense	ENSG00000099974	1	18	18.0	0.0175	0.0154	368	18	17	17	14	1
ENSG00000258197	NKX2-2-AS1	antisense	ENSG00000125820	1	18	18.0	0.0175	0.0073	768	17	15	15	14	11
ENSG00000258520		antisense	ENSG00000081177,ENSG00000100626	1	18	18.0	0.0175	0.0121	228	17	17	16	16	0
ENSG00000299506		antisense	ENSG00000159714	1	17	17.0	0.0176	0.0113	408	16	16	16	13	2
ENSG00000273618		antisense	ENSG00000136367	1	18	18.0	0.0177	0.0138	328	18	18	15	12	2
ENSG00000288936		antisense	ENSG00000130449	1	19	19.0	0.0178	0.0175	153	19	19	19	18	0
ENSG00000224699	LAMTOR5-AS1	antisense	ENSG00000134248,ENSG00000168679	1	19	19.0	0.0178	0.0078	692	16	16	16	16	14
ENSG00000227857		antisense	ENSG00000278139	1	18	18.0	0.0178	0.0123	230	17	17	15	15	1
ENSG00000310537		antisense	ENSG00000286014	1	17	17.0	0.0179	0.0154	519	17	17	15	11	1
ENSG00000234614	C2CD4D-AS1	antisense	ENSG00000196407	2	18	17.5	0.0179	0.0151	328	18	18	18	13	0
ENSG00000286433		antisense	ENSG00000117751	1	19	19.0	0.0179	0.014	398	18	18	17	12	5
ENSG00000286463		antisense	ENSG00000109906	1	19	19.0	0.0179	0.0134	248	18	18	18	16	1
ENSG00000303989		antisense	ENSG00000150394	1	19	19.0	0.0179	0.0158	168	19	19	17	17	0
ENSG00000303901		antisense	ENSG00000066427,ENSG00000100815	1	18	18.0	0.0179	0.0166	312	18	18	17	12	1
ENSG00000267277		antisense	ENSG00000173928	1	18	18.0	0.018	0.0134	278	17	16	16	16	1
ENSG00000224032	EPB41L4A-AS1	antisense	ENSG00000129595	1	17	17.0	0.0181	0.0168	530	17	17	17	11	1
ENSG00000284738		antisense	ENSG00000143614,ENSG00000198837	1	19	19.0	0.0181	0.0114	528	19	17	15	13	8
ENSG00000276131		antisense	ENSG00000181938	1	17	17.0	0.0182	0.0134	488	15	15	15	13	7
ENSG00000272192		antisense	ENSG00000205268	1	19	19.0	0.0182	0.0108	448	19	16	14	14	8
ENSG00000273456		antisense	ENSG00000204217	1	17	17.0	0.0182	0.0143	328	17	16	15	12	1
ENSG00000296154		antisense	ENSG00000153774,ENSG00000261717	1	19	19.0	0.0182	0.0185	408	19	19	18	10	5
ENSG00000278156		antisense	ENSG00000102804	1	18	18.0	0.0182	0.0124	220	18	16	15	14	1
ENSG00000231999	LRRC8C-DT	antisense	ENSG00000197147	1	17	17.0	0.0184	0.0179	168	17	17	16	15	0
ENSG00000285833		antisense	ENSG00000204624	1	17	17.0	0.0185	0.0113	288	16	14	14	13	2
ENSG00000267439		antisense	ENSG00000205155,ENSG00000267796	1	19	19.0	0.0185	0.0066	631	17	17	15	14	11
ENSG00000223635	NUP133-DT	antisense	ENSG00000069248	1	18	18.0	0.0187	0.0168	286	18	18	16	13	1
ENSG00000226510		antisense	ENSG00000105668	1	18	18.0	0.0187	0.0173	168	18	18	17	14	0
ENSG00000237149		antisense	ENSG00000165655	1	18	18.0	0.0188	0.0108	466	17	15	14	14	3
ENSG00000289063		antisense	ENSG00000113811	1	19	19.0	0.0188	0.0134	768	17	17	17	13	9
ENSG00000308028		antisense	ENSG00000011422	1	17	17.0	0.0188	0.0109	368	16	14	14	13	7
ENSG00000299086		antisense	ENSG00000109158,ENSG00000170516	1	18	18.0	0.019	0.0119	276	16	16	16	15	2
ENSG00000305969		antisense	ENSG00000128045	1	17	17.0	0.019	0.0149	297	16	16	15	14	1
ENSG00000271989		antisense	ENSG00000175279,ENSG00000251503	1	17	17.0	0.019	0.0148	448	17	17	13	10	1
ENSG00000264985		antisense	ENSG00000069188	2	18	17.5	0.0191	0.0098	469	15	14	14	14	9
ENSG00000272589		antisense	ENSG00000214655	1	19	19.0	0.0191	0.0176	143	19	19	19	14	0
ENSG00000302957		antisense	ENSG00000176971	1	18	18.0	0.0192	0.0154	288	18	18	15	10	1
ENSG00000260122		antisense	ENSG00000196876	1	18	18.0	0.0192	0.0088	408	16	16	15	15	11
ENSG00000237298	TTN-AS1	antisense	ENSG00000155657	1	17	17.0	0.0193	0.0182	168	17	17	17	11	0
ENSG00000299019		antisense	ENSG00000176986,ENSG00000196968	1	19	19.0	0.0193	0.0141	728	17	16	16	13	6
ENSG00000297406		antisense	ENSG00000196369	2	18	17.5	0.0193	0.0132	248	17	16	15	14	0
ENSG00000275457		antisense	ENSG00000088930	1	18	18.0	0.0193	0.0178	328	17	17	17	14	1
ENSG00000230316	FEZF1-AS1	antisense	ENSG00000128610	2	19	19.0	0.0194	0.0125	688	19	16	15	13	9
ENSG00000294199		antisense	ENSG00000108175	1	17	17.0	0.0194	0.0141	318	16	15	14	12	1
ENSG00000271714	FAM169A-AS1	antisense	ENSG00000198780	1	17	17.0	0.0194	0.0167	288	17	15	15	12	2
ENSG00000235527	HIPK1-AS1	antisense	ENSG00000118655,ENSG00000163349	1	19	19.0	0.0195	0.0125	468	19	17	14	13	7
ENSG00000285612		antisense	ENSG00000197555	1	18	18.0	0.0196	0.0174	168	17	17	17	15	0
ENSG00000301695		antisense	ENSG00000138101	1	19	19.0	0.0196	0.013	358	18	16	16	14	6
ENSG00000176753	PAK6-AS1	antisense	ENSG00000137843	1	18	18.0	0.0197	0.0168	488	17	17	16	13	5
ENSG00000253420		antisense	ENSG00000169946	1	19	19.0	0.0197	0.0178	248	19	19	17	13	0
ENSG00000293498		antisense	ENSG00000178814	2	19	18.5	0.0197	0.0169	568	18	17	15	12	6
ENSG00000303230		antisense	ENSG00000182601	1	19	19.0	0.0197	0.0205	174	19	19	18	9	0
ENSG00000307644		antisense	ENSG00000101104,ENSG00000166913	1	19	19.0	0.0198	0.0106	334	17	17	15	14	8
ENSG00000267226		antisense	ENSG00000172175	1	17	17.0	0.0198	0.0179	208	17	17	16	12	0
ENSG00000287299		antisense	ENSG00000196141	1	19	19.0	0.0199	0.0134	335	17	17	15	14	4
ENSG00000289231		antisense	ENSG00000133884,ENSG00000173825	1	18	18.0	0.0199	0.0145	528	17	16	14	13	4
ENSG00000230530	LIMD1-AS1	antisense	ENSG00000144791,ENSG00000211456	1	17	17.0	0.0199	0.0198	345	17	17	17	11	0
ENSG00000308091		antisense	ENSG00000122012	2	19	18.0	0.02	0.0176	168	19	19	18	13	0
ENSG00000287553		antisense	ENSG00000108963	1	19	19.0	0.02	0.0142	288	18	18	17	13	1
ENSG00000294371		antisense	ENSG00000137090	1	18	18.0	0.02	0.0184	269	18	17	17	12	0
ENSG00000288012		antisense	ENSG00000166266	1	18	18.0	0.0201	0.0106	368	17	17	15	12	9
ENSG00000272023		antisense	ENSG00000155329	1	19	19.0	0.0201	0.0169	146	19	18	17	12	0
ENSG00000287089		antisense	ENSG00000096395	1	17	17.0	0.0201	0.0151	368	16	15	14	12	3
ENSG00000299667		antisense	ENSG00000163913	1	17	17.0	0.0201	0.0116	328	15	15	14	13	3
ENSG00000307136		antisense	ENSG00000182504	1	18	18.0	0.0202	0.0161	368	17	17	16	13	1
ENSG00000299092		antisense	ENSG00000172936	1	17	17.0	0.0202	0.0171	488	17	15	14	11	5
ENSG00000277459		antisense	ENSG00000137693	1	17	17.0	0.0203	0.0146	488	16	14	14	12	6
ENSG00000293630		antisense	ENSG00000005073,ENSG00000078399,ENSG00000253293,ENSG00000257184	1	17	17.0	0.0203	0.0099	368	14	14	14	13	10
ENSG00000307301		antisense	ENSG00000007047	1	17	17.0	0.0203	0.0185	155	17	17	15	12	0
ENSG00000177369	FLJ40194	antisense	ENSG00000198740	1	19	19.0	0.0203	0.0191	137	19	19	18	13	0
ENSG00000259583		antisense	ENSG00000154237,ENSG00000184254	2	17	17.0	0.0203	0.0172	484	16	15	15	12	3
ENSG00000224189	HAGLR	antisense	ENSG00000128652	1	18	18.0	0.0204	0.0072	568	15	14	13	12	10
ENSG00000307307		antisense	ENSG00000133226	1	17	17.0	0.0204	0.0179	166	17	17	15	11	0
ENSG00000275719		antisense	ENSG00000105281	1	17	17.0	0.0204	0.0122	488	15	15	15	12	2
ENSG00000271380	PYGO2-AS1	antisense	ENSG00000160691,ENSG00000163348	1	18	18.0	0.0205	0.0176	328	17	17	17	11	1
ENSG00000277954		antisense	ENSG00000186153	1	17	17.0	0.0205	0.0144	208	15	15	14	13	0
ENSG00000285587		antisense	ENSG00000151892	1	17	17.0	0.0205	0.0111	395	15	15	15	15	5
ENSG00000297096		antisense	ENSG00000155897	1	18	18.0	0.0206	0.0092	259	16	14	14	14	11
ENSG00000266441		antisense	ENSG00000088756	1	18	18.0	0.0207	0.0167	193	17	17	16	12	0
ENSG00000229533		antisense	ENSG00000146618	1	19	19.0	0.0207	0.014	248	17	17	16	16	1
ENSG00000302966		antisense	ENSG00000177628	1	18	18.0	0.0207	0.0114	234	16	16	16	16	2
ENSG00000308685		antisense	ENSG00000187772	1	17	17.0	0.0207	0.0186	162	17	17	15	10	0
ENSG00000295934		antisense	ENSG00000135249	1	18	18.0	0.0208	0.0175	253	18	17	17	11	1
ENSG00000309953		antisense	ENSG00000104320	1	18	18.0	0.0208	0.014	368	17	17	16	13	1
ENSG00000288856		antisense	ENSG00000183337	1	18	18.0	0.0208	0.0096	528	15	14	14	12	10
ENSG00000261513		antisense	ENSG00000040199	1	18	18.0	0.0208	0.0114	426	16	15	15	12	7
ENSG00000230408	BZW1-AS1	antisense	ENSG00000082153	1	18	18.0	0.0208	0.0186	323	18	17	16	10	2
ENSG00000294778		antisense	ENSG00000165046	1	19	19.0	0.0209	0.0135	448	18	17	15	12	3
ENSG00000288929		antisense	ENSG00000132510	1	17	17.0	0.0209	0.01	408	15	15	14	12	10
ENSG00000230729		antisense	ENSG00000168913	1	18	18.0	0.021	0.0176	137	18	18	15	12	0
ENSG00000249085		antisense	ENSG00000083312	1	18	18.0	0.021	0.0203	356	18	17	16	9	1
ENSG00000271991	TTC32-DT	antisense	ENSG00000183891	1	18	18.0	0.0211	0.009	968	16	15	15	13	10
ENSG00000288751		antisense	ENSG00000204227	1	19	19.0	0.0211	0.0109	328	17	16	16	15	9
ENSG00000246560		antisense	ENSG00000109332	1	18	18.0	0.0211	0.014	274	16	15	15	14	1
ENSG00000286974		antisense	ENSG00000168477	1	18	18.0	0.0211	0.0206	128	18	18	17	8	0
ENSG00000222020	HDAC4-AS1	antisense	ENSG00000068024	1	18	18.0	0.0212	0.0171	219	18	18	14	13	0
ENSG00000287061		antisense	ENSG00000197299	1	17	17.0	0.0212	0.0195	248	17	16	15	9	1
ENSG00000259285		antisense	ENSG00000128918	1	17	17.0	0.0212	0.009	438	15	15	13	13	10
ENSG00000308298		antisense	ENSG00000083067,ENSG00000119138	1	18	18.0	0.0213	0.0195	208	18	18	15	10	0
ENSG00000284839		antisense	ENSG00000154678	1	18	18.0	0.0213	0.019	328	17	17	16	10	0
ENSG00000297808		antisense	ENSG00000184349	1	18	18.0	0.0213	0.0139	288	16	16	16	13	5
ENSG00000232860	SMG7-AS1	antisense	ENSG00000116698	1	18	18.0	0.0213	0.0105	506	16	15	13	12	8
ENSG00000302261		antisense	ENSG00000132646	1	19	19.0	0.0214	0.0169	568	18	17	13	13	2
ENSG00000232377	GTDC1-AS1	antisense	ENSG00000121964	1	17	17.0	0.0214	0.0172	448	16	16	15	11	2
ENSG00000224066	IQCC-AS1	antisense	ENSG00000160050,ENSG00000160051	1	17	17.0	0.0214	0.0158	448	17	14	12	11	2
ENSG00000286447		antisense	ENSG00000080224	1	18	18.0	0.0214	0.0131	238	16	16	15	13	0
ENSG00000253320	MAILR	antisense	ENSG00000155096	1	19	19.0	0.0215	0.0199	273	19	18	16	10	1
ENSG00000293923		antisense	ENSG00000136848	1	17	17.0	0.0216	0.0167	198	16	16	15	11	0
ENSG00000241313		antisense	ENSG00000018408	1	18	18.0	0.0216	0.017	179	17	16	16	12	0
ENSG00000294902		antisense	ENSG00000112182	1	18	18.0	0.0216	0.021	248	18	18	16	8	1
ENSG00000305737		antisense	ENSG00000179950,ENSG00000185189	1	19	19.0	0.0217	0.017	244	18	17	16	13	0
ENSG00000258920		antisense	ENSG00000053254	1	19	19.0	0.0217	0.0117	363	17	17	12	12	9
ENSG00000236107	SCN1A-AS1	antisense	ENSG00000144285,ENSG00000169432	1	17	17.0	0.0217	0.0163	169	16	16	16	13	0
ENSG00000257599	OVCH1-AS1	antisense	ENSG00000187950	1	17	17.0	0.0217	0.0141	368	16	16	14	12	1
ENSG00000234892		antisense	ENSG00000159307	1	19	19.0	0.0217	0.0177	248	18	18	15	15	1
ENSG00000301358		antisense	ENSG00000087095	1	18	18.0	0.0218	0.0204	168	18	18	16	8	0
ENSG00000277283	RAB35-AS1	antisense	ENSG00000111737	1	18	18.0	0.0218	0.0127	448	17	16	14	11	1
ENSG00000224505	HEXIM2-AS1	antisense	ENSG00000168517,ENSG00000186834	1	18	18.0	0.0218	0.0171	528	17	17	15	10	1
ENSG00000289979		antisense	ENSG00000092330	1	19	19.0	0.0218	0.0149	408	18	16	14	13	1
ENSG00000234203		antisense	ENSG00000108509	1	17	17.0	0.0218	0.0213	168	17	17	17	7	0
ENSG00000253806		antisense	ENSG00000130193	1	18	18.0	0.0219	0.0202	164	18	17	16	7	0
ENSG00000306708		antisense	ENSG00000137825	1	18	18.0	0.0219	0.0202	123	18	18	17	8	0
ENSG00000267365	KCNJ2-AS1	antisense	ENSG00000123700	1	18	18.0	0.0219	0.0136	568	16	16	14	13	5
ENSG00000227659		antisense	ENSG00000125246	1	17	17.0	0.0219	0.0202	172	17	16	16	8	0
ENSG00000265142	MIR133A1HG	antisense	ENSG00000101752	1	17	17.0	0.022	0.0216	208	17	17	16	6	0
ENSG00000285608		antisense	ENSG00000100852	1	17	17.0	0.022	0.0194	208	17	16	15	9	0
ENSG00000267580		antisense	ENSG00000245848	1	17	17.0	0.0221	0.0133	248	15	15	15	13	1
ENSG00000287009		antisense	ENSG00000177853	1	19	19.0	0.0221	0.0117	608	17	17	13	11	7
ENSG00000226812	R3HDML-AS1	antisense	ENSG00000101074	1	17	17.0	0.0221	0.0183	230	16	16	14	11	0
ENSG00000245937	SLC12A2-DT	antisense	ENSG00000230561	1	18	18.0	0.0221	0.019	280	17	17	15	12	1
ENSG00000310136		antisense	ENSG00000133812	1	17	17.0	0.0221	0.0098	368	15	12	12	12	9
ENSG00000289018		antisense	ENSG00000187514	1	17	17.0	0.0222	0.0141	555	16	15	12	11	2
ENSG00000288271		antisense	ENSG00000127081	1	17	17.0	0.0222	0.021	170	16	16	16	6	0
ENSG00000303305		antisense	ENSG00000115507	1	17	17.0	0.0222	0.0223	147	17	17	17	4	0
ENSG00000260806		antisense	ENSG00000090060	1	19	19.0	0.0223	0.0176	608	19	17	13	10	1
ENSG00000306880		antisense	ENSG00000122691	1	17	17.0	0.0224	0.0141	568	14	14	13	12	5
ENSG00000304102		antisense	ENSG00000164972	1	19	19.0	0.0225	0.0195	208	19	18	16	10	0
ENSG00000304244		antisense	ENSG00000158711	1	17	17.0	0.0225	0.0193	488	16	15	15	9	1
ENSG00000307066		antisense	ENSG00000132510	1	18	18.0	0.0225	0.0167	288	16	15	14	10	1
ENSG00000286575		antisense	ENSG00000148842,ENSG00000214435,ENSG00000270316	1	17	17.0	0.0225	0.0263	648	16	16	14	8	2
ENSG00000204044	SLC12A5-AS1	antisense	ENSG00000100985,ENSG00000124140	1	19	19.0	0.0226	0.0128	288	16	15	15	14	1
ENSG00000305541		antisense	ENSG00000143398	1	19	19.0	0.0226	0.0179	488	16	16	15	12	7
ENSG00000240990	HOXA11-AS	antisense	ENSG00000005073	3	19	18.33	0.0226	0.01	368	14	14	14	13	9
ENSG00000253445		antisense	ENSG00000214357	1	19	19.0	0.0226	0.0186	285	17	17	16	11	1
ENSG00000268093		antisense	ENSG00000063176	1	18	18.0	0.0226	0.0174	407	17	15	13	9	5
ENSG00000303897		antisense	ENSG00000145715	1	17	17.0	0.0227	0.0178	528	16	15	14	11	3
ENSG00000287967		antisense	ENSG00000184076	1	17	17.0	0.0227	0.0211	248	17	16	14	7	0
ENSG00000261054	SYNM-AS2	antisense	ENSG00000182253	2	18	17.5	0.0227	0.018	408	17	16	13	11	0
ENSG00000309494		antisense	ENSG00000144642	1	17	17.0	0.0227	0.0227	325	16	16	13	7	3
ENSG00000287642		antisense	ENSG00000137460	1	19	19.0	0.0227	0.0172	685	17	17	14	11	2
ENSG00000297403		antisense	ENSG00000107807	1	17	17.0	0.0227	0.0208	128	17	17	15	2	0
ENSG00000298520		antisense	ENSG00000115241	1	18	18.0	0.0227	0.0161	248	16	15	14	13	0
ENSG00000244184	PELP1-DT	antisense	ENSG00000141456	1	19	19.0	0.0228	0.0201	236	19	18	16	9	0
ENSG00000254452		antisense	ENSG00000174903	1	19	19.0	0.0228	0.0163	185	18	16	16	14	0
ENSG00000235078		antisense	ENSG00000182551	1	17	17.0	0.0229	0.0218	602	17	16	13	8	1
ENSG00000241158		antisense	ENSG00000163638	1	19	19.0	0.0229	0.0208	208	19	19	16	9	0
ENSG00000302013		antisense	ENSG00000183117	1	19	19.0	0.0229	0.0173	328	17	17	16	13	1
ENSG00000269893	SNHG8	antisense	ENSG00000164099	1	19	19.0	0.0229	0.0124	575	16	16	13	12	4
ENSG00000293484	TEX14BP	antisense	ENSG00000004777	1	19	19.0	0.0229	0.0131	791	17	16	14	11	6
ENSG00000286320		antisense	ENSG00000196782	1	17	17.0	0.0229	0.0194	774	16	16	12	9	5
ENSG00000234076	TPRG1-AS1	antisense	ENSG00000188001	1	17	17.0	0.023	0.0119	393	15	15	15	12	1
ENSG00000207955		antisense	ENSG00000167118	1	19	19.0	0.023	0.0053	728	15	15	14	13	11
ENSG00000294616		antisense	ENSG00000105376	1	19	19.0	0.0232	0.0108	408	16	14	13	13	9
ENSG00000287921		antisense	ENSG00000183780	1	19	19.0	0.0232	0.0152	347	17	16	16	15	1
ENSG00000267223		antisense	ENSG00000198597	1	19	19.0	0.0233	0.0204	168	19	18	14	9	0
ENSG00000307107		antisense	ENSG00000169554	1	19	19.0	0.0233	0.0218	208	19	18	16	8	0
ENSG00000235189		antisense	ENSG00000156697	1	18	18.0	0.0233	0.0125	331	15	15	14	11	4
ENSG00000248719		antisense	ENSG00000152784	1	17	17.0	0.0233	0.0205	168	16	15	14	8	0
ENSG00000254369	HOXA-AS3	antisense	ENSG00000105997,ENSG00000106004,ENSG00000106006,ENSG00000197576	1	17	17.0	0.0233	0.0159	168	16	16	15	12	0
ENSG00000289924		antisense	ENSG00000164251	1	17	17.0	0.0234	0.0139	728	15	15	13	11	5
ENSG00000235300	SKAP1-AS2	antisense	ENSG00000141293	1	17	17.0	0.0234	0.0203	128	16	16	16	7	0
ENSG00000304134		antisense	ENSG00000162782	1	18	18.0	0.0235	0.0222	221	18	18	15	7	0
ENSG00000267760		antisense	ENSG00000198597	1	17	17.0	0.0235	0.0169	278	15	15	15	11	0
ENSG00000286444		antisense	ENSG00000101474	1	18	18.0	0.0235	0.0241	568	18	18	15	6	1
ENSG00000231691		antisense	ENSG00000143850	1	19	19.0	0.0235	0.02	363	17	17	16	10	1
ENSG00000214248		antisense	ENSG00000076984,ENSG00000171017	1	18	18.0	0.0236	0.0163	568	16	16	13	10	2
ENSG00000249637	ANKHD1-DT	antisense	ENSG00000113073	1	19	19.0	0.0237	0.0158	282	18	16	13	13	0
ENSG00000257913	DDN-AS1	antisense	ENSG00000167548,ENSG00000181418,ENSG00000181929	1	18	18.0	0.0238	0.0146	488	16	14	12	11	7
ENSG00000228417		antisense	ENSG00000119950	1	19	19.0	0.0238	0.0187	163	18	17	17	12	0
ENSG00000273082		antisense	ENSG00000133424	2	18	17.5	0.0238	0.0152	255	17	16	12	11	1
ENSG00000231871	IPO9-AS1	antisense	ENSG00000134369,ENSG00000198700	1	19	19.0	0.0238	0.0208	128	18	18	18	9	0
ENSG00000224020		antisense	ENSG00000148200	1	17	17.0	0.0239	0.016	262	16	13	13	10	5
ENSG00000285632		antisense	ENSG00000085788,ENSG00000156735	1	19	19.0	0.0239	0.0181	208	18	17	14	11	0
ENSG00000250467		antisense	ENSG00000109132	1	19	19.0	0.0239	0.0192	128	19	16	15	13	0
ENSG00000295295		antisense	ENSG00000139874	2	18	17.5	0.0239	0.02	328	16	15	15	9	1
ENSG00000233006	MIR3936HG	antisense	ENSG00000197208,ENSG00000197375	1	17	17.0	0.024	0.0159	568	15	14	14	12	4
ENSG00000305058		antisense	ENSG00000132639	1	19	19.0	0.024	0.0221	768	19	18	13	7	2
ENSG00000228084		antisense	ENSG00000117620	1	19	19.0	0.0241	0.0212	230	19	18	15	9	0
ENSG00000296265		antisense	ENSG00000096401	1	18	18.0	0.0241	0.0148	248	15	15	15	14	0
ENSG00000307784		antisense	ENSG00000154229	1	17	17.0	0.0241	0.0188	368	16	16	11	9	1
ENSG00000268218		antisense	ENSG00000167522	1	18	18.0	0.0241	0.0169	448	16	14	12	12	1
ENSG00000305954		antisense	ENSG00000204070	1	17	17.0	0.0242	0.0152	368	16	12	12	10	6
ENSG00000259589		antisense	ENSG00000103657	1	17	17.0	0.0242	0.0201	161	16	16	16	8	0
ENSG00000237594		antisense	ENSG00000156299	1	19	19.0	0.0242	0.0181	191	16	16	16	15	0
ENSG00000309767		antisense	ENSG00000165156,ENSG00000259305	1	19	19.0	0.0243	0.0167	208	17	17	17	14	0
ENSG00000226252		antisense	ENSG00000162367	1	17	17.0	0.0243	0.0165	328	15	14	13	10	1
ENSG00000300536		antisense	ENSG00000143315,ENSG00000177807	1	19	19.0	0.0243	0.015	603	16	16	12	12	5
ENSG00000261790		antisense	ENSG00000127554,ENSG00000127561	1	18	18.0	0.0243	0.014	408	16	14	13	12	5
ENSG00000256092	SBNO1-AS1	antisense	ENSG00000139697	1	17	17.0	0.0244	0.0161	608	14	14	14	13	5
ENSG00000289890		antisense	ENSG00000078061	1	18	18.0	0.0244	0.0136	197	17	13	13	13	0
ENSG00000293799		antisense	ENSG00000148481	1	19	19.0	0.0245	0.0174	168	17	17	17	12	0
ENSG00000273249		antisense	ENSG00000196363	1	17	17.0	0.0246	0.0236	449	16	16	15	3	1
ENSG00000232907	DLGAP4-AS1	antisense	ENSG00000080845,ENSG00000101335	1	19	19.0	0.0246	0.0152	394	16	15	13	12	1
ENSG00000251151	HOXC-AS3	antisense	ENSG00000180818,ENSG00000273049	1	18	18.0	0.0246	0.0243	120	18	18	17	0	0
ENSG00000255717	SNHG1	antisense	ENSG00000168003	1	18	18.0	0.0246	0.0133	648	14	13	13	13	2
ENSG00000291081		antisense	ENSG00000251287	1	17	17.0	0.0248	0.0232	135	17	16	15	1	0
ENSG00000246982	BRPF3-AS1	antisense	ENSG00000096070,ENSG00000112062,ENSG00000156711	1	19	19.0	0.0248	0.0211	131	18	18	15	7	0
ENSG00000272729		antisense	ENSG00000128652	1	19	19.0	0.0248	0.012	408	16	16	13	13	7
ENSG00000228035	NGF-AS1	antisense	ENSG00000134259	1	18	18.0	0.0248	0.0204	308	16	16	15	8	0
ENSG00000246777	DYNC1LI2-DT	antisense	ENSG00000249961	1	18	18.0	0.0248	0.0206	208	17	15	13	8	0
ENSG00000228506	PNISR-AS1	antisense	ENSG00000123552,ENSG00000132424	1	17	17.0	0.0249	0.0193	208	16	14	14	9	0
ENSG00000293678		antisense	ENSG00000177119	1	18	18.0	0.025	0.0182	488	15	15	11	10	6
ENSG00000261898		antisense	ENSG00000161920	1	18	18.0	0.025	0.0196	299	17	14	13	9	0
ENSG00000301772		antisense	ENSG00000185313	1	18	18.0	0.025	0.0226	208	18	17	13	7	0
ENSG00000255224		antisense	ENSG00000178896	1	17	17.0	0.025	0.0175	808	14	13	11	10	4
ENSG00000227487		antisense	ENSG00000149294	1	18	18.0	0.0251	0.0194	128	15	15	15	11	0
ENSG00000272894	MIOS-DT	antisense	ENSG00000164654	1	17	17.0	0.0251	0.0227	208	16	16	14	2	0
ENSG00000267757	EML2-AS1	antisense	ENSG00000125746	1	17	17.0	0.0251	0.015	248	14	14	14	13	1
ENSG00000295820		antisense	ENSG00000257411	1	17	17.0	0.0252	0.0147	288	16	15	11	11	1
ENSG00000264448		antisense	ENSG00000164951	1	17	17.0	0.0252	0.0178	528	16	14	11	9	3
ENSG00000308139		antisense	ENSG00000290217	1	17	17.0	0.0252	0.0122	328	15	15	14	11	2
ENSG00000265313	LINC01476	antisense	ENSG00000175155	1	18	18.0	0.0253	0.0168	208	16	15	11	11	0
ENSG00000263004	AKAP1-DT	antisense	ENSG00000121057	1	17	17.0	0.0253	0.0223	192	16	16	15	4	0
ENSG00000255234	CCDC90B-AS1	antisense	ENSG00000137500	1	17	17.0	0.0253	0.0142	380	15	14	12	11	1
ENSG00000297244		antisense	ENSG00000116580	1	17	17.0	0.0254	0.0246	136	17	17	14	1	0
ENSG00000188693	CYP51A1-AS1	antisense	ENSG00000001630,ENSG00000240720,ENSG00000285772,ENSG00000285953,ENSG00000289027	1	17	17.0	0.0254	0.0191	328	16	14	13	9	1
ENSG00000237773		antisense	ENSG00000106546	1	19	19.0	0.0254	0.0207	184	19	17	13	8	0
ENSG00000295516		antisense	ENSG00000151422	1	18	18.0	0.0254	0.0218	328	17	15	11	8	1
ENSG00000266036	SLC9A3R1-AS1	antisense	ENSG00000109062,ENSG00000172794	1	17	17.0	0.0255	0.0186	223	16	13	12	11	0
ENSG00000257303	CNPY2-AS1	antisense	ENSG00000062485,ENSG00000135473,ENSG00000144785,ENSG00000257727	1	17	17.0	0.0255	0.0156	488	14	14	12	11	1
ENSG00000298665		antisense	ENSG00000100083	1	19	19.0	0.0255	0.0232	166	18	17	16	6	0
ENSG00000234775	ADORA1-AS2	antisense	ENSG00000163485	1	17	17.0	0.0256	0.0209	368	16	15	12	8	2
ENSG00000295822		antisense	ENSG00000167014	1	19	19.0	0.0256	0.0196	368	16	16	16	10	1
ENSG00000286067		antisense	ENSG00000089159	1	18	18.0	0.0256	0.0226	128	18	17	13	2	0
ENSG00000272008		antisense	ENSG00000188994	1	19	19.0	0.0256	0.0104	808	16	15	15	13	9
ENSG00000237737	DCTN1-AS1	antisense	ENSG00000204843	1	17	17.0	0.0256	0.0222	388	16	16	13	5	1
ENSG00000285728		antisense	ENSG00000171960,ENSG00000186409	1	18	18.0	0.0256	0.0149	448	16	13	13	10	4
ENSG00000307098		antisense	ENSG00000173898	1	19	19.0	0.0256	0.0196	266	17	15	14	10	1
ENSG00000258425		antisense	ENSG00000119681	1	17	17.0	0.0257	0.0188	153	16	15	15	10	0
ENSG00000177640	CASC2	antisense	ENSG00000107560	1	18	18.0	0.0257	0.0158	240	16	16	14	11	1
ENSG00000299992		antisense	ENSG00000037749	1	19	19.0	0.0258	0.0201	328	17	15	14	9	1
ENSG00000275454		antisense	ENSG00000177971	1	18	18.0	0.0258	0.0164	608	15	15	14	12	4
ENSG00000289285		antisense	ENSG00000136950	1	19	19.0	0.0258	0.0258	368	19	16	13	8	1
ENSG00000237938		antisense	ENSG00000116786,ENSG00000162461	1	18	18.0	0.0258	0.019	269	17	16	13	11	0
ENSG00000301541		antisense	ENSG00000143553	1	18	18.0	0.0258	0.0207	208	17	17	15	8	0
ENSG00000289311		antisense	ENSG00000122970,ENSG00000174437	1	19	19.0	0.0258	0.0194	287	18	17	16	10	1
ENSG00000302197		antisense	ENSG00000168056	1	18	18.0	0.0258	0.0153	171	15	14	14	14	0
ENSG00000256034		antisense	ENSG00000175582	1	19	19.0	0.0258	0.0213	160	18	15	15	7	0
ENSG00000225235	INTS6L-AS1	antisense	ENSG00000165359	1	17	17.0	0.026	0.0195	193	15	14	14	11	0
ENSG00000255467		antisense	ENSG00000075239,ENSG00000166266	1	17	17.0	0.026	0.0216	288	16	15	13	6	0
ENSG00000305264		antisense	ENSG00000136099	1	17	17.0	0.0261	0.0222	153	16	16	12	3	0
ENSG00000287088		antisense	ENSG00000175894	1	17	17.0	0.0261	0.022	488	16	15	11	8	1
ENSG00000255114	HYOU1-AS1	antisense	ENSG00000149428	1	18	18.0	0.0261	0.0204	288	17	16	13	8	1
ENSG00000293468		antisense	ENSG00000107669	1	18	18.0	0.0261	0.0235	208	18	15	12	7	0
ENSG00000285881		antisense	ENSG00000168487	1	18	18.0	0.0263	0.021	472	16	14	12	8	1
ENSG00000255390	DCHS1-AS1	antisense	ENSG00000166341	1	17	17.0	0.0263	0.0202	163	16	14	11	8	0
ENSG00000287045		antisense	ENSG00000120756	1	18	18.0	0.0264	0.0196	589	15	15	13	9	4
ENSG00000257002	CHRM1-AS1	antisense	ENSG00000168539	1	19	19.0	0.0264	0.0216	128	18	18	16	7	0
ENSG00000272944		antisense	ENSG00000116106	1	17	17.0	0.0265	0.0184	688	15	15	14	9	1
ENSG00000272677	HNRNPD-DT	antisense	ENSG00000138668	1	17	17.0	0.0265	0.0235	288	17	16	11	5	1
ENSG00000234678	ELF3-AS1	antisense	ENSG00000163435,ENSG00000176393	1	19	19.0	0.0266	0.0177	216	16	16	15	11	0
ENSG00000298609		antisense	ENSG00000167074	1	19	19.0	0.0266	0.0177	328	16	15	14	11	1
ENSG00000272374	SCUBE3-AS1	antisense	ENSG00000146197	1	18	18.0	0.0267	0.0142	448	14	13	10	10	6
ENSG00000258377		antisense	ENSG00000168282	1	19	19.0	0.0267	0.0227	220	18	17	13	5	0
ENSG00000272817		antisense	ENSG00000174721	1	18	18.0	0.0268	0.0229	209	17	15	12	6	0
ENSG00000258057	BCDIN3D-AS1	antisense	ENSG00000167566,ENSG00000186666	1	18	18.0	0.0268	0.0214	168	16	16	15	8	0
ENSG00000300501		antisense	ENSG00000079335	1	19	19.0	0.0268	0.0193	208	18	18	13	10	0
ENSG00000286618		antisense	ENSG00000118762,ENSG00000118785	1	18	18.0	0.0268	0.0207	248	17	15	13	9	0
ENSG00000270362	HMGN3-AS1	antisense	ENSG00000118418	1	17	17.0	0.0268	0.0203	208	15	15	11	7	0
ENSG00000293886		antisense	ENSG00000136848	1	18	18.0	0.0269	0.0198	134	15	15	15	11	0
ENSG00000259238		antisense	ENSG00000140299	1	19	19.0	0.0269	0.0183	248	17	15	15	10	0
ENSG00000288063		antisense	ENSG00000164080,ENSG00000164081	1	19	19.0	0.0269	0.021	223	17	15	13	8	0
ENSG00000286028	MIR34BHG	antisense	ENSG00000137707	1	17	17.0	0.0269	0.0193	288	15	15	15	10	0
ENSG00000297520		antisense	ENSG00000198216	1	18	18.0	0.027	0.0162	408	15	14	12	10	2
ENSG00000237380	HOXD-AS2	antisense	ENSG00000128652,ENSG00000128709,ENSG00000175879	1	19	19.0	0.0271	0.0116	282	15	15	15	15	1
ENSG00000271776		antisense	ENSG00000152192	1	18	18.0	0.0271	0.0161	368	16	15	12	11	1
ENSG00000272631		antisense	ENSG00000107779,ENSG00000122367	1	19	19.0	0.0271	0.0217	442	17	16	15	8	1
ENSG00000297816		antisense	ENSG00000108684	1	17	17.0	0.0272	0.0238	248	16	14	10	7	0
ENSG00000288823		antisense	ENSG00000176986,ENSG00000196968	2	18	18.0	0.0272	0.0256	248	17	17	13	6	0
ENSG00000260394	STUB1-DT	antisense	ENSG00000103266	1	17	17.0	0.0272	0.0203	528	15	12	10	8	2
ENSG00000246662	CIBAR1-DT	antisense	ENSG00000188343	2	18	17.5	0.0273	0.028	312	18	18	11	3	1
ENSG00000186594	MIR22HG	antisense	ENSG00000167716	1	19	19.0	0.0273	0.0271	143	19	19	14	0	0
ENSG00000272844		antisense	ENSG00000163607	1	17	17.0	0.0273	0.0243	288	16	15	11	3	1
ENSG00000298550		antisense	ENSG00000047662,ENSG00000163257	1	18	18.0	0.0274	0.0168	248	15	15	13	11	1
ENSG00000303542		antisense	ENSG00000111344	1	17	17.0	0.0274	0.018	236	14	14	11	10	1
ENSG00000279088		antisense	ENSG00000176986	1	18	18.0	0.0274	0.0262	186	17	17	12	6	0
ENSG00000299163		antisense	ENSG00000189266	1	18	18.0	0.0275	0.0251	412	17	14	13	6	2
ENSG00000302777		antisense	ENSG00000166148	1	17	17.0	0.0276	0.025	248	16	16	11	1	1
ENSG00000253187	HOXA10-AS	antisense	ENSG00000078399,ENSG00000253293,ENSG00000257184	1	18	18.0	0.0276	0.0202	368	15	14	14	9	1
ENSG00000285454		antisense	ENSG00000188848	1	19	19.0	0.0277	0.0221	296	17	15	13	8	1
ENSG00000295262		antisense	ENSG00000066117,ENSG00000167588,ENSG00000178449	1	18	18.0	0.0278	0.0164	728	15	14	11	11	5
ENSG00000233642		antisense	ENSG00000151025	1	17	17.0	0.0278	0.0191	576	15	12	12	9	4
ENSG00000293512	BTNL12P	antisense	ENSG00000163430	1	17	17.0	0.0278	0.0266	141	17	16	11	0	0
ENSG00000224165	DNAJC27-AS1	antisense	ENSG00000115137	1	17	17.0	0.0279	0.0188	211	14	13	13	9	0
ENSG00000290074		antisense	ENSG00000143384,ENSG00000143420	1	19	19.0	0.0279	0.02	168	18	16	13	10	0
ENSG00000309910		antisense	ENSG00000073921	1	19	19.0	0.028	0.0237	140	18	18	15	1	0
ENSG00000302058		antisense	ENSG00000065621,ENSG00000148834	1	18	18.0	0.0282	0.0184	348	16	14	12	10	1
ENSG00000285649		antisense	ENSG00000117410,ENSG00000132768	1	17	17.0	0.0282	0.0182	267	14	13	13	10	0
ENSG00000309675		antisense	ENSG00000139112	1	19	19.0	0.0282	0.021	368	17	16	14	9	1
ENSG00000269275		antisense	ENSG00000160472	1	18	18.0	0.0283	0.0231	288	18	13	11	7	0
ENSG00000272195	EFCAB2-AS1	antisense	ENSG00000203666	1	17	17.0	0.0283	0.0215	218	15	14	13	8	0
ENSG00000268584		antisense	ENSG00000166348	1	17	17.0	0.0283	0.0203	248	15	15	11	8	0
ENSG00000260367		antisense	ENSG00000169682	1	19	19.0	0.0284	0.0146	368	15	14	13	12	1
ENSG00000228835		antisense	ENSG00000197705	1	19	19.0	0.0284	0.0218	155	18	15	14	9	0
ENSG00000236643		antisense	ENSG00000148200	1	19	19.0	0.0285	0.0167	207	16	16	16	13	0
ENSG00000224149	LHX8-AS1	antisense	ENSG00000162624	1	17	17.0	0.0286	0.0196	328	14	13	12	9	1
ENSG00000273061	CDC37L1-DT	antisense	ENSG00000106993	1	19	19.0	0.0286	0.0257	178	18	16	13	1	0
ENSG00000269583		antisense	ENSG00000073050,ENSG00000268361	1	18	18.0	0.0286	0.0244	162	18	15	13	1	0
ENSG00000272288	ILRUN-AS1	antisense	ENSG00000196821	1	18	18.0	0.0286	0.0195	128	16	16	15	10	0
ENSG00000258944		antisense	ENSG00000100767	1	18	18.0	0.0286	0.0276	128	17	17	13	0	0
ENSG00000285908		antisense	ENSG00000144867	1	18	18.0	0.0288	0.021	328	15	15	15	9	1
ENSG00000306939		antisense	ENSG00000205336	1	19	19.0	0.0288	0.0217	133	18	14	13	7	0
ENSG00000294647		antisense	ENSG00000129933,ENSG00000167491	1	17	17.0	0.0288	0.0267	128	17	17	12	0	0
ENSG00000267387		antisense	ENSG00000130813	1	18	18.0	0.0288	0.0202	608	16	14	12	9	0
ENSG00000303595		antisense	ENSG00000149823	1	17	17.0	0.0289	0.0213	488	14	11	10	8	1
ENSG00000250107	CACNA1G-AS1	antisense	ENSG00000006283	1	17	17.0	0.0289	0.0251	328	15	14	12	6	1
ENSG00000291132	MTMR9LP	antisense	ENSG00000084623	1	18	18.0	0.0289	0.0166	221	14	14	14	12	0
ENSG00000293621	UVRAG-DT	antisense	ENSG00000062282	1	17	17.0	0.029	0.0281	196	16	16	12	3	0
ENSG00000296693		antisense	ENSG00000165637	1	17	17.0	0.029	0.0255	248	15	14	13	6	0
ENSG00000254733		antisense	ENSG00000151376	1	19	19.0	0.029	0.0243	224	19	17	12	0	0
ENSG00000254041		antisense	ENSG00000169946	1	18	18.0	0.029	0.0189	168	16	16	12	10	0
ENSG00000229407		antisense	ENSG00000143340	1	17	17.0	0.029	0.0189	300	14	13	13	10	0
ENSG00000303343		antisense	ENSG00000105810	1	19	19.0	0.0291	0.0164	300	14	13	13	10	2
ENSG00000265008		antisense	ENSG00000134758	1	17	17.0	0.0291	0.0248	200	17	14	10	5	0
ENSG00000272768		antisense	ENSG00000146676	1	18	18.0	0.0291	0.0254	528	16	14	14	4	1
ENSG00000275202		antisense	ENSG00000102531	1	19	19.0	0.0291	0.0224	248	16	15	12	4	1
ENSG00000231607	DLEU2	antisense	ENSG00000198553,ENSG00000204977	1	19	19.0	0.0292	0.024	140	17	15	12	8	0
ENSG00000299309		antisense	ENSG00000116774	1	17	17.0	0.0292	0.0207	208	14	13	12	8	0
ENSG00000238169		antisense	ENSG00000165566	1	17	17.0	0.0292	0.016	568	13	12	10	9	2
ENSG00000255198	SNHG9	antisense	ENSG00000140988	1	18	18.0	0.0292	0.0239	364	16	15	12	4	0
ENSG00000297150		antisense	ENSG00000106077	1	18	18.0	0.0292	0.0105	514	13	13	13	11	9
ENSG00000270823		antisense	ENSG00000106484	1	18	18.0	0.0292	0.02	248	14	13	13	9	1
ENSG00000290738	URAHP	antisense	ENSG00000141013	1	18	18.0	0.0292	0.0288	342	18	16	10	2	1
ENSG00000229124		antisense	ENSG00000026025	1	17	17.0	0.0293	0.0246	128	15	15	14	5	0
ENSG00000288818		antisense	ENSG00000023287	1	19	19.0	0.0293	0.0298	368	19	15	10	6	1
ENSG00000305704		antisense	ENSG00000234602	1	19	19.0	0.0294	0.0179	248	16	15	14	10	1
ENSG00000270607	LEISA1	antisense	ENSG00000166833	1	18	18.0	0.0294	0.0161	648	13	12	12	11	1
ENSG00000298321		antisense	ENSG00000164975	1	17	17.0	0.0294	0.0202	528	15	14	12	8	1
ENSG00000294667		antisense	ENSG00000132005	1	19	19.0	0.0294	0.024	219	18	15	11	6	0
ENSG00000268812	LIF-AS2	antisense	ENSG00000128342	1	18	18.0	0.0294	0.0178	288	14	13	11	10	1
ENSG00000295111		antisense	ENSG00000152382	1	17	17.0	0.0295	0.0257	440	15	12	9	7	2
ENSG00000306162		antisense	ENSG00000131748,ENSG00000131771	1	18	18.0	0.0295	0.0234	248	15	15	14	7	0
ENSG00000310351		antisense	ENSG00000108349,ENSG00000188895	1	19	19.0	0.0296	0.0266	153	17	14	11	6	0
ENSG00000256262	USP30-AS1	antisense	ENSG00000135093	1	17	17.0	0.0296	0.0264	328	15	12	9	7	1
ENSG00000310037		antisense	ENSG00000186951	1	17	17.0	0.0296	0.0243	277	14	13	12	6	1
ENSG00000235831	BHLHE40-AS1	antisense	ENSG00000134107	1	18	18.0	0.0297	0.0203	248	14	11	10	9	0
ENSG00000258017	TUBA1B-AS1	antisense	ENSG00000123416,ENSG00000167552	1	19	19.0	0.0297	0.0276	153	18	16	12	1	0
ENSG00000307989		antisense	ENSG00000126247	1	19	19.0	0.0297	0.0231	488	18	13	11	6	1
ENSG00000257935	LHX5-AS1	antisense	ENSG00000089116	1	17	17.0	0.0297	0.0192	175	14	13	13	10	0
ENSG00000278058		antisense	ENSG00000178573	1	18	18.0	0.0298	0.0262	488	16	15	11	7	1
ENSG00000268403	ZNF143-AS1	antisense	ENSG00000166478	1	18	18.0	0.0299	0.0106	808	14	13	12	10	9
ENSG00000235927	NEXN-AS1	antisense	ENSG00000162614	1	17	17.0	0.03	0.0211	408	14	12	11	7	2
ENSG00000224870	MRPL20-AS1	antisense	ENSG00000242485	1	17	17.0	0.0301	0.0287	328	17	16	9	1	1
ENSG00000244953		antisense	ENSG00000187479	1	18	18.0	0.0301	0.0216	608	16	12	10	9	5
ENSG00000286718		antisense	ENSG00000011454	1	19	19.0	0.0301	0.0177	359	15	15	11	10	1
ENSG00000260236	PTPN23-DT	antisense	ENSG00000076201	1	19	19.0	0.0302	0.0196	688	15	13	12	10	3
ENSG00000267124		antisense	ENSG00000105556	1	19	19.0	0.0304	0.0243	248	16	16	12	6	0
ENSG00000235903		antisense	ENSG00000080618,ENSG00000123200,ENSG00000136167	1	17	17.0	0.0305	0.0219	328	14	14	12	8	1
ENSG00000254862	LGR4-AS1	antisense	ENSG00000148943,ENSG00000205213	1	18	18.0	0.0306	0.0276	146	18	16	11	0	0
ENSG00000253809		antisense	ENSG00000112280	1	19	19.0	0.0306	0.026	167	16	15	15	4	0
ENSG00000304882		antisense	ENSG00000147471	1	18	18.0	0.0306	0.026	248	17	15	11	0	0
ENSG00000294274		antisense	ENSG00000143341	1	17	17.0	0.0306	0.0278	138	16	14	10	1	0
ENSG00000300693		antisense	ENSG00000181817	1	18	18.0	0.0307	0.0198	211	15	15	15	10	0
ENSG00000215023	GAL3ST2-AS1	antisense	ENSG00000154252	1	18	18.0	0.0307	0.0282	175	16	15	11	5	0
ENSG00000273828		antisense	ENSG00000062598	1	18	18.0	0.0307	0.0207	288	15	14	13	8	0
ENSG00000287180		antisense	ENSG00000113391	1	17	17.0	0.0307	0.0268	208	15	11	10	7	0
ENSG00000234636	MED14OS	antisense	ENSG00000180182	1	18	18.0	0.0308	0.0252	166	16	15	11	1	0
ENSG00000303442		antisense	ENSG00000166839	1	18	18.0	0.0308	0.0186	226	15	13	11	10	0
ENSG00000305109		antisense	ENSG00000032444,ENSG00000090674	1	18	18.0	0.0308	0.0234	288	16	15	11	6	1
ENSG00000291129	PPIEL	antisense	ENSG00000183682	1	18	18.0	0.0309	0.0296	368	15	15	11	2	1
ENSG00000223764	LINC02593	antisense	ENSG00000187634	1	17	17.0	0.031	0.0286	608	15	13	9	7	1
ENSG00000239636	TFAP2E-AS1	antisense	ENSG00000116819	2	18	17.5	0.031	0.025	396	17	15	10	6	0
ENSG00000287068		antisense	ENSG00000183715	1	17	17.0	0.031	0.0173	214	13	13	13	9	0
ENSG00000287710		antisense	ENSG00000131470	1	19	19.0	0.031	0.0206	448	16	16	12	9	1
ENSG00000288752		antisense	ENSG00000156482	1	19	19.0	0.031	0.0229	688	16	16	11	7	1
ENSG00000273010		antisense	ENSG00000121931	1	18	18.0	0.0311	0.0258	488	15	10	10	8	1
ENSG00000295080		antisense	ENSG00000100023	1	18	18.0	0.0311	0.0176	298	13	13	13	11	1
ENSG00000229267	SNHG31	antisense	ENSG00000144452	1	17	17.0	0.0311	0.032	368	17	14	7	2	0
ENSG00000258413		antisense	ENSG00000178974,ENSG00000258469	1	17	17.0	0.0312	0.0257	149	14	13	10	2	0
ENSG00000287547		antisense	ENSG00000213265	1	18	18.0	0.0312	0.0204	328	15	14	13	9	1
ENSG00000274554		antisense	ENSG00000174989	1	17	17.0	0.0312	0.0242	168	16	13	12	2	0
ENSG00000273247		antisense	ENSG00000164134,ENSG00000172007	1	18	18.0	0.0312	0.0262	206	16	15	10	7	0
ENSG00000231889	TRAF3IP2-AS1	antisense	ENSG00000009413,ENSG00000056972	1	18	18.0	0.0312	0.0236	167	17	14	11	4	0
ENSG00000260111		antisense	ENSG00000157350	1	18	18.0	0.0312	0.0289	278	17	12	10	4	0
ENSG00000278709		antisense	ENSG00000124225	2	18	18.0	0.0312	0.0229	408	15	15	11	8	1
ENSG00000224888	HSALR1	antisense	ENSG00000103335	1	18	18.0	0.0314	0.0298	328	15	14	9	7	1
ENSG00000245719	SKOR1-AS1	antisense	ENSG00000188779	1	18	18.0	0.0315	0.0282	488	15	12	9	8	1
ENSG00000244300	GATA2-AS1	antisense	ENSG00000179348	1	18	18.0	0.0315	0.0226	291	15	12	10	8	1
ENSG00000290115		antisense	ENSG00000143224,ENSG00000143258	1	17	17.0	0.0315	0.0259	248	15	13	9	5	0
ENSG00000271969		antisense	ENSG00000215021	1	18	18.0	0.0315	0.0237	248	15	15	12	6	0
ENSG00000297327		antisense	ENSG00000013503	1	18	18.0	0.0316	0.0262	248	15	15	10	4	0
ENSG00000223947		antisense	ENSG00000071082,ENSG00000170485	1	19	19.0	0.0316	0.0236	514	14	14	11	6	1
ENSG00000260107		antisense	ENSG00000167962	1	18	18.0	0.0316	0.0211	169	14	14	13	6	0
ENSG00000296432		antisense	ENSG00000070495	1	18	18.0	0.0316	0.0252	124	16	16	14	0	0
ENSG00000261684		antisense	ENSG00000092531	1	19	19.0	0.0318	0.0278	175	17	15	10	4	0
ENSG00000178107		antisense	ENSG00000165804	1	17	17.0	0.032	0.025	193	14	14	10	3	0
ENSG00000307169		antisense	ENSG00000111144	1	17	17.0	0.0321	0.0232	168	15	13	12	3	0
ENSG00000261373	VPS9D1-AS1	antisense	ENSG00000075399	1	18	18.0	0.0321	0.0232	191	15	13	12	7	0
ENSG00000258253		antisense	ENSG00000161849,ENSG00000161850	1	17	17.0	0.0321	0.0285	262	15	13	11	4	0
ENSG00000260259	LINC02166	antisense	ENSG00000185324	1	18	18.0	0.0322	0.0274	248	16	14	12	3	0
ENSG00000288871		antisense	ENSG00000100429,ENSG00000128159,ENSG00000188130	1	18	18.0	0.0322	0.0278	368	16	14	11	6	1
ENSG00000294008		antisense	ENSG00000184792	1	19	19.0	0.0322	0.0296	208	17	16	13	1	0
ENSG00000235830	SRGAP3-AS4	antisense	ENSG00000196220	1	17	17.0	0.0322	0.028	242	16	14	10	5	0
ENSG00000302461		antisense	ENSG00000105808,ENSG00000205236	1	18	18.0	0.0323	0.0206	458	13	13	13	8	2
ENSG00000235902		antisense	ENSG00000154556	1	19	19.0	0.0325	0.0242	223	16	15	13	5	0
ENSG00000309273		antisense	ENSG00000165119	1	19	19.0	0.0325	0.0285	291	17	14	11	1	0
ENSG00000296987		antisense	ENSG00000185513,ENSG00000288000	1	19	19.0	0.0325	0.022	151	15	15	14	3	0
ENSG00000306974		antisense	ENSG00000196405	1	19	19.0	0.0325	0.0303	128	18	16	9	0	0
ENSG00000302867		antisense	ENSG00000172765	1	19	19.0	0.0326	0.0264	247	17	15	12	8	0
ENSG00000240057	NEPRO-AS1	antisense	ENSG00000163608	1	18	18.0	0.0327	0.0281	159	16	14	11	1	0
ENSG00000281358	RASSF1-AS1	antisense	ENSG00000068028	1	17	17.0	0.0328	0.0292	248	16	15	9	2	0
ENSG00000286626		antisense	ENSG00000135387	1	19	19.0	0.0328	0.0293	644	17	15	10	3	1
ENSG00000269256		antisense	ENSG00000148655	1	18	18.0	0.0329	0.0261	248	14	12	10	5	1
ENSG00000255808	PDE2A-AS1	antisense	ENSG00000186642	1	19	19.0	0.0329	0.0203	208	14	13	13	9	0
ENSG00000289112		antisense	ENSG00000154153	1	19	19.0	0.0329	0.0314	408	16	12	9	4	1
ENSG00000293397	TMBIM7P	antisense	ENSG00000157259	1	17	17.0	0.0329	0.0273	248	14	12	9	5	0
ENSG00000277597		antisense	ENSG00000174231	1	19	19.0	0.033	0.0204	248	15	14	13	9	0
ENSG00000281207	SLFNL1-AS1	antisense	ENSG00000010803,ENSG00000171790	1	17	17.0	0.033	0.0179	180	14	13	11	9	0
ENSG00000234661		antisense	ENSG00000134121	1	17	17.0	0.0331	0.0218	166	13	13	12	5	0
ENSG00000203280		antisense	ENSG00000197077	1	18	18.0	0.0331	0.0229	188	14	14	11	6	0
ENSG00000310217		antisense	ENSG00000143537,ENSG00000243364,ENSG00000251246	1	17	17.0	0.0333	0.0196	288	13	13	12	10	0
ENSG00000235563		antisense	ENSG00000162383	1	19	19.0	0.0333	0.016	288	14	14	13	11	1
ENSG00000218109	KIRREL3-AS3	antisense	ENSG00000149571	1	19	19.0	0.0333	0.0164	488	12	11	11	11	7
ENSG00000278713		antisense	ENSG00000103502	1	19	19.0	0.0334	0.0253	248	14	12	11	6	0
ENSG00000257285		antisense	ENSG00000092036,ENSG00000259132	1	19	19.0	0.0334	0.0308	140	19	14	8	0	0
ENSG00000303189		antisense	ENSG00000100003	1	18	18.0	0.0335	0.0267	248	15	14	11	3	0
ENSG00000302917		antisense	ENSG00000103479	1	19	19.0	0.0336	0.0255	156	15	14	11	4	0
ENSG00000267090		antisense	ENSG00000179168	1	18	18.0	0.0337	0.0264	172	15	14	11	1	0
ENSG00000262049		antisense	ENSG00000185359	1	18	18.0	0.0337	0.0231	208	16	14	10	4	0
ENSG00000304271		antisense	ENSG00000152822	1	17	17.0	0.0338	0.0241	328	12	12	10	7	1
ENSG00000231365	WARS2-AS1	antisense	ENSG00000116874	1	18	18.0	0.0339	0.0231	262	15	15	11	7	0
ENSG00000285840		antisense	ENSG00000189403	1	17	17.0	0.0339	0.0275	208	15	13	11	3	0
ENSG00000308854		antisense	ENSG00000143603	1	17	17.0	0.0339	0.0284	144	14	11	10	1	0
ENSG00000304884		antisense	ENSG00000178031	1	17	17.0	0.034	0.0244	248	13	11	10	5	0
ENSG00000309382		antisense	ENSG00000244694	1	19	19.0	0.034	0.0335	144	18	15	7	1	0
ENSG00000268055		antisense	ENSG00000196218	1	17	17.0	0.034	0.0252	180	14	12	11	1	0
ENSG00000288907		antisense	ENSG00000134910,ENSG00000149554	1	17	17.0	0.0341	0.0241	448	13	11	9	5	1
ENSG00000223652		antisense	ENSG00000061455	1	17	17.0	0.0341	0.0292	288	13	12	10	6	0
ENSG00000235024	CDK5R2-AS1	antisense	ENSG00000171450	1	18	18.0	0.0341	0.0212	168	13	12	12	6	0
ENSG00000249641	HOXC13-AS	antisense	ENSG00000123364	1	17	17.0	0.0342	0.0228	135	13	13	10	8	0
ENSG00000259843	HEATR3-AS1	antisense	ENSG00000155393	1	18	18.0	0.0344	0.0304	160	13	11	9	6	0
ENSG00000229372	SZT2-AS1	antisense	ENSG00000198198	1	17	17.0	0.0344	0.0286	128	15	14	12	0	0
ENSG00000295244		antisense	ENSG00000164078	1	19	19.0	0.0345	0.0246	168	13	13	12	5	0
ENSG00000266718		antisense	ENSG00000176658	1	17	17.0	0.0345	0.0287	408	15	13	9	1	1
ENSG00000302409		antisense	ENSG00000136451,ENSG00000266086	1	19	19.0	0.0345	0.0137	170	11	11	11	10	0
ENSG00000305514		antisense	ENSG00000142856	2	19	19.0	0.0346	0.023	253	17	14	13	7	1
ENSG00000298336		antisense	ENSG00000137266	1	19	19.0	0.0346	0.0294	288	15	13	10	8	1
ENSG00000306723		antisense	ENSG00000173039	1	18	18.0	0.0346	0.0226	408	13	11	11	8	1
ENSG00000254102		antisense	ENSG00000180828	1	17	17.0	0.0347	0.0223	488	12	11	10	8	0
ENSG00000293489	CMAHP	antisense	ENSG00000079691	1	17	17.0	0.0347	0.0261	283	14	11	11	6	1
ENSG00000267348		antisense	ENSG00000007047,ENSG00000142252	1	19	19.0	0.0348	0.0243	287	13	13	13	7	1
ENSG00000220925		antisense	ENSG00000089289	1	18	18.0	0.0348	0.0276	168	15	14	11	1	0
ENSG00000306143		antisense	ENSG00000145147	1	18	18.0	0.0349	0.0208	171	14	12	11	9	0
ENSG00000256879	PDE3A-AS1	antisense	ENSG00000172572	1	17	17.0	0.0349	0.0316	128	16	12	6	0	0
ENSG00000248932	COPB2-DT	antisense	ENSG00000114113,ENSG00000114115,ENSG00000163864	1	19	19.0	0.035	0.0319	408	16	11	8	5	0
ENSG00000307798		antisense	ENSG00000100266,ENSG00000242247	1	17	17.0	0.0351	0.028	229	13	9	9	7	0
ENSG00000290720	ZNF542P	antisense	ENSG00000018869,ENSG00000131848	1	17	17.0	0.0351	0.0284	408	15	11	9	0	0
ENSG00000305675		antisense	ENSG00000181192	1	19	19.0	0.0351	0.0327	253	17	11	5	1	0
ENSG00000303877		antisense	ENSG00000160783,ENSG00000160785,ENSG00000260238	1	18	18.0	0.0354	0.0297	249	16	13	10	4	0
ENSG00000289594		antisense	ENSG00000125247	1	19	19.0	0.0354	0.0301	288	15	12	8	6	0
ENSG00000259172		antisense	ENSG00000140479	1	18	18.0	0.0355	0.019	448	11	11	11	9	1
ENSG00000294563		antisense	ENSG00000175215	1	18	18.0	0.0355	0.0246	136	15	15	11	1	0
ENSG00000254860	TMEM9B-AS1	antisense	ENSG00000175348,ENSG00000175352	1	17	17.0	0.0356	0.0266	188	14	12	10	1	0
ENSG00000267577	DNAAF3-AS1	antisense	ENSG00000129990,ENSG00000167646,ENSG00000267110	1	17	17.0	0.0357	0.0236	169	13	12	12	7	0
ENSG00000309524		antisense	ENSG00000033327	1	19	19.0	0.0357	0.0371	488	13	11	9	5	1
ENSG00000297739		antisense	ENSG00000154217	1	19	19.0	0.0358	0.0354	208	11	11	9	9	0
ENSG00000223343		antisense	ENSG00000177479,ENSG00000178467	1	18	18.0	0.0358	0.0266	347	15	10	10	7	0
ENSG00000277182		antisense	ENSG00000277258	1	17	17.0	0.0359	0.0336	288	13	11	8	6	1
ENSG00000305284		antisense	ENSG00000149932	1	18	18.0	0.036	0.0318	128	15	13	6	1	0
ENSG00000295546		antisense	ENSG00000087510	1	19	19.0	0.036	0.0359	248	16	13	9	6	1
ENSG00000309152		antisense	ENSG00000176697	1	19	19.0	0.0361	0.0297	136	17	15	10	0	0
ENSG00000293491	TMEM198B	antisense	ENSG00000123342,ENSG00000135392	1	17	17.0	0.0361	0.0362	350	17	10	4	1	0
ENSG00000306456		antisense	ENSG00000164091	1	17	17.0	0.0361	0.0336	212	14	11	7	1	0
ENSG00000295028		antisense	ENSG00000164951	1	18	18.0	0.0362	0.0304	168	13	13	8	4	0
ENSG00000285190		antisense	ENSG00000134480	1	18	18.0	0.0363	0.0268	560	14	13	10	3	0
ENSG00000307482		antisense	ENSG00000146411	1	17	17.0	0.0365	0.0323	128	15	13	6	0	0
ENSG00000267778	CBARP-DT	antisense	ENSG00000099625	1	17	17.0	0.0366	0.0279	128	14	14	9	0	0
ENSG00000253653		antisense	ENSG00000055163	1	19	19.0	0.0366	0.0287	138	16	13	10	0	0
ENSG00000287454		antisense	ENSG00000111145	1	18	18.0	0.0366	0.0293	184	15	14	9	1	0
ENSG00000214401	KANSL1-AS1	antisense	ENSG00000120071	1	18	18.0	0.0366	0.0306	131	13	11	8	1	0
ENSG00000261423	TMEM202-AS1	antisense	ENSG00000187806	1	17	17.0	0.0367	0.0288	248	12	10	9	1	0
ENSG00000270403		antisense	ENSG00000177103	1	17	17.0	0.0368	0.0273	288	13	13	11	5	1
ENSG00000234779	BNC2-AS1	antisense	ENSG00000173068	1	19	19.0	0.0368	0.0353	168	17	13	6	1	0
ENSG00000124915	MYRF-AS1	antisense	ENSG00000124920,ENSG00000134780	1	17	17.0	0.037	0.0183	248	11	10	10	9	0
ENSG00000226604	PAPPA-AS2	antisense	ENSG00000182752	1	17	17.0	0.037	0.0211	408	12	10	9	7	2
ENSG00000301678		antisense	ENSG00000151322	1	17	17.0	0.0371	0.0243	404	11	10	10	8	7
ENSG00000256940	PPP1R14B-AS1	antisense	ENSG00000173457	1	17	17.0	0.0371	0.0306	173	13	11	8	1	0
ENSG00000239219	FHL1P1	antisense	ENSG00000008952	1	18	18.0	0.0371	0.0382	291	12	10	6	5	0
ENSG00000301937		antisense	ENSG00000122025	1	17	17.0	0.0373	0.0227	568	11	11	9	7	1
ENSG00000272004		antisense	ENSG00000189339	1	18	18.0	0.0373	0.0382	386	16	11	3	1	1
ENSG00000276727		antisense	ENSG00000182199	1	17	17.0	0.0373	0.0363	208	15	9	6	0	0
ENSG00000299210		antisense	ENSG00000108298	1	19	19.0	0.0374	0.0305	368	13	13	9	4	0
ENSG00000277449		antisense	ENSG00000172216	1	18	18.0	0.0375	0.0367	257	15	12	7	5	0
ENSG00000224660	SH3BP5-AS1	antisense	ENSG00000131370	1	18	18.0	0.0376	0.0293	288	12	10	9	7	1
ENSG00000241648		antisense	ENSG00000175161	1	18	18.0	0.0376	0.0338	149	16	14	1	1	0
ENSG00000249996	PPIC-AS1	antisense	ENSG00000168938	1	19	19.0	0.0377	0.0268	156	13	13	11	1	0
ENSG00000248636	PRKAB1-AS1	antisense	ENSG00000111725,ENSG00000183273,ENSG00000224982	1	18	18.0	0.0378	0.0339	288	14	13	6	2	0
ENSG00000286950		antisense	ENSG00000139131	1	17	17.0	0.0379	0.0294	208	12	10	9	1	0
ENSG00000289836		antisense	ENSG00000105792	1	17	17.0	0.038	0.0279	248	12	11	9	1	1
ENSG00000214432		antisense	ENSG00000184056,ENSG00000198901	1	19	19.0	0.0381	0.0381	239	16	12	4	1	0
ENSG00000285600		antisense	ENSG00000073111	1	17	17.0	0.0383	0.0344	153	15	12	5	1	0
ENSG00000264578		antisense	ENSG00000158669	1	18	18.0	0.0384	0.0318	248	14	11	5	1	0
ENSG00000248980		antisense	ENSG00000129128	1	19	19.0	0.0385	0.0367	208	16	12	4	2	0
ENSG00000226913	BSN-DT	antisense	ENSG00000173402	1	18	18.0	0.0386	0.0302	195	12	12	8	1	0
ENSG00000287789		antisense	ENSG00000112182	1	17	17.0	0.0386	0.0324	128	14	12	7	0	0
ENSG00000266283		antisense	ENSG00000141448	1	18	18.0	0.0387	0.0296	128	13	12	10	1	0
ENSG00000287336		antisense	ENSG00000197959	1	17	17.0	0.0387	0.0276	288	12	11	9	4	1
ENSG00000228061	ELP4-AS1	antisense	ENSG00000109911	1	19	19.0	0.0388	0.0341	143	16	12	5	1	0
ENSG00000232671	ZNF687-AS1	antisense	ENSG00000143373	1	18	18.0	0.0388	0.0302	352	13	11	9	5	0
ENSG00000247363	NUP107-DT	antisense	ENSG00000111581	1	17	17.0	0.0389	0.0366	208	14	9	6	1	0
ENSG00000237499	WAKMAR2	antisense	ENSG00000118503	1	17	17.0	0.0389	0.0383	168	14	10	4	1	0
ENSG00000232878	DPYD-AS1	antisense	ENSG00000188641	1	17	17.0	0.0392	0.0353	121	12	12	3	0	0
ENSG00000225891	DHDDS-AS1	antisense	ENSG00000117682	1	19	19.0	0.0393	0.0338	186	12	10	9	8	0
ENSG00000236838		antisense	ENSG00000070366	1	17	17.0	0.0395	0.0363	168	14	10	6	0	0
ENSG00000300785		antisense	ENSG00000110675	1	19	19.0	0.0397	0.0272	128	15	14	10	2	0
ENSG00000293802		antisense	ENSG00000011465	1	17	17.0	0.0397	0.0254	248	12	12	11	6	0
ENSG00000233485	FHAD1-AS1	antisense	ENSG00000142621	1	17	17.0	0.0398	0.0259	528	10	10	10	7	1
ENSG00000293505	GNRHR2	antisense	ENSG00000265241,ENSG00000289565	1	18	18.0	0.04	0.024	528	11	11	11	9	2
ENSG00000297073		antisense	ENSG00000089101	1	17	17.0	0.0401	0.0333	368	13	10	7	3	0
ENSG00000250600		antisense	ENSG00000145491,ENSG00000145495	1	17	17.0	0.0402	0.0381	174	14	11	2	1	0
ENSG00000293759		antisense	ENSG00000128965	1	17	17.0	0.0402	0.0376	328	15	10	4	1	0
ENSG00000241269		antisense	ENSG00000182095	1	19	19.0	0.0407	0.034	337	14	11	8	2	0
ENSG00000235296		antisense	ENSG00000183010,ENSG00000185105,ENSG00000185269	1	17	17.0	0.0407	0.0298	168	13	11	9	2	0
ENSG00000269961		antisense	ENSG00000112851	1	18	18.0	0.0408	0.0353	127	14	13	3	0	0
ENSG00000302970		antisense	ENSG00000168724	1	17	17.0	0.0408	0.0416	124	15	8	0	0	0
ENSG00000295329		antisense	ENSG00000096093,ENSG00000170915	1	19	19.0	0.0408	0.0413	168	15	9	2	1	0
ENSG00000294981		antisense	ENSG00000181449	1	18	18.0	0.0409	0.0416	288	12	9	4	2	0
ENSG00000286562		antisense	ENSG00000112335	1	18	18.0	0.041	0.0356	253	13	10	7	2	0
ENSG00000301872		antisense	ENSG00000140386	1	19	19.0	0.0411	0.0406	163	17	7	1	0	0
ENSG00000289230		antisense	ENSG00000109906	1	17	17.0	0.0411	0.0449	448	13	8	5	3	0
ENSG00000302830		antisense	ENSG00000170122,ENSG00000172785	1	17	17.0	0.0415	0.0311	488	10	9	8	7	1
ENSG00000259426		antisense	ENSG00000137807,ENSG00000137818,ENSG00000137819	1	18	18.0	0.0416	0.0344	623	10	10	8	1	1
ENSG00000287727		antisense	ENSG00000142655	1	18	18.0	0.0416	0.0294	248	12	10	9	4	1
ENSG00000250740		antisense	ENSG00000168743	1	18	18.0	0.0416	0.0347	236	13	10	7	2	0
ENSG00000233554		antisense	ENSG00000086062	1	19	19.0	0.0416	0.0282	121	15	14	11	0	0
ENSG00000286248		antisense	ENSG00000089041	1	17	17.0	0.0418	0.0291	248	11	10	9	1	1
ENSG00000233246	PHC2-AS1	antisense	ENSG00000134686	1	17	17.0	0.0418	0.0429	208	16	5	2	1	0
ENSG00000285848		antisense	ENSG00000103196	1	19	19.0	0.0418	0.0328	277	14	12	7	2	1
ENSG00000266053		antisense	ENSG00000101745,ENSG00000178127	1	19	19.0	0.0419	0.0399	191	14	10	8	1	0
ENSG00000226754	MAGOH-DT	antisense	ENSG00000157193	1	18	18.0	0.0419	0.0398	408	12	9	8	5	1
ENSG00000233739		antisense	ENSG00000100151	1	19	19.0	0.042	0.0266	168	14	11	11	2	0
ENSG00000290834	FKBP6P2	antisense	ENSG00000178809	1	17	17.0	0.042	0.0362	240	12	10	6	0	0
ENSG00000298361		antisense	ENSG00000167535	1	18	18.0	0.0423	0.0368	217	14	10	4	1	0
ENSG00000304038		antisense	ENSG00000162585	1	17	17.0	0.0427	0.0418	325	12	8	5	1	0
ENSG00000176912		antisense	ENSG00000079101,ENSG00000176890	1	18	18.0	0.0428	0.0256	276	11	10	10	5	0
ENSG00000263843	MIF4GD-DT	antisense	ENSG00000125454	1	17	17.0	0.0428	0.0411	248	15	6	2	1	1
ENSG00000232909		antisense	ENSG00000157343	1	18	18.0	0.0428	0.0446	408	10	7	5	2	1
ENSG00000287041		antisense	ENSG00000182329	1	17	17.0	0.0429	0.0295	210	12	10	9	6	0
ENSG00000258727		antisense	ENSG00000092051,ENSG00000213983	1	17	17.0	0.0429	0.0368	150	13	10	5	1	0
ENSG00000287463		antisense	ENSG00000152128	1	17	17.0	0.0429	0.0419	168	13	6	4	1	0
ENSG00000177112	IRAG1-AS1	antisense	ENSG00000072952,ENSG00000133800	1	17	17.0	0.043	0.0405	168	12	8	2	1	0
ENSG00000226648	PLCG1-AS1	antisense	ENSG00000124181,ENSG00000198900	1	18	18.0	0.043	0.0387	156	15	10	4	1	0
ENSG00000288727		antisense	ENSG00000126883	1	17	17.0	0.0432	0.0435	448	11	8	6	1	1
ENSG00000232973	CYP1B1-AS1	antisense	ENSG00000138061	1	18	18.0	0.0432	0.0384	288	13	10	7	4	1
ENSG00000294769		antisense	ENSG00000103034	1	18	18.0	0.0433	0.0396	208	12	9	4	1	0
ENSG00000287765		antisense	ENSG00000100926,ENSG00000254692	1	17	17.0	0.0434	0.0398	128	13	9	1	0	0
ENSG00000244161	FLNB-AS1	antisense	ENSG00000136068	1	17	17.0	0.0434	0.0328	288	10	9	8	7	1
ENSG00000235016	SEMA3F-AS1	antisense	ENSG00000001617,ENSG00000003756	1	17	17.0	0.0434	0.0352	245	11	10	7	2	0
ENSG00000282527		antisense	ENSG00000113966	1	17	17.0	0.0437	0.0351	238	13	12	5	2	0
ENSG00000304550		antisense	ENSG00000136682,ENSG00000184492	1	18	18.0	0.0441	0.0369	561	10	9	8	7	1
ENSG00000304310		antisense	ENSG00000197978	1	18	18.0	0.0444	0.037	226	13	10	3	1	0
ENSG00000182057		antisense	ENSG00000100207	1	17	17.0	0.0445	0.042	122	12	7	4	1	0
ENSG00000301767		antisense	ENSG00000100412	1	17	17.0	0.0445	0.0474	448	11	6	5	4	1
ENSG00000260593		antisense	ENSG00000140832	1	17	17.0	0.0445	0.0453	162	10	7	3	1	0
ENSG00000230424	EMC1-AS1	antisense	ENSG00000127463	1	18	18.0	0.0448	0.0322	190	11	10	7	1	0
ENSG00000267607	ICAM4-AS1	antisense	ENSG00000090339,ENSG00000105371	1	18	18.0	0.0449	0.034	185	13	10	4	1	0
ENSG00000270361		antisense	ENSG00000163344	1	17	17.0	0.0449	0.0427	728	11	8	6	3	0
ENSG00000273406		antisense	ENSG00000134250	1	19	19.0	0.0449	0.0429	168	13	9	2	1	0
ENSG00000287934		antisense	ENSG00000173120	1	17	17.0	0.045	0.035	208	9	9	6	3	0
ENSG00000255966	GAPDH-DT	antisense	ENSG00000010292	1	17	17.0	0.0452	0.0414	208	9	8	6	1	0
ENSG00000254693	CD82-AS1	antisense	ENSG00000085117	1	17	17.0	0.0459	0.0422	208	10	8	6	2	0
ENSG00000249252		antisense	ENSG00000137449,ENSG00000163145	1	18	18.0	0.046	0.0441	193	13	4	1	1	0
ENSG00000299297		antisense	ENSG00000137876	1	18	18.0	0.0462	0.0392	528	12	10	6	3	0
ENSG00000301854		antisense	ENSG00000085185	1	17	17.0	0.0463	0.0425	168	11	6	4	1	0
ENSG00000260808		antisense	ENSG00000110075	1	17	17.0	0.0463	0.0361	243	12	9	3	0	0
ENSG00000250073	ESAM-AS1	antisense	ENSG00000149564	1	18	18.0	0.0465	0.0359	408	11	10	6	3	0
ENSG00000256312		antisense	ENSG00000182870	1	17	17.0	0.0465	0.0361	316	12	10	4	1	0
ENSG00000296669		antisense	ENSG00000125695,ENSG00000266173	1	17	17.0	0.0467	0.0342	128	11	10	7	0	0
ENSG00000229839		antisense	ENSG00000173163	1	17	17.0	0.0472	0.0455	272	9	6	6	2	0
ENSG00000289028		antisense	ENSG00000185418	1	17	17.0	0.0473	0.0462	368	11	7	2	1	0
ENSG00000256699		antisense	ENSG00000151952	1	17	17.0	0.0476	0.0357	248	12	9	7	1	0
ENSG00000304312		antisense	ENSG00000178031	1	18	18.0	0.0479	0.0466	408	9	8	5	2	1
ENSG00000253549		antisense	ENSG00000104267,ENSG00000164879	1	17	17.0	0.048	0.0408	128	10	8	3	1	0
ENSG00000236618	PITPNA-AS1	antisense	ENSG00000174238	1	17	17.0	0.0485	0.0477	168	10	5	1	1	0
ENSG00000230695	FN1-DT	antisense	ENSG00000115414	1	17	17.0	0.0488	0.0338	128	10	9	8	0	0
ENSG00000236200	KDM4A-AS1	antisense	ENSG00000066135,ENSG00000126091	1	18	18.0	0.0489	0.0458	201	11	4	1	1	0
ENSG00000255856		antisense	ENSG00000110987	1	17	17.0	0.049	0.042	288	9	7	5	1	0
ENSG00000236866	TENT5C-DT	antisense	ENSG00000183508	1	17	17.0	0.0496	0.0442	131	11	7	3	0	0
ENSG00000307921		antisense	ENSG00000138759	1	18	18.0	0.0498	0.0406	133	12	7	1	0	0
ENSG00000261183	SPINT1-AS1	antisense	ENSG00000166145	1	17	17.0	0.0504	0.0489	169	9	5	3	2	0
ENSG00000299525		antisense	ENSG00000205302	1	17	17.0	0.0514	0.0394	203	9	9	5	0	0
ENSG00000275516		antisense	ENSG00000167291	1	17	17.0	0.0518	0.0477	448	9	6	2	1	1
ENSG00000300477		antisense	ENSG00000064933,ENSG00000187699	1	17	17.0	0.052	0.051	195	8	4	1	1	0
ENSG00000289837		antisense	ENSG00000101166	1	19	19.0	0.0527	0.0527	288	9	1	1	1	0
ENSG00000287961		antisense	ENSG00000105058	1	17	17.0	0.0532	0.0585	167	7	6	2	1	0
ENSG00000307604		antisense	ENSG00000099917	1	18	18.0	0.0536	0.0503	194	9	1	0	0	0
ENSG00000247416	NCAM1-AS2	antisense	ENSG00000149294	1	19	19.0	0.0536	0.0559	161	8	6	2	1	0
ENSG00000305226		antisense	ENSG00000127914	1	17	17.0	0.054	0.0522	133	8	2	1	0	0
ENSG00000253837	LOXL2-AS1	antisense	ENSG00000134013	1	17	17.0	0.0543	0.0504	607	8	6	4	3	1
ENSG00000302941		antisense	ENSG00000130590	1	17	17.0	0.0543	0.0532	168	6	4	1	1	0
ENSG00000273314		antisense	ENSG00000055130	1	17	17.0	0.0561	0.0632	128	6	5	1	1	0
ENSG00000305089		antisense	ENSG00000090674,ENSG00000198816	1	17	17.0	0.0566	0.0585	211	8	5	4	1	0
ENSG00000263707		antisense	ENSG00000006740	1	17	17.0	0.0569	0.0593	178	7	6	2	1	0
ENSG00000250616	YPEL3-DT	antisense	ENSG00000090238,ENSG00000102886	1	17	17.0	0.058	0.0603	208	3	0	0	0	0
ENSG00000272853		antisense	ENSG00000187522	1	18	18.0	0.0595	0.0578	162	1	1	1	0	0
ENSG00000254208		antisense	ENSG00000133740	1	19	19.0	0.0602	0.0618	128	5	4	3	1	0
ENSG00000291035	RRP7BP	antisense	ENSG00000183569	1	17	17.0	0.0603	0.0555	168	8	6	2	1	0
ENSG00000254333	NDST1-AS1	antisense	ENSG00000070614	1	19	19.0	0.0603	0.0652	128	5	2	2	1	0
ENSG00000284675		antisense	ENSG00000140836	1	18	18.0	0.0608	0.0727	190	7	6	4	0	0
ENSG00000307891		antisense	ENSG00000182287	1	18	18.0	0.0617	0.0614	208	5	4	3	1	0
ENSG00000228843		antisense	ENSG00000107185	1	17	17.0	0.0654	0.0667	128	1	1	1	0	0
ENSG00000258924		antisense+sense	ENSG00000004139,ENSG00000109072,ENSG00000244045,ENSG00000273171,ENSG00000274529	1	19	19.0	0.0072	0.0057	453	19	19	19	18	17
ENSG00000262712		antisense+sense	ENSG00000126603,ENSG00000217930	1	19	19.0	0.0113	0.0089	488	19	18	18	18	12
ENSG00000254837	LIPT2-AS1	antisense+sense	ENSG00000077514,ENSG00000175536	1	19	19.0	0.0124	0.0101	568	19	19	19	15	9
ENSG00000254980		antisense+sense	ENSG00000137707,ENSG00000183644	1	18	18.0	0.0125	0.0104	528	18	18	17	15	9
ENSG00000269883		antisense+sense	ENSG00000165548,ENSG00000177108	1	19	19.0	0.0135	0.0064	808	18	17	16	15	13
ENSG00000204055		antisense+sense	ENSG00000188483,ENSG00000235007	1	18	18.0	0.0141	0.006	372	17	16	16	16	13
ENSG00000263798		antisense+sense	ENSG00000108439,ENSG00000108465,ENSG00000167183	1	18	18.0	0.0141	0.0129	206	18	18	18	17	0
ENSG00000289750		antisense+sense	ENSG00000131368,ENSG00000131381,ENSG00000177463	2	18	17.5	0.0153	0.0144	288	17	17	17	16	1
ENSG00000272762		antisense+sense	ENSG00000090097,ENSG00000114779,ENSG00000248487	1	19	19.0	0.0159	0.0142	207	19	19	18	16	0
ENSG00000264545		antisense+sense	ENSG00000099810,ENSG00000147883,ENSG00000147889	1	17	17.0	0.0164	0.0154	168	17	17	17	14	0
ENSG00000256564		antisense+sense	ENSG00000008394,ENSG00000048540	1	19	19.0	0.0171	0.0169	208	19	19	19	16	0
ENSG00000293643		antisense+sense	ENSG00000128045,ENSG00000226887	2	18	17.5	0.0172	0.0113	326	17	17	16	14	5
ENSG00000261351		antisense+sense	ENSG00000169032,ENSG00000174446	1	17	17.0	0.0176	0.0181	488	17	17	16	10	2
ENSG00000235919	ASH1L-AS1	antisense+sense	ENSG00000116539,ENSG00000125459	1	18	18.0	0.0182	0.0124	667	16	16	16	14	7
ENSG00000261771	DNAAF4-CCPG1	antisense+sense	ENSG00000069943,ENSG00000256061,ENSG00000260916,ENSG00000261652	1	18	18.0	0.0191	0.0186	182	18	18	17	12	0
ENSG00000295846		antisense+sense	ENSG00000111684,ENSG00000182326	1	19	19.0	0.0192	0.0177	208	19	19	17	15	0
ENSG00000257225		antisense+sense	ENSG00000134283,ENSG00000139174	1	17	17.0	0.0197	0.0115	448	16	15	14	13	3
ENSG00000267009		antisense+sense	ENSG00000070540,ENSG00000108946,ENSG00000141337	2	19	18.5	0.0199	0.0169	183	19	19	18	14	0
ENSG00000258634		antisense+sense	ENSG00000143093,ENSG00000156150	2	17	17.0	0.0202	0.0174	288	17	16	14	11	1
ENSG00000286177		antisense+sense	ENSG00000105323,ENSG00000105329,ENSG00000142039	1	19	19.0	0.0203	0.0149	379	17	17	16	13	2
ENSG00000259992		antisense+sense	ENSG00000034713,ENSG00000065457,ENSG00000205084,ENSG00000260092	1	17	17.0	0.0209	0.0174	170	16	16	16	13	0
ENSG00000117242	PINK1-AS	antisense+sense	ENSG00000158828,ENSG00000244038	1	19	19.0	0.0233	0.0132	288	16	16	16	15	2
ENSG00000257607		antisense+sense	ENSG00000146540,ENSG00000164849	1	17	17.0	0.0243	0.0128	288	14	14	12	11	1
ENSG00000291151	NSUN5P1	antisense+sense	ENSG00000178809,ENSG00000272391	1	18	18.0	0.0245	0.017	337	16	16	13	11	1
ENSG00000253477		antisense+sense	ENSG00000176406,ENSG00000285982	1	19	19.0	0.0249	0.0133	236	15	15	15	15	1
ENSG00000204422		antisense+sense	ENSG00000204424,ENSG00000204427,ENSG00000250641	1	18	18.0	0.0252	0.0225	124	17	17	16	0	0
ENSG00000286181		antisense+sense	ENSG00000049768,ENSG00000049769,ENSG00000290184	1	17	17.0	0.0265	0.0217	178	16	16	16	6	0
ENSG00000213599	SLX1A-SULT1A3	antisense+sense	ENSG00000132207,ENSG00000169627,ENSG00000261052	1	17	17.0	0.0273	0.022	128	16	14	13	4	0
ENSG00000304733		antisense+sense	ENSG00000099797,ENSG00000132002	1	17	17.0	0.0274	0.0222	888	15	14	12	7	1
ENSG00000287678		antisense+sense	ENSG00000001167,ENSG00000124596	1	18	18.0	0.0278	0.0116	488	15	15	13	12	7
ENSG00000271858		antisense+sense	ENSG00000007402,ENSG00000272104	2	18	17.5	0.0288	0.0219	367	15	15	12	7	2
ENSG00000225187		antisense+sense	ENSG00000068724,ENSG00000239605,ENSG00000273269	1	17	17.0	0.0294	0.0264	608	15	14	11	4	1
ENSG00000255197	SLC39A13-AS1	antisense+sense	ENSG00000066336,ENSG00000165915	1	18	18.0	0.0305	0.0195	236	14	14	14	9	1
ENSG00000276012		antisense+sense	ENSG00000102466,ENSG00000198542	1	19	19.0	0.0309	0.0261	125	17	17	11	1	0
ENSG00000265750		antisense+sense	ENSG00000141447,ENSG00000154040	1	19	19.0	0.031	0.0308	128	19	19	7	0	0
ENSG00000269176		antisense+sense	ENSG00000162227,ENSG00000168569	1	17	17.0	0.0319	0.0287	448	15	11	10	3	1
ENSG00000227014	FKBP14-AS1	antisense+sense	ENSG00000106080,ENSG00000106086,ENSG00000136193	1	18	18.0	0.0326	0.025	368	16	15	10	4	1
ENSG00000285952		antisense+sense	ENSG00000067836,ENSG00000140623,ENSG00000267795	1	17	17.0	0.0327	0.0261	368	12	12	12	4	2
ENSG00000237188		antisense+sense	ENSG00000131778,ENSG00000131781	1	17	17.0	0.0352	0.0332	123	16	13	5	0	0
ENSG00000244380		antisense+sense	ENSG00000164051,ENSG00000232112	1	19	19.0	0.0362	0.0358	257	17	13	8	1	1
ENSG00000267765		antisense+sense	ENSG00000108797,ENSG00000184451	1	19	19.0	0.0369	0.0305	128	16	14	9	1	0
ENSG00000204261	PSMB8-AS1	antisense+sense	ENSG00000168394,ENSG00000204264,ENSG00000240065	1	18	18.0	0.0371	0.0252	288	13	12	10	6	1
ENSG00000267546		antisense+sense	ENSG00000161544,ENSG00000214140	1	18	18.0	0.0424	0.0325	241	11	11	9	3	0
ENSG00000215417	MIR17HG	intergenic	.	2	19	19.0	0.0044	0.0026	968	19	19	19	19	18
ENSG00000294375		intergenic	.	1	19	19.0	0.0062	0.0058	448	19	19	19	19	19
ENSG00000302450		intergenic	.	1	18	18.0	0.0078	0.0062	648	18	18	18	18	15
ENSG00000229066		intergenic	.	1	19	19.0	0.0079	0.0066	481	19	19	19	19	14
ENSG00000290946		intergenic	.	2	17	17.0	0.0081	0.0076	448	17	17	17	17	15
ENSG00000258107		intergenic	.	1	19	19.0	0.0082	0.0074	328	19	19	19	19	17
ENSG00000293458	FMO6P	intergenic	.	2	19	18.0	0.0084	0.0081	356	18	17	17	17	16
ENSG00000256389		intergenic	.	1	19	19.0	0.0086	0.0083	448	19	19	19	19	15
ENSG00000293925		intergenic	.	1	19	19.0	0.0086	0.0061	401	19	19	18	17	17
ENSG00000287991		intergenic	.	1	19	19.0	0.0087	0.0072	608	19	19	18	17	16
ENSG00000302277		intergenic	.	1	19	19.0	0.0093	0.0068	402	19	18	18	18	15
ENSG00000291271		intergenic	.	2	19	19.0	0.0094	0.008	280	19	19	19	19	15
ENSG00000308406		intergenic	.	1	19	19.0	0.0095	0.0082	328	19	19	19	18	17
ENSG00000260664		intergenic	.	1	18	18.0	0.0096	0.0083	288	18	18	18	17	15
ENSG00000290656		intergenic	.	1	18	18.0	0.0099	0.0078	368	18	18	17	17	13
ENSG00000285793	ANAPC1P2	intergenic	.	2	17	17.0	0.01	0.0093	272	17	17	17	17	10
ENSG00000284705		intergenic	.	1	19	19.0	0.01	0.01	448	19	19	19	19	10
ENSG00000308369		intergenic	.	1	19	19.0	0.0102	0.0067	448	18	18	18	18	18
ENSG00000260805		intergenic	.	1	18	18.0	0.0102	0.0078	608	18	18	18	17	13
ENSG00000290977		intergenic	.	2	19	19.0	0.0104	0.0093	384	19	19	19	18	14
ENSG00000298466	CEP170P1	intergenic	.	2	19	18.0	0.0105	0.0095	288	17	17	17	16	11
ENSG00000293396		intergenic	.	2	17	17.0	0.0105	0.0092	383	17	17	17	16	11
ENSG00000293538	DMBT1L1	intergenic	.	3	19	17.67	0.0106	0.0089	318	19	18	17	17	11
ENSG00000267465	LINC03103	intergenic	.	1	19	19.0	0.0106	0.0082	528	19	19	18	18	14
ENSG00000251562	MALAT1	intergenic	.	1	17	17.0	0.0107	0.0092	408	17	17	17	16	9
ENSG00000290827		intergenic	.	1	18	18.0	0.0111	0.006	448	17	17	16	16	14
ENSG00000283096		intergenic	.	1	19	19.0	0.0113	0.0109	328	19	19	19	19	9
ENSG00000231881		intergenic	.	2	18	17.5	0.0113	0.0092	368	18	18	18	16	12
ENSG00000261257		intergenic	.	1	19	19.0	0.0115	0.0082	408	19	18	18	18	13
ENSG00000283638		intergenic	.	1	17	17.0	0.0117	0.0038	888	16	16	14	14	14
ENSG00000290985	SLC6A10P	intergenic	.	2	17	17.0	0.0118	0.0089	488	17	16	16	16	10
ENSG00000270866		intergenic	.	1	18	18.0	0.012	0.008	488	18	17	17	15	11
ENSG00000231754		intergenic	.	1	19	19.0	0.0123	0.0092	1248	19	18	18	16	11
ENSG00000289301		intergenic	.	1	19	19.0	0.0125	0.0103	488	19	19	19	15	9
ENSG00000305252		intergenic	.	1	17	17.0	0.0126	0.0092	288	17	16	16	15	10
ENSG00000306218		intergenic	.	1	17	17.0	0.0126	0.0102	328	17	17	16	15	7
ENSG00000295484		intergenic	.	1	18	18.0	0.0128	0.0112	248	18	18	18	18	1
ENSG00000305325		intergenic	.	1	18	18.0	0.0128	0.0106	226	18	18	18	16	2
ENSG00000238043		intergenic	.	1	17	17.0	0.013	0.0114	224	17	17	17	17	1
ENSG00000291124		intergenic	.	1	18	18.0	0.013	0.012	248	18	18	18	18	0
ENSG00000290923	PGM5P2	intergenic	.	3	19	17.67	0.0131	0.0107	225	19	18	18	18	2
ENSG00000267413		intergenic	.	1	17	17.0	0.0131	0.0103	368	17	16	16	15	7
ENSG00000289044		intergenic	.	1	19	19.0	0.0134	0.01	648	19	19	18	15	10
ENSG00000290657		intergenic	.	2	19	18.0	0.0134	0.0122	276	19	19	19	18	1
ENSG00000279583		intergenic	.	1	19	19.0	0.0136	0.0081	603	19	19	18	12	11
ENSG00000290503	FOLH1B	intergenic	.	1	17	17.0	0.0137	0.0132	188	17	17	17	17	0
ENSG00000306827		intergenic	.	1	18	18.0	0.0139	0.0131	408	18	18	17	17	7
ENSG00000237720		intergenic	.	1	19	19.0	0.014	0.008	488	18	18	17	16	12
ENSG00000304309		intergenic	.	3	19	18.0	0.0141	0.0133	202	19	19	19	18	0
ENSG00000298094		intergenic	.	1	19	19.0	0.0142	0.0138	208	19	19	19	19	0
ENSG00000309967		intergenic	.	1	19	19.0	0.0144	0.0125	288	19	19	19	15	1
ENSG00000294083		intergenic	.	1	18	18.0	0.0145	0.011	288	17	17	17	17	7
ENSG00000306014		intergenic	.	1	19	19.0	0.0146	0.0097	399	19	18	18	15	11
ENSG00000293979		intergenic	.	1	17	17.0	0.0148	0.0106	368	16	16	16	15	8
ENSG00000283999		intergenic	.	2	18	17.5	0.0149	0.0146	200	17	17	17	15	0
ENSG00000309013		intergenic	.	1	18	18.0	0.0149	0.0132	288	18	18	17	16	2
ENSG00000236914	LINC01852	intergenic	.	1	19	19.0	0.015	0.0072	551	18	17	17	15	12
ENSG00000306860		intergenic	.	1	17	17.0	0.0151	0.015	288	17	17	16	16	2
ENSG00000286129		intergenic	.	1	18	18.0	0.0152	0.0102	368	17	17	17	16	7
ENSG00000290376	HERC2P3	intergenic	.	2	17	17.0	0.0152	0.014	231	17	17	17	14	0
ENSG00000307652		intergenic	.	1	18	18.0	0.0153	0.0113	488	18	17	16	15	7
ENSG00000287538		intergenic	.	1	18	18.0	0.0153	0.009	723	17	17	17	15	9
ENSG00000297831		intergenic	.	1	19	19.0	0.0154	0.0155	233	19	19	19	19	0
ENSG00000237179	LINC01797	intergenic	.	1	17	17.0	0.0154	0.0114	208	16	16	16	16	1
ENSG00000309689		intergenic	.	1	18	18.0	0.0156	0.0135	448	18	17	17	14	3
ENSG00000242012		intergenic	.	1	18	18.0	0.0156	0.013	174	18	18	17	16	0
ENSG00000289313	LINC01512	intergenic	.	1	18	18.0	0.0156	0.0082	648	17	16	15	14	12
ENSG00000291249		intergenic	.	1	18	18.0	0.0156	0.0156	193	18	18	18	17	0
ENSG00000289163		intergenic	.	1	18	18.0	0.0157	0.0142	368	18	18	16	14	4
ENSG00000291003		intergenic	.	3	18	18.0	0.0158	0.0136	231	18	18	18	16	0
ENSG00000291277		intergenic	.	1	19	19.0	0.0159	0.0074	399	18	16	15	15	14
ENSG00000226673	LINC01108	intergenic	.	1	18	18.0	0.016	0.0112	568	17	17	15	15	8
ENSG00000302929		intergenic	.	1	18	18.0	0.0161	0.0111	328	18	16	15	15	6
ENSG00000301395		intergenic	.	1	17	17.0	0.0161	0.0102	368	16	16	16	14	8
ENSG00000291082	HERC2P9	intergenic	.	3	19	18.67	0.0161	0.0131	231	19	19	19	16	0
ENSG00000293431	MBL1P	intergenic	.	1	18	18.0	0.0162	0.0156	331	18	18	18	15	1
ENSG00000296033		intergenic	.	1	19	19.0	0.0162	0.0119	448	18	18	17	16	3
ENSG00000291142		intergenic	.	1	19	19.0	0.0164	0.0164	189	19	19	19	19	0
ENSG00000289101		intergenic	.	1	19	19.0	0.0165	0.0103	282	18	18	17	16	9
ENSG00000290823		intergenic	.	3	18	17.67	0.0165	0.0156	153	18	18	18	16	0
ENSG00000291196	KRT16P3	intergenic	.	2	19	18.5	0.0165	0.0155	220	19	19	19	16	0
ENSG00000297423		intergenic	.	1	19	19.0	0.0166	0.0099	472	18	17	17	14	10
ENSG00000310523		intergenic	.	2	17	17.0	0.0166	0.0155	154	17	17	17	14	0
ENSG00000261485		intergenic	.	1	18	18.0	0.0167	0.0098	448	18	14	14	14	10
ENSG00000299786		intergenic	.	1	19	19.0	0.0167	0.0146	208	18	18	18	18	0
ENSG00000234292		intergenic	.	1	18	18.0	0.0168	0.0151	448	18	18	17	13	1
ENSG00000290425		intergenic	.	2	18	17.5	0.0168	0.016	159	18	18	18	17	0
ENSG00000290984		intergenic	.	1	19	19.0	0.0169	0.0115	463	18	18	18	15	5
ENSG00000296918		intergenic	.	1	17	17.0	0.017	0.008	448	15	15	15	14	10
ENSG00000290523		intergenic	.	1	18	18.0	0.0172	0.0134	172	18	16	16	16	0
ENSG00000286638		intergenic	.	1	19	19.0	0.0172	0.0158	608	19	18	17	13	6
ENSG00000298619		intergenic	.	1	18	18.0	0.0172	0.0106	284	17	16	16	15	4
ENSG00000304782		intergenic	.	1	17	17.0	0.0176	0.0168	208	17	17	17	13	0
ENSG00000295321		intergenic	.	1	19	19.0	0.0177	0.0136	209	18	18	18	16	0
ENSG00000293389		intergenic	.	4	19	17.75	0.0178	0.0143	536	19	19	19	18	1
ENSG00000296491		intergenic	.	1	18	18.0	0.0179	0.0168	160	18	18	17	13	0
ENSG00000293526		intergenic	.	1	19	19.0	0.018	0.0094	488	18	17	16	15	11
ENSG00000299231		intergenic	.	1	19	19.0	0.018	0.0129	248	18	18	18	15	0
ENSG00000310526	WASH7P	intergenic	.	3	19	18.0	0.018	0.0136	198	18	18	18	17	0
ENSG00000293863		intergenic	.	1	18	18.0	0.0182	0.0146	168	18	17	17	13	0
ENSG00000259278		intergenic	.	1	19	19.0	0.0183	0.0131	328	18	18	17	15	2
ENSG00000297679		intergenic	.	1	18	18.0	0.0184	0.015	215	17	17	17	17	0
ENSG00000231532	LINC01249	intergenic	.	1	19	19.0	0.0185	0.0169	248	18	18	18	14	0
ENSG00000308755		intergenic	.	1	17	17.0	0.0185	0.0153	648	16	15	15	13	5
ENSG00000272800		intergenic	.	1	17	17.0	0.0186	0.0152	208	17	17	14	14	0
ENSG00000290839		intergenic	.	2	18	17.5	0.0187	0.0168	184	17	17	17	16	0
ENSG00000306820		intergenic	.	1	19	19.0	0.0188	0.0141	203	18	18	18	16	0
ENSG00000294914		intergenic	.	1	17	17.0	0.0189	0.0133	288	16	16	15	11	4
ENSG00000294266		intergenic	.	1	17	17.0	0.019	0.0122	328	16	16	15	11	6
ENSG00000300150		intergenic	.	1	17	17.0	0.019	0.0185	163	17	17	17	13	0
ENSG00000295881		intergenic	.	1	19	19.0	0.0191	0.0109	343	18	17	16	13	6
ENSG00000307850		intergenic	.	1	18	18.0	0.0191	0.0117	231	16	16	16	16	1
ENSG00000283240		intergenic	.	1	17	17.0	0.0192	0.0172	168	17	17	16	14	0
ENSG00000296081		intergenic	.	1	18	18.0	0.0194	0.0171	159	18	17	17	13	0
ENSG00000301635		intergenic	.	1	18	18.0	0.0194	0.0181	168	18	18	18	14	0
ENSG00000298352		intergenic	.	1	18	18.0	0.0194	0.0172	431	17	17	16	12	4
ENSG00000289990		intergenic	.	1	17	17.0	0.0194	0.0142	248	16	16	14	14	0
ENSG00000289902		intergenic	.	1	18	18.0	0.0195	0.0126	608	16	16	16	13	7
ENSG00000290728		intergenic	.	1	17	17.0	0.0195	0.0188	174	17	17	16	13	0
ENSG00000293535		intergenic	.	2	18	18.0	0.0196	0.0108	608	17	17	15	13	8
ENSG00000310005		intergenic	.	1	19	19.0	0.0196	0.0146	227	18	18	18	16	1
ENSG00000258910	LINC01956	intergenic	.	1	17	17.0	0.0196	0.0109	445	16	16	15	12	5
ENSG00000294404		intergenic	.	1	19	19.0	0.0196	0.0151	357	18	17	16	14	1
ENSG00000291052	ABCC13	intergenic	.	1	17	17.0	0.0197	0.0155	194	17	16	14	13	0
ENSG00000299829		intergenic	.	1	19	19.0	0.0197	0.018	146	19	19	18	14	0
ENSG00000255451		intergenic	.	1	17	17.0	0.0198	0.0203	208	17	17	16	8	0
ENSG00000303440		intergenic	.	1	19	19.0	0.0198	0.007	448	16	16	16	15	15
ENSG00000270111		intergenic	.	1	19	19.0	0.0199	0.0191	138	19	19	19	13	0
ENSG00000310528		intergenic	.	1	17	17.0	0.0199	0.0183	148	17	16	16	13	0
ENSG00000229203		intergenic	.	1	18	18.0	0.0201	0.0157	248	18	18	14	11	1
ENSG00000303528		intergenic	.	1	19	19.0	0.0202	0.0185	168	19	19	18	14	0
ENSG00000290387	SORD2P	intergenic	.	2	18	17.5	0.0202	0.0178	301	17	17	17	11	0
ENSG00000259119		intergenic	.	1	18	18.0	0.0204	0.008	448	16	14	14	14	13
ENSG00000300759		intergenic	.	1	19	19.0	0.0205	0.017	248	19	18	16	13	0
ENSG00000188511	MIR3667HG	intergenic	.	1	17	17.0	0.0207	0.0142	688	16	15	14	11	0
ENSG00000307808		intergenic	.	1	18	18.0	0.0207	0.019	168	18	18	18	11	0
ENSG00000290927		intergenic	.	2	18	17.5	0.0207	0.0116	608	16	15	15	11	6
ENSG00000278743		intergenic	.	1	17	17.0	0.0208	0.013	568	15	15	12	11	8
ENSG00000289200		intergenic	.	1	17	17.0	0.0209	0.0129	528	15	15	15	14	3
ENSG00000309026		intergenic	.	1	18	18.0	0.0209	0.0207	125	18	18	18	4	0
ENSG00000290906		intergenic	.	1	18	18.0	0.021	0.019	156	18	18	16	10	0
ENSG00000307841		intergenic	.	1	17	17.0	0.0211	0.0124	287	15	15	15	15	4
ENSG00000299952		intergenic	.	1	17	17.0	0.0211	0.0152	198	15	15	15	13	0
ENSG00000260738	LINC00554	intergenic	.	1	19	19.0	0.0212	0.0155	848	17	15	15	13	9
ENSG00000276687		intergenic	.	1	17	17.0	0.0212	0.017	368	16	16	14	10	1
ENSG00000289529		intergenic	.	1	17	17.0	0.0213	0.0096	392	14	14	13	13	9
ENSG00000249699		intergenic	.	1	18	18.0	0.0213	0.0183	168	18	18	15	11	0
ENSG00000290557		intergenic	.	2	18	17.5	0.0213	0.018	174	18	17	16	12	0
ENSG00000289915		intergenic	.	1	18	18.0	0.0214	0.0141	187	16	16	16	16	0
ENSG00000293548		intergenic	.	1	17	17.0	0.0214	0.0142	288	15	15	14	13	0
ENSG00000289235		intergenic	.	1	18	18.0	0.0215	0.0134	408	16	16	15	13	4
ENSG00000287583		intergenic	.	1	19	19.0	0.0215	0.0187	208	18	18	17	12	0
ENSG00000300431		intergenic	.	1	19	19.0	0.0215	0.0184	248	19	18	17	11	1
ENSG00000286380		intergenic	.	1	18	18.0	0.0216	0.0183	288	18	16	14	10	1
ENSG00000224817	LINC03046	intergenic	.	1	18	18.0	0.0216	0.0168	252	17	16	16	12	0
ENSG00000256717	LINC02698	intergenic	.	1	18	18.0	0.0217	0.019	265	18	17	16	11	1
ENSG00000261803	LINC02140	intergenic	.	1	18	18.0	0.0217	0.0207	144	18	17	17	7	0
ENSG00000293385		intergenic	.	2	18	17.5	0.0218	0.0139	216	18	18	17	13	0
ENSG00000287151	LINC03124	intergenic	.	1	18	18.0	0.0219	0.0202	151	18	18	16	9	0
ENSG00000303403		intergenic	.	1	17	17.0	0.0219	0.0138	261	15	15	15	14	0
ENSG00000291179		intergenic	.	1	17	17.0	0.0222	0.0186	328	17	15	14	9	1
ENSG00000293477	CRYZL2P	intergenic	.	1	19	19.0	0.0223	0.0149	229	17	17	17	15	0
ENSG00000300504		intergenic	.	1	17	17.0	0.0226	0.017	248	15	15	14	13	0
ENSG00000285914		intergenic	.	1	18	18.0	0.0226	0.0194	208	18	17	15	9	0
ENSG00000303398		intergenic	.	1	17	17.0	0.0227	0.0208	248	17	16	13	6	0
ENSG00000302972		intergenic	.	1	17	17.0	0.0228	0.0169	248	16	16	15	11	0
ENSG00000274270		intergenic	.	1	17	17.0	0.0229	0.0164	808	15	15	11	9	6
ENSG00000267204		intergenic	.	1	19	19.0	0.023	0.0206	1128	17	15	14	9	9
ENSG00000310508		intergenic	.	1	17	17.0	0.0232	0.0202	398	16	16	14	8	1
ENSG00000293451	TDH	intergenic	.	1	18	18.0	0.0232	0.02	270	16	16	15	9	2
ENSG00000236882	LINC01554	intergenic	.	1	17	17.0	0.0232	0.017	288	15	15	14	12	1
ENSG00000289087		intergenic	.	1	19	19.0	0.0234	0.0177	328	17	17	17	10	4
ENSG00000289851		intergenic	.	1	17	17.0	0.0236	0.0248	488	17	16	15	5	0
ENSG00000291105		intergenic	.	1	17	17.0	0.0239	0.0213	129	17	16	15	3	0
ENSG00000297836		intergenic	.	1	18	18.0	0.0239	0.0168	328	16	15	15	13	1
ENSG00000296576		intergenic	.	1	18	18.0	0.0239	0.0152	192	16	16	16	14	0
ENSG00000307859		intergenic	.	1	19	19.0	0.024	0.0164	173	17	17	17	15	0
ENSG00000304346		intergenic	.	1	19	19.0	0.024	0.0209	128	19	17	16	7	0
ENSG00000305887		intergenic	.	1	18	18.0	0.0241	0.0173	248	16	16	15	11	0
ENSG00000304855		intergenic	.	1	17	17.0	0.0242	0.0162	248	15	15	13	10	1
ENSG00000290569		intergenic	.	1	19	19.0	0.0242	0.017	422	18	15	13	10	5
ENSG00000275016		intergenic	.	1	19	19.0	0.0242	0.0207	168	18	18	14	9	0
ENSG00000307416		intergenic	.	1	19	19.0	0.0243	0.0224	208	19	19	16	6	0
ENSG00000229484	LINC02766	intergenic	.	1	19	19.0	0.0243	0.0163	224	17	17	17	13	0
ENSG00000301968		intergenic	.	2	17	17.0	0.0246	0.02	248	16	16	15	9	1
ENSG00000295616		intergenic	.	1	17	17.0	0.0246	0.0147	286	15	14	14	12	3
ENSG00000298647		intergenic	.	1	18	18.0	0.025	0.0181	568	16	13	13	10	5
ENSG00000296811		intergenic	.	1	17	17.0	0.025	0.0192	448	16	15	12	9	1
ENSG00000298187		intergenic	.	1	19	19.0	0.0251	0.023	168	19	18	14	7	0
ENSG00000295871		intergenic	.	1	19	19.0	0.0251	0.0185	248	17	15	15	10	1
ENSG00000262585	LINC01979	intergenic	.	1	17	17.0	0.0251	0.0214	608	15	15	12	7	6
ENSG00000283436	LINC01958	intergenic	.	1	18	18.0	0.0251	0.0212	128	18	18	14	6	0
ENSG00000291027	UBE2Q2P1	intergenic	.	1	18	18.0	0.0251	0.0114	421	16	14	13	10	5
ENSG00000304068		intergenic	.	1	19	19.0	0.0252	0.0252	128	19	19	19	0	0
ENSG00000290568		intergenic	.	1	17	17.0	0.0252	0.0232	179	16	16	15	2	0
ENSG00000300175		intergenic	.	1	18	18.0	0.0254	0.0219	208	18	15	14	5	0
ENSG00000307005		intergenic	.	1	18	18.0	0.0255	0.0189	231	16	15	13	11	1
ENSG00000310236		intergenic	.	1	18	18.0	0.0255	0.025	229	18	18	14	4	0
ENSG00000286321		intergenic	.	1	17	17.0	0.0256	0.0227	168	16	15	15	3	0
ENSG00000205830		intergenic	.	1	17	17.0	0.0256	0.0262	248	17	14	11	8	1
ENSG00000304716		intergenic	.	1	17	17.0	0.0256	0.018	328	14	14	13	9	4
ENSG00000273248		intergenic	.	1	19	19.0	0.0257	0.0228	608	17	14	14	8	6
ENSG00000247011		intergenic	.	2	17	17.0	0.0257	0.0232	288	17	17	13	6	0
ENSG00000299350		intergenic	.	1	19	19.0	0.0257	0.0239	208	18	17	14	7	0
ENSG00000254377	MIR124-2HG	intergenic	.	1	19	19.0	0.0258	0.0269	431	18	16	12	8	3
ENSG00000299191		intergenic	.	1	19	19.0	0.0258	0.0206	208	18	17	14	7	0
ENSG00000293697	ANKRD20A5P	intergenic	.	1	18	18.0	0.0258	0.0212	174	17	15	15	5	0
ENSG00000304838		intergenic	.	1	19	19.0	0.0258	0.0192	208	18	17	14	11	0
ENSG00000309681		intergenic	.	1	17	17.0	0.0258	0.0193	368	15	14	14	9	1
ENSG00000227036	LINC00511	intergenic	.	1	18	18.0	0.0258	0.0173	496	16	15	13	10	2
ENSG00000291234		intergenic	.	1	17	17.0	0.0258	0.0187	221	15	15	13	10	1
ENSG00000290768		intergenic	.	1	19	19.0	0.026	0.0222	288	19	14	14	8	1
ENSG00000298582		intergenic	.	1	17	17.0	0.0261	0.0254	128	17	17	14	0	0
ENSG00000254802		intergenic	.	1	17	17.0	0.0262	0.0205	208	16	16	13	7	0
ENSG00000300921		intergenic	.	1	17	17.0	0.0262	0.024	168	17	16	12	4	0
ENSG00000293403		intergenic	.	1	18	18.0	0.0262	0.0256	135	18	18	15	0	0
ENSG00000310211		intergenic	.	1	19	19.0	0.0263	0.0223	168	18	17	12	8	0
ENSG00000307123		intergenic	.	1	18	18.0	0.0263	0.0164	648	16	15	13	11	5
ENSG00000290453		intergenic	.	1	17	17.0	0.0264	0.0246	190	17	16	14	0	0
ENSG00000308640		intergenic	.	1	19	19.0	0.0264	0.0215	168	19	15	14	8	0
ENSG00000291170		intergenic	.	1	19	19.0	0.0269	0.0254	250	19	17	15	3	1
ENSG00000291031	BCORP1	intergenic	.	2	19	18.0	0.027	0.0221	168	17	16	13	1	0
ENSG00000293433		intergenic	.	1	17	17.0	0.027	0.0123	288	14	13	12	12	4
ENSG00000285668		intergenic	.	1	17	17.0	0.0272	0.0236	161	16	16	15	1	0
ENSG00000233977		intergenic	.	1	19	19.0	0.0273	0.018	222	16	16	16	11	0
ENSG00000293555	FAM169BP	intergenic	.	1	18	18.0	0.0273	0.0188	183	15	15	15	12	0
ENSG00000291233		intergenic	.	1	19	19.0	0.0274	0.0191	208	18	16	14	10	0
ENSG00000227060		intergenic	.	1	17	17.0	0.0274	0.0168	288	14	13	12	12	1
ENSG00000306847		intergenic	.	1	17	17.0	0.0275	0.0207	287	15	14	12	7	1
ENSG00000290944		intergenic	.	1	17	17.0	0.0276	0.0178	161	14	14	11	11	0
ENSG00000301565		intergenic	.	1	19	19.0	0.0277	0.0233	448	17	15	12	8	6
ENSG00000290338	FGD5P1	intergenic	.	1	17	17.0	0.0277	0.0251	328	17	15	9	3	1
ENSG00000309578		intergenic	.	1	19	19.0	0.0279	0.0168	289	15	15	15	10	0
ENSG00000291210		intergenic	.	1	17	17.0	0.0279	0.0246	177	16	14	14	5	0
ENSG00000297747		intergenic	.	1	18	18.0	0.028	0.0176	189	15	13	13	11	0
ENSG00000284846		intergenic	.	1	17	17.0	0.0281	0.0238	208	14	14	12	6	0
ENSG00000290819		intergenic	.	1	17	17.0	0.0282	0.0286	288	15	14	10	7	0
ENSG00000267391	MIR122HG	intergenic	.	2	18	17.5	0.0282	0.021	328	15	15	14	8	1
ENSG00000302744		intergenic	.	1	17	17.0	0.0283	0.0267	168	16	15	11	6	0
ENSG00000303659		intergenic	.	1	17	17.0	0.0283	0.0232	408	14	14	12	7	0
ENSG00000291012		intergenic	.	1	17	17.0	0.0283	0.0222	178	14	14	14	3	0
ENSG00000307919		intergenic	.	1	18	18.0	0.0283	0.0229	648	16	14	10	9	4
ENSG00000307386		intergenic	.	1	19	19.0	0.0286	0.0189	176	16	16	16	13	0
ENSG00000285543		intergenic	.	1	17	17.0	0.0286	0.0233	688	15	12	11	7	1
ENSG00000242268	LINC02082	intergenic	.	1	18	18.0	0.0287	0.0215	126	17	15	12	1	0
ENSG00000291294		intergenic	.	1	19	19.0	0.0287	0.0226	208	17	17	12	7	0
ENSG00000257476	LINC02459	intergenic	.	1	17	17.0	0.0287	0.0247	208	16	16	10	4	0
ENSG00000291264		intergenic	.	1	19	19.0	0.0288	0.0281	125	19	19	13	0	0
ENSG00000291166		intergenic	.	1	18	18.0	0.0288	0.0258	146	16	16	15	1	0
ENSG00000307314		intergenic	.	1	19	19.0	0.0289	0.0241	368	16	16	13	9	2
ENSG00000299868		intergenic	.	1	19	19.0	0.029	0.0252	178	18	15	14	3	0
ENSG00000232985		intergenic	.	1	18	18.0	0.029	0.0228	181	16	15	11	6	0
ENSG00000295838		intergenic	.	1	17	17.0	0.0291	0.0151	292	13	13	13	12	1
ENSG00000304478		intergenic	.	2	17	17.0	0.0291	0.0282	488	14	13	9	8	3
ENSG00000308397		intergenic	.	1	18	18.0	0.0291	0.0163	448	13	13	11	10	5
ENSG00000248918		intergenic	.	1	17	17.0	0.0292	0.0222	297	15	14	12	7	1
ENSG00000290757	CTSL3P	intergenic	.	1	19	19.0	0.0294	0.0238	194	17	15	14	1	0
ENSG00000310320		intergenic	.	1	18	18.0	0.0296	0.0276	165	16	15	10	5	0
ENSG00000307638		intergenic	.	1	18	18.0	0.0296	0.0209	368	15	14	12	8	0
ENSG00000293114		intergenic	.	1	18	18.0	0.0296	0.0212	406	16	14	12	8	1
ENSG00000308675		intergenic	.	1	18	18.0	0.0297	0.0201	182	16	15	11	9	0
ENSG00000293168		intergenic	.	1	17	17.0	0.0298	0.0246	243	16	12	12	6	0
ENSG00000301010		intergenic	.	1	18	18.0	0.0299	0.0248	168	16	15	12	2	0
ENSG00000290978		intergenic	.	1	18	18.0	0.03	0.022	161	15	14	13	4	0
ENSG00000297705		intergenic	.	1	18	18.0	0.03	0.025	448	15	13	12	6	2
ENSG00000307285		intergenic	.	1	18	18.0	0.0302	0.0256	288	14	14	13	7	1
ENSG00000295312		intergenic	.	1	18	18.0	0.0303	0.0302	128	18	18	8	1	0
ENSG00000297856		intergenic	.	1	18	18.0	0.0304	0.0248	368	15	15	12	5	1
ENSG00000287289		intergenic	.	1	18	18.0	0.0305	0.0232	408	16	16	12	6	0
ENSG00000305955	KMT2CP1	intergenic	.	1	18	18.0	0.0306	0.0274	165	16	16	11	2	0
ENSG00000294793		intergenic	.	1	18	18.0	0.0306	0.0185	328	14	12	12	9	2
ENSG00000231814	LINC00210	intergenic	.	1	17	17.0	0.0306	0.0246	328	14	13	10	7	0
ENSG00000290702		intergenic	.	1	17	17.0	0.0307	0.0228	168	14	14	10	8	0
ENSG00000204876		intergenic	.	1	18	18.0	0.0307	0.0238	1128	14	13	13	7	1
ENSG00000308184		intergenic	.	1	17	17.0	0.0307	0.0228	236	16	13	12	5	1
ENSG00000227115	LINC01630	intergenic	.	1	17	17.0	0.0307	0.0261	688	14	14	11	5	1
ENSG00000305272		intergenic	.	1	18	18.0	0.0308	0.0179	303	15	14	12	11	0
ENSG00000304379		intergenic	.	1	19	19.0	0.031	0.0223	288	15	14	12	9	1
ENSG00000303219		intergenic	.	1	17	17.0	0.0313	0.0197	175	14	14	14	12	0
ENSG00000261770		intergenic	.	1	18	18.0	0.0313	0.0283	128	17	15	10	0	0
ENSG00000257860	C12orf42-AS1	intergenic	.	1	17	17.0	0.0313	0.0114	488	12	12	12	10	8
ENSG00000223726		intergenic	.	1	18	18.0	0.0315	0.0241	128	17	15	11	0	0
ENSG00000301642		intergenic	.	1	18	18.0	0.0317	0.0274	211	15	11	9	7	0
ENSG00000287178		intergenic	.	1	18	18.0	0.0319	0.0264	168	16	14	12	2	0
ENSG00000293193		intergenic	.	1	19	19.0	0.032	0.0271	209	17	14	11	2	0
ENSG00000274265		intergenic	.	1	19	19.0	0.032	0.0239	328	16	13	11	6	2
ENSG00000256362	LINC02375	intergenic	.	1	17	17.0	0.0325	0.0282	144	15	14	11	1	0
ENSG00000308057		intergenic	.	1	17	17.0	0.0326	0.0262	248	14	13	11	4	0
ENSG00000226954		intergenic	.	1	17	17.0	0.0326	0.0282	568	13	13	11	5	1
ENSG00000233730	LINC01765	intergenic	.	1	17	17.0	0.0326	0.0227	248	15	11	9	6	1
ENSG00000304756		intergenic	.	1	19	19.0	0.0327	0.0302	132	18	17	9	0	0
ENSG00000296619		intergenic	.	1	17	17.0	0.0328	0.0216	248	13	12	10	8	1
ENSG00000233082		intergenic	.	1	17	17.0	0.0329	0.0314	121	16	14	5	2	0
ENSG00000298856		intergenic	.	1	19	19.0	0.0329	0.0238	216	15	15	13	7	0
ENSG00000295089		intergenic	.	1	17	17.0	0.0331	0.018	271	13	12	11	10	2
ENSG00000233290		intergenic	.	1	18	18.0	0.0331	0.0326	128	16	16	8	3	0
ENSG00000307978		intergenic	.	1	17	17.0	0.0332	0.0234	368	14	13	11	8	0
ENSG00000290972		intergenic	.	1	18	18.0	0.0334	0.0274	143	15	15	10	1	0
ENSG00000308439		intergenic	.	1	17	17.0	0.0335	0.0253	168	14	13	12	2	0
ENSG00000232413		intergenic	.	1	18	18.0	0.0335	0.028	128	15	15	9	1	0
ENSG00000295970		intergenic	.	1	17	17.0	0.0335	0.0294	168	15	12	10	0	0
ENSG00000298941		intergenic	.	1	17	17.0	0.0336	0.0322	131	16	15	6	0	0
ENSG00000291222		intergenic	.	1	17	17.0	0.034	0.0231	208	13	13	12	7	0
ENSG00000291189		intergenic	.	1	18	18.0	0.0341	0.0286	156	16	14	11	0	0
ENSG00000289328		intergenic	.	1	19	19.0	0.0342	0.0318	128	19	15	6	0	0
ENSG00000304775		intergenic	.	1	19	19.0	0.0342	0.0299	168	16	15	10	1	0
ENSG00000306251		intergenic	.	1	17	17.0	0.0342	0.029	168	13	13	9	1	0
ENSG00000253230	MIR124-1HG	intergenic	.	1	17	17.0	0.0343	0.0241	207	13	11	10	5	0
ENSG00000233593	LINC02609	intergenic	.	1	18	18.0	0.0343	0.0278	336	15	13	10	0	0
ENSG00000290655		intergenic	.	1	17	17.0	0.0343	0.0299	150	15	12	9	0	0
ENSG00000253688		intergenic	.	1	19	19.0	0.0344	0.0241	139	16	15	11	5	0
ENSG00000296592		intergenic	.	1	17	17.0	0.0344	0.0173	448	12	12	10	9	2
ENSG00000275481		intergenic	.	1	17	17.0	0.0345	0.0243	368	12	10	10	7	1
ENSG00000304180		intergenic	.	1	17	17.0	0.0346	0.0349	244	14	11	7	3	0
ENSG00000308054		intergenic	.	1	17	17.0	0.0354	0.0177	328	13	11	11	10	0
ENSG00000308710		intergenic	.	1	17	17.0	0.0355	0.0322	208	13	12	8	4	0
ENSG00000296524	NCF1C	intergenic	.	1	17	17.0	0.0359	0.0252	248	13	10	10	6	1
ENSG00000306168		intergenic	.	1	18	18.0	0.0361	0.0262	168	13	11	10	0	0
ENSG00000298794		intergenic	.	1	17	17.0	0.0362	0.0296	128	15	12	10	0	0
ENSG00000223944		intergenic	.	1	18	18.0	0.0364	0.0288	128	15	14	10	0	0
ENSG00000251391		intergenic	.	1	18	18.0	0.0365	0.0259	142	13	13	12	2	0
ENSG00000286281		intergenic	.	1	18	18.0	0.0368	0.0417	387	15	8	7	3	1
ENSG00000306229		intergenic	.	1	17	17.0	0.0369	0.0276	328	13	12	10	2	1
ENSG00000309891		intergenic	.	1	17	17.0	0.0371	0.0188	168	10	10	10	9	0
ENSG00000234546	LNCTAM34A	intergenic	.	1	18	18.0	0.0376	0.026	225	13	13	11	5	0
ENSG00000307615		intergenic	.	1	17	17.0	0.0378	0.0277	203	13	12	9	4	0
ENSG00000297577		intergenic	.	1	18	18.0	0.0378	0.0351	248	13	10	8	8	1
ENSG00000290809		intergenic	.	1	17	17.0	0.038	0.0337	128	14	11	5	0	0
ENSG00000229307		intergenic	.	1	18	18.0	0.0385	0.0274	128	14	14	12	1	0
ENSG00000302834		intergenic	.	1	17	17.0	0.0386	0.0379	230	15	10	4	1	0
ENSG00000273244		intergenic	.	1	18	18.0	0.0387	0.0318	129	14	13	8	1	0
ENSG00000267723		intergenic	.	1	17	17.0	0.0389	0.0319	128	13	13	8	0	0
ENSG00000290926	LINC03006	intergenic	.	1	17	17.0	0.0393	0.035	230	11	11	6	3	0
ENSG00000254401		intergenic	.	1	19	19.0	0.0398	0.0407	208	17	8	4	0	0
ENSG00000294066		intergenic	.	1	17	17.0	0.0398	0.0263	255	12	12	11	5	1
ENSG00000308795		intergenic	.	1	18	18.0	0.04	0.0222	368	12	11	10	7	1
ENSG00000240423	LINC00636	intergenic	.	1	18	18.0	0.0401	0.0319	435	13	11	9	3	0
ENSG00000291266	SMG1P5	intergenic	.	1	17	17.0	0.0403	0.0393	127	14	9	3	0	0
ENSG00000291109	CES1P1	intergenic	.	1	17	17.0	0.0408	0.032	140	14	10	7	0	0
ENSG00000303605		intergenic	.	1	18	18.0	0.041	0.0412	323	14	7	4	1	1
ENSG00000260804	LINC01963	intergenic	.	1	18	18.0	0.0416	0.0302	248	12	11	9	2	0
ENSG00000298223		intergenic	.	1	19	19.0	0.0417	0.0357	208	13	10	4	1	0
ENSG00000291204		intergenic	.	1	17	17.0	0.0421	0.0349	156	13	13	2	1	0
ENSG00000294017		intergenic	.	1	17	17.0	0.0423	0.0339	285	14	12	6	1	0
ENSG00000205086	LINC02898	intergenic	.	1	18	18.0	0.0424	0.0273	208	11	11	9	7	0
ENSG00000309236		intergenic	.	1	18	18.0	0.0427	0.0372	148	15	11	4	1	0
ENSG00000233723	LINC01122	intergenic	.	1	18	18.0	0.0433	0.0351	128	12	11	4	0	0
ENSG00000295683		intergenic	.	1	17	17.0	0.0434	0.0435	156	10	6	4	0	0
ENSG00000303496		intergenic	.	1	17	17.0	0.0435	0.0354	264	10	10	7	1	0
ENSG00000290743		intergenic	.	1	17	17.0	0.044	0.0367	128	13	10	2	0	0
ENSG00000225708		intergenic	.	1	17	17.0	0.0442	0.0385	248	12	9	7	4	1
ENSG00000289123		intergenic	.	1	17	17.0	0.0445	0.032	968	9	9	8	3	1
ENSG00000285611		intergenic	.	1	18	18.0	0.0451	0.0448	128	18	0	0	0	0
ENSG00000297292		intergenic	.	1	18	18.0	0.0457	0.0277	168	12	12	10	3	0
ENSG00000233920		intergenic	.	1	17	17.0	0.0457	0.0381	328	10	9	8	4	0
ENSG00000300787		intergenic	.	1	18	18.0	0.0469	0.0486	208	10	8	6	1	0
ENSG00000310515		intergenic	.	1	18	18.0	0.0473	0.042	168	12	8	2	1	0
ENSG00000310440		intergenic	.	1	17	17.0	0.0475	0.0431	208	12	6	1	1	0
ENSG00000302523		intergenic	.	1	19	19.0	0.0485	0.0448	208	13	7	2	1	0
ENSG00000236908	LINC02827	intergenic	.	1	17	17.0	0.0495	0.0524	408	8	7	5	1	1
ENSG00000306420		intergenic	.	1	17	17.0	0.0496	0.042	163	10	8	5	1	0
ENSG00000308386		intergenic	.	1	17	17.0	0.0496	0.0454	236	11	1	0	0	0
ENSG00000284623	LINC02786	intergenic	.	1	18	18.0	0.0502	0.0356	183	12	10	7	1	0
ENSG00000305567		intergenic	.	1	17	17.0	0.0504	0.0359	179	10	10	8	7	0
ENSG00000291198		intergenic	.	1	18	18.0	0.0511	0.0503	168	9	2	1	1	0
ENSG00000261807	LINC02141	intergenic	.	1	17	17.0	0.052	0.0433	528	11	6	2	1	1
ENSG00000284430		intergenic	.	1	17	17.0	0.0529	0.0508	514	8	5	2	2	1
ENSG00000258038		intergenic	.	1	17	17.0	0.0547	0.0521	175	8	7	4	1	0
ENSG00000295937		intergenic	.	1	17	17.0	0.055	0.0552	120	7	4	1	0	0
ENSG00000302517		intergenic	.	1	19	19.0	0.0554	0.0551	120	9	4	0	0	0
ENSG00000279151		intergenic	.	1	17	17.0	0.0556	0.0568	140	7	4	1	1	0
ENSG00000280953	LINC01163	intergenic	.	1	17	17.0	0.0558	0.0512	206	8	7	0	0	0
ENSG00000301262		intergenic	.	1	17	17.0	0.0565	0.0575	185	7	3	1	1	0
ENSG00000296808		intergenic	.	1	19	19.0	0.0571	0.0568	120	7	3	0	0	0
ENSG00000303968		intergenic	.	1	17	17.0	0.0586	0.0602	288	5	4	2	0	0
ENSG00000174407	MIR1-1HG	intergenic	.	1	17	17.0	0.0592	0.0565	208	6	1	1	1	0
ENSG00000286258		intergenic	.	1	18	18.0	0.0658	0.0645	128	4	2	0	0	0
ENSG00000294970		intergenic	.	1	17	17.0	0.0696	0.0732	124	1	1	1	1	0
ENSG00000283095		intergenic	.	1	17	17.0	0.0751	0.071	270	1	1	0	0	0
ENSG00000259826	CDK13-DT	near_coding_5kb	.	1	17	17.0	0.007	0.0053	1008	17	17	17	16	14
ENSG00000302140		near_coding_5kb	.	1	19	19.0	0.0081	0.0075	568	19	19	19	19	16
ENSG00000295236		near_coding_5kb	.	1	18	18.0	0.0085	0.0064	568	18	18	18	17	13
ENSG00000277837		near_coding_5kb	.	1	18	18.0	0.009	0.0086	528	18	18	18	18	15
ENSG00000289111		near_coding_5kb	.	1	19	19.0	0.0102	0.0053	728	18	18	18	17	13
ENSG00000289296		near_coding_5kb	.	1	19	19.0	0.0103	0.0098	328	19	19	19	18	11
ENSG00000310004		near_coding_5kb	.	2	18	17.5	0.0107	0.0081	379	18	18	18	16	11
ENSG00000268471	MIR4453HG	near_coding_5kb	.	1	19	19.0	0.0108	0.0061	768	19	18	18	16	14
ENSG00000221949	LINC01465	near_coding_5kb	.	1	19	19.0	0.0111	0.0069	768	19	18	18	16	12
ENSG00000289159		near_coding_5kb	.	2	18	17.5	0.0112	0.0069	608	18	18	16	16	11
ENSG00000303054		near_coding_5kb	.	1	18	18.0	0.0113	0.009	315	18	18	18	16	13
ENSG00000291121		near_coding_5kb	.	1	19	19.0	0.0115	0.0106	509	19	19	19	19	9
ENSG00000293556		near_coding_5kb	.	2	18	18.0	0.0115	0.0105	323	18	18	18	17	7
ENSG00000304197		near_coding_5kb	.	2	19	18.5	0.0115	0.0115	201	19	19	19	19	0
ENSG00000270177	PPP2CA-DT	near_coding_5kb	.	1	19	19.0	0.0116	0.008	968	19	18	17	17	15
ENSG00000275180		near_coding_5kb	.	1	19	19.0	0.0116	0.0062	688	18	18	18	18	16
ENSG00000291152	SBDSP1	near_coding_5kb	.	1	19	19.0	0.0117	0.0108	368	19	19	19	19	5
ENSG00000288779		near_coding_5kb	.	1	19	19.0	0.012	0.0068	808	19	19	16	16	13
ENSG00000285967	NIPBL-DT	near_coding_5kb	.	1	18	18.0	0.0121	0.0055	846	17	16	16	15	15
ENSG00000278921	EPB41L4A-DT	near_coding_5kb	.	1	18	18.0	0.0123	0.0106	488	18	18	18	15	8
ENSG00000294927		near_coding_5kb	.	1	19	19.0	0.0126	0.0125	488	19	19	19	18	6
ENSG00000273015		near_coding_5kb	.	1	19	19.0	0.0126	0.008	768	18	18	18	15	11
ENSG00000289501		near_coding_5kb	.	1	18	18.0	0.0134	0.0042	1008	16	15	15	15	14
ENSG00000255931		near_coding_5kb	.	1	17	17.0	0.0142	0.0125	226	17	17	16	16	1
ENSG00000288879		near_coding_5kb	.	1	17	17.0	0.0143	0.0096	568	16	16	16	15	9
ENSG00000213888		near_coding_5kb	.	1	17	17.0	0.0145	0.0082	568	17	16	14	14	11
ENSG00000288940		near_coding_5kb	.	1	18	18.0	0.0147	0.009	408	18	17	17	13	10
ENSG00000237753	SLC20A1-DT	near_coding_5kb	.	1	17	17.0	0.0147	0.0068	649	15	15	15	15	10
ENSG00000297852		near_coding_5kb	.	1	19	19.0	0.0147	0.0081	808	18	17	15	15	12
ENSG00000294681		near_coding_5kb	.	1	19	19.0	0.0147	0.0137	288	19	19	18	16	5
ENSG00000301667		near_coding_5kb	.	1	18	18.0	0.0147	0.0144	170	18	18	18	18	0
ENSG00000250220		near_coding_5kb	.	1	18	18.0	0.0148	0.0122	288	18	18	17	15	3
ENSG00000227896		near_coding_5kb	.	1	19	19.0	0.015	0.0126	328	19	19	19	14	1
ENSG00000291281	COL6A4P1	near_coding_5kb	.	2	17	17.0	0.0155	0.0118	444	17	17	15	12	7
ENSG00000293510	AFG3L1P	near_coding_5kb	.	2	17	17.0	0.0156	0.0137	768	17	17	16	14	2
ENSG00000261168		near_coding_5kb	.	1	17	17.0	0.0157	0.0118	568	17	16	15	13	6
ENSG00000300174		near_coding_5kb	.	1	17	17.0	0.0158	0.0159	188	17	17	17	16	0
ENSG00000296951		near_coding_5kb	.	1	18	18.0	0.0158	0.0122	292	18	18	17	15	1
ENSG00000289848		near_coding_5kb	.	2	18	17.5	0.0159	0.0084	448	16	15	15	14	12
ENSG00000289155		near_coding_5kb	.	1	19	19.0	0.016	0.0127	568	19	19	15	14	7
ENSG00000293464		near_coding_5kb	.	1	19	19.0	0.016	0.011	528	18	18	17	16	9
ENSG00000290705		near_coding_5kb	.	1	17	17.0	0.0162	0.0157	197	17	17	17	14	0
ENSG00000307366		near_coding_5kb	.	1	18	18.0	0.0162	0.0134	248	18	18	16	15	0
ENSG00000289198		near_coding_5kb	.	1	18	18.0	0.0164	0.0125	288	17	17	17	14	3
ENSG00000233429	HOTAIRM1	near_coding_5kb	.	1	19	19.0	0.0165	0.0151	208	19	19	19	16	0
ENSG00000302923		near_coding_5kb	.	2	17	17.0	0.0168	0.0125	528	16	16	15	14	6
ENSG00000272043		near_coding_5kb	.	1	18	18.0	0.0168	0.0111	608	17	16	15	15	8
ENSG00000301977		near_coding_5kb	.	1	19	19.0	0.0169	0.0105	528	19	18	14	14	8
ENSG00000229108	LINC02587	near_coding_5kb	.	1	18	18.0	0.017	0.0144	187	18	18	17	14	0
ENSG00000229582		near_coding_5kb	.	1	19	19.0	0.0173	0.0076	608	18	16	15	14	11
ENSG00000293351		near_coding_5kb	.	1	17	17.0	0.0175	0.0136	208	17	17	16	13	0
ENSG00000308378		near_coding_5kb	.	1	19	19.0	0.0175	0.0073	488	17	15	15	15	10
ENSG00000297204		near_coding_5kb	.	1	19	19.0	0.0176	0.012	408	19	17	16	14	1
ENSG00000285205	GSC-DT	near_coding_5kb	.	2	18	17.5	0.0176	0.013	328	17	17	16	15	1
ENSG00000297359		near_coding_5kb	.	1	19	19.0	0.0177	0.0163	195	19	19	19	15	0
ENSG00000270141	TERC	near_coding_5kb	.	1	17	17.0	0.0177	0.0097	288	15	15	15	15	11
ENSG00000197322	TMEM132E-DT	near_coding_5kb	.	1	19	19.0	0.0177	0.0096	448	18	17	14	14	11
ENSG00000309217		near_coding_5kb	.	1	19	19.0	0.0179	0.0156	448	18	18	17	12	6
ENSG00000289841		near_coding_5kb	.	1	17	17.0	0.0181	0.0196	608	17	17	15	9	4
ENSG00000287306		near_coding_5kb	.	1	18	18.0	0.0181	0.0161	248	18	17	17	15	0
ENSG00000293507	FBXL9P	near_coding_5kb	.	2	18	17.5	0.0183	0.0133	249	17	16	16	15	0
ENSG00000307172		near_coding_5kb	.	1	18	18.0	0.0184	0.0138	968	17	16	15	12	6
ENSG00000304436		near_coding_5kb	.	1	18	18.0	0.0184	0.016	248	18	18	15	14	1
ENSG00000286493		near_coding_5kb	.	1	17	17.0	0.0185	0.0125	274	16	16	15	12	1
ENSG00000240790	SND1-DT	near_coding_5kb	.	1	18	18.0	0.0186	0.0148	253	17	17	16	15	1
ENSG00000295113		near_coding_5kb	.	1	18	18.0	0.0186	0.0175	168	18	18	18	13	0
ENSG00000268388	FENDRR	near_coding_5kb	.	1	19	19.0	0.0188	0.0106	298	18	16	16	16	6
ENSG00000227128	LBX1-AS1	near_coding_5kb	.	1	19	19.0	0.0188	0.0139	448	19	18	14	12	6
ENSG00000310313		near_coding_5kb	.	1	17	17.0	0.019	0.0131	248	16	15	14	13	1
ENSG00000288728		near_coding_5kb	.	1	18	18.0	0.0192	0.019	648	18	17	14	10	5
ENSG00000289903		near_coding_5kb	.	1	19	19.0	0.0194	0.0089	608	17	17	14	13	10
ENSG00000294904		near_coding_5kb	.	1	19	19.0	0.0194	0.0095	728	17	16	15	13	12
ENSG00000261437		near_coding_5kb	.	1	17	17.0	0.0196	0.0154	328	17	15	15	11	1
ENSG00000296659		near_coding_5kb	.	1	19	19.0	0.0196	0.0148	215	19	16	16	16	0
ENSG00000274536	MIR223HG	near_coding_5kb	.	1	17	17.0	0.0197	0.0152	244	16	16	14	13	1
ENSG00000266402	SNHG25	near_coding_5kb	.	1	18	18.0	0.0198	0.0155	481	17	16	15	14	1
ENSG00000277969		near_coding_5kb	.	1	17	17.0	0.0199	0.0112	608	16	15	13	11	7
ENSG00000307974		near_coding_5kb	.	1	19	19.0	0.0199	0.0163	368	19	19	17	11	4
ENSG00000307399		near_coding_5kb	.	1	17	17.0	0.02	0.0128	448	16	15	15	13	6
ENSG00000293645		near_coding_5kb	.	1	17	17.0	0.0201	0.0104	408	16	13	13	13	7
ENSG00000302794		near_coding_5kb	.	1	17	17.0	0.0205	0.0161	488	17	15	14	10	1
ENSG00000271387	C1orf21-DT	near_coding_5kb	.	1	19	19.0	0.0205	0.0148	488	19	18	14	11	4
ENSG00000302977		near_coding_5kb	.	1	17	17.0	0.0205	0.0177	328	16	16	14	11	2
ENSG00000308452		near_coding_5kb	.	1	19	19.0	0.0214	0.0123	368	16	16	15	14	6
ENSG00000249669	CARMN	near_coding_5kb	.	1	17	17.0	0.0215	0.0201	157	17	17	16	7	0
ENSG00000293311	SMPD4BP	near_coding_5kb	.	2	19	18.5	0.0215	0.0192	288	19	18	17	13	1
ENSG00000288877		near_coding_5kb	.	1	17	17.0	0.0217	0.0124	368	15	14	14	14	1
ENSG00000271398		near_coding_5kb	.	1	19	19.0	0.0217	0.0136	288	16	16	16	16	1
ENSG00000234432	LINC02983	near_coding_5kb	.	1	19	19.0	0.0219	0.013	1328	16	16	16	12	8
ENSG00000249725		near_coding_5kb	.	1	17	17.0	0.022	0.0103	483	15	14	13	12	8
ENSG00000285667		near_coding_5kb	.	1	17	17.0	0.0221	0.0158	396	15	15	15	10	3
ENSG00000289196		near_coding_5kb	.	1	19	19.0	0.0223	0.017	328	18	18	17	12	1
ENSG00000296830		near_coding_5kb	.	1	17	17.0	0.0223	0.0135	489	15	14	14	10	7
ENSG00000273329		near_coding_5kb	.	1	19	19.0	0.0223	0.0192	234	19	18	16	12	0
ENSG00000288812		near_coding_5kb	.	1	19	19.0	0.0224	0.0168	328	18	17	14	11	4
ENSG00000247400	DNAJC3-DT	near_coding_5kb	.	1	18	18.0	0.0224	0.0188	284	18	16	15	10	1
ENSG00000300775		near_coding_5kb	.	1	18	18.0	0.0225	0.0183	368	18	16	14	10	1
ENSG00000295170		near_coding_5kb	.	1	17	17.0	0.0226	0.016	488	15	15	14	11	2
ENSG00000306045		near_coding_5kb	.	1	19	19.0	0.0226	0.0124	208	17	15	14	13	0
ENSG00000306928		near_coding_5kb	.	1	18	18.0	0.0226	0.016	310	17	15	15	14	1
ENSG00000289347		near_coding_5kb	.	1	17	17.0	0.0228	0.0129	368	14	13	13	13	5
ENSG00000309206		near_coding_5kb	.	1	17	17.0	0.0229	0.016	448	15	13	13	12	5
ENSG00000291085	TMEM191A	near_coding_5kb	.	1	17	17.0	0.0229	0.0207	391	16	16	15	8	1
ENSG00000267405		near_coding_5kb	.	1	17	17.0	0.0229	0.0135	448	14	14	13	12	4
ENSG00000299940		near_coding_5kb	.	1	19	19.0	0.023	0.0187	311	19	18	12	10	1
ENSG00000289057		near_coding_5kb	.	1	19	19.0	0.023	0.0114	328	16	14	13	12	7
ENSG00000297299		near_coding_5kb	.	1	19	19.0	0.023	0.0264	768	18	16	13	9	7
ENSG00000306718		near_coding_5kb	.	1	18	18.0	0.0231	0.0242	122	18	18	18	4	0
ENSG00000310102		near_coding_5kb	.	1	17	17.0	0.0232	0.014	291	15	15	13	12	1
ENSG00000296642		near_coding_5kb	.	1	19	19.0	0.0232	0.0174	201	18	16	16	14	0
ENSG00000268066	FMR1-AS1	near_coding_5kb	.	1	17	17.0	0.0233	0.0182	358	15	15	14	11	1
ENSG00000253308		near_coding_5kb	.	1	17	17.0	0.0234	0.0137	408	15	15	14	11	1
ENSG00000290108		near_coding_5kb	.	1	17	17.0	0.0235	0.0163	248	16	14	13	11	0
ENSG00000289318		near_coding_5kb	.	1	17	17.0	0.0235	0.0214	128	17	17	13	5	0
ENSG00000273209		near_coding_5kb	.	2	19	18.5	0.0236	0.0158	368	15	15	15	13	1
ENSG00000248514		near_coding_5kb	.	1	17	17.0	0.0236	0.0196	248	16	16	13	9	1
ENSG00000233775		near_coding_5kb	.	1	19	19.0	0.0237	0.0156	509	18	17	13	11	1
ENSG00000307176		near_coding_5kb	.	1	17	17.0	0.0238	0.016	208	14	14	13	13	0
ENSG00000236536		near_coding_5kb	.	1	18	18.0	0.0238	0.0138	267	14	14	14	14	1
ENSG00000298243		near_coding_5kb	.	1	17	17.0	0.0239	0.0195	568	16	16	12	9	1
ENSG00000287891		near_coding_5kb	.	1	17	17.0	0.024	0.0205	217	16	16	13	6	1
ENSG00000293457	PTPRVP	near_coding_5kb	.	1	18	18.0	0.024	0.0218	419	17	15	13	9	3
ENSG00000288926		near_coding_5kb	.	1	18	18.0	0.024	0.021	330	18	17	13	8	1
ENSG00000302458		near_coding_5kb	.	1	17	17.0	0.0241	0.0193	220	15	15	14	9	0
ENSG00000260651		near_coding_5kb	.	1	17	17.0	0.0242	0.0199	328	16	16	14	9	2
ENSG00000306436		near_coding_5kb	.	1	17	17.0	0.0242	0.0192	183	16	16	14	9	0
ENSG00000293420		near_coding_5kb	.	2	18	17.5	0.0244	0.0178	485	17	17	13	9	1
ENSG00000307596		near_coding_5kb	.	1	19	19.0	0.0245	0.0157	208	17	17	16	15	0
ENSG00000297847		near_coding_5kb	.	1	18	18.0	0.0246	0.0179	358	18	14	11	10	1
ENSG00000276436		near_coding_5kb	.	1	18	18.0	0.0247	0.021	248	17	15	14	9	0
ENSG00000254473		near_coding_5kb	.	1	18	18.0	0.0249	0.0183	361	15	15	13	12	1
ENSG00000301883		near_coding_5kb	.	1	19	19.0	0.0251	0.0217	248	18	17	13	9	1
ENSG00000272711	HK2-DT	near_coding_5kb	.	1	19	19.0	0.0251	0.0171	608	16	16	16	15	1
ENSG00000182165	TP53TG1	near_coding_5kb	.	1	17	17.0	0.0253	0.0216	344	16	16	13	7	1
ENSG00000288765		near_coding_5kb	.	1	18	18.0	0.0253	0.0262	184	18	18	13	6	0
ENSG00000303061		near_coding_5kb	.	1	17	17.0	0.0255	0.0154	448	14	14	14	11	3
ENSG00000272763	LINC03057	near_coding_5kb	.	1	18	18.0	0.0256	0.018	248	16	15	12	10	0
ENSG00000296011		near_coding_5kb	.	1	17	17.0	0.0256	0.0216	248	15	13	13	6	0
ENSG00000289602		near_coding_5kb	.	1	18	18.0	0.0257	0.0258	368	17	16	13	8	2
ENSG00000270182		near_coding_5kb	.	1	17	17.0	0.0257	0.0143	328	15	13	12	10	0
ENSG00000299646		near_coding_5kb	.	1	17	17.0	0.026	0.0213	165	16	16	14	5	0
ENSG00000272092		near_coding_5kb	.	1	18	18.0	0.026	0.0204	608	15	15	15	9	1
ENSG00000295421		near_coding_5kb	.	1	19	19.0	0.026	0.0197	216	18	16	15	10	1
ENSG00000222033	LINC01124	near_coding_5kb	.	1	19	19.0	0.026	0.0196	728	18	16	11	10	2
ENSG00000288804		near_coding_5kb	.	1	18	18.0	0.0262	0.0227	288	16	16	12	7	1
ENSG00000229272	LINC03036	near_coding_5kb	.	1	18	18.0	0.0264	0.0232	132	18	16	14	1	0
ENSG00000273356	LINC02019	near_coding_5kb	.	1	17	17.0	0.0264	0.0165	288	14	14	14	11	1
ENSG00000305727		near_coding_5kb	.	1	17	17.0	0.0264	0.013	208	14	14	14	14	0
ENSG00000297171		near_coding_5kb	.	1	18	18.0	0.0265	0.0166	208	15	15	14	13	0
ENSG00000300316		near_coding_5kb	.	1	18	18.0	0.0266	0.0258	168	18	17	12	4	0
ENSG00000308413		near_coding_5kb	.	1	18	18.0	0.0267	0.0258	288	18	17	11	6	0
ENSG00000299103		near_coding_5kb	.	1	17	17.0	0.0269	0.0307	283	17	15	7	7	2
ENSG00000308729		near_coding_5kb	.	1	19	19.0	0.0272	0.0188	226	16	16	15	10	0
ENSG00000296989		near_coding_5kb	.	1	18	18.0	0.0272	0.0198	288	15	15	13	10	0
ENSG00000237877	LINC01473	near_coding_5kb	.	1	18	18.0	0.0273	0.0206	283	16	13	12	9	1
ENSG00000293473	CENPBD1P	near_coding_5kb	.	1	18	18.0	0.0274	0.0266	528	18	16	9	7	1
ENSG00000300682		near_coding_5kb	.	1	17	17.0	0.0274	0.024	288	16	16	13	5	0
ENSG00000304480		near_coding_5kb	.	1	17	17.0	0.0276	0.0282	488	16	15	10	4	1
ENSG00000232732		near_coding_5kb	.	1	18	18.0	0.0276	0.0227	168	17	16	13	2	0
ENSG00000293482		near_coding_5kb	.	1	17	17.0	0.0276	0.0206	485	15	13	13	8	1
ENSG00000297267		near_coding_5kb	.	1	18	18.0	0.0277	0.0238	221	17	15	14	6	0
ENSG00000289544		near_coding_5kb	.	1	17	17.0	0.0281	0.021	248	16	12	10	8	1
ENSG00000296320		near_coding_5kb	.	2	17	17.0	0.0281	0.02	368	14	14	14	9	1
ENSG00000271931	PNRC1-DT	near_coding_5kb	.	1	19	19.0	0.0281	0.0196	248	16	15	15	11	1
ENSG00000299814		near_coding_5kb	.	1	17	17.0	0.0285	0.022	288	16	14	12	6	1
ENSG00000243593	LINC02049	near_coding_5kb	.	1	17	17.0	0.0285	0.025	208	15	14	13	3	0
ENSG00000257084	MIR200CHG	near_coding_5kb	.	1	17	17.0	0.0286	0.0216	488	15	14	11	8	1
ENSG00000306693		near_coding_5kb	.	1	19	19.0	0.0286	0.0158	248	15	15	13	11	1
ENSG00000294934		near_coding_5kb	.	1	18	18.0	0.0292	0.0236	328	15	15	14	7	1
ENSG00000290861	KRT42P	near_coding_5kb	.	1	17	17.0	0.0294	0.0266	162	16	16	14	1	0
ENSG00000302654		near_coding_5kb	.	1	17	17.0	0.0296	0.0148	378	12	12	12	11	3
ENSG00000300712		near_coding_5kb	.	1	17	17.0	0.0296	0.0226	248	14	14	11	5	0
ENSG00000288741		near_coding_5kb	.	1	17	17.0	0.0297	0.0291	248	16	15	9	2	0
ENSG00000308462		near_coding_5kb	.	1	19	19.0	0.0298	0.0135	359	13	13	13	13	3
ENSG00000263146		near_coding_5kb	.	1	18	18.0	0.0298	0.0222	448	14	14	14	5	1
ENSG00000303292		near_coding_5kb	.	1	19	19.0	0.0299	0.0207	528	15	15	12	8	1
ENSG00000289560		near_coding_5kb	.	1	18	18.0	0.0299	0.034	768	16	10	8	6	6
ENSG00000296190		near_coding_5kb	.	1	18	18.0	0.03	0.0317	248	18	17	7	3	0
ENSG00000308499	CCEPR	near_coding_5kb	.	1	18	18.0	0.03	0.0199	288	15	14	13	9	1
ENSG00000289498		near_coding_5kb	.	1	18	18.0	0.0301	0.0236	168	17	13	13	2	0
ENSG00000289110		near_coding_5kb	.	1	18	18.0	0.0302	0.0278	408	16	15	13	3	1
ENSG00000286382		near_coding_5kb	.	1	17	17.0	0.0302	0.0235	288	15	15	13	7	1
ENSG00000298765		near_coding_5kb	.	1	17	17.0	0.0303	0.0235	164	15	14	12	4	0
ENSG00000300062		near_coding_5kb	.	1	17	17.0	0.0304	0.0153	356	13	12	10	10	0
ENSG00000263884		near_coding_5kb	.	1	17	17.0	0.0305	0.0182	368	14	12	12	11	1
ENSG00000289896		near_coding_5kb	.	1	17	17.0	0.0306	0.0283	248	16	14	11	5	1
ENSG00000305613		near_coding_5kb	.	1	18	18.0	0.0307	0.0278	328	17	14	12	2	1
ENSG00000289324		near_coding_5kb	.	1	17	17.0	0.0307	0.0227	208	15	14	11	5	0
ENSG00000231473	RB1-DT	near_coding_5kb	.	1	19	19.0	0.0307	0.0258	187	16	15	10	4	0
ENSG00000226172		near_coding_5kb	.	1	18	18.0	0.0308	0.0207	247	14	13	13	8	1
ENSG00000287812		near_coding_5kb	.	2	18	18.0	0.0309	0.0162	290	14	13	13	11	1
ENSG00000277453		near_coding_5kb	.	1	17	17.0	0.031	0.0162	408	13	12	12	10	1
ENSG00000298878		near_coding_5kb	.	1	19	19.0	0.0312	0.0235	175	16	14	13	2	0
ENSG00000306006		near_coding_5kb	.	1	19	19.0	0.0313	0.024	168	17	14	11	3	0
ENSG00000289421		near_coding_5kb	.	1	17	17.0	0.0315	0.0333	331	17	15	7	1	1
ENSG00000250899		near_coding_5kb	.	1	18	18.0	0.0316	0.0233	528	15	13	10	8	1
ENSG00000227477	STK4-DT	near_coding_5kb	.	1	18	18.0	0.0316	0.0276	229	16	13	11	1	0
ENSG00000259439	LINC01833	near_coding_5kb	.	1	19	19.0	0.0318	0.0257	208	16	16	15	5	0
ENSG00000234741	GAS5	near_coding_5kb	.	1	18	18.0	0.032	0.0254	608	15	14	12	4	1
ENSG00000297835		near_coding_5kb	.	1	19	19.0	0.032	0.0267	248	16	15	13	2	0
ENSG00000260572	PPM1L-DT	near_coding_5kb	.	1	19	19.0	0.0321	0.0329	368	18	15	7	2	1
ENSG00000224592	MIR3659HG	near_coding_5kb	.	1	19	19.0	0.0321	0.029	168	15	13	10	5	0
ENSG00000247240		near_coding_5kb	.	1	17	17.0	0.0323	0.0259	448	14	10	9	5	0
ENSG00000257052	PRPF19-DT	near_coding_5kb	.	1	19	19.0	0.0323	0.0262	648	14	14	11	7	1
ENSG00000301399		near_coding_5kb	.	1	17	17.0	0.0324	0.0274	290	15	12	9	1	0
ENSG00000289886		near_coding_5kb	.	1	17	17.0	0.0325	0.0262	408	13	12	9	6	1
ENSG00000309064		near_coding_5kb	.	1	19	19.0	0.0325	0.0268	608	15	14	11	6	3
ENSG00000300806		near_coding_5kb	.	1	17	17.0	0.0326	0.0319	288	15	15	7	2	1
ENSG00000298944		near_coding_5kb	.	1	17	17.0	0.0327	0.0227	248	15	13	9	7	1
ENSG00000306851		near_coding_5kb	.	1	18	18.0	0.0329	0.0242	195	15	13	13	3	0
ENSG00000289589		near_coding_5kb	.	1	19	19.0	0.033	0.0265	242	15	13	12	4	0
ENSG00000302763		near_coding_5kb	.	1	18	18.0	0.033	0.0282	389	16	12	10	3	1
ENSG00000301170		near_coding_5kb	.	1	18	18.0	0.0331	0.0272	608	15	12	9	6	3
ENSG00000297670		near_coding_5kb	.	1	18	18.0	0.0331	0.0286	375	16	14	10	6	1
ENSG00000294051		near_coding_5kb	.	1	18	18.0	0.0332	0.0241	201	15	14	11	4	0
ENSG00000245556		near_coding_5kb	.	1	19	19.0	0.0333	0.028	220	16	14	11	1	0
ENSG00000288568	ZCCHC14-DT	near_coding_5kb	.	1	19	19.0	0.0334	0.0202	528	13	13	12	9	1
ENSG00000307521		near_coding_5kb	.	1	18	18.0	0.0335	0.0104	448	12	12	12	11	9
ENSG00000306205		near_coding_5kb	.	1	17	17.0	0.0335	0.0224	248	13	12	12	8	1
ENSG00000298859		near_coding_5kb	.	1	18	18.0	0.0336	0.0256	168	15	13	10	4	0
ENSG00000289190		near_coding_5kb	.	1	19	19.0	0.0336	0.036	408	17	14	6	3	0
ENSG00000285533	RELA-DT	near_coding_5kb	.	1	18	18.0	0.0336	0.0296	300	14	12	9	2	1
ENSG00000289379		near_coding_5kb	.	1	18	18.0	0.0337	0.0232	288	13	13	11	7	1
ENSG00000290026		near_coding_5kb	.	1	18	18.0	0.0337	0.0348	648	15	12	7	4	2
ENSG00000306684		near_coding_5kb	.	1	19	19.0	0.0337	0.0331	168	18	16	6	1	0
ENSG00000303882		near_coding_5kb	.	1	18	18.0	0.0338	0.0241	199	14	12	10	8	0
ENSG00000294260		near_coding_5kb	.	1	18	18.0	0.034	0.0265	288	14	14	9	7	1
ENSG00000309433		near_coding_5kb	.	1	18	18.0	0.034	0.026	448	12	12	12	8	0
ENSG00000272081	FCHO2-DT	near_coding_5kb	.	1	19	19.0	0.034	0.0199	266	13	11	11	10	0
ENSG00000293627		near_coding_5kb	.	1	18	18.0	0.0342	0.0284	288	16	13	10	3	1
ENSG00000214546		near_coding_5kb	.	1	18	18.0	0.0343	0.026	321	15	14	11	5	1
ENSG00000297987		near_coding_5kb	.	1	17	17.0	0.0343	0.0295	128	15	14	10	0	0
ENSG00000286503		near_coding_5kb	.	1	19	19.0	0.0343	0.0248	180	15	15	14	1	0
ENSG00000302724		near_coding_5kb	.	1	19	19.0	0.0344	0.0181	199	13	13	13	10	0
ENSG00000288814		near_coding_5kb	.	1	17	17.0	0.0344	0.0254	248	14	12	10	2	0
ENSG00000309737		near_coding_5kb	.	1	19	19.0	0.0344	0.0266	218	16	13	11	6	0
ENSG00000301413		near_coding_5kb	.	1	17	17.0	0.0346	0.0277	168	14	12	9	2	0
ENSG00000297564		near_coding_5kb	.	1	19	19.0	0.0349	0.0337	260	16	14	9	1	0
ENSG00000279249	SYNAGE	near_coding_5kb	.	1	18	18.0	0.0349	0.0292	368	14	13	11	7	1
ENSG00000178412		near_coding_5kb	.	1	17	17.0	0.035	0.0328	288	14	14	7	1	0
ENSG00000304056		near_coding_5kb	.	1	18	18.0	0.035	0.0333	288	15	13	7	4	1
ENSG00000295641		near_coding_5kb	.	1	18	18.0	0.0353	0.0217	180	13	12	11	6	0
ENSG00000250326		near_coding_5kb	.	1	19	19.0	0.0353	0.0362	208	18	13	6	1	0
ENSG00000260992	DOCK9-DT	near_coding_5kb	.	1	17	17.0	0.0355	0.0211	528	12	12	10	8	1
ENSG00000258952	SALRNA1	near_coding_5kb	.	1	17	17.0	0.0356	0.025	208	15	14	10	1	0
ENSG00000304945		near_coding_5kb	.	1	18	18.0	0.0358	0.0278	221	14	12	11	1	0
ENSG00000288865		near_coding_5kb	.	1	17	17.0	0.0358	0.0206	248	10	10	9	7	1
ENSG00000255135	EMSY-DT	near_coding_5kb	.	1	19	19.0	0.036	0.0312	306	14	14	8	5	1
ENSG00000289918		near_coding_5kb	.	1	17	17.0	0.0363	0.0352	328	14	11	5	2	1
ENSG00000233230		near_coding_5kb	.	1	19	19.0	0.0364	0.0266	288	14	14	13	9	1
ENSG00000298060		near_coding_5kb	.	1	19	19.0	0.0364	0.034	288	14	11	7	5	1
ENSG00000295897		near_coding_5kb	.	1	17	17.0	0.0365	0.0308	328	13	11	8	3	0
ENSG00000289302		near_coding_5kb	.	1	19	19.0	0.0365	0.0359	240	14	10	8	3	1
ENSG00000287646		near_coding_5kb	.	1	18	18.0	0.0367	0.0285	208	14	14	11	3	0
ENSG00000286585		near_coding_5kb	.	1	18	18.0	0.037	0.0212	449	11	11	11	9	1
ENSG00000307277		near_coding_5kb	.	1	17	17.0	0.0371	0.0333	448	14	11	6	4	1
ENSG00000232028	PRKD3-DT	near_coding_5kb	.	1	18	18.0	0.0373	0.0395	248	15	10	6	1	0
ENSG00000302826		near_coding_5kb	.	1	19	19.0	0.0373	0.0304	208	16	14	7	2	0
ENSG00000279393		near_coding_5kb	.	1	18	18.0	0.0376	0.0217	208	12	11	10	9	0
ENSG00000295157		near_coding_5kb	.	1	19	19.0	0.0376	0.0339	248	16	11	6	3	0
ENSG00000308112		near_coding_5kb	.	1	18	18.0	0.0377	0.0275	168	14	14	10	0	0
ENSG00000295165		near_coding_5kb	.	1	17	17.0	0.0377	0.033	313	13	11	8	3	0
ENSG00000237886	NALT1	near_coding_5kb	.	1	17	17.0	0.0377	0.0286	142	14	14	11	0	0
ENSG00000296557		near_coding_5kb	.	1	18	18.0	0.0378	0.0269	408	13	11	9	8	1
ENSG00000258945		near_coding_5kb	.	1	19	19.0	0.0379	0.0255	202	14	13	11	2	0
ENSG00000304696		near_coding_5kb	.	1	18	18.0	0.038	0.0392	248	10	9	8	7	0
ENSG00000299128		near_coding_5kb	.	1	17	17.0	0.0381	0.0334	128	16	14	0	0	0
ENSG00000304865		near_coding_5kb	.	1	19	19.0	0.0384	0.0342	288	16	11	7	4	0
ENSG00000260278		near_coding_5kb	.	1	19	19.0	0.0384	0.0485	368	11	9	9	8	1
ENSG00000290692		near_coding_5kb	.	1	17	17.0	0.0391	0.0152	157	11	11	11	9	0
ENSG00000226349		near_coding_5kb	.	1	17	17.0	0.0395	0.0381	173	14	9	6	1	0
ENSG00000308044		near_coding_5kb	.	1	17	17.0	0.0397	0.0429	304	10	8	6	6	1
ENSG00000307934		near_coding_5kb	.	1	18	18.0	0.0398	0.0357	248	15	12	6	1	0
ENSG00000259863	SH3RF3-AS1	near_coding_5kb	.	1	18	18.0	0.0398	0.0382	229	13	10	7	4	0
ENSG00000296527		near_coding_5kb	.	1	19	19.0	0.0399	0.0309	178	15	13	6	1	0
ENSG00000300691		near_coding_5kb	.	1	18	18.0	0.0399	0.0372	288	10	9	8	3	1
ENSG00000306346		near_coding_5kb	.	1	17	17.0	0.0403	0.0423	259	12	8	6	4	0
ENSG00000289888		near_coding_5kb	.	1	18	18.0	0.0407	0.041	208	11	9	7	3	0
ENSG00000305630		near_coding_5kb	.	1	18	18.0	0.0408	0.0394	488	10	9	7	6	1
ENSG00000223475	VOPP1-DT	near_coding_5kb	.	1	18	18.0	0.0415	0.0398	151	16	12	0	0	0
ENSG00000298712		near_coding_5kb	.	1	17	17.0	0.0415	0.0314	328	12	9	8	4	1
ENSG00000257526		near_coding_5kb	.	1	19	19.0	0.0415	0.0433	314	12	9	9	4	0
ENSG00000301306		near_coding_5kb	.	1	18	18.0	0.0415	0.0387	568	10	9	6	5	2
ENSG00000310173		near_coding_5kb	.	1	17	17.0	0.0418	0.0321	248	12	11	8	1	0
ENSG00000295807		near_coding_5kb	.	1	18	18.0	0.0421	0.0344	128	15	14	4	0	0
ENSG00000261173	DNAJA2-DT	near_coding_5kb	.	1	17	17.0	0.0424	0.0336	306	10	10	7	2	1
ENSG00000300154		near_coding_5kb	.	1	19	19.0	0.0429	0.0484	208	12	8	7	4	0
ENSG00000289293		near_coding_5kb	.	1	19	19.0	0.043	0.0465	208	12	5	5	4	0
ENSG00000300750		near_coding_5kb	.	1	17	17.0	0.0432	0.0372	224	13	9	7	1	0
ENSG00000287185		near_coding_5kb	.	1	17	17.0	0.0432	0.0372	412	11	9	8	1	1
ENSG00000308008		near_coding_5kb	.	1	18	18.0	0.0433	0.0446	258	10	7	7	5	1
ENSG00000287430		near_coding_5kb	.	1	18	18.0	0.0434	0.0402	300	13	9	3	1	0
ENSG00000306878		near_coding_5kb	.	1	17	17.0	0.0435	0.0388	248	10	9	5	2	0
ENSG00000306027		near_coding_5kb	.	1	19	19.0	0.0437	0.0455	288	11	8	7	4	0
ENSG00000301230		near_coding_5kb	.	1	17	17.0	0.0437	0.0392	176	13	10	4	1	0
ENSG00000293423	ABCA17P	near_coding_5kb	.	1	17	17.0	0.0443	0.0404	147	12	8	5	0	0
ENSG00000303476		near_coding_5kb	.	1	17	17.0	0.0451	0.0255	164	11	10	9	0	0
ENSG00000214293	APTR	near_coding_5kb	.	1	18	18.0	0.0452	0.037	149	14	10	5	1	0
ENSG00000261018		near_coding_5kb	.	1	18	18.0	0.0454	0.038	528	11	10	7	7	3
ENSG00000294333		near_coding_5kb	.	1	17	17.0	0.0455	0.049	368	10	5	3	1	0
ENSG00000289173		near_coding_5kb	.	1	18	18.0	0.0459	0.0433	288	11	9	7	2	0
ENSG00000255355	PATL1-DT	near_coding_5kb	.	1	17	17.0	0.0459	0.025	224	9	9	9	4	0
ENSG00000251396		near_coding_5kb	.	1	17	17.0	0.0469	0.0389	132	12	10	1	0	0
ENSG00000272686	WASL-DT	near_coding_5kb	.	1	18	18.0	0.0475	0.0421	208	10	9	5	1	0
ENSG00000231249	ITPR1-DT	near_coding_5kb	.	1	19	19.0	0.0478	0.0529	273	9	9	6	2	0
ENSG00000299466		near_coding_5kb	.	1	18	18.0	0.0484	0.0432	208	10	9	4	1	0
ENSG00000227252	COPS8-DT	near_coding_5kb	.	1	18	18.0	0.0487	0.0508	426	9	4	3	1	1
ENSG00000259705		near_coding_5kb	.	1	17	17.0	0.0489	0.0484	288	10	4	3	1	0
ENSG00000286427		near_coding_5kb	.	1	18	18.0	0.049	0.0494	168	9	5	1	0	0
ENSG00000293922		near_coding_5kb	.	1	17	17.0	0.0491	0.0345	141	10	10	4	0	0
ENSG00000259663	ISL1-DT	near_coding_5kb	.	1	19	19.0	0.0492	0.0466	135	10	7	7	3	0
ENSG00000303254		near_coding_5kb	.	1	18	18.0	0.0494	0.0461	294	11	7	6	1	0
ENSG00000295191		near_coding_5kb	.	1	18	18.0	0.0496	0.0435	328	10	7	4	3	1
ENSG00000308635		near_coding_5kb	.	1	18	18.0	0.0503	0.0591	254	8	8	8	4	0
ENSG00000303205		near_coding_5kb	.	1	18	18.0	0.0505	0.0464	276	10	7	3	1	1
ENSG00000294552		near_coding_5kb	.	1	18	18.0	0.0531	0.0463	288	9	8	7	3	0
ENSG00000253513	SQLE-DT	near_coding_5kb	.	1	17	17.0	0.0532	0.0525	168	7	2	0	0	0
ENSG00000299722		near_coding_5kb	.	1	19	19.0	0.054	0.0568	189	7	5	3	1	0
ENSG00000291077		near_coding_5kb	.	1	17	17.0	0.0543	0.0551	208	6	4	1	1	0
ENSG00000183242	WT1-AS	near_coding_5kb	.	1	19	19.0	0.0545	0.0534	175	9	6	6	1	0
ENSG00000305441		near_coding_5kb	.	1	18	18.0	0.0546	0.0577	283	6	2	1	1	1
ENSG00000305681		near_coding_5kb	.	1	17	17.0	0.0554	0.0487	128	9	7	1	0	0
ENSG00000257135	ODC1-DT	near_coding_5kb	.	1	18	18.0	0.0556	0.0572	128	7	3	1	0	0
ENSG00000287850		near_coding_5kb	.	1	18	18.0	0.0557	0.0567	174	8	4	1	1	0
ENSG00000307831		near_coding_5kb	.	1	17	17.0	0.0561	0.0623	454	7	6	5	1	0
ENSG00000272205	POU2F1-DT	near_coding_5kb	.	1	17	17.0	0.0605	0.0616	123	5	2	1	0	0
ENSG00000304611		near_coding_5kb	.	1	17	17.0	0.0625	0.0591	160	3	1	1	1	0
ENSG00000298719		near_coding_5kb	.	1	17	17.0	0.0717	0.0749	233	1	1	1	1	0
ENSG00000305433		near_coding_5kb	.	1	18	18.0	0.0733	0.0704	128	0	0	0	0	0
ENSG00000282977	PCBP2-OT1	sense_overlapping	ENSG00000197111	1	19	19.0	0.0058	0.0058	368	19	19	19	19	19
ENSG00000302574		sense_overlapping	ENSG00000005483	2	19	18.0	0.0101	0.0082	408	19	18	18	18	18
ENSG00000256654		sense_overlapping	ENSG00000111262	1	19	19.0	0.0101	0.0061	526	19	19	18	15	14
ENSG00000285410	GABPB1-IT1	sense_overlapping	ENSG00000104064	1	19	19.0	0.0104	0.0066	608	19	19	18	18	12
ENSG00000295444		sense_overlapping	ENSG00000285827	1	19	19.0	0.0109	0.0069	448	19	19	17	17	14
ENSG00000212694	LINC01089	sense_overlapping	ENSG00000139725	1	18	18.0	0.0111	0.0064	408	17	17	17	17	14
ENSG00000257622		sense_overlapping	ENSG00000183828,ENSG00000184916	1	19	19.0	0.0114	0.0099	252	19	19	19	19	10
ENSG00000272884		sense_overlapping	ENSG00000161958,ENSG00000170175	3	18	18.0	0.0114	0.0048	728	18	18	18	17	15
ENSG00000296510		sense_overlapping	ENSG00000136935	1	17	17.0	0.0132	0.0113	368	17	17	17	15	5
ENSG00000307633		sense_overlapping	ENSG00000197077	1	18	18.0	0.0134	0.0088	448	17	17	16	15	12
ENSG00000273333		sense_overlapping	ENSG00000204304	1	18	18.0	0.0135	0.0118	265	18	18	17	17	2
ENSG00000272801		sense_overlapping	ENSG00000105997,ENSG00000106006	1	19	19.0	0.0137	0.0113	231	19	19	19	15	1
ENSG00000285846		sense_overlapping	ENSG00000095596,ENSG00000187553	1	19	19.0	0.0137	0.0111	269	19	19	18	17	9
ENSG00000260417		sense_overlapping	ENSG00000131149	1	18	18.0	0.0141	0.0111	448	18	17	16	14	6
ENSG00000288748		sense_overlapping	ENSG00000132510	1	18	18.0	0.0142	0.0101	328	18	18	15	15	9
ENSG00000251621		sense_overlapping	ENSG00000136535,ENSG00000144290	1	19	19.0	0.0143	0.0131	186	19	19	19	18	0
ENSG00000229368		sense_overlapping	ENSG00000167323	1	17	17.0	0.0144	0.012	328	17	17	16	15	1
ENSG00000257178		sense_overlapping	ENSG00000120093	2	19	18.5	0.0148	0.0076	608	17	17	16	16	13
ENSG00000264772		sense_overlapping	ENSG00000129226,ENSG00000161960,ENSG00000277957	3	19	18.33	0.0149	0.0122	328	19	19	19	19	1
ENSG00000263126		sense_overlapping	ENSG00000038358,ENSG00000188038	4	19	18.5	0.0151	0.008	408	19	18	18	16	13
ENSG00000291088	NPEPPSP1	sense_overlapping	ENSG00000274611	1	19	19.0	0.0154	0.0111	248	19	19	18	13	8
ENSG00000250135		sense_overlapping	ENSG00000025800	1	17	17.0	0.0154	0.0093	328	16	16	16	14	10
ENSG00000257298		sense_overlapping	ENSG00000050405	1	17	17.0	0.0165	0.0104	848	16	16	16	14	7
ENSG00000289394		sense_overlapping	ENSG00000198160	1	17	17.0	0.0165	0.0142	488	16	16	15	14	5
ENSG00000270059		sense_overlapping	ENSG00000151276	1	19	19.0	0.0166	0.0118	248	18	17	16	16	2
ENSG00000285314		sense_overlapping	ENSG00000099949,ENSG00000183773	3	19	18.67	0.0167	0.0124	202	19	19	19	18	0
ENSG00000286635		sense_overlapping	ENSG00000078328	1	19	19.0	0.0168	0.0117	328	18	18	18	17	3
ENSG00000260899		sense_overlapping	ENSG00000080603,ENSG00000156873,ENSG00000281991,ENSG00000282034	3	19	18.0	0.0168	0.0158	285	19	19	19	16	1
ENSG00000273637		sense_overlapping	ENSG00000116954,ENSG00000131233,ENSG00000214114	2	18	17.5	0.0169	0.0168	292	18	18	17	14	2
ENSG00000273433		sense_overlapping	ENSG00000105997,ENSG00000106004,ENSG00000106006,ENSG00000197576	1	19	19.0	0.017	0.0134	203	19	19	17	15	0
ENSG00000293382	GPR199P	sense_overlapping	ENSG00000284773	1	17	17.0	0.0173	0.0131	728	16	16	16	13	6
ENSG00000295464		sense_overlapping	ENSG00000285827	1	19	19.0	0.0178	0.0109	269	18	18	17	15	2
ENSG00000272084		sense_overlapping	ENSG00000127481	2	19	18.5	0.0179	0.0134	928	19	16	15	12	7
ENSG00000270012		sense_overlapping	ENSG00000049769	1	18	18.0	0.0182	0.0107	288	16	16	15	14	6
ENSG00000262880		sense_overlapping	ENSG00000161958,ENSG00000181284,ENSG00000181323,ENSG00000184560,ENSG00000283439	1	18	18.0	0.0185	0.0156	161	18	18	17	13	0
ENSG00000258583		sense_overlapping	ENSG00000165617	1	18	18.0	0.0192	0.0173	168	18	17	17	14	0
ENSG00000290439	HSD17B7P2	sense_overlapping	ENSG00000283930	1	18	18.0	0.0192	0.0161	201	17	17	17	13	0
ENSG00000290894	PCDHB18P	sense_overlapping	ENSG00000279983	1	18	18.0	0.0194	0.0135	768	17	16	16	11	2
ENSG00000294253		sense_overlapping	ENSG00000102935	1	19	19.0	0.0197	0.0088	349	16	16	15	15	12
ENSG00000279738		sense_overlapping	ENSG00000100129	3	18	17.33	0.02	0.0121	648	16	15	15	15	5
ENSG00000291193		sense_overlapping	ENSG00000290217	1	18	18.0	0.0201	0.0164	288	17	17	17	12	0
ENSG00000289612		sense_overlapping	ENSG00000162631	1	18	18.0	0.0201	0.0156	208	17	17	15	13	0
ENSG00000179066		sense_overlapping	ENSG00000285526	1	17	17.0	0.0203	0.0137	312	16	15	15	14	3
ENSG00000232638		sense_overlapping	ENSG00000107485	1	17	17.0	0.0205	0.0123	346	16	15	14	11	5
ENSG00000257242	LINC01619	sense_overlapping	ENSG00000133639	1	18	18.0	0.0207	0.0143	208	17	16	15	14	0
ENSG00000276744		sense_overlapping	ENSG00000169375	1	19	19.0	0.0209	0.0144	848	17	17	17	13	5
ENSG00000271894		sense_overlapping	ENSG00000055813	2	17	17.0	0.0213	0.0212	135	17	17	17	3	0
ENSG00000283662		sense_overlapping	ENSG00000188322	1	18	18.0	0.0215	0.0135	257	17	14	14	12	1
ENSG00000273046		sense_overlapping	ENSG00000172789,ENSG00000197757,ENSG00000198353,ENSG00000273049	1	18	18.0	0.0216	0.0149	608	16	15	15	11	5
ENSG00000288744		sense_overlapping	ENSG00000139372	1	19	19.0	0.0218	0.0157	448	18	17	16	13	1
ENSG00000275484		sense_overlapping	ENSG00000172613	1	18	18.0	0.0219	0.0138	408	15	15	14	12	2
ENSG00000300378		sense_overlapping	ENSG00000142856	1	19	19.0	0.0227	0.0162	228	18	17	15	13	1
ENSG00000277581		sense_overlapping	ENSG00000101452	1	18	18.0	0.0229	0.0152	288	16	16	16	13	1
ENSG00000275850		sense_overlapping	ENSG00000011105	1	17	17.0	0.0229	0.0182	808	15	15	14	10	5
ENSG00000289014		sense_overlapping	ENSG00000169641	1	17	17.0	0.023	0.011	568	15	14	12	11	7
ENSG00000306985		sense_overlapping	ENSG00000141337	1	18	18.0	0.0234	0.0158	248	16	16	15	13	1
ENSG00000254048		sense_overlapping	ENSG00000198846	1	18	18.0	0.0234	0.0188	248	18	16	12	9	1
ENSG00000263917		sense_overlapping	ENSG00000101695,ENSG00000134758	1	18	18.0	0.0234	0.0174	154	17	16	16	12	0
ENSG00000249007		sense_overlapping	ENSG00000163435	1	17	17.0	0.0236	0.0212	393	16	16	15	7	0
ENSG00000297575		sense_overlapping	ENSG00000153815	1	18	18.0	0.0238	0.0144	328	15	14	14	12	1
ENSG00000285467	DHRS4L1	sense_overlapping	ENSG00000187630	1	17	17.0	0.0239	0.0232	208	17	17	16	1	0
ENSG00000266929		sense_overlapping	ENSG00000068120,ENSG00000108784,ENSG00000108786	1	18	18.0	0.024	0.0174	147	16	16	16	15	0
ENSG00000255191		sense_overlapping	ENSG00000131620	1	17	17.0	0.0243	0.02	211	16	16	12	9	0
ENSG00000180953	ST20	sense_overlapping	ENSG00000259332	1	18	18.0	0.0243	0.0166	210	15	15	15	14	0
ENSG00000231453	LINC01305	sense_overlapping	ENSG00000217236	1	17	17.0	0.0247	0.0148	290	15	14	13	10	1
ENSG00000280434		sense_overlapping	ENSG00000188677	1	17	17.0	0.0247	0.021	408	16	16	16	8	1
ENSG00000273189		sense_overlapping	ENSG00000090554,ENSG00000142541	1	19	19.0	0.0251	0.0148	568	16	16	14	14	1
ENSG00000282907		sense_overlapping	ENSG00000007541,ENSG00000257108	1	18	18.0	0.0255	0.0222	408	16	14	12	8	6
ENSG00000290226		sense_overlapping	ENSG00000101150,ENSG00000101152	1	17	17.0	0.026	0.0244	122	17	15	15	1	0
ENSG00000291091		sense_overlapping	ENSG00000161267	1	17	17.0	0.0262	0.0257	163	17	17	14	1	0
ENSG00000254154	CRYZL2P-SEC16B	sense_overlapping	ENSG00000120341	1	17	17.0	0.0263	0.018	205	15	15	14	11	0
ENSG00000306752		sense_overlapping	ENSG00000167182	1	19	19.0	0.0266	0.0155	408	16	16	14	12	4
ENSG00000291078		sense_overlapping	ENSG00000125037	1	18	18.0	0.0275	0.0228	230	16	15	14	3	0
ENSG00000232536		sense_overlapping	ENSG00000143367	1	19	19.0	0.0276	0.0234	248	18	15	14	5	0
ENSG00000282375		sense_overlapping	ENSG00000198010	1	17	17.0	0.0281	0.0244	488	16	14	12	7	1
ENSG00000306511		sense_overlapping	ENSG00000172987	1	18	18.0	0.0285	0.0192	288	15	15	14	11	1
ENSG00000283341		sense_overlapping	ENSG00000149084	1	18	18.0	0.0295	0.0141	367	15	14	12	12	1
ENSG00000290045		sense_overlapping	ENSG00000084623	1	19	19.0	0.0301	0.0123	288	15	13	12	11	3
ENSG00000289433		sense_overlapping	ENSG00000112320	1	17	17.0	0.0308	0.0191	328	14	13	13	10	1
ENSG00000259976		sense_overlapping	ENSG00000181722	2	17	17.0	0.0312	0.0279	168	16	15	10	1	0
ENSG00000235100		sense_overlapping	ENSG00000152782	1	17	17.0	0.0315	0.0214	261	14	13	11	4	0
ENSG00000305069		sense_overlapping	ENSG00000137076	1	18	18.0	0.0319	0.0214	168	15	15	14	8	0
ENSG00000284672		sense_overlapping	ENSG00000206549	1	17	17.0	0.0326	0.0281	248	15	10	9	3	1
ENSG00000288656		sense_overlapping	ENSG00000196502,ENSG00000197165	1	18	18.0	0.0334	0.0315	128	17	16	7	0	0
ENSG00000281183	NPTN-IT1	sense_overlapping	ENSG00000156642	1	17	17.0	0.0344	0.027	288	15	11	11	3	1
ENSG00000256100		sense_overlapping	ENSG00000167770,ENSG00000176340	1	18	18.0	0.0359	0.0304	168	14	14	8	0	0
ENSG00000307375		sense_overlapping	ENSG00000162367	1	18	18.0	0.0359	0.0336	128	17	14	6	0	0
ENSG00000268670		sense_overlapping	ENSG00000178951	1	18	18.0	0.0376	0.033	248	15	12	6	3	0
ENSG00000310577		sense_overlapping	ENSG00000166925,ENSG00000185955	1	19	19.0	0.0384	0.0315	167	15	13	9	1	0
ENSG00000270060		sense_overlapping	ENSG00000149182	1	17	17.0	0.0403	0.0339	226	12	12	7	1	0
ENSG00000280604		sense_overlapping	ENSG00000183570	1	17	17.0	0.0409	0.033	544	12	11	8	2	0
ENSG00000289935		sense_overlapping	ENSG00000198837	1	19	19.0	0.0418	0.0436	168	14	9	8	7	0
ENSG00000303056		sense_overlapping	ENSG00000183337	1	19	19.0	0.0451	0.0358	190	10	10	9	4	0
ENSG00000296014		sense_overlapping	ENSG00000274570	1	17	17.0	0.0473	0.0395	128	13	10	1	0	0
ENSG00000297772		sense_overlapping	ENSG00000088930	1	18	18.0	0.0476	0.0471	168	13	4	2	1	0
ENSG00000289376		sense_overlapping	ENSG00000111816	1	17	17.0	0.0545	0.0514	179	6	3	1	1	0
ENSG00000263717		sense_overlapping	ENSG00000176658	1	18	18.0	0.0566	0.0536	274	7	5	0	0	0
ENSG00000298413		sense_overlapping	ENSG00000107874	1	17	17.0	0.0678	0.075	168	6	2	1	1	0
ENSG00000293413		unknown	.	4	18	17.25	0.0074	0.0061	492	18	18	18	17	16
ENSG00000157306		unknown	.	4	19	17.5	0.0111	0.0091	528	19	19	18	18	12
ENSG00000253123		unknown	.	2	19	18.0	0.0127	0.0069	528	18	18	17	16	15
ENSG00000259700		unknown	.	1	18	18.0	0.0135	0.0101	448	18	17	17	17	9
ENSG00000232021		unknown	.	1	18	18.0	0.0136	0.0125	258	18	18	18	16	4
ENSG00000293429		unknown	.	1	17	17.0	0.0219	0.0165	208	16	16	16	10	0
ENSG00000271434		unknown	.	1	19	19.0	0.0353	0.0224	159	13	13	12	5	0
ENSG00000290714		unknown	.	1	17	17.0	0.044	0.0368	211	11	9	7	2	0
